Mod:Item:MetaData, Localized Name
minecraft:air, Air
minecraft:stone:0, Stone
minecraft:stone:1, Granite
minecraft:stone:2, Polished Granite
minecraft:stone:3, Diorite
minecraft:stone:4, Polished Diorite
minecraft:stone:5, Andesite
minecraft:stone:6, Polished Andesite
minecraft:grass, Grass Block
minecraft:dirt:0, Dirt
minecraft:dirt:1, Coarse Dirt
minecraft:dirt:2, Podzol
minecraft:cobblestone, Cobblestone
minecraft:planks:0, Oak Wood Planks
minecraft:planks:1, Spruce Wood Planks
minecraft:planks:2, Birch Wood Planks
minecraft:planks:3, Jungle Wood Planks
minecraft:planks:4, Acacia Wood Planks
minecraft:planks:5, Dark Oak Wood Planks
minecraft:sapling:0, Oak Sapling
minecraft:sapling:1, Spruce Sapling
minecraft:sapling:2, Birch Sapling
minecraft:sapling:3, Jungle Sapling
minecraft:sapling:4, Acacia Sapling
minecraft:sapling:5, Dark Oak Sapling
minecraft:bedrock, Bedrock
minecraft:sand:0, Sand
minecraft:sand:1, Red Sand
minecraft:gravel, Gravel
minecraft:gold_ore, Gold Ore
minecraft:iron_ore, Iron Ore
minecraft:coal_ore, Coal Ore
minecraft:log:0, Oak Wood
minecraft:log:1, Spruce Wood
minecraft:log:2, Birch Wood
minecraft:log:3, Jungle Wood
minecraft:leaves:0, Oak Leaves
minecraft:leaves:1, Spruce Leaves
minecraft:leaves:2, Birch Leaves
minecraft:leaves:3, Jungle Leaves
minecraft:sponge:0, Sponge
minecraft:sponge:1, Wet Sponge
minecraft:glass, Glass
minecraft:lapis_ore, Lapis Lazuli Ore
minecraft:lapis_block, Lapis Lazuli Block
minecraft:dispenser, Dispenser
minecraft:sandstone:0, Sandstone
minecraft:sandstone:1, Chiseled Sandstone
minecraft:sandstone:2, Smooth Sandstone
minecraft:noteblock, Note Block
minecraft:golden_rail, Powered Rail
minecraft:detector_rail, Detector Rail
minecraft:sticky_piston, Sticky Piston
minecraft:web, Cobweb
minecraft:tallgrass:1, Grass
minecraft:tallgrass:2, Fern
minecraft:deadbush, Dead Bush
minecraft:piston, Piston
minecraft:wool:0, White Wool
minecraft:wool:1, Orange Wool
minecraft:wool:2, Magenta Wool
minecraft:wool:3, Light Blue Wool
minecraft:wool:4, Yellow Wool
minecraft:wool:5, Lime Wool
minecraft:wool:6, Pink Wool
minecraft:wool:7, Gray Wool
minecraft:wool:8, Light Gray Wool
minecraft:wool:9, Cyan Wool
minecraft:wool:10, Purple Wool
minecraft:wool:11, Blue Wool
minecraft:wool:12, Brown Wool
minecraft:wool:13, Green Wool
minecraft:wool:14, Red Wool
minecraft:wool:15, Black Wool
minecraft:yellow_flower:0, Dandelion
minecraft:red_flower:0, Poppy
minecraft:red_flower:1, Blue Orchid
minecraft:red_flower:2, Allium
minecraft:red_flower:3, Azure Bluet
minecraft:red_flower:4, Red Tulip
minecraft:red_flower:5, Orange Tulip
minecraft:red_flower:6, White Tulip
minecraft:red_flower:7, Pink Tulip
minecraft:red_flower:8, Oxeye Daisy
minecraft:brown_mushroom, Mushroom
minecraft:red_mushroom, Mushroom
minecraft:gold_block, Block of Gold
minecraft:iron_block, Block of Iron
minecraft:stone_slab:0, Stone Slab
minecraft:stone_slab:1, Sandstone Slab
minecraft:stone_slab:3, Cobblestone Slab
minecraft:stone_slab:4, Bricks Slab
minecraft:stone_slab:5, Stone Bricks Slab
minecraft:stone_slab:6, Nether Brick Slab
minecraft:stone_slab:7, Quartz Slab
minecraft:brick_block, Bricks
minecraft:tnt, TNT
minecraft:bookshelf, Oak Bookshelf
minecraft:mossy_cobblestone, Moss Stone
minecraft:obsidian, Obsidian
minecraft:torch, Torch
minecraft:mob_spawner, Monster Spawner
minecraft:oak_stairs, Oak Wood Stairs
minecraft:chest, Oak Chest
minecraft:diamond_ore, Diamond Ore
minecraft:diamond_block, Block of Diamond
minecraft:crafting_table, Crafting Table
minecraft:farmland, Farmland
minecraft:furnace, Furnace
minecraft:ladder, Ladder
minecraft:rail, Rail
minecraft:stone_stairs, Cobblestone Stairs
minecraft:lever, Lever
minecraft:stone_pressure_plate, Stone Pressure Plate
minecraft:wooden_pressure_plate, Oak Pressure Plate
minecraft:redstone_ore, Redstone Ore
minecraft:redstone_torch, Redstone Torch
minecraft:stone_button, Button
minecraft:snow_layer, Snow
minecraft:ice, Ice
minecraft:snow, Snow
minecraft:cactus, Cactus
minecraft:clay, Clay
minecraft:jukebox, Jukebox
minecraft:fence, Oak Fence
minecraft:pumpkin, Pumpkin
minecraft:netherrack, Netherrack
minecraft:soul_sand, Soul Sand
minecraft:glowstone, Glowstone
minecraft:lit_pumpkin, Jack o'Lantern
minecraft:stained_glass:0, White Stained Glass
minecraft:stained_glass:1, Orange Stained Glass
minecraft:stained_glass:2, Magenta Stained Glass
minecraft:stained_glass:3, Light Blue Stained Glass
minecraft:stained_glass:4, Yellow Stained Glass
minecraft:stained_glass:5, Lime Stained Glass
minecraft:stained_glass:6, Pink Stained Glass
minecraft:stained_glass:7, Gray Stained Glass
minecraft:stained_glass:8, Light Gray Stained Glass
minecraft:stained_glass:9, Cyan Stained Glass
minecraft:stained_glass:10, Purple Stained Glass
minecraft:stained_glass:11, Blue Stained Glass
minecraft:stained_glass:12, Brown Stained Glass
minecraft:stained_glass:13, Green Stained Glass
minecraft:stained_glass:14, Red Stained Glass
minecraft:stained_glass:15, Black Stained Glass
minecraft:trapdoor, Oak Trapdoor
minecraft:monster_egg:0, Stone Monster Egg
minecraft:monster_egg:1, Cobblestone Monster Egg
minecraft:monster_egg:2, Stone Brick Monster Egg
minecraft:monster_egg:3, Mossy Stone Brick Monster Egg
minecraft:monster_egg:4, Cracked Stone Brick Monster Egg
minecraft:monster_egg:5, Chiseled Stone Brick Monster Egg
minecraft:stonebrick:0, Stone Bricks
minecraft:stonebrick:1, Mossy Stone Bricks
minecraft:stonebrick:2, Cracked Stone Bricks
minecraft:stonebrick:3, Chiseled Stone Bricks
minecraft:brown_mushroom_block, Mushroom
minecraft:red_mushroom_block, Mushroom
minecraft:iron_bars, Iron Bars
minecraft:glass_pane, Glass Pane
minecraft:melon_block, Melon
minecraft:vine, Vines
minecraft:fence_gate, Oak Fence Gate
minecraft:brick_stairs, Brick Stairs
minecraft:stone_brick_stairs, Stone Brick Stairs
minecraft:mycelium, Mycelium
minecraft:waterlily, Lily Pad
minecraft:nether_brick, Nether Brick
minecraft:nether_brick_fence, Nether Brick Fence
minecraft:nether_brick_stairs, Nether Brick Stairs
minecraft:enchanting_table, Enchantment Table
minecraft:end_portal_frame, End Portal
minecraft:end_stone, End Stone
minecraft:dragon_egg, Dragon Egg
minecraft:redstone_lamp, Redstone Lamp
minecraft:wooden_slab:0, Oak Wood Slab
minecraft:wooden_slab:1, Spruce Wood Slab
minecraft:wooden_slab:2, Birch Wood Slab
minecraft:wooden_slab:3, Jungle Wood Slab
minecraft:wooden_slab:4, Acacia Wood Slab
minecraft:wooden_slab:5, Dark Oak Wood Slab
minecraft:sandstone_stairs, Sandstone Stairs
minecraft:emerald_ore, Emerald Ore
minecraft:ender_chest, Ender Chest
minecraft:tripwire_hook, Tripwire Hook
minecraft:emerald_block, Block of Emerald
minecraft:spruce_stairs, Spruce Wood Stairs
minecraft:birch_stairs, Birch Wood Stairs
minecraft:jungle_stairs, Jungle Wood Stairs
minecraft:command_block, Command Block
minecraft:beacon, Beacon
minecraft:cobblestone_wall:0, Cobblestone Wall
minecraft:cobblestone_wall:1, Mossy Cobblestone Wall
minecraft:wooden_button, Oak Button
minecraft:anvil:0, Anvil
minecraft:anvil:1, Slightly Damaged Anvil
minecraft:anvil:2, Very Damaged Anvil
minecraft:trapped_chest, Oak Trapped Chest
minecraft:light_weighted_pressure_plate, Weighted Pressure Plate (Light)
minecraft:heavy_weighted_pressure_plate, Weighted Pressure Plate (Heavy)
minecraft:daylight_detector, Daylight Sensor
minecraft:redstone_block, Block of Redstone
minecraft:quartz_ore, Nether Quartz Ore
minecraft:hopper, Hopper
minecraft:quartz_block:0, Block of Quartz
minecraft:quartz_block:1, Chiseled Quartz Block
minecraft:quartz_block:2, Pillar Quartz Block
minecraft:quartz_stairs, Quartz Stairs
minecraft:activator_rail, Activator Rail
minecraft:dropper, Dropper
minecraft:stained_hardened_clay:0, White Terracotta
minecraft:stained_hardened_clay:1, Orange Terracotta
minecraft:stained_hardened_clay:2, Magenta Terracotta
minecraft:stained_hardened_clay:3, Light Blue Terracotta
minecraft:stained_hardened_clay:4, Yellow Terracotta
minecraft:stained_hardened_clay:5, Lime Terracotta
minecraft:stained_hardened_clay:6, Pink Terracotta
minecraft:stained_hardened_clay:7, Gray Terracotta
minecraft:stained_hardened_clay:8, Light Gray Terracotta
minecraft:stained_hardened_clay:9, Cyan Terracotta
minecraft:stained_hardened_clay:10, Purple Terracotta
minecraft:stained_hardened_clay:11, Blue Terracotta
minecraft:stained_hardened_clay:12, Brown Terracotta
minecraft:stained_hardened_clay:13, Green Terracotta
minecraft:stained_hardened_clay:14, Red Terracotta
minecraft:stained_hardened_clay:15, Black Terracotta
minecraft:stained_glass_pane:0, White Stained Glass Pane
minecraft:stained_glass_pane:1, Orange Stained Glass Pane
minecraft:stained_glass_pane:2, Magenta Stained Glass Pane
minecraft:stained_glass_pane:3, Light Blue Stained Glass Pane
minecraft:stained_glass_pane:4, Yellow Stained Glass Pane
minecraft:stained_glass_pane:5, Lime Stained Glass Pane
minecraft:stained_glass_pane:6, Pink Stained Glass Pane
minecraft:stained_glass_pane:7, Gray Stained Glass Pane
minecraft:stained_glass_pane:8, Light Gray Stained Glass Pane
minecraft:stained_glass_pane:9, Cyan Stained Glass Pane
minecraft:stained_glass_pane:10, Purple Stained Glass Pane
minecraft:stained_glass_pane:11, Blue Stained Glass Pane
minecraft:stained_glass_pane:12, Brown Stained Glass Pane
minecraft:stained_glass_pane:13, Green Stained Glass Pane
minecraft:stained_glass_pane:14, Red Stained Glass Pane
minecraft:stained_glass_pane:15, Black Stained Glass Pane
minecraft:leaves2:0, Acacia Leaves
minecraft:leaves2:1, Dark Oak Leaves
minecraft:log2:0, Acacia Wood
minecraft:log2:1, Dark Oak Wood
minecraft:acacia_stairs, Acacia Wood Stairs
minecraft:dark_oak_stairs, Dark Oak Wood Stairs
minecraft:slime, Slime Block
minecraft:barrier, Barrier
minecraft:iron_trapdoor, Iron Trapdoor
minecraft:prismarine:0, Prismarine
minecraft:prismarine:1, Prismarine Bricks
minecraft:prismarine:2, Dark Prismarine
minecraft:sea_lantern, Sea Lantern
minecraft:hay_block, Hay Bale
minecraft:carpet:0, White Carpet
minecraft:carpet:1, Orange Carpet
minecraft:carpet:2, Magenta Carpet
minecraft:carpet:3, Light Blue Carpet
minecraft:carpet:4, Yellow Carpet
minecraft:carpet:5, Lime Carpet
minecraft:carpet:6, Pink Carpet
minecraft:carpet:7, Gray Carpet
minecraft:carpet:8, Light Gray Carpet
minecraft:carpet:9, Cyan Carpet
minecraft:carpet:10, Purple Carpet
minecraft:carpet:11, Blue Carpet
minecraft:carpet:12, Brown Carpet
minecraft:carpet:13, Green Carpet
minecraft:carpet:14, Red Carpet
minecraft:carpet:15, Black Carpet
minecraft:hardened_clay, Terracotta
minecraft:coal_block, Block of Coal
minecraft:packed_ice, Packed Ice
minecraft:double_plant:0, Sunflower
minecraft:double_plant:1, Lilac
minecraft:double_plant:2, Double Tallgrass
minecraft:double_plant:3, Large Fern
minecraft:double_plant:4, Rose Bush
minecraft:double_plant:5, Peony
minecraft:red_sandstone:0, Red Sandstone
minecraft:red_sandstone:1, Chiseled Red Sandstone
minecraft:red_sandstone:2, Smooth Red Sandstone
minecraft:red_sandstone_stairs, Red Sandstone Stairs
minecraft:stone_slab2:0, Red Sandstone Slab
minecraft:spruce_fence_gate, Spruce Fence Gate
minecraft:birch_fence_gate, Birch Fence Gate
minecraft:jungle_fence_gate, Jungle Fence Gate
minecraft:dark_oak_fence_gate, Dark Oak Fence Gate
minecraft:acacia_fence_gate, Acacia Fence Gate
minecraft:spruce_fence, Spruce Fence
minecraft:birch_fence, Birch Fence
minecraft:jungle_fence, Jungle Fence
minecraft:dark_oak_fence, Dark Oak Fence
minecraft:acacia_fence, Acacia Fence
minecraft:end_rod, End Rod
minecraft:chorus_plant, Chorus Plant
minecraft:chorus_flower, Chorus Flower
minecraft:purpur_block, Purpur Block
minecraft:purpur_pillar, Purpur Pillar
minecraft:purpur_stairs, Purpur Stairs
minecraft:purpur_slab:0, Purpur Slab
minecraft:end_bricks, End Stone Bricks
minecraft:grass_path, Grass Path
minecraft:repeating_command_block, Repeating Command Block
minecraft:chain_command_block, Chain Command Block
minecraft:magma, Magma Block
minecraft:nether_wart_block, Nether Wart Block
minecraft:red_nether_brick, Red Nether Brick
minecraft:bone_block, Bone Block
minecraft:structure_void, Structure Void
minecraft:observer, Observer
minecraft:white_shulker_box, White Shulker Box
minecraft:orange_shulker_box, Orange Shulker Box
minecraft:magenta_shulker_box, Magenta Shulker Box
minecraft:light_blue_shulker_box, Light Blue Shulker Box
minecraft:yellow_shulker_box, Yellow Shulker Box
minecraft:lime_shulker_box, Lime Shulker Box
minecraft:pink_shulker_box, Pink Shulker Box
minecraft:gray_shulker_box, Gray Shulker Box
minecraft:silver_shulker_box, Light Gray Shulker Box
minecraft:cyan_shulker_box, Cyan Shulker Box
minecraft:purple_shulker_box, Purple Shulker Box
minecraft:blue_shulker_box, Blue Shulker Box
minecraft:brown_shulker_box, Brown Shulker Box
minecraft:green_shulker_box, Green Shulker Box
minecraft:red_shulker_box, Red Shulker Box
minecraft:black_shulker_box, Black Shulker Box
minecraft:white_glazed_terracotta, White Glazed Terracotta
minecraft:orange_glazed_terracotta, Orange Glazed Terracotta
minecraft:magenta_glazed_terracotta, Magenta Glazed Terracotta
minecraft:light_blue_glazed_terracotta, Light Blue Glazed Terracotta
minecraft:yellow_glazed_terracotta, Yellow Glazed Terracotta
minecraft:lime_glazed_terracotta, Lime Glazed Terracotta
minecraft:pink_glazed_terracotta, Pink Glazed Terracotta
minecraft:gray_glazed_terracotta, Gray Glazed Terracotta
minecraft:silver_glazed_terracotta, Light Gray Glazed Terracotta
minecraft:cyan_glazed_terracotta, Cyan Glazed Terracotta
minecraft:purple_glazed_terracotta, Purple Glazed Terracotta
minecraft:blue_glazed_terracotta, Blue Glazed Terracotta
minecraft:brown_glazed_terracotta, Brown Glazed Terracotta
minecraft:green_glazed_terracotta, Green Glazed Terracotta
minecraft:red_glazed_terracotta, Red Glazed Terracotta
minecraft:black_glazed_terracotta, Black Glazed Terracotta
minecraft:concrete:0, White Concrete
minecraft:concrete:1, Orange Concrete
minecraft:concrete:2, Magenta Concrete
minecraft:concrete:3, Light Blue Concrete
minecraft:concrete:4, Yellow Concrete
minecraft:concrete:5, Lime Concrete
minecraft:concrete:6, Pink Concrete
minecraft:concrete:7, Gray Concrete
minecraft:concrete:8, Light Gray Concrete
minecraft:concrete:9, Cyan Concrete
minecraft:concrete:10, Purple Concrete
minecraft:concrete:11, Blue Concrete
minecraft:concrete:12, Brown Concrete
minecraft:concrete:13, Green Concrete
minecraft:concrete:14, Red Concrete
minecraft:concrete:15, Black Concrete
minecraft:concrete_powder:0, White Concrete Powder
minecraft:concrete_powder:1, Orange Concrete Powder
minecraft:concrete_powder:2, Magenta Concrete Powder
minecraft:concrete_powder:3, Light Blue Concrete Powder
minecraft:concrete_powder:4, Yellow Concrete Powder
minecraft:concrete_powder:5, Lime Concrete Powder
minecraft:concrete_powder:6, Pink Concrete Powder
minecraft:concrete_powder:7, Gray Concrete Powder
minecraft:concrete_powder:8, Light Gray Concrete Powder
minecraft:concrete_powder:9, Cyan Concrete Powder
minecraft:concrete_powder:10, Purple Concrete Powder
minecraft:concrete_powder:11, Blue Concrete Powder
minecraft:concrete_powder:12, Brown Concrete Powder
minecraft:concrete_powder:13, Green Concrete Powder
minecraft:concrete_powder:14, Red Concrete Powder
minecraft:concrete_powder:15, Black Concrete Powder
minecraft:structure_block, Structure Block
minecraft:iron_shovel, Iron Shovel
minecraft:iron_pickaxe, Iron Pickaxe
minecraft:iron_axe, Iron Axe
minecraft:flint_and_steel, Flint and Steel
minecraft:apple, Apple
minecraft:bow, Bow
minecraft:arrow, Arrow
minecraft:coal:0, Coal
minecraft:coal:1, Charcoal
minecraft:diamond, Diamond
minecraft:iron_ingot, Iron Ingot
minecraft:gold_ingot, Gold Ingot
minecraft:iron_sword, Iron Sword
minecraft:wooden_sword, Wooden Sword
minecraft:wooden_shovel, Wooden Shovel
minecraft:wooden_pickaxe, Wooden Pickaxe
minecraft:wooden_axe, Wooden Axe
minecraft:stone_sword, Stone Sword
minecraft:stone_shovel, Stone Shovel
minecraft:stone_pickaxe, Stone Pickaxe
minecraft:stone_axe, Stone Axe
minecraft:diamond_sword, Diamond Sword
minecraft:diamond_shovel, Diamond Shovel
minecraft:diamond_pickaxe, Diamond Pickaxe
minecraft:diamond_axe, Diamond Axe
minecraft:stick, Stick
minecraft:bowl, Bowl
minecraft:mushroom_stew, Mushroom Stew
minecraft:golden_sword, Golden Sword
minecraft:golden_shovel, Golden Shovel
minecraft:golden_pickaxe, Golden Pickaxe
minecraft:golden_axe, Golden Axe
minecraft:string, String
minecraft:feather, Feather
minecraft:gunpowder, Gunpowder
minecraft:wooden_hoe, Wooden Hoe
minecraft:stone_hoe, Stone Hoe
minecraft:iron_hoe, Iron Hoe
minecraft:diamond_hoe, Diamond Hoe
minecraft:golden_hoe, Golden Hoe
minecraft:wheat_seeds, Seeds
minecraft:wheat, Wheat
minecraft:bread, Bread
minecraft:leather_helmet, Leather Cap
minecraft:leather_chestplate, Leather Tunic
minecraft:leather_leggings, Leather Pants
minecraft:leather_boots, Leather Boots
minecraft:chainmail_helmet, Chain Helmet
minecraft:chainmail_chestplate, Chain Chestplate
minecraft:chainmail_leggings, Chain Leggings
minecraft:chainmail_boots, Chain Boots
minecraft:iron_helmet, Iron Helmet
minecraft:iron_chestplate, Iron Chestplate
minecraft:iron_leggings, Iron Leggings
minecraft:iron_boots, Iron Boots
minecraft:diamond_helmet, Diamond Helmet
minecraft:diamond_chestplate, Diamond Chestplate
minecraft:diamond_leggings, Diamond Leggings
minecraft:diamond_boots, Diamond Boots
minecraft:golden_helmet, Golden Helmet
minecraft:golden_chestplate, Golden Chestplate
minecraft:golden_leggings, Golden Leggings
minecraft:golden_boots, Golden Boots
minecraft:flint, Flint
minecraft:porkchop, Raw Porkchop
minecraft:cooked_porkchop, Cooked Porkchop
minecraft:painting, Painting
minecraft:golden_apple:0, Golden Apple
minecraft:golden_apple:1, Golden Apple
minecraft:sign, Sign
minecraft:wooden_door, Oak Door
minecraft:bucket, Bucket
minecraft:water_bucket, Water Bucket
minecraft:lava_bucket, Lava Bucket
minecraft:minecart, Minecart
minecraft:saddle, Saddle
minecraft:iron_door, Iron Door
minecraft:redstone, Redstone
minecraft:snowball, Snowball
minecraft:boat, Oak Boat
minecraft:leather, Leather
minecraft:milk_bucket, Milk
minecraft:brick, Brick
minecraft:clay_ball, Clay
minecraft:reeds, Sugar Canes
minecraft:paper, Paper
minecraft:book, Book
minecraft:slime_ball, Slimeball
minecraft:chest_minecart, Minecart with Chest
minecraft:furnace_minecart, Minecart with Furnace
minecraft:egg, Egg
minecraft:compass, Compass
minecraft:fishing_rod, Fishing Rod
minecraft:clock, Clock
minecraft:glowstone_dust, Glowstone Dust
minecraft:fish:0, Raw Fish
minecraft:fish:1, Raw Salmon
minecraft:fish:2, Clownfish
minecraft:fish:3, Pufferfish
minecraft:cooked_fish:0, Cooked Fish
minecraft:cooked_fish:1, Cooked Salmon
minecraft:dye:0, Ink Sac
minecraft:dye:1, Rose Red
minecraft:dye:2, Cactus Green
minecraft:dye:3, Cocoa Beans
minecraft:dye:4, Lapis Lazuli
minecraft:dye:5, Purple Dye
minecraft:dye:6, Cyan Dye
minecraft:dye:7, Light Gray Dye
minecraft:dye:8, Gray Dye
minecraft:dye:9, Pink Dye
minecraft:dye:10, Lime Dye
minecraft:dye:11, Dandelion Yellow
minecraft:dye:12, Light Blue Dye
minecraft:dye:13, Magenta Dye
minecraft:dye:14, Orange Dye
minecraft:dye:15, Bone Meal
minecraft:bone, Bone
minecraft:sugar, Sugar
minecraft:cake, Cake
minecraft:bed:0, White Bed
minecraft:bed:1, Orange Bed
minecraft:bed:2, Magenta Bed
minecraft:bed:3, Light Blue Bed
minecraft:bed:4, Yellow Bed
minecraft:bed:5, Lime Bed
minecraft:bed:6, Pink Bed
minecraft:bed:7, Gray Bed
minecraft:bed:8, Light Gray Bed
minecraft:bed:9, Cyan Bed
minecraft:bed:10, Purple Bed
minecraft:bed:11, Blue Bed
minecraft:bed:12, Brown Bed
minecraft:bed:13, Green Bed
minecraft:bed:14, Red Bed
minecraft:bed:15, Black Bed
minecraft:repeater, Redstone Repeater
minecraft:cookie, Cookie
minecraft:filled_map:0, Map
minecraft:shears, Shears
minecraft:melon, Melon
minecraft:pumpkin_seeds, Pumpkin Seeds
minecraft:melon_seeds, Melon Seeds
minecraft:beef, Raw Beef
minecraft:cooked_beef, Steak
minecraft:chicken, Raw Chicken
minecraft:cooked_chicken, Cooked Chicken
minecraft:rotten_flesh, Rotten Flesh
minecraft:ender_pearl, Ender Pearl
minecraft:blaze_rod, Blaze Rod
minecraft:ghast_tear, Ghast Tear
minecraft:gold_nugget, Gold Nugget
minecraft:nether_wart, Nether Wart
minecraft:potion, Potion
minecraft:glass_bottle, Glass Bottle
minecraft:spider_eye, Spider Eye
minecraft:fermented_spider_eye, Fermented Spider Eye
minecraft:blaze_powder, Blaze Powder
minecraft:magma_cream, Magma Cream
minecraft:brewing_stand, Brewing Stand
minecraft:cauldron, Cauldron
minecraft:ender_eye, Eye of Ender
minecraft:speckled_melon, Glistering Melon
minecraft:spawn_egg, Spawn
minecraft:experience_bottle, Bottle o' Enchanting
minecraft:fire_charge, Fire Charge
minecraft:writable_book, Book and Quill
minecraft:written_book, Written Book
minecraft:emerald, Emerald
minecraft:item_frame, Item Frame
minecraft:flower_pot, Flower Pot
minecraft:carrot, Carrot
minecraft:potato, Potato
minecraft:baked_potato, Baked Potato
minecraft:poisonous_potato, Poisonous Potato
minecraft:map, Empty Map
minecraft:golden_carrot, Golden Carrot
minecraft:skull:0, Skeleton Skull
minecraft:skull:1, Wither Skeleton Skull
minecraft:skull:2, Zombie Head
minecraft:skull:3, Head
minecraft:skull:4, Creeper Head
minecraft:skull:5, Dragon Head
minecraft:carrot_on_a_stick, Carrot on a Stick
minecraft:nether_star, Nether Star
minecraft:pumpkin_pie, Pumpkin Pie
minecraft:fireworks, Firework Rocket
minecraft:firework_charge, Firework Star
minecraft:enchanted_book, Enchanted Book
minecraft:comparator, Redstone Comparator
minecraft:netherbrick, Nether Brick
minecraft:quartz, Nether Quartz
minecraft:tnt_minecart, Minecart with TNT
minecraft:hopper_minecart, Minecart with Hopper
minecraft:prismarine_shard, Prismarine Shard
minecraft:prismarine_crystals, Prismarine Crystals
minecraft:rabbit, Raw Rabbit
minecraft:cooked_rabbit, Cooked Rabbit
minecraft:rabbit_stew, Rabbit Stew
minecraft:rabbit_foot, Rabbit's Foot
minecraft:rabbit_hide, Rabbit Hide
minecraft:armor_stand, Armor Stand
minecraft:iron_horse_armor, Iron Horse Armor
minecraft:golden_horse_armor, Gold Horse Armor
minecraft:diamond_horse_armor, Diamond Horse Armor
minecraft:lead, Lead
minecraft:name_tag, Name Tag
minecraft:command_block_minecart, Minecart with Command Block
minecraft:mutton, Raw Mutton
minecraft:cooked_mutton, Cooked Mutton
minecraft:banner:15, White Banner
minecraft:banner:14, Orange Banner
minecraft:banner:13, Magenta Banner
minecraft:banner:12, Light Blue Banner
minecraft:banner:11, Yellow Banner
minecraft:banner:10, Lime Banner
minecraft:banner:9, Pink Banner
minecraft:banner:8, Gray Banner
minecraft:banner:7, Light Gray Banner
minecraft:banner:6, Cyan Banner
minecraft:banner:5, Purple Banner
minecraft:banner:4, Blue Banner
minecraft:banner:3, Brown Banner
minecraft:banner:2, Green Banner
minecraft:banner:1, Red Banner
minecraft:banner:0, Black Banner
minecraft:end_crystal, End Crystal
minecraft:spruce_door, Spruce Door
minecraft:birch_door, Birch Door
minecraft:jungle_door, Jungle Door
minecraft:acacia_door, Acacia Door
minecraft:dark_oak_door, Dark Oak Door
minecraft:chorus_fruit, Chorus Fruit
minecraft:chorus_fruit_popped, Popped Chorus Fruit
minecraft:beetroot, Beetroot
minecraft:beetroot_seeds, Beetroot Seeds
minecraft:beetroot_soup, Beetroot Soup
minecraft:dragon_breath, Dragon's Breath
minecraft:splash_potion, Splash Potion
minecraft:spectral_arrow, Spectral Arrow
minecraft:tipped_arrow, Tipped Arrow
minecraft:lingering_potion, Lingering Potion
minecraft:shield, Shield
minecraft:elytra, Elytra
minecraft:spruce_boat, Spruce Boat
minecraft:birch_boat, Birch Boat
minecraft:jungle_boat, Jungle Boat
minecraft:acacia_boat, Acacia Boat
minecraft:dark_oak_boat, Dark Oak Boat
minecraft:totem_of_undying, Totem of Undying
minecraft:shulker_shell, Shulker Shell
minecraft:iron_nugget, Iron Nugget
minecraft:knowledge_book, Knowledge Book
minecraft:record_13, Music Disc
minecraft:record_cat, Music Disc
minecraft:record_blocks, Music Disc
minecraft:record_chirp, Music Disc
minecraft:record_far, Music Disc
minecraft:record_mall, Music Disc
minecraft:record_mellohi, Music Disc
minecraft:record_stal, Music Disc
minecraft:record_strad, Music Disc
minecraft:record_ward, Music Disc
minecraft:record_11, Music Disc
minecraft:record_wait, Music Disc
ae2stuff:grower, Crystal Growth Chamber
ae2stuff:inscriber, Advanced Inscriber
ae2stuff:wireless:0, Wireless Connector
ae2stuff:wireless:1, Wireless Connector
ae2stuff:wireless:2, Wireless Connector
ae2stuff:wireless:3, Wireless Connector
ae2stuff:wireless:4, Wireless Connector
ae2stuff:wireless:5, Wireless Connector
ae2stuff:wireless:6, Wireless Connector
ae2stuff:wireless:7, Wireless Connector
ae2stuff:wireless:8, Wireless Connector
ae2stuff:wireless:9, Wireless Connector
ae2stuff:wireless:10, Wireless Connector
ae2stuff:wireless:11, Wireless Connector
ae2stuff:wireless:12, Wireless Connector
ae2stuff:wireless:13, Wireless Connector
ae2stuff:wireless:14, Wireless Connector
ae2stuff:wireless:15, Wireless Connector
ae2stuff:wireless:16, Wireless Connector
ae2stuff:wireless_hub:0, Wireless Hub
ae2stuff:wireless_hub:1, Wireless Hub
ae2stuff:wireless_hub:2, Wireless Hub
ae2stuff:wireless_hub:3, Wireless Hub
ae2stuff:wireless_hub:4, Wireless Hub
ae2stuff:wireless_hub:5, Wireless Hub
ae2stuff:wireless_hub:6, Wireless Hub
ae2stuff:wireless_hub:7, Wireless Hub
ae2stuff:wireless_hub:8, Wireless Hub
ae2stuff:wireless_hub:9, Wireless Hub
ae2stuff:wireless_hub:10, Wireless Hub
ae2stuff:wireless_hub:11, Wireless Hub
ae2stuff:wireless_hub:12, Wireless Hub
ae2stuff:wireless_hub:13, Wireless Hub
ae2stuff:wireless_hub:14, Wireless Hub
ae2stuff:wireless_hub:15, Wireless Hub
ae2stuff:wireless_hub:16, Wireless Hub
ae2stuff:wireless_kit, Wireless Setup Kit
ae2stuff:adv_wireless_kit, Advanced Wireless Setup Kit
ae2stuff:visualiser, Network Visualisation Tool
thermalfoundation:ore:0, Copper Ore
thermalfoundation:ore:1, Tin Ore
thermalfoundation:ore:2, Silver Ore
thermalfoundation:ore:3, Lead Ore
thermalfoundation:ore:4, Aluminum Ore
thermalfoundation:ore:5, Nickel Ore
thermalfoundation:ore:6, Platinum Ore
thermalfoundation:ore:7, Iridium Ore
thermalfoundation:ore:8, Mana Infused Ore
thermalfoundation:ore_fluid:0, Oil Sand
thermalfoundation:ore_fluid:1, Oil Shale
thermalfoundation:ore_fluid:2, Destabilized Redstone Ore
thermalfoundation:ore_fluid:3, Energized Netherrack
thermalfoundation:ore_fluid:4, Resonant End Stone
thermalfoundation:ore_fluid:5, Oil Sand
thermalfoundation:storage:0, Block of Copper
thermalfoundation:storage:1, Block of Tin
thermalfoundation:storage:2, Block of Silver
thermalfoundation:storage:3, Block of Lead
thermalfoundation:storage:4, Block of Aluminum
thermalfoundation:storage:5, Block of Nickel
thermalfoundation:storage:6, Block of Platinum
thermalfoundation:storage:7, Block of Iridium
thermalfoundation:storage:8, Block of Mana Infused Metal
thermalfoundation:storage_alloy:0, Block of Steel
thermalfoundation:storage_alloy:1, Block of Electrum
thermalfoundation:storage_alloy:2, Block of Invar
thermalfoundation:storage_alloy:3, Block of Bronze
thermalfoundation:storage_alloy:4, Block of Constantan
thermalfoundation:storage_alloy:5, Block of Signalum
thermalfoundation:storage_alloy:6, Block of Lumium
thermalfoundation:storage_alloy:7, Block of Enderium
thermalfoundation:storage_resource:0, Block of Charcoal
thermalfoundation:storage_resource:1, Block of Coal Coke
thermalfoundation:glass:0, Hardened Copper Glass
thermalfoundation:glass:1, Hardened Tin Glass
thermalfoundation:glass:2, Hardened Silver Glass
thermalfoundation:glass:3, Hardened Glass
thermalfoundation:glass:4, Hardened Aluminum Glass
thermalfoundation:glass:5, Hardened Nickel Glass
thermalfoundation:glass:6, Hardened Platinum Glass
thermalfoundation:glass:7, Hardened Iridium Glass
thermalfoundation:glass:8, Hardened Mana Infused Glass
thermalfoundation:glass_alloy:0, Hardened Steel Glass
thermalfoundation:glass_alloy:1, Hardened Electrum Glass
thermalfoundation:glass_alloy:2, Hardened Invar Glass
thermalfoundation:glass_alloy:3, Hardened Bronze Glass
thermalfoundation:glass_alloy:4, Hardened Constantan Glass
thermalfoundation:glass_alloy:5, Hardened Signalum Glass
thermalfoundation:glass_alloy:6, Hardened Lumium Glass
thermalfoundation:glass_alloy:7, Hardened Enderium Glass
thermalfoundation:rockwool:0, Black Rockwool
thermalfoundation:rockwool:1, Red Rockwool
thermalfoundation:rockwool:2, Green Rockwool
thermalfoundation:rockwool:3, Brown Rockwool
thermalfoundation:rockwool:4, Blue Rockwool
thermalfoundation:rockwool:5, Purple Rockwool
thermalfoundation:rockwool:6, Cyan Rockwool
thermalfoundation:rockwool:7, Light Gray Rockwool
thermalfoundation:rockwool:8, Gray Rockwool
thermalfoundation:rockwool:9, Pink Rockwool
thermalfoundation:rockwool:10, Lime Rockwool
thermalfoundation:rockwool:11, Yellow Rockwool
thermalfoundation:rockwool:12, Light Blue Rockwool
thermalfoundation:rockwool:13, Magenta Rockwool
thermalfoundation:rockwool:14, Orange Rockwool
thermalfoundation:rockwool:15, White Rockwool
thermalfoundation:wrench:0, Crescent Hammer
thermalfoundation:meter:0, Multimeter
thermalfoundation:upgrade:0, Hardened Upgrade Kit
thermalfoundation:upgrade:1, Reinforced Upgrade Kit
thermalfoundation:upgrade:2, Signalum Upgrade Kit
thermalfoundation:upgrade:3, Resonant Upgrade Kit
thermalfoundation:upgrade:33, Reinforced Conversion Kit
thermalfoundation:upgrade:34, Signalum Conversion Kit
thermalfoundation:upgrade:35, Resonant Conversion Kit
thermalfoundation:upgrade:256, Creative Conversion Kit
thermalfoundation:security:0, Signalum Security Lock
thermalfoundation:diagram_redprint, Redprint
thermalfoundation:tome_lexicon, Forge Lexicon
thermalfoundation:tome_experience, Tome of Knowledge
thermalfoundation:coin:0, Iron Coin
thermalfoundation:coin:1, Gold Coin
thermalfoundation:coin:64, Copper Coin
thermalfoundation:coin:65, Tin Coin
thermalfoundation:coin:66, Silver Coin
thermalfoundation:coin:67, Lead Coin
thermalfoundation:coin:68, Aluminum Coin
thermalfoundation:coin:69, Nickel Coin
thermalfoundation:coin:70, Platinum Coin
thermalfoundation:coin:71, Iridium Coin
thermalfoundation:coin:72, Mana Infused Coin
thermalfoundation:coin:96, Steel Coin
thermalfoundation:coin:97, Electrum Coin
thermalfoundation:coin:98, Invar Coin
thermalfoundation:coin:99, Bronze Coin
thermalfoundation:coin:100, Constantan Coin
thermalfoundation:coin:101, Signalum Coin
thermalfoundation:coin:102, Lumium Coin
thermalfoundation:coin:103, Enderium Coin
thermalfoundation:fertilizer:0, Phyto-Gro
thermalfoundation:fertilizer:1, Rich Phyto-Gro
thermalfoundation:fertilizer:2, Fluxed Phyto-Gro
thermalfoundation:bait:0, Aqua-Chow
thermalfoundation:bait:1, Rich Aqua-Chow
thermalfoundation:bait:2, Fluxed Aqua-Chow
thermalfoundation:dye:0, Black Pigment
thermalfoundation:dye:1, Red Pigment
thermalfoundation:dye:2, Green Pigment
thermalfoundation:dye:3, Brown Pigment
thermalfoundation:dye:4, Blue Pigment
thermalfoundation:dye:5, Purple Pigment
thermalfoundation:dye:6, Cyan Pigment
thermalfoundation:dye:7, Light Gray Pigment
thermalfoundation:dye:8, Gray Pigment
thermalfoundation:dye:9, Pink Pigment
thermalfoundation:dye:10, Lime Pigment
thermalfoundation:dye:11, Yellow Pigment
thermalfoundation:dye:12, Light Blue Pigment
thermalfoundation:dye:13, Magenta Pigment
thermalfoundation:dye:14, Orange Pigment
thermalfoundation:dye:15, White Pigment
thermalfoundation:material:0, Pulverized Iron
thermalfoundation:material:1, Pulverized Gold
thermalfoundation:material:16, Diamond Nugget
thermalfoundation:material:17, Emerald Nugget
thermalfoundation:material:22, Wooden Gear
thermalfoundation:material:23, Stone Gear
thermalfoundation:material:24, Iron Gear
thermalfoundation:material:25, Gold Gear
thermalfoundation:material:26, Diamond Gear
thermalfoundation:material:27, Emerald Gear
thermalfoundation:material:32, Iron Plate
thermalfoundation:material:33, Gold Plate
thermalfoundation:material:64, Pulverized Copper
thermalfoundation:material:65, Pulverized Tin
thermalfoundation:material:66, Pulverized Silver
thermalfoundation:material:67, Pulverized Lead
thermalfoundation:material:68, Pulverized Aluminum
thermalfoundation:material:69, Pulverized Nickel
thermalfoundation:material:70, Pulverized Platinum
thermalfoundation:material:71, Pulverized Iridium
thermalfoundation:material:72, Pulverized Mana Infused Metal
thermalfoundation:material:96, Steel Blend
thermalfoundation:material:97, Electrum Blend
thermalfoundation:material:98, Invar Blend
thermalfoundation:material:99, Bronze Blend
thermalfoundation:material:100, Constantan Blend
thermalfoundation:material:101, Signalum Blend
thermalfoundation:material:102, Lumium Blend
thermalfoundation:material:103, Enderium Blend
thermalfoundation:material:128, Copper Ingot
thermalfoundation:material:129, Tin Ingot
thermalfoundation:material:130, Silver Ingot
thermalfoundation:material:131, Lead Ingot
thermalfoundation:material:132, Aluminum Ingot
thermalfoundation:material:133, Nickel Ingot
thermalfoundation:material:134, Platinum Ingot
thermalfoundation:material:135, Iridium Ingot
thermalfoundation:material:136, Mana Infused Ingot
thermalfoundation:material:160, Steel Ingot
thermalfoundation:material:161, Electrum Ingot
thermalfoundation:material:162, Invar Ingot
thermalfoundation:material:163, Bronze Ingot
thermalfoundation:material:164, Constantan Ingot
thermalfoundation:material:165, Signalum Ingot
thermalfoundation:material:166, Lumium Ingot
thermalfoundation:material:167, Enderium Ingot
thermalfoundation:material:192, Copper Nugget
thermalfoundation:material:193, Tin Nugget
thermalfoundation:material:194, Silver Nugget
thermalfoundation:material:195, Lead Nugget
thermalfoundation:material:196, Aluminum Nugget
thermalfoundation:material:197, Nickel Nugget
thermalfoundation:material:198, Platinum Nugget
thermalfoundation:material:199, Iridium Nugget
thermalfoundation:material:200, Mana Infused Nugget
thermalfoundation:material:224, Steel Nugget
thermalfoundation:material:225, Electrum Nugget
thermalfoundation:material:226, Invar Nugget
thermalfoundation:material:227, Bronze Nugget
thermalfoundation:material:228, Constantan Nugget
thermalfoundation:material:229, Signalum Nugget
thermalfoundation:material:230, Lumium Nugget
thermalfoundation:material:231, Enderium Nugget
thermalfoundation:material:256, Copper Gear
thermalfoundation:material:257, Tin Gear
thermalfoundation:material:258, Silver Gear
thermalfoundation:material:259, Lead Gear
thermalfoundation:material:260, Aluminum Gear
thermalfoundation:material:261, Nickel Gear
thermalfoundation:material:262, Platinum Gear
thermalfoundation:material:263, Iridium Gear
thermalfoundation:material:264, Mana Infused Gear
thermalfoundation:material:288, Steel Gear
thermalfoundation:material:289, Electrum Gear
thermalfoundation:material:290, Invar Gear
thermalfoundation:material:291, Bronze Gear
thermalfoundation:material:292, Constantan Gear
thermalfoundation:material:293, Signalum Gear
thermalfoundation:material:294, Lumium Gear
thermalfoundation:material:295, Enderium Gear
thermalfoundation:material:320, Copper Plate
thermalfoundation:material:321, Tin Plate
thermalfoundation:material:322, Silver Plate
thermalfoundation:material:323, Lead Plate
thermalfoundation:material:324, Aluminum Plate
thermalfoundation:material:325, Nickel Plate
thermalfoundation:material:326, Platinum Plate
thermalfoundation:material:327, Iridium Plate
thermalfoundation:material:328, Mana Infused Plate
thermalfoundation:material:352, Steel Plate
thermalfoundation:material:353, Electrum Plate
thermalfoundation:material:354, Invar Plate
thermalfoundation:material:355, Bronze Plate
thermalfoundation:material:356, Constantan Plate
thermalfoundation:material:357, Signalum Plate
thermalfoundation:material:358, Lumium Plate
thermalfoundation:material:359, Enderium Plate
thermalfoundation:material:512, Redstone Servo
thermalfoundation:material:513, Redstone Reception Coil
thermalfoundation:material:514, Redstone Transmission Coil
thermalfoundation:material:515, Redstone Conductance Coil
thermalfoundation:material:640, Tool Casing
thermalfoundation:material:656, Drill Head
thermalfoundation:material:657, Saw Blade
thermalfoundation:material:768, Pulverized Coal
thermalfoundation:material:769, Pulverized Charcoal
thermalfoundation:material:770, Pulverized Obsidian
thermalfoundation:material:771, Sulfur
thermalfoundation:material:772, Niter
thermalfoundation:material:800, Sawdust
thermalfoundation:material:801, Compressed Sawdust
thermalfoundation:material:802, Coal Coke
thermalfoundation:material:816, Pulped Biomass
thermalfoundation:material:817, Rich Biomass
thermalfoundation:material:818, Pulped Bioblend
thermalfoundation:material:819, Rich Bioblend
thermalfoundation:material:832, Rosin
thermalfoundation:material:833, Tar
thermalfoundation:material:864, Slag
thermalfoundation:material:865, Rich Slag
thermalfoundation:material:866, Cinnabar
thermalfoundation:material:892, Bitumen
thermalfoundation:material:893, Destabilized Clathrate
thermalfoundation:material:894, Energized Clathrate
thermalfoundation:material:895, Resonant Clathrate
thermalfoundation:material:1024, Pyrotheum Dust
thermalfoundation:material:1025, Cryotheum Dust
thermalfoundation:material:1026, Aerotheum Dust
thermalfoundation:material:1027, Petrotheum Dust
thermalfoundation:material:1028, Mana Dust
thermalfoundation:material:2048, Blizz Rod
thermalfoundation:material:2049, Blizz Powder
thermalfoundation:material:2050, Blitz Rod
thermalfoundation:material:2051, Blitz Powder
thermalfoundation:material:2052, Basalz Rod
thermalfoundation:material:2053, Basalz Powder
thermalfoundation:geode:0, Geode
thermalfoundation:armor.helmet_copper, Copper Helmet
thermalfoundation:armor.plate_copper, Copper Chestplate
thermalfoundation:armor.legs_copper, Copper Leggings
thermalfoundation:armor.boots_copper, Copper Boots
thermalfoundation:armor.helmet_tin, Tin Helmet
thermalfoundation:armor.plate_tin, Tin Chestplate
thermalfoundation:armor.legs_tin, Tin Leggings
thermalfoundation:armor.boots_tin, Tin Boots
thermalfoundation:armor.helmet_silver, Silver Helmet
thermalfoundation:armor.plate_silver, Silver Chestplate
thermalfoundation:armor.legs_silver, Silver Leggings
thermalfoundation:armor.boots_silver, Silver Boots
thermalfoundation:armor.helmet_lead, Lead Helmet
thermalfoundation:armor.plate_lead, Lead Chestplate
thermalfoundation:armor.legs_lead, Lead Leggings
thermalfoundation:armor.boots_lead, Lead Boots
thermalfoundation:armor.helmet_aluminum, Aluminum Helmet
thermalfoundation:armor.plate_aluminum, Aluminum Chestplate
thermalfoundation:armor.legs_aluminum, Aluminum Leggings
thermalfoundation:armor.boots_aluminum, Aluminum Boots
thermalfoundation:armor.helmet_nickel, Nickel Helmet
thermalfoundation:armor.plate_nickel, Nickel Chestplate
thermalfoundation:armor.legs_nickel, Nickel Leggings
thermalfoundation:armor.boots_nickel, Nickel Boots
thermalfoundation:armor.helmet_platinum, Platinum Helmet
thermalfoundation:armor.plate_platinum, Platinum Chestplate
thermalfoundation:armor.legs_platinum, Platinum Leggings
thermalfoundation:armor.boots_platinum, Platinum Boots
thermalfoundation:armor.helmet_steel, Steel Helmet
thermalfoundation:armor.plate_steel, Steel Chestplate
thermalfoundation:armor.legs_steel, Steel Leggings
thermalfoundation:armor.boots_steel, Steel Boots
thermalfoundation:armor.helmet_electrum, Electrum Helmet
thermalfoundation:armor.plate_electrum, Electrum Chestplate
thermalfoundation:armor.legs_electrum, Electrum Leggings
thermalfoundation:armor.boots_electrum, Electrum Boots
thermalfoundation:armor.helmet_invar, Invar Helmet
thermalfoundation:armor.plate_invar, Invar Chestplate
thermalfoundation:armor.legs_invar, Invar Leggings
thermalfoundation:armor.boots_invar, Invar Boots
thermalfoundation:armor.helmet_bronze, Bronze Helmet
thermalfoundation:armor.plate_bronze, Bronze Chestplate
thermalfoundation:armor.legs_bronze, Bronze Leggings
thermalfoundation:armor.boots_bronze, Bronze Boots
thermalfoundation:armor.helmet_constantan, Constantan Helmet
thermalfoundation:armor.plate_constantan, Constantan Chestplate
thermalfoundation:armor.legs_constantan, Constantan Leggings
thermalfoundation:armor.boots_constantan, Constantan Boots
thermalfoundation:tool.sword_copper, Copper Sword
thermalfoundation:tool.shovel_copper, Copper Shovel
thermalfoundation:tool.pickaxe_copper, Copper Pickaxe
thermalfoundation:tool.axe_copper, Copper Axe
thermalfoundation:tool.hoe_copper, Copper Hoe
thermalfoundation:tool.bow_copper, Copper Reinforced Bow
thermalfoundation:tool.fishing_rod_copper, Copper Fishing Rod
thermalfoundation:tool.shears_copper, Copper Shears
thermalfoundation:tool.sickle_copper, Copper Sickle
thermalfoundation:tool.hammer_copper, Copper Hammer
thermalfoundation:tool.excavator_copper, Copper Excavator
thermalfoundation:tool.shield_copper, Copper Shield
thermalfoundation:tool.sword_tin, Tin Sword
thermalfoundation:tool.shovel_tin, Tin Shovel
thermalfoundation:tool.pickaxe_tin, Tin Pickaxe
thermalfoundation:tool.axe_tin, Tin Axe
thermalfoundation:tool.hoe_tin, Tin Hoe
thermalfoundation:tool.bow_tin, Tin Reinforced Bow
thermalfoundation:tool.fishing_rod_tin, Tin Fishing Rod
thermalfoundation:tool.shears_tin, Tin Shears
thermalfoundation:tool.sickle_tin, Tin Sickle
thermalfoundation:tool.hammer_tin, Tin Hammer
thermalfoundation:tool.excavator_tin, Tin Excavator
thermalfoundation:tool.shield_tin, Tin Shield
thermalfoundation:tool.sword_silver, Silver Sword
thermalfoundation:tool.shovel_silver, Silver Shovel
thermalfoundation:tool.pickaxe_silver, Silver Pickaxe
thermalfoundation:tool.axe_silver, Silver Axe
thermalfoundation:tool.hoe_silver, Silver Hoe
thermalfoundation:tool.bow_silver, Silver Reinforced Bow
thermalfoundation:tool.fishing_rod_silver, Silver Fishing Rod
thermalfoundation:tool.shears_silver, Silver Shears
thermalfoundation:tool.sickle_silver, Silver Sickle
thermalfoundation:tool.hammer_silver, Silver Hammer
thermalfoundation:tool.excavator_silver, Silver Excavator
thermalfoundation:tool.shield_silver, Silver Shield
thermalfoundation:tool.sword_lead, Lead Sword
thermalfoundation:tool.shovel_lead, Lead Shovel
thermalfoundation:tool.pickaxe_lead, Lead Pickaxe
thermalfoundation:tool.axe_lead, Lead Axe
thermalfoundation:tool.hoe_lead, Lead Hoe
thermalfoundation:tool.bow_lead, Lead Reinforced Bow
thermalfoundation:tool.fishing_rod_lead, Lead Fishing Rod
thermalfoundation:tool.shears_lead, Lead Shears
thermalfoundation:tool.sickle_lead, Lead Sickle
thermalfoundation:tool.hammer_lead, Lead Hammer
thermalfoundation:tool.excavator_lead, Lead Excavator
thermalfoundation:tool.shield_lead, Lead Shield
thermalfoundation:tool.sword_aluminum, Aluminum Sword
thermalfoundation:tool.shovel_aluminum, Aluminum Shovel
thermalfoundation:tool.pickaxe_aluminum, Aluminum Pickaxe
thermalfoundation:tool.axe_aluminum, Aluminum Axe
thermalfoundation:tool.hoe_aluminum, Aluminum Hoe
thermalfoundation:tool.bow_aluminum, Aluminum Reinforced Bow
thermalfoundation:tool.fishing_rod_aluminum, Aluminum Fishing Rod
thermalfoundation:tool.shears_aluminum, Aluminum Shears
thermalfoundation:tool.sickle_aluminum, Aluminum Sickle
thermalfoundation:tool.hammer_aluminum, Aluminum Hammer
thermalfoundation:tool.excavator_aluminum, Aluminum Excavator
thermalfoundation:tool.shield_aluminum, Aluminum Shield
thermalfoundation:tool.sword_nickel, Nickel Sword
thermalfoundation:tool.shovel_nickel, Nickel Shovel
thermalfoundation:tool.pickaxe_nickel, Nickel Pickaxe
thermalfoundation:tool.axe_nickel, Nickel Axe
thermalfoundation:tool.hoe_nickel, Nickel Hoe
thermalfoundation:tool.bow_nickel, Nickel Reinforced Bow
thermalfoundation:tool.fishing_rod_nickel, Nickel Fishing Rod
thermalfoundation:tool.shears_nickel, Nickel Shears
thermalfoundation:tool.sickle_nickel, Nickel Sickle
thermalfoundation:tool.hammer_nickel, Nickel Hammer
thermalfoundation:tool.excavator_nickel, Nickel Excavator
thermalfoundation:tool.shield_nickel, Nickel Shield
thermalfoundation:tool.sword_platinum, Platinum Sword
thermalfoundation:tool.shovel_platinum, Platinum Shovel
thermalfoundation:tool.pickaxe_platinum, Platinum Pickaxe
thermalfoundation:tool.axe_platinum, Platinum Axe
thermalfoundation:tool.hoe_platinum, Platinum Hoe
thermalfoundation:tool.bow_platinum, Platinum Reinforced Bow
thermalfoundation:tool.fishing_rod_platinum, Platinum Fishing Rod
thermalfoundation:tool.shears_platinum, Platinum Shears
thermalfoundation:tool.sickle_platinum, Platinum Sickle
thermalfoundation:tool.hammer_platinum, Platinum Hammer
thermalfoundation:tool.excavator_platinum, Platinum Excavator
thermalfoundation:tool.shield_platinum, Platinum Shield
thermalfoundation:tool.sword_steel, Steel Sword
thermalfoundation:tool.shovel_steel, Steel Shovel
thermalfoundation:tool.pickaxe_steel, Steel Pickaxe
thermalfoundation:tool.axe_steel, Steel Axe
thermalfoundation:tool.hoe_steel, Steel Hoe
thermalfoundation:tool.bow_steel, Steel Reinforced Bow
thermalfoundation:tool.fishing_rod_steel, Steel Fishing Rod
thermalfoundation:tool.shears_steel, Steel Shears
thermalfoundation:tool.sickle_steel, Steel Sickle
thermalfoundation:tool.hammer_steel, Steel Hammer
thermalfoundation:tool.excavator_steel, Steel Excavator
thermalfoundation:tool.shield_steel, Steel Shield
thermalfoundation:tool.sword_electrum, Electrum Sword
thermalfoundation:tool.shovel_electrum, Electrum Shovel
thermalfoundation:tool.pickaxe_electrum, Electrum Pickaxe
thermalfoundation:tool.axe_electrum, Electrum Axe
thermalfoundation:tool.hoe_electrum, Electrum Hoe
thermalfoundation:tool.bow_electrum, Electrum Reinforced Bow
thermalfoundation:tool.fishing_rod_electrum, Electrum Fishing Rod
thermalfoundation:tool.shears_electrum, Electrum Shears
thermalfoundation:tool.sickle_electrum, Electrum Sickle
thermalfoundation:tool.hammer_electrum, Electrum Hammer
thermalfoundation:tool.excavator_electrum, Electrum Excavator
thermalfoundation:tool.shield_electrum, Electrum Shield
thermalfoundation:tool.sword_invar, Invar Sword
thermalfoundation:tool.shovel_invar, Invar Shovel
thermalfoundation:tool.pickaxe_invar, Invar Pickaxe
thermalfoundation:tool.axe_invar, Invar Axe
thermalfoundation:tool.hoe_invar, Invar Hoe
thermalfoundation:tool.bow_invar, Invar Reinforced Bow
thermalfoundation:tool.fishing_rod_invar, Invar Fishing Rod
thermalfoundation:tool.shears_invar, Invar Shears
thermalfoundation:tool.sickle_invar, Invar Sickle
thermalfoundation:tool.hammer_invar, Invar Hammer
thermalfoundation:tool.excavator_invar, Invar Excavator
thermalfoundation:tool.shield_invar, Invar Shield
thermalfoundation:tool.sword_bronze, Bronze Sword
thermalfoundation:tool.shovel_bronze, Bronze Shovel
thermalfoundation:tool.pickaxe_bronze, Bronze Pickaxe
thermalfoundation:tool.axe_bronze, Bronze Axe
thermalfoundation:tool.hoe_bronze, Bronze Hoe
thermalfoundation:tool.bow_bronze, Bronze Reinforced Bow
thermalfoundation:tool.fishing_rod_bronze, Bronze Fishing Rod
thermalfoundation:tool.shears_bronze, Bronze Shears
thermalfoundation:tool.sickle_bronze, Bronze Sickle
thermalfoundation:tool.hammer_bronze, Bronze Hammer
thermalfoundation:tool.excavator_bronze, Bronze Excavator
thermalfoundation:tool.shield_bronze, Bronze Shield
thermalfoundation:tool.sword_constantan, Constantan Sword
thermalfoundation:tool.shovel_constantan, Constantan Shovel
thermalfoundation:tool.pickaxe_constantan, Constantan Pickaxe
thermalfoundation:tool.axe_constantan, Constantan Axe
thermalfoundation:tool.hoe_constantan, Constantan Hoe
thermalfoundation:tool.bow_constantan, Constantan Reinforced Bow
thermalfoundation:tool.fishing_rod_constantan, Constantan Fishing Rod
thermalfoundation:tool.shears_constantan, Constantan Shears
thermalfoundation:tool.sickle_constantan, Constantan Sickle
thermalfoundation:tool.hammer_constantan, Constantan Hammer
thermalfoundation:tool.excavator_constantan, Constantan Excavator
thermalfoundation:tool.shield_constantan, Constantan Shield
thermalfoundation:tool.shears_wood, Wooden Shears
thermalfoundation:tool.sickle_wood, Wooden Sickle
thermalfoundation:tool.hammer_wood, Wooden Hammer
thermalfoundation:tool.excavator_wood, Wooden Excavator
thermalfoundation:tool.bow_stone, Stone Reinforced Bow
thermalfoundation:tool.fishing_rod_stone, Stone Fishing Rod
thermalfoundation:tool.shears_stone, Stone Shears
thermalfoundation:tool.sickle_stone, Stone Sickle
thermalfoundation:tool.hammer_stone, Stone Hammer
thermalfoundation:tool.excavator_stone, Stone Excavator
thermalfoundation:tool.shield_stone, Stone Shield
thermalfoundation:tool.bow_iron, Iron Reinforced Bow
thermalfoundation:tool.fishing_rod_iron, Iron Fishing Rod
thermalfoundation:tool.sickle_iron, Iron Sickle
thermalfoundation:tool.hammer_iron, Iron Hammer
thermalfoundation:tool.excavator_iron, Iron Excavator
thermalfoundation:tool.shield_iron, Iron Shield
thermalfoundation:tool.bow_diamond, Diamond Reinforced Bow
thermalfoundation:tool.fishing_rod_diamond, Diamond Fishing Rod
thermalfoundation:tool.shears_diamond, Diamond Shears
thermalfoundation:tool.sickle_diamond, Diamond Sickle
thermalfoundation:tool.hammer_diamond, Diamond Hammer
thermalfoundation:tool.excavator_diamond, Diamond Excavator
thermalfoundation:tool.shield_diamond, Diamond Shield
thermalfoundation:tool.bow_gold, Gold Reinforced Bow
thermalfoundation:tool.fishing_rod_gold, Gold Fishing Rod
thermalfoundation:tool.shears_gold, Gold Shears
thermalfoundation:tool.sickle_gold, Gold Sickle
thermalfoundation:tool.hammer_gold, Gold Hammer
thermalfoundation:tool.excavator_gold, Gold Excavator
thermalfoundation:tool.shield_gold, Gold Shield
thermalfoundation:horse_armor_copper, Copper Horse Armor
thermalfoundation:horse_armor_tin, Tin Horse Armor
thermalfoundation:horse_armor_silver, Silver Horse Armor
thermalfoundation:horse_armor_lead, Lead Horse Armor
thermalfoundation:horse_armor_aluminum, Aluminum Horse Armor
thermalfoundation:horse_armor_nickel, Nickel Horse Armor
thermalfoundation:horse_armor_platinum, Platinum Horse Armor
thermalfoundation:horse_armor_steel, Steel Horse Armor
thermalfoundation:horse_armor_electrum, Electrum Horse Armor
thermalfoundation:horse_armor_invar, Invar Horse Armor
thermalfoundation:horse_armor_bronze, Bronze Horse Armor
thermalfoundation:horse_armor_constantan, Constantan Horse Armor
thermalfoundation:fluid_crude_oil, Crude Oil
thermalfoundation:fluid_redstone, Destabilized Redstone
thermalfoundation:fluid_glowstone, Energized Glowstone
thermalfoundation:fluid_ender, Resonant Ender
thermalfoundation:fluid_pyrotheum, Blazing Pyrotheum
thermalfoundation:fluid_cryotheum, Gelid Cryotheum
thermalfoundation:fluid_aerotheum, Zephyrean Aerotheum
thermalfoundation:fluid_petrotheum, Tectonic Petrotheum
thermalfoundation:fluid_mana, Primal Mana
draconicevolution:draconium_ore:0, Draconium Ore
draconicevolution:draconium_ore:1, Nether Draconium Ore
draconicevolution:draconium_ore:2, Ender Draconium Ore
draconicevolution:draconium_block:0, Draconium Block
draconicevolution:draconium_block:1, Charged Draconium Block
draconicevolution:draconic_block, Awakened Draconium Block
draconicevolution:infused_obsidian, Draconium Infused Obsidian
draconicevolution:portal, Portal
draconicevolution:item_dislocation_inhibitor, Dislocation Normalization Field Projector
draconicevolution:generator, Generator
draconicevolution:grinder, Mob Grinder
draconicevolution:particle_generator:0, Particle Generator
draconicevolution:particle_generator:2, Energy Core Stabilizer
draconicevolution:energy_infuser, Energy Infuser
draconicevolution:dislocator_receptacle, Dislocator Receptacle
draconicevolution:dislocator_pedestal, Dislocator Pedestal
draconicevolution:rain_sensor, Rain Sensor
draconicevolution:diss_enchanter, Disenchanter
draconicevolution:potentiometer, Potentiometer
draconicevolution:entity_detector:0, Entity Detector
draconicevolution:entity_detector:1, Advanced Entity Detector
draconicevolution:energy_storage_core, Energy Core
draconicevolution:energy_pylon, Energy Pylon
draconicevolution:invis_e_core_block, tile.draconicevolution:invis_e_core_block.name
draconicevolution:fusion_crafting_core, Fusion Crafting Core
draconicevolution:crafting_injector:0, Basic Fusion Crafting Injector
draconicevolution:crafting_injector:1, Wyvern Fusion Crafting Injector
draconicevolution:crafting_injector:2, Draconic Fusion Crafting Injector
draconicevolution:crafting_injector:3, Chaotic Fusion Crafting Injector
draconicevolution:celestial_manipulator, Celestial Manipulator
draconicevolution:energy_crystal:0, Basic Energy Relay Crystal
draconicevolution:energy_crystal:1, Wyvern Energy Relay Crystal
draconicevolution:energy_crystal:2, Draconic Energy Relay Crystal
draconicevolution:energy_crystal:3, Basic Energy I/O Crystal
draconicevolution:energy_crystal:4, Wyvern Energy I/O Crystal
draconicevolution:energy_crystal:5, Draconic Energy I/O Crystal
draconicevolution:energy_crystal:6, Basic Wireless Energy Crystal
draconicevolution:energy_crystal:7, Wyvern Wireless Energy Crystal
draconicevolution:energy_crystal:8, Draconic Wireless Energy Crystal
draconicevolution:flow_gate:0, Flux Gate
draconicevolution:flow_gate:8, Fluid Gate
draconicevolution:reactor_core, Draconic Reactor Core
draconicevolution:reactor_part:0, Reactor Stabilizer Frame
draconicevolution:reactor_part:1, Reactor Stabilizer Inner Rotor
draconicevolution:reactor_part:2, Reactor Stabilizer Outer Rotor
draconicevolution:reactor_part:3, Reactor Stabilizer Rotor Assembly
draconicevolution:reactor_part:4, Reactor Stabilizer Focus Ring
draconicevolution:reactor_component:0, Reactor Stabilizer
draconicevolution:reactor_component:1, Reactor Energy Injector
draconicevolution:draconic_spawner, Stabilized Mob Spawner
draconicevolution:draconium_chest, Draconium Chest
draconicevolution:chaos_crystal, Chaos Crystal
draconicevolution:chaos_shard_atmos, tile.draconicevolution:chaos_shard_atmos.name
draconicevolution:creative_rf_source, Creative RF Source
draconicevolution:placed_item, tile.draconicevolution:placed_item.name
draconicevolution:draconium_dust, Draconium Dust
draconicevolution:draconium_ingot, Draconium Ingot
draconicevolution:draconic_ingot, Awakened Draconium Ingot
draconicevolution:draconic_core, Draconic Core
draconicevolution:wyvern_core, Wyvern Core
draconicevolution:awakened_core, Awakened Core
draconicevolution:chaotic_core, Chaotic Core
draconicevolution:wyvern_energy_core, Wyvern Energy Core
draconicevolution:draconic_energy_core, Draconic Energy Core
draconicevolution:dragon_heart, Dragon Heart
draconicevolution:debugger, item.draconicevolution:debugger.name
draconicevolution:nugget:0, Draconium Nugget
draconicevolution:nugget:1, Awakened Draconium Nugget
draconicevolution:chaos_shard:0, Chaos Shard
draconicevolution:chaos_shard:1, Large Chaos Fragment
draconicevolution:chaos_shard:2, Small Chaos Fragment
draconicevolution:chaos_shard:3, Tiny Chaos Fragment
draconicevolution:draconium_capacitor:0, Wyvern Flux Capacitor
draconicevolution:draconium_capacitor:0, Wyvern Flux Capacitor
draconicevolution:draconium_capacitor:0, Wyvern Flux Capacitor
draconicevolution:draconium_capacitor:1, Draconic Flux Capacitor
draconicevolution:draconium_capacitor:1, Draconic Flux Capacitor
draconicevolution:draconium_capacitor:1, Draconic Flux Capacitor
draconicevolution:draconium_capacitor:2, Creative Flux Capacitor
draconicevolution:wyvern_axe, Axe of the Wyvern
draconicevolution:wyvern_bow, Bow of the Wyvern
draconicevolution:wyvern_pick, Pickaxe of the Wyvern
draconicevolution:wyvern_shovel, Shovel of the Wyvern
draconicevolution:wyvern_sword, Sword of the Wyvern
draconicevolution:draconic_axe, Draconic Axe
draconicevolution:draconic_bow, Draconic Bow
draconicevolution:draconic_hoe, Draconic Hoe
draconicevolution:draconic_pick, Draconic Pickaxe
draconicevolution:draconic_shovel, Draconic Shovel
draconicevolution:draconic_staff_of_power, Draconic Staff of Power
draconicevolution:draconic_sword, Draconic Sword
draconicevolution:tool_upgrade:0, Upgrade Key (RF Capacity)
draconicevolution:tool_upgrade:1, Upgrade Key (Dig Speed)
draconicevolution:tool_upgrade:2, Upgrade Key (Dig AOE)
draconicevolution:tool_upgrade:3, Upgrade Key (Attack Damage)
draconicevolution:tool_upgrade:4, Upgrade Key (Attack AOE)
draconicevolution:tool_upgrade:5, Upgrade Key (Arrow Damage)
draconicevolution:tool_upgrade:6, Upgrade Key (Draw Speed)
draconicevolution:tool_upgrade:7, Upgrade Key (Arrow Speed)
draconicevolution:tool_upgrade:8, Upgrade Key (Shield Capacity)
draconicevolution:tool_upgrade:9, Upgrade Key (Shield Recovery)
draconicevolution:tool_upgrade:10, Upgrade Key (Movement Speed)
draconicevolution:tool_upgrade:11, Upgrade Key (Jump Boost)
draconicevolution:dislocator, Dislocator
draconicevolution:dislocator_advanced, Advanced Dislocator
draconicevolution:dislocator_bound:1, Bound Dislocator (Point to Point)
draconicevolution:dislocator_bound:2, Bound Dislocator (Player)
draconicevolution:magnet:0, Item Dislocator
draconicevolution:magnet:1, Awakened Item Dislocator
draconicevolution:crystal_binder, Crystal Binder
draconicevolution:wyvern_helm, Wyvern Helm
draconicevolution:wyvern_chest, Wyvern Chestplate
draconicevolution:wyvern_legs, Wyvern Leggings
draconicevolution:wyvern_boots, Wyvern Boots
draconicevolution:draconic_helm, Draconic Helm
draconicevolution:draconic_chest, Draconic Chestplate
draconicevolution:draconic_legs, Draconic Leggings
draconicevolution:draconic_boots, Draconic Boots
draconicevolution:info_tablet, Draconic Evolution Information Tablet
draconicevolution:mob_soul, Soul
draconicevolution:creative_exchanger, Creative Block Exchanger
draconicevolution:ender_energy_manipulator, Ender Energy Manipulator
thermalexpansion:machine:0, Redstone Furnace (Basic)
thermalexpansion:machine:1, Pulverizer (Basic)
thermalexpansion:machine:2, Sawmill (Basic)
thermalexpansion:machine:3, Induction Smelter (Basic)
thermalexpansion:machine:4, Phytogenic Insolator (Basic)
thermalexpansion:machine:5, Compactor (Basic)
thermalexpansion:machine:6, Magma Crucible (Basic)
thermalexpansion:machine:7, Fractionating Still (Basic)
thermalexpansion:machine:8, Fluid Transposer (Basic)
thermalexpansion:machine:9, Energetic Infuser (Basic)
thermalexpansion:machine:10, Centrifugal Separator (Basic)
thermalexpansion:machine:11, Sequential Fabricator (Basic)
thermalexpansion:machine:12, Alchemical Imbuer (Basic)
thermalexpansion:machine:13, Arcane Ensorcellator (Basic)
thermalexpansion:machine:14, Glacial Precipitator (Basic)
thermalexpansion:machine:15, Igneous Extruder (Basic)
thermalexpansion:device:0, Aqueous Accumulator
thermalexpansion:device:1, Nullifier
thermalexpansion:device:2, Thermal Mediator
thermalexpansion:device:3, Arboreal Extractor
thermalexpansion:device:4, Aquatic Entangler
thermalexpansion:device:5, Item Allocator
thermalexpansion:device:6, Fluid Allocator
thermalexpansion:device:7, Lexical Transmuter
thermalexpansion:device:8, Insightful Condenser
thermalexpansion:device:9, Decoctive Diffuser
thermalexpansion:device:10, Factorizer
thermalexpansion:device:11, Creature Encaptulator
thermalexpansion:device:12, Vacuumulator
thermalexpansion:dynamo:0, Steam Dynamo (Basic)
thermalexpansion:dynamo:1, Magmatic Dynamo (Basic)
thermalexpansion:dynamo:2, Compression Dynamo (Basic)
thermalexpansion:dynamo:3, Reactant Dynamo (Basic)
thermalexpansion:dynamo:4, Enervation Dynamo (Basic)
thermalexpansion:dynamo:5, Numismatic Dynamo (Basic)
thermalexpansion:cell:0, Energy Cell (Basic)
thermalexpansion:tank:0, Portable Tank (Basic)
thermalexpansion:cache:0, Cache (Basic)
thermalexpansion:strongbox:0, Strongbox (Basic)
thermalexpansion:capacitor:0, Flux Capacitor (Basic)
thermalexpansion:capacitor:1, Flux Capacitor (Hardened)
thermalexpansion:capacitor:2, Flux Capacitor (Reinforced)
thermalexpansion:capacitor:3, Flux Capacitor (Signalum)
thermalexpansion:capacitor:4, Flux Capacitor (Resonant)
thermalexpansion:capacitor:32000, Flux Capacitor (Creative)
thermalexpansion:reservoir:0, Reservoir (Basic)
thermalexpansion:reservoir:1, Reservoir (Hardened)
thermalexpansion:reservoir:2, Reservoir (Reinforced)
thermalexpansion:reservoir:3, Reservoir (Signalum)
thermalexpansion:reservoir:4, Reservoir (Resonant)
thermalexpansion:reservoir:32000, Reservoir (Creative)
thermalexpansion:satchel:0, Satchel (Basic)
thermalexpansion:satchel:1, Satchel (Hardened)
thermalexpansion:satchel:2, Satchel (Reinforced)
thermalexpansion:satchel:3, Satchel (Signalum)
thermalexpansion:satchel:4, Satchel (Resonant)
thermalexpansion:satchel:100, Satchel (Void)
thermalexpansion:satchel:32000, Satchel (Creative)
thermalexpansion:frame:0, Machine Frame
thermalexpansion:frame:64, Device Frame
thermalexpansion:frame:128, Energy Cell Frame
thermalexpansion:frame:129, Hardened Cell Frame
thermalexpansion:frame:130, Reinforced Cell Frame (Empty)
thermalexpansion:frame:131, Signalum Cell Frame (Empty)
thermalexpansion:frame:132, Resonant Cell Frame (Empty)
thermalexpansion:frame:146, Reinforced Cell Frame (Full)
thermalexpansion:frame:147, Signalum Cell Frame (Full)
thermalexpansion:frame:148, Resonant Cell Frame (Full)
thermalexpansion:augment:128, Augment: Auxiliary Reception Coil
thermalexpansion:augment:129, Augment: Auxiliary Sieve
thermalexpansion:augment:130, Augment: Nullification Chamber
thermalexpansion:augment:256, Augment: Trivection Chamber
thermalexpansion:augment:257, Augment: Flux Anodizers
thermalexpansion:augment:258, Augment: Pyrolytic Conversion
thermalexpansion:augment:273, Augment: Tectonic Initiator
thermalexpansion:augment:288, Augment: Resin Funnel
thermalexpansion:augment:303, Augment: Metallurgical Recovery
thermalexpansion:augment:304, Augment: Pyro-Concentrator
thermalexpansion:augment:320, Augment: Nutrient Recovery
thermalexpansion:augment:323, Augment: Sapling Infuser
thermalexpansion:augment:324, Augment: Monoculture Cycle
thermalexpansion:augment:336, Augment: Numismatic Press
thermalexpansion:augment:337, Augment: Gearworking Die
thermalexpansion:augment:352, Augment: Pyroconvective Loop
thermalexpansion:augment:368, Augment: Reflux Column
thermalexpansion:augment:369, Augment: Alchemical Retort
thermalexpansion:augment:400, Augment: Flux Linkage Concentrator
thermalexpansion:augment:401, Augment: Flux Reconstruction
thermalexpansion:augment:402, Augment: Parabolic Flux Coupling
thermalexpansion:augment:416, Augment: Enstabulation Apparatus
thermalexpansion:augment:432, Augment: Pattern Validation
thermalexpansion:augment:433, Augment: Fluidic Fabrication
thermalexpansion:augment:448, Augment: Reagent Recovery
thermalexpansion:augment:496, Augment: Pyroclastic Injection
thermalexpansion:augment:497, Augment: Clastic Deposition
thermalexpansion:augment:512, Augment: Auxiliary Transmission Coil
thermalexpansion:augment:513, Augment: Fuel Catalyzer
thermalexpansion:augment:514, Augment: Transmission Coil Ducting
thermalexpansion:augment:515, Augment: Excitation Field Limiter
thermalexpansion:augment:576, Augment: Boiler Conversion
thermalexpansion:augment:640, Augment: Turbine Conversion
thermalexpansion:augment:656, Augment: Isentropic Reservoir
thermalexpansion:augment:672, Augment: Closed-Loop Cooling
thermalexpansion:augment:673, Augment: Ignition Plugs
thermalexpansion:augment:674, Augment: Agitative Manifold
thermalexpansion:augment:688, Augment: Elemental Catalyzer
thermalexpansion:augment:704, Augment: Disjunctive Extraction
thermalexpansion:augment:720, Augment: Lapidary Calibration
thermalexpansion:florb:0, Florb (Empty§r)
thermalexpansion:florb:1, Magmatic Florb (Empty§r)
thermalexpansion:morb:0, Morb (Empty§r)
thermalexpansion:morb:1, Reusable Morb (Empty§r)
extrautils2:snowglobe:0, Magical Snow Globe
extrautils2:snowglobe:1, Magical Snow Globe
extrautils2:wateringcan, Watering Can
extrautils2:itemcreativedestructionwand, Creative Destruction Wand
extrautils2:unstableingots:0, Unstable Ingot
extrautils2:unstableingots:1, Stable-'Unstable Nugget'
extrautils2:unstableingots:2, Stable-'Unstable Ingot'
extrautils2:itembuilderswand, Builders Wand
extrautils2:itemdestructionwand, Destruction Wand
extrautils2:itemcreativebuilderswand, Creative Builders Wand
extrautils2:soundmuffler, Sound Muffler
extrautils2:enderlilly, Ender Lilly
extrautils2:decorativesolidwood:0, Magical Planks
extrautils2:decorativesolidwood:1, Magical Wood
extrautils2:decorativesolidwood:2, Diagonal Wood
extrautils2:trashcan, Trash Can
extrautils2:trashcanfluid, Trash Can (Fluid)
extrautils2:trashcanenergy, Trash Can (Energy)
extrautils2:angelblock, Angel Block
extrautils2:passivegenerator:0, Solar Panel
extrautils2:passivegenerator:1, Lunar Panel
extrautils2:passivegenerator:2, Lava Mill
extrautils2:passivegenerator:3, Water Mill
extrautils2:passivegenerator:4, Wind Mill
extrautils2:passivegenerator:5, Fire Mill
extrautils2:passivegenerator:6, Creative Mill
extrautils2:passivegenerator:7, Manual Mill
extrautils2:passivegenerator:8, Dragon Egg Mill
extrautils2:supermobspawner, Resturbed Mob Spawner
extrautils2:cursedearth, Cursed Earth
extrautils2:redstoneclock, Redstone Clock
extrautils2:compressedcobblestone:0, Compressed Cobblestone
extrautils2:compressedcobblestone:1, Double Compressed Cobblestone
extrautils2:compressedcobblestone:2, Triple Compressed Cobblestone
extrautils2:compressedcobblestone:3, Quadruple Compressed Cobblestone
extrautils2:compressedcobblestone:4, Quintuple Compressed Cobblestone
extrautils2:compressedcobblestone:5, Sextuple Compressed Cobblestone
extrautils2:compressedcobblestone:6, Septuple Compressed Cobblestone
extrautils2:compressedcobblestone:7, Octuple Compressed Cobblestone
extrautils2:compresseddirt:0, Compressed Dirt
extrautils2:compresseddirt:1, Double Compressed Dirt
extrautils2:compresseddirt:2, Triple Compressed Dirt
extrautils2:compresseddirt:3, Quadruple Compressed Dirt
extrautils2:compressedsand:0, Compressed Sand
extrautils2:compressedsand:1, Double Compressed Sand
extrautils2:compressedgravel:0, Compressed Gravel
extrautils2:compressedgravel:1, Double Compressed Gravel
extrautils2:compressednetherrack:0, Compressed Netherrack
extrautils2:compressednetherrack:1, Double Compressed Netherrack
extrautils2:compressednetherrack:2, Triple Compressed Netherrack
extrautils2:compressednetherrack:3, Quadruple Compressed Netherrack
extrautils2:compressednetherrack:4, Quintuple Compressed Netherrack
extrautils2:compressednetherrack:5, Sextuple Compressed Netherrack
extrautils2:glasscutter, Glass Cutter
extrautils2:endershard, Ender Shard
extrautils2:redorchid, Red Orchid
extrautils2:sickle_wood, Wooden Sickle
extrautils2:sickle_stone, Stone Sickle
extrautils2:sickle_iron, Iron Sickle
extrautils2:sickle_gold, Golden Sickle
extrautils2:sickle_diamond, Diamond Sickle
extrautils2:poweroverload, Power Overload
extrautils2:resonator, Resonator
extrautils2:suncrystal, Sun Crystal
extrautils2:spotlight, Spotlight
extrautils2:screen, Screen
extrautils2:decorativesolid:0, Border Stone
extrautils2:decorativesolid:1, Crossed Stone
extrautils2:decorativesolid:2, Polished Stone
extrautils2:decorativesolid:3, Stoneburnt
extrautils2:decorativesolid:4, Sandy Glass
extrautils2:decorativesolid:5, Truchet
extrautils2:decorativesolid:6, Blue Quartz
extrautils2:decorativesolid:7, Quartzburnt
extrautils2:decorativesolid:8, Rainbow Stone
extrautils2:ingredients:0, Resonating Redstone Crystal
extrautils2:ingredients:1, Redstone Gear
extrautils2:ingredients:2, Eye of Redstone
extrautils2:ingredients:3, Lunar Reactive Dust
extrautils2:ingredients:4, Red Coal
extrautils2:ingredients:5, Moon Stone
extrautils2:ingredients:6, Upgrade Speed
extrautils2:ingredients:7, Upgrade Stack
extrautils2:ingredients:8, Upgrade Mining
extrautils2:ingredients:9, Upgrade Base
extrautils2:ingredients:10, Drop of Evil
extrautils2:ingredients:11, Demon Ingot
extrautils2:ingredients:12, Enchanted Ingot
extrautils2:ingredients:13, Wireless RF Heating Coil
extrautils2:ingredients:14, Blue Dye
extrautils2:ingredients:15, Upgrade Speed (Magical)
extrautils2:ingredients:16, Upgrade Speed (Ultimate)
extrautils2:ingredients:17, Evil Infused Iron Ingot
extrautils2:goldenlasso:0, Golden Lasso
extrautils2:goldenlasso:1, Cursed Lasso
extrautils2:chickenring:0, Chicken Wing Ring
extrautils2:chickenring:1, Ring of the Flying Squid
extrautils2:angelring:0, Angel Ring
extrautils2:angelring:1, Angel Ring
extrautils2:angelring:2, Angel Ring
extrautils2:angelring:3, Angel Ring
extrautils2:angelring:4, Angel Ring
extrautils2:angelring:5, Angel Ring
extrautils2:powermanager, Power Manager
extrautils2:bagofholding, Bag Of Holding
extrautils2:decorativeglass:0, Thickened Glass
extrautils2:decorativeglass:1, Thickened Glass (Bordered)
extrautils2:decorativeglass:2, Thickened Glass (Patterned)
extrautils2:decorativeglass:3, Dark Glass
extrautils2:decorativeglass:4, Glowing Glass
extrautils2:decorativeglass:5, Redstone Glass
extrautils2:ineffableglass:0, Ethereal Glass
extrautils2:ineffableglass:1, Reverse Ethereal Glass
extrautils2:ineffableglass:2, Ineffable Glass
extrautils2:ineffableglass:3, Dark Ineffable Glass
extrautils2:pipe, Transfer Pipe
extrautils2:playerchest, Player Chest
extrautils2:wrench, Wrench
extrautils2:boomerang, Magical Boomerang
extrautils2:book, Extra Utilities 2 Manual
extrautils2:contract, Contract
extrautils2:chunkloader, Chunk Loading Ward
extrautils2:filter, Filter
extrautils2:filterfluids, Filter Fluids
extrautils2:grocket:0, Transfer Node (Items)
extrautils2:grocket:1, Transfer Filter
extrautils2:grocket:2, Transfer Node (Fluids)
extrautils2:grocket:3, Retrieval Node (Items)
extrautils2:grocket:4, Retrieval Node (Fluids)
extrautils2:grocket:5, Transfer Pipe Filter
extrautils2:grocket:6, Transfer Node (Energy)
extrautils2:indexer, Indexer
extrautils2:indexerremote, Indexer Remote
extrautils2:crafter, Mechanical Crafter
extrautils2:scanner, Scanner
extrautils2:miner, Mechanical Miner
extrautils2:user, Mechanical User
extrautils2:klein:0, Klein Bottle
extrautils2:drum:0, Stone Drum
extrautils2:drum:1, Iron Drum
extrautils2:drum:2, Reinforced Large Drum
extrautils2:drum:3, Demonically Gargantuan Drum
extrautils2:drum:4, Creative Drum
extrautils2:machine:0, Machine Block
extrautils2:machine:0, Furnace
extrautils2:machine:0, Crusher
extrautils2:machine:0, Enchanter
extrautils2:machine:0, Survival Generator
extrautils2:machine:0, Furnace Generator
extrautils2:machine:0, Culinary Generator
extrautils2:machine:0, Magmatic Generator
extrautils2:machine:0, Heated Redstone Generator
extrautils2:machine:0, Ender Generator
extrautils2:machine:0, Potion Generator
extrautils2:machine:0, Pink Generator
extrautils2:machine:0, Overclocked Generator
extrautils2:machine:0, Explosive Generator
extrautils2:machine:0, Netherstar Generator
extrautils2:machine:0, Halitosis Generator
extrautils2:machine:0, Frosty Generator
extrautils2:machine:0, Death Generator
extrautils2:machine:0, Dischantment Generator
extrautils2:machine:0, Slimey Generator
extrautils2:teleporter:0, Overworld Portal
extrautils2:teleporter:1, Deep Dark Portal
extrautils2:powertransmitter, Wireless RF Transmitter
extrautils2:powerbattery, Wireless RF Battery
extrautils2:quarryproxy, Quantum Quarry Actuator
extrautils2:quarry, Quantum Quarry
extrautils2:spike_wood, Wooden Spikes
extrautils2:spike_stone, Stone Spikes
extrautils2:spike_iron, Iron Spikes
extrautils2:spike_gold, Golden Spikes
extrautils2:spike_diamond, Diamond Spikes
extrautils2:spike_creative, Creative Spikes
extrautils2:redstonelantern, Redstone Lantern
extrautils2:largishchest, Slightly-Larger Chest
extrautils2:minichest, Mini Chest
extrautils2:rainbowgenerator:0, Rainbow Generator!
extrautils2:rainbowgenerator:1, Rainbow Generator (bottom half)
extrautils2:rainbowgenerator:2, Rainbow Generator (top half)
extrautils2:magicapple, Magical Apple
extrautils2:simpledecorative:0, Block of Enchanted Metal
extrautils2:simpledecorative:1, Block of Demon Metal
extrautils2:simpledecorative:2, Block of Evil Infused Iron
extrautils2:creativechest, Creative Chest
extrautils2:creativeenergy, Creative Energy Source
extrautils2:creativeharvest, Creative Harvest
extrautils2:trowel, Trowel
extrautils2:biomemarker, Biome Marker
extrautils2:terraformer:0, Terraformer
extrautils2:terraformer:1, Antenna
extrautils2:terraformer:2, Humidifier
extrautils2:terraformer:3, Dehumidifier
extrautils2:terraformer:4, Heater
extrautils2:terraformer:5, Cooler
extrautils2:terraformer:6, Dehostilifier
extrautils2:terraformer:7, Magic Absorbtion
extrautils2:terraformer:8, Magic Infuser
extrautils2:terraformer:9, Climograph Base Unit
extrautils2:trashchest, Trash Chest
extrautils2:opinium:0, Opinium Core (Pathetic)
extrautils2:opinium:1, Opinium Core (Mediocre)
extrautils2:opinium:2, Opinium Core (Passable)
extrautils2:opinium:3, Opinium Core (Decent)
extrautils2:opinium:4, Opinium Core (Good)
extrautils2:opinium:5, Opinium Core (Damn Good)
extrautils2:opinium:6, Opinium Core (Amazing)
extrautils2:opinium:7, Opinium Core (Inspiring)
extrautils2:opinium:8, Opinium Core (Perfected)
extrautils2:lawsword, Kikoku
extrautils2:flattransfernode:0, Flat Transfer Node (Items)
extrautils2:flattransfernode:1, Flat Transfer Node (Fluids)
extrautils2:analogcrafter, Analog Crafter
extrautils2:decorativebedrock:0, Bedrock Bricks
extrautils2:decorativebedrock:1, Bedrock Slabs
extrautils2:decorativebedrock:2, Bedrock Cobblestone
extrautils2:compoundbow, Compound Bow
extrautils2:fireaxe, Fire Axe
extrautils2:interactionproxy, Ender Porcupine
extrautils2:luxsaber:0, Lux Saber
extrautils2:luxsaber:0, Lux Saber
extrautils2:luxsaber:1, Lux Saber
extrautils2:luxsaber:1, Lux Saber
extrautils2:luxsaber:2, Lux Saber
extrautils2:luxsaber:2, Lux Saber
extrautils2:luxsaber:3, Lux Saber
extrautils2:luxsaber:3, Lux Saber
extrautils2:luxsaber:4, Lux Saber
extrautils2:luxsaber:4, Lux Saber
extrautils2:luxsaber:5, Lux Saber
extrautils2:luxsaber:5, Lux Saber
extrautils2:luxsaber:6, Lux Saber
extrautils2:luxsaber:6, Lux Saber
extrautils2:luxsaber:7, Lux Saber
extrautils2:luxsaber:7, Lux Saber
extrautils2:ironwood_leaves:0, Ferrous-Juniper Leaves
extrautils2:ironwood_leaves:1, Burnt Ferrous-Juniper Leaves
extrautils2:ironwood_log:0, Ferrous-Juniper Log
extrautils2:ironwood_log:1, Ferrous-Juniper Log
extrautils2:ironwood_sapling:0, Ferrous-Juniper Sapling
extrautils2:ironwood_sapling:1, Dead Ferrous-Juniper Sapling
extrautils2:ironwood_planks:0, Ferrous-Juniper Planks
extrautils2:ironwood_planks:1, Raw Ferrous-Juniper Planks
nuclearcraft:ore:0, Copper Ore
nuclearcraft:ore:1, Tin Ore
nuclearcraft:ore:2, Lead Ore
nuclearcraft:ore:3, Thorium Ore
nuclearcraft:ore:4, Uranium Ore
nuclearcraft:ore:5, Boron Ore
nuclearcraft:ore:6, Lithium Ore
nuclearcraft:ore:7, Magnesium Ore
nuclearcraft:ingot_block:0, Copper Block
nuclearcraft:ingot_block:1, Tin Block
nuclearcraft:ingot_block:2, Lead Block
nuclearcraft:ingot_block:3, Thorium Block
nuclearcraft:ingot_block:4, Uranium Block
nuclearcraft:ingot_block:5, Boron Block
nuclearcraft:ingot_block:6, Lithium Block
nuclearcraft:ingot_block:7, Magnesium Block
nuclearcraft:ingot_block:8, Graphite Block
nuclearcraft:ingot_block:9, Beryllium Block
nuclearcraft:ingot_block:10, Zirconium Block
nuclearcraft:ingot_block:11, Manganese Block
nuclearcraft:ingot_block:12, Aluminum Block
nuclearcraft:ingot_block:13, Silver Block
nuclearcraft:fission_block:0, Fission Reactor Casing
nuclearcraft:fission_block:1, Blast Block
nuclearcraft:reactor_casing_transparent, Transparent Fission Reactor Casing
nuclearcraft:cell_block, Reactor Cell
nuclearcraft:cooler:0, Empty Cooler
nuclearcraft:cooler:1, Water Cooler
nuclearcraft:cooler:2, Redstone Cooler
nuclearcraft:cooler:3, Quartz Cooler
nuclearcraft:cooler:4, Gold Cooler
nuclearcraft:cooler:5, Glowstone Cooler
nuclearcraft:cooler:6, Lapis Cooler
nuclearcraft:cooler:7, Diamond Cooler
nuclearcraft:cooler:8, Liquid Helium Cooler
nuclearcraft:cooler:9, Enderium Cooler
nuclearcraft:cooler:10, Cryotheum Cooler
nuclearcraft:cooler:11, Iron Cooler
nuclearcraft:cooler:12, Emerald Cooler
nuclearcraft:cooler:13, Copper Cooler
nuclearcraft:cooler:14, Tin Cooler
nuclearcraft:cooler:15, Magnesium Cooler
nuclearcraft:reactor_door, Reactor Door
nuclearcraft:reactor_trapdoor, Reactor Trapdoor
nuclearcraft:block_depleted_thorium, Thorium-230 Block
nuclearcraft:block_depleted_uranium, Uranium-238 Block
nuclearcraft:block_depleted_neptunium, Neptunium-237 Block
nuclearcraft:block_depleted_plutonium, Plutonium-242 Block
nuclearcraft:block_depleted_americium, Americium-243 Block
nuclearcraft:block_depleted_curium, Curium-246 Block
nuclearcraft:block_depleted_berkelium, Berkelium-247 Block
nuclearcraft:block_depleted_californium, Californium-252 Block
nuclearcraft:block_ice, Supercold Ice
nuclearcraft:nuclear_furnace_idle, Nuclear Furnace
nuclearcraft:nuclear_furnace_active, Nuclear Furnace
nuclearcraft:manufactory_idle, Manufactory
nuclearcraft:manufactory_active, Manufactory
nuclearcraft:isotope_separator_idle, Isotope Separator
nuclearcraft:isotope_separator_active, Isotope Separator
nuclearcraft:decay_hastener_idle, Decay Hastener
nuclearcraft:decay_hastener_active, Decay Hastener
nuclearcraft:fuel_reprocessor_idle, Fuel Reprocessor
nuclearcraft:fuel_reprocessor_active, Fuel Reprocessor
nuclearcraft:alloy_furnace_idle, Alloy Furnace
nuclearcraft:alloy_furnace_active, Alloy Furnace
nuclearcraft:infuser_idle, Fluid Infuser
nuclearcraft:infuser_active, Fluid Infuser
nuclearcraft:melter_idle, Melter
nuclearcraft:melter_active, Melter
nuclearcraft:supercooler_idle, Supercooler
nuclearcraft:supercooler_active, Supercooler
nuclearcraft:electrolyser_idle, Electrolyzer
nuclearcraft:electrolyser_active, Electrolyzer
nuclearcraft:irradiator_idle, Neutron Irradiator
nuclearcraft:irradiator_active, Neutron Irradiator
nuclearcraft:ingot_former_idle, Ingot Former
nuclearcraft:ingot_former_active, Ingot Former
nuclearcraft:pressurizer_idle, Pressurizer
nuclearcraft:pressurizer_active, Pressurizer
nuclearcraft:chemical_reactor_idle, Chemical Reactor
nuclearcraft:chemical_reactor_active, Chemical Reactor
nuclearcraft:salt_mixer_idle, Salt Mixer
nuclearcraft:salt_mixer_active, Salt Mixer
nuclearcraft:crystallizer_idle, Crystallizer
nuclearcraft:crystallizer_active, Crystallizer
nuclearcraft:dissolver_idle, Fluid Enricher
nuclearcraft:dissolver_active, Fluid Enricher
nuclearcraft:extractor_idle, Fluid Extractor
nuclearcraft:extractor_active, Fluid Extractor
nuclearcraft:centrifuge_idle, Centrifuge
nuclearcraft:centrifuge_active, Centrifuge
nuclearcraft:rock_crusher_idle, Rock Crusher
nuclearcraft:rock_crusher_active, Rock Crusher
nuclearcraft:machine_interface, Machine Interface
nuclearcraft:fission_controller_idle, Fission Controller (Old)
nuclearcraft:fission_controller_active, Fission Controller
nuclearcraft:fission_controller_new_idle, Fission Controller
nuclearcraft:fission_controller_new_active, Fission Controller
nuclearcraft:fission_controller_new_fixed, Fission Controller
nuclearcraft:fission_port, Fission Reactor Port
nuclearcraft:fusion_core, Fusion Core
nuclearcraft:fusion_dummy_side, Fusion Core
nuclearcraft:fusion_dummy_top, Fusion Core
nuclearcraft:fusion_connector, Fusion Connector
nuclearcraft:rtg_uranium, Uranium RTG
nuclearcraft:rtg_plutonium, Plutonium RTG
nuclearcraft:rtg_americium, Americium RTG
nuclearcraft:rtg_californium, Californium RTG
nuclearcraft:solar_panel_basic, Basic Solar Panel
nuclearcraft:solar_panel_advanced, Advanced Solar Panel
nuclearcraft:solar_panel_du, DU Solar Panel
nuclearcraft:solar_panel_elite, Elite Solar Panel
nuclearcraft:decay_generator, Decay Generator
nuclearcraft:voltaic_pile_basic, Basic Voltaic Pile
nuclearcraft:voltaic_pile_advanced, Advanced Voltaic Pile
nuclearcraft:voltaic_pile_du, DU Voltaic Pile
nuclearcraft:voltaic_pile_elite, Elite Voltaic Pile
nuclearcraft:lithium_ion_battery_basic, Basic Lithium Ion Battery
nuclearcraft:lithium_ion_battery_advanced, Advanced Lithium Ion Battery
nuclearcraft:lithium_ion_battery_du, DU Lithium Ion Battery
nuclearcraft:lithium_ion_battery_elite, Elite Lithium Ion Battery
nuclearcraft:buffer, Buffer
nuclearcraft:active_cooler, Active Fluid Cooler
nuclearcraft:bin, Universal Bin
nuclearcraft:fusion_electromagnet_idle, Fusion Electromagnet
nuclearcraft:fusion_electromagnet_active, Fusion Electromagnet
nuclearcraft:fusion_electromagnet_transparent_idle, Transparent Fusion Electromagnet
nuclearcraft:fusion_electromagnet_transparent_active, Transparent Fusion Electromagnet
nuclearcraft:salt_fission_controller, Molten Salt Reactor Controller
nuclearcraft:salt_fission_wall, Molten Salt Reactor Wall
nuclearcraft:salt_fission_glass, Molten Salt Reactor Glass
nuclearcraft:salt_fission_frame, Molten Salt Reactor Frame
nuclearcraft:salt_fission_beam, Molten Salt Reactor Beam
nuclearcraft:salt_fission_vent, Molten Salt Reactor Vent
nuclearcraft:salt_fission_vessel, Molten Salt Fission Vessel
nuclearcraft:salt_fission_heater, Molten Salt Coolant Heater
nuclearcraft:salt_fission_moderator, Molten Salt Reactor Moderator Housing
nuclearcraft:salt_fission_distributor, Molten Salt Fuel Distributor
nuclearcraft:salt_fission_retriever, Molten Salt Depleted Fuel Retriever
nuclearcraft:salt_fission_redstone_port, Molten Salt Reactor Redstone Port
nuclearcraft:salt_fission_computer_port, Molten Salt Reactor Computer Port
nuclearcraft:heat_exchanger_controller, Heat Exchanger Controller
nuclearcraft:heat_exchanger_wall, Heat Exchanger Shell
nuclearcraft:heat_exchanger_glass, Heat Exchanger Glass
nuclearcraft:heat_exchanger_frame, Heat Exchanger Frame
nuclearcraft:heat_exchanger_vent, Heat Exchanger Vent
nuclearcraft:heat_exchanger_tube_copper, Copper Heat Exchanger Tube
nuclearcraft:heat_exchanger_tube_hard_carbon, Hard Carbon Heat Exchanger Tube
nuclearcraft:heat_exchanger_tube_thermoconducting, Thermoconducting Alloy Heat Exchanger Tube
nuclearcraft:heat_exchanger_condenser_tube_copper, Copper Condensation Tube
nuclearcraft:heat_exchanger_condenser_tube_hard_carbon, Hard Carbon Condensation Tube
nuclearcraft:heat_exchanger_condenser_tube_thermoconducting, Thermoconducting Alloy Condensation Tube
nuclearcraft:heat_exchanger_computer_port, Heat Exchanger Computer Port
nuclearcraft:turbine_controller, Turbine Controller
nuclearcraft:turbine_wall, Turbine Wall
nuclearcraft:turbine_glass, Transparent Turbine Wall
nuclearcraft:turbine_frame, Turbine Frame
nuclearcraft:turbine_rotor_shaft, Turbine Rotor Shaft
nuclearcraft:turbine_rotor_blade_steel, Steel Turbine Rotor Blade
nuclearcraft:turbine_rotor_blade_extreme, Extreme Alloy Turbine Rotor Blade
nuclearcraft:turbine_rotor_blade_sic_sic_cmc, SiC-SiC CMC Turbine Rotor Blade
nuclearcraft:turbine_rotor_stator, Turbine Rotor Stator
nuclearcraft:turbine_rotor_bearing, Turbine Rotor Bearing
nuclearcraft:turbine_dynamo_coil:0, Magnesium Turbine Dynamo Coil
nuclearcraft:turbine_dynamo_coil:1, Beryllium Turbine Dynamo Coil
nuclearcraft:turbine_dynamo_coil:2, Aluminum Turbine Dynamo Coil
nuclearcraft:turbine_dynamo_coil:3, Gold Turbine Dynamo Coil
nuclearcraft:turbine_dynamo_coil:4, Copper Turbine Dynamo Coil
nuclearcraft:turbine_dynamo_coil:5, Silver Turbine Dynamo Coil
nuclearcraft:turbine_coil_connector, Turbine Dynamo Coil Connector
nuclearcraft:turbine_inlet, Turbine Fluid Inlet
nuclearcraft:turbine_outlet, Turbine Fluid Outlet
nuclearcraft:turbine_computer_port, Turbine Computer Port
nuclearcraft:accelerator_electromagnet_idle, Superconducting Electromagnet
nuclearcraft:accelerator_electromagnet_active, Superconducting Electromagnet
nuclearcraft:electromagnet_supercooler_idle, Superconducting Supercooler
nuclearcraft:electromagnet_supercooler_active, Superconducting Supercooler
nuclearcraft:helium_collector, Helium Collector
nuclearcraft:helium_collector_compact, Compact Helium Collector
nuclearcraft:helium_collector_dense, Dense Helium Collector
nuclearcraft:cobblestone_generator, Cobblestone Generator
nuclearcraft:cobblestone_generator_compact, Compact Cobblestone Generator
nuclearcraft:cobblestone_generator_dense, Dense Cobblestone Generator
nuclearcraft:water_source, Infinite Water Source
nuclearcraft:water_source_compact, Compact Infinite Water Source
nuclearcraft:water_source_dense, Dense Infinite Water Source
nuclearcraft:nitrogen_collector, Nitrogen Collector
nuclearcraft:nitrogen_collector_compact, Compact Nitrogen Collector
nuclearcraft:nitrogen_collector_dense, Dense Nitrogen Collector
nuclearcraft:radiation_scrubber, Radiation Scrubber
nuclearcraft:geiger_block, Geiger Counter Block
nuclearcraft:glowing_mushroom, Glowing Mushroom
nuclearcraft:dry_earth, Wasteland Earth
nuclearcraft:tritium_lamp, Tritium Lamp
nuclearcraft:ingot:0, Copper Ingot
nuclearcraft:ingot:1, Tin Ingot
nuclearcraft:ingot:2, Lead Ingot
nuclearcraft:ingot:3, Thorium Ingot
nuclearcraft:ingot:4, Uranium Ingot
nuclearcraft:ingot:5, Boron Ingot
nuclearcraft:ingot:6, Lithium Ingot
nuclearcraft:ingot:7, Magnesium Ingot
nuclearcraft:ingot:8, Graphite Ingot
nuclearcraft:ingot:9, Beryllium Ingot
nuclearcraft:ingot:10, Zirconium Ingot
nuclearcraft:ingot:11, Manganese Ingot
nuclearcraft:ingot:12, Aluminum Ingot
nuclearcraft:ingot:13, Silver Ingot
nuclearcraft:ingot_oxide:0, Thorium Oxide Ingot
nuclearcraft:ingot_oxide:1, Uranium Oxide Ingot
nuclearcraft:ingot_oxide:2, Manganese Oxide Ingot
nuclearcraft:ingot_oxide:3, Manganese Dioxide Ingot
nuclearcraft:dust:0, Copper Dust
nuclearcraft:dust:1, Tin Dust
nuclearcraft:dust:2, Lead Dust
nuclearcraft:dust:3, Thorium Dust
nuclearcraft:dust:4, Uranium Dust
nuclearcraft:dust:5, Boron Dust
nuclearcraft:dust:6, Lithium Dust
nuclearcraft:dust:7, Magnesium Dust
nuclearcraft:dust:8, Graphite Dust
nuclearcraft:dust:9, Beryllium Dust
nuclearcraft:dust:10, Zirconium Dust
nuclearcraft:dust:11, Manganese Dust
nuclearcraft:dust:12, Aluminum Dust
nuclearcraft:dust:13, Silver Dust
nuclearcraft:dust_oxide:0, Thorium Oxide Dust
nuclearcraft:dust_oxide:1, Uranium Oxide Dust
nuclearcraft:dust_oxide:2, Manganese Oxide Dust
nuclearcraft:dust_oxide:3, Manganese Dioxide Dust
nuclearcraft:gem:0, Rhodochrosite
nuclearcraft:gem:1, Cubic Boron Nitride
nuclearcraft:gem:2, Fluorite
nuclearcraft:gem:3, Villiaumite
nuclearcraft:gem:4, Carobbiite
nuclearcraft:gem:5, Boron Arsenide
nuclearcraft:gem:6, Silicon
nuclearcraft:gem_dust:0, Crushed Diamond
nuclearcraft:gem_dust:1, Crushed Rhodochrosite
nuclearcraft:gem_dust:2, Crushed Quartz
nuclearcraft:gem_dust:3, Crushed Obsidian
nuclearcraft:gem_dust:4, Hexagonal Boron Nitride
nuclearcraft:gem_dust:5, Crushed Fluorite
nuclearcraft:gem_dust:6, Sulfur
nuclearcraft:gem_dust:7, Crushed Coal
nuclearcraft:gem_dust:8, Crushed Villiaumite
nuclearcraft:gem_dust:9, Crushed Carobbiite
nuclearcraft:gem_dust:10, Crushed Arsenic
nuclearcraft:gem_dust:11, Crushed End Stone
nuclearcraft:alloy:0, Bronze Ingot
nuclearcraft:alloy:1, Tough Alloy
nuclearcraft:alloy:2, Hard Carbon Alloy
nuclearcraft:alloy:3, Magnesium Diboride Alloy
nuclearcraft:alloy:4, Lithium Manganese Dioxide Alloy
nuclearcraft:alloy:5, Steel Ingot
nuclearcraft:alloy:6, Ferroboron Alloy
nuclearcraft:alloy:7, Shibuichi Alloy
nuclearcraft:alloy:8, Tin Silver Alloy
nuclearcraft:alloy:9, Lead Platinum Alloy
nuclearcraft:alloy:10, Extreme Alloy
nuclearcraft:alloy:11, Thermoconducting Alloy
nuclearcraft:alloy:12, Zircaloy
nuclearcraft:alloy:13, Silicon Carbide Ingot
nuclearcraft:alloy:14, SiC-SiC Ceramic Matrix Composite
nuclearcraft:alloy:15, HSLA Steel Ingot
nuclearcraft:compound:0, Calcium Sulfate
nuclearcraft:compound:1, Crystal Binder
nuclearcraft:compound:2, Energetic Blend
nuclearcraft:compound:3, Sodium Fluoride
nuclearcraft:compound:4, Potassium Fluoride
nuclearcraft:compound:5, Sodium Hydroxide
nuclearcraft:compound:6, Potassium Hydroxide
nuclearcraft:compound:7, Borax
nuclearcraft:compound:8, Dimensional Blend
nuclearcraft:compound:9, Carbon-Manganese Blend
nuclearcraft:compound:10, Alugentum Dust
nuclearcraft:part:0, Basic Plating
nuclearcraft:part:1, Advanced Plating
nuclearcraft:part:2, DU Plating
nuclearcraft:part:3, Elite Plating
nuclearcraft:part:4, Copper Solenoid
nuclearcraft:part:5, Magnesium Diboride Solenoid
nuclearcraft:part:6, Bioplastic
nuclearcraft:part:7, Servomechanism
nuclearcraft:part:8, Electric Motor
nuclearcraft:part:9, Linear Actuator
nuclearcraft:part:10, Machine Chassis
nuclearcraft:part:11, Empty Frame
nuclearcraft:part:12, Steel Frame
nuclearcraft:part:13, Silicon Carbide Fiber
nuclearcraft:upgrade:0, Speed Upgrade
nuclearcraft:upgrade:1, Energy Upgrade
nuclearcraft:tiny_dust_lead, Tiny Pile of Lead Dust
nuclearcraft:fuel_rod, item.nuclearcraft.fuel_rod.name
nuclearcraft:reactor_door_item, Reactor Door
nuclearcraft:thorium:0, Thorium-230
nuclearcraft:thorium:1, Thorium-230 Oxide
nuclearcraft:thorium:2, Tiny Clump of Thorium-230
nuclearcraft:thorium:3, Tiny Clump of Thorium-230 Oxide
nuclearcraft:thorium:4, Thorium-232
nuclearcraft:thorium:5, Thorium-232 Oxide
nuclearcraft:thorium:6, Tiny Clump of Thorium-232
nuclearcraft:thorium:7, Tiny Clump of Thorium-232 Oxide
nuclearcraft:uranium:0, Uranium-233
nuclearcraft:uranium:1, Uranium-233 Oxide
nuclearcraft:uranium:2, Tiny Clump of Uranium-233
nuclearcraft:uranium:3, Tiny Clump of Uranium-233 Oxide
nuclearcraft:uranium:4, Uranium-235
nuclearcraft:uranium:5, Uranium-235 Oxide
nuclearcraft:uranium:6, Tiny Clump of Uranium-235
nuclearcraft:uranium:7, Tiny Clump of Uranium-235 Oxide
nuclearcraft:uranium:8, Uranium-238
nuclearcraft:uranium:9, Uranium-238 Oxide
nuclearcraft:uranium:10, Tiny Clump of Uranium-238
nuclearcraft:uranium:11, Tiny Clump of Uranium-238 Oxide
nuclearcraft:neptunium:0, Neptunium-236
nuclearcraft:neptunium:1, Neptunium-236 Oxide
nuclearcraft:neptunium:2, Tiny Clump of Neptunium-236
nuclearcraft:neptunium:3, Tiny Clump of Neptunium-236 Oxide
nuclearcraft:neptunium:4, Neptunium-237
nuclearcraft:neptunium:5, Neptunium-237 Oxide
nuclearcraft:neptunium:6, Tiny Clump of Neptunium-237
nuclearcraft:neptunium:7, Tiny Clump of Neptunium-237 Oxide
nuclearcraft:plutonium:0, Plutonium-238
nuclearcraft:plutonium:1, Plutonium-238 Oxide
nuclearcraft:plutonium:2, Tiny Clump of Plutonium-238
nuclearcraft:plutonium:3, Tiny Clump of Plutonium-238 Oxide
nuclearcraft:plutonium:4, Plutonium-239
nuclearcraft:plutonium:5, Plutonium-239 Oxide
nuclearcraft:plutonium:6, Tiny Clump of Plutonium-239
nuclearcraft:plutonium:7, Tiny Clump of Plutonium-239 Oxide
nuclearcraft:plutonium:8, Plutonium-241
nuclearcraft:plutonium:9, Plutonium-241 Oxide
nuclearcraft:plutonium:10, Tiny Clump of Plutonium-241
nuclearcraft:plutonium:11, Tiny Clump of Plutonium-241 Oxide
nuclearcraft:plutonium:12, Plutonium-242
nuclearcraft:plutonium:13, Plutonium-242 Oxide
nuclearcraft:plutonium:14, Tiny Clump of Plutonium-242
nuclearcraft:plutonium:15, Tiny Clump of Plutonium-242 Oxide
nuclearcraft:americium:0, Americium-241
nuclearcraft:americium:1, Americium-241 Oxide
nuclearcraft:americium:2, Tiny Clump of Americium-241
nuclearcraft:americium:3, Tiny Clump of Americium-241 Oxide
nuclearcraft:americium:4, Americium-242
nuclearcraft:americium:5, Americium-242 Oxide
nuclearcraft:americium:6, Tiny Clump of Americium-242
nuclearcraft:americium:7, Tiny Clump of Americium-242 Oxide
nuclearcraft:americium:8, Americium-243
nuclearcraft:americium:9, Americium-243 Oxide
nuclearcraft:americium:10, Tiny Clump of Americium-243
nuclearcraft:americium:11, Tiny Clump of Americium-243 Oxide
nuclearcraft:curium:0, Curium-243
nuclearcraft:curium:1, Curium-243 Oxide
nuclearcraft:curium:2, Tiny Clump of Curium-243
nuclearcraft:curium:3, Tiny Clump of Curium-243 Oxide
nuclearcraft:curium:4, Curium-245
nuclearcraft:curium:5, Curium-245 Oxide
nuclearcraft:curium:6, Tiny Clump of Curium-245
nuclearcraft:curium:7, Tiny Clump of Curium-245 Oxide
nuclearcraft:curium:8, Curium-246
nuclearcraft:curium:9, Curium-246 Oxide
nuclearcraft:curium:10, Tiny Clump of Curium-246
nuclearcraft:curium:11, Tiny Clump of Curium-246 Oxide
nuclearcraft:curium:12, Curium-247
nuclearcraft:curium:13, Curium-247 Oxide
nuclearcraft:curium:14, Tiny Clump of Curium-247
nuclearcraft:curium:15, Tiny Clump of Curium-247 Oxide
nuclearcraft:berkelium:0, Berkelium-247
nuclearcraft:berkelium:1, Berkelium-247 Oxide
nuclearcraft:berkelium:2, Tiny Clump of Berkelium-247
nuclearcraft:berkelium:3, Tiny Clump of Berkelium-247 Oxide
nuclearcraft:berkelium:4, Berkelium-248
nuclearcraft:berkelium:5, Berkelium-248 Oxide
nuclearcraft:berkelium:6, Tiny Clump of Berkelium-248
nuclearcraft:berkelium:7, Tiny Clump of Berkelium-248 Oxide
nuclearcraft:californium:0, Californium-249
nuclearcraft:californium:1, Californium-249 Oxide
nuclearcraft:californium:2, Tiny Clump of Californium-249
nuclearcraft:californium:3, Tiny Clump of Californium-249 Oxide
nuclearcraft:californium:4, Californium-250
nuclearcraft:californium:5, Californium-250 Oxide
nuclearcraft:californium:6, Tiny Clump of Californium-250
nuclearcraft:californium:7, Tiny Clump of Californium-250 Oxide
nuclearcraft:californium:8, Californium-251
nuclearcraft:californium:9, Californium-251 Oxide
nuclearcraft:californium:10, Tiny Clump of Californium-251
nuclearcraft:californium:11, Tiny Clump of Californium-251 Oxide
nuclearcraft:californium:12, Californium-252
nuclearcraft:californium:13, Californium-252 Oxide
nuclearcraft:californium:14, Tiny Clump of Californium-252
nuclearcraft:californium:15, Tiny Clump of Californium-252 Oxide
nuclearcraft:fuel_thorium:0, TBU Fuel
nuclearcraft:fuel_thorium:1, TBU Oxide Fuel
nuclearcraft:fuel_uranium:0, LEU-233 Fuel
nuclearcraft:fuel_uranium:1, LEU-233 Oxide Fuel
nuclearcraft:fuel_uranium:2, HEU-233 Fuel
nuclearcraft:fuel_uranium:3, HEU-233 Oxide Fuel
nuclearcraft:fuel_uranium:4, LEU-235 Fuel
nuclearcraft:fuel_uranium:5, LEU-235 Oxide Fuel
nuclearcraft:fuel_uranium:6, HEU-235 Fuel
nuclearcraft:fuel_uranium:7, HEU-235 Oxide Fuel
nuclearcraft:fuel_neptunium:0, LEN-236 Fuel
nuclearcraft:fuel_neptunium:1, LEN-236 Oxide Fuel
nuclearcraft:fuel_neptunium:2, HEN-236 Fuel
nuclearcraft:fuel_neptunium:3, HEN-236 Oxide Fuel
nuclearcraft:fuel_plutonium:0, LEP-239 Fuel
nuclearcraft:fuel_plutonium:1, LEP-239 Oxide Fuel
nuclearcraft:fuel_plutonium:2, HEP-239 Fuel
nuclearcraft:fuel_plutonium:3, HEP-239 Oxide Fuel
nuclearcraft:fuel_plutonium:4, LEP-241 Fuel
nuclearcraft:fuel_plutonium:5, LEP-241 Oxide Fuel
nuclearcraft:fuel_plutonium:6, HEP-241 Fuel
nuclearcraft:fuel_plutonium:7, HEP-241 Oxide Fuel
nuclearcraft:fuel_mixed_oxide:0, MOX-239 Fuel
nuclearcraft:fuel_mixed_oxide:1, MOX-241 Fuel
nuclearcraft:fuel_americium:0, LEA-242 Fuel
nuclearcraft:fuel_americium:1, LEA-242 Oxide Fuel
nuclearcraft:fuel_americium:2, HEA-242 Fuel
nuclearcraft:fuel_americium:3, HEA-242 Oxide Fuel
nuclearcraft:fuel_curium:0, LECm-243 Fuel
nuclearcraft:fuel_curium:1, LECm-243 Oxide Fuel
nuclearcraft:fuel_curium:2, HECm-243 Fuel
nuclearcraft:fuel_curium:3, HECm-243 Oxide Fuel
nuclearcraft:fuel_curium:4, LECm-245 Fuel
nuclearcraft:fuel_curium:5, LECm-245 Oxide Fuel
nuclearcraft:fuel_curium:6, HECm-245 Fuel
nuclearcraft:fuel_curium:7, HECm-245 Oxide Fuel
nuclearcraft:fuel_curium:8, LECm-247 Fuel
nuclearcraft:fuel_curium:9, LECm-247 Oxide Fuel
nuclearcraft:fuel_curium:10, HECm-247 Fuel
nuclearcraft:fuel_curium:11, HECm-247 Oxide Fuel
nuclearcraft:fuel_berkelium:0, LEB-248 Fuel
nuclearcraft:fuel_berkelium:1, LEB-248 Oxide Fuel
nuclearcraft:fuel_berkelium:2, HEB-248 Fuel
nuclearcraft:fuel_berkelium:3, HEB-248 Oxide Fuel
nuclearcraft:fuel_californium:0, LECf-249 Fuel
nuclearcraft:fuel_californium:1, LECf-249 Oxide Fuel
nuclearcraft:fuel_californium:2, HECf-249 Fuel
nuclearcraft:fuel_californium:3, HECf-249 Oxide Fuel
nuclearcraft:fuel_californium:4, LECf-251 Fuel
nuclearcraft:fuel_californium:5, LECf-251 Oxide Fuel
nuclearcraft:fuel_californium:6, HECf-251 Fuel
nuclearcraft:fuel_californium:7, HECf-251 Oxide Fuel
nuclearcraft:depleted_fuel_thorium:0, Depleted TBU Fuel
nuclearcraft:depleted_fuel_thorium:1, Depleted TBU Oxide Fuel
nuclearcraft:depleted_fuel_uranium:0, Depleted LEU-233 Fuel
nuclearcraft:depleted_fuel_uranium:1, Depleted LEU-233 Oxide Fuel
nuclearcraft:depleted_fuel_uranium:2, Depleted HEU-233 Fuel
nuclearcraft:depleted_fuel_uranium:3, Depleted HEU-233 Oxide Fuel
nuclearcraft:depleted_fuel_uranium:4, Depleted LEU-235 Fuel
nuclearcraft:depleted_fuel_uranium:5, Depleted LEU-235 Oxide Fuel
nuclearcraft:depleted_fuel_uranium:6, Depleted HEU-235 Fuel
nuclearcraft:depleted_fuel_uranium:7, Depleted HEU-235 Oxide Fuel
nuclearcraft:depleted_fuel_neptunium:0, Depleted LEN-236 Fuel
nuclearcraft:depleted_fuel_neptunium:1, Depleted LEN-236 Oxide Fuel
nuclearcraft:depleted_fuel_neptunium:2, Depleted HEN-236 Fuel
nuclearcraft:depleted_fuel_neptunium:3, Depleted HEN-236 Oxide Fuel
nuclearcraft:depleted_fuel_plutonium:0, Depleted LEP-239 Fuel
nuclearcraft:depleted_fuel_plutonium:1, Depleted LEP-239 Oxide Fuel
nuclearcraft:depleted_fuel_plutonium:2, Depleted HEP-239 Fuel
nuclearcraft:depleted_fuel_plutonium:3, Depleted HEP-239 Oxide Fuel
nuclearcraft:depleted_fuel_plutonium:4, Depleted LEP-241 Fuel
nuclearcraft:depleted_fuel_plutonium:5, Depleted LEP-241 Oxide Fuel
nuclearcraft:depleted_fuel_plutonium:6, Depleted HEP-241 Fuel
nuclearcraft:depleted_fuel_plutonium:7, Depleted HEP-241 Oxide Fuel
nuclearcraft:depleted_fuel_mixed_oxide:0, Depleted MOX-239 Fuel
nuclearcraft:depleted_fuel_mixed_oxide:1, Depleted MOX-241 Fuel
nuclearcraft:depleted_fuel_americium:0, Depleted LEA-242 Fuel
nuclearcraft:depleted_fuel_americium:1, Depleted LEA-242 Oxide Fuel
nuclearcraft:depleted_fuel_americium:2, Depleted HEA-242 Fuel
nuclearcraft:depleted_fuel_americium:3, Depleted HEA-242 Oxide Fuel
nuclearcraft:depleted_fuel_curium:0, Depleted LECm-243 Fuel
nuclearcraft:depleted_fuel_curium:1, Depleted LECm-243 Oxide Fuel
nuclearcraft:depleted_fuel_curium:2, Depleted HECm-243 Fuel
nuclearcraft:depleted_fuel_curium:3, Depleted HECm-243 Oxide Fuel
nuclearcraft:depleted_fuel_curium:4, Depleted LECm-245 Fuel
nuclearcraft:depleted_fuel_curium:5, Depleted LECm-245 Oxide Fuel
nuclearcraft:depleted_fuel_curium:6, Depleted HECm-245 Fuel
nuclearcraft:depleted_fuel_curium:7, Depleted HECm-245 Oxide Fuel
nuclearcraft:depleted_fuel_curium:8, Depleted LECm-247 Fuel
nuclearcraft:depleted_fuel_curium:9, Depleted LECm-247 Oxide Fuel
nuclearcraft:depleted_fuel_curium:10, Depleted HECm-247 Fuel
nuclearcraft:depleted_fuel_curium:11, Depleted HECm-247 Oxide Fuel
nuclearcraft:depleted_fuel_berkelium:0, Depleted LEB-248 Fuel
nuclearcraft:depleted_fuel_berkelium:1, Depleted LEB-248 Oxide Fuel
nuclearcraft:depleted_fuel_berkelium:2, Depleted HEB-248 Fuel
nuclearcraft:depleted_fuel_berkelium:3, Depleted HEB-248 Oxide Fuel
nuclearcraft:depleted_fuel_californium:0, Depleted LECf-249 Fuel
nuclearcraft:depleted_fuel_californium:1, Depleted LECf-249 Oxide Fuel
nuclearcraft:depleted_fuel_californium:2, Depleted HECf-249 Fuel
nuclearcraft:depleted_fuel_californium:3, Depleted HECf-249 Oxide Fuel
nuclearcraft:depleted_fuel_californium:4, Depleted LECf-251 Fuel
nuclearcraft:depleted_fuel_californium:5, Depleted LECf-251 Oxide Fuel
nuclearcraft:depleted_fuel_californium:6, Depleted HECf-251 Fuel
nuclearcraft:depleted_fuel_californium:7, Depleted HECf-251 Oxide Fuel
nuclearcraft:depleted_fuel_ic2:0, Depleted Uranium Nuclear Fuel
nuclearcraft:depleted_fuel_ic2:1, Depleted MOX Nuclear Fuel
nuclearcraft:boron:0, Boron-10
nuclearcraft:boron:1, Tiny Clump of Boron-10
nuclearcraft:boron:2, Boron-11
nuclearcraft:boron:3, Tiny Clump of Boron-11
nuclearcraft:lithium:0, Lithium-6
nuclearcraft:lithium:1, Tiny Clump of Lithium-6
nuclearcraft:lithium:2, Lithium-7
nuclearcraft:lithium:3, Tiny Clump of Lithium-7
nuclearcraft:lithium_ion_cell, Lithium Ion Cell
nuclearcraft:geiger_counter, Geiger Counter
nuclearcraft:rad_shielding:0, Light Radiation Shielding
nuclearcraft:rad_shielding:1, Medium Radiation Shielding
nuclearcraft:rad_shielding:2, Heavy Radiation Shielding
nuclearcraft:radiation_badge, Radiation Badge
nuclearcraft:radaway, RadAway
nuclearcraft:radaway_slow, Slow-Acting RadAway
nuclearcraft:rad_x, Rad-X
nuclearcraft:portable_ender_chest, Portable Ender Chest
nuclearcraft:dominos, Domino's Special
nuclearcraft:flour, Flour
nuclearcraft:graham_cracker, Graham Cracker
nuclearcraft:roasted_cocoa_beans, Roasted Cocoa Beans
nuclearcraft:ground_cocoa_nibs, Ground Cocoa Nibs
nuclearcraft:cocoa_butter, Solidified Cocoa Butter
nuclearcraft:cocoa_solids, Cocoa Solids
nuclearcraft:unsweetened_chocolate, Unsweetened Chocolate
nuclearcraft:dark_chocolate, Dark Chocolate
nuclearcraft:milk_chocolate, Milk Chocolate
nuclearcraft:gelatin, Gelatin
nuclearcraft:marshmallow, Marshmallow
nuclearcraft:smore, S'more S'mingot
nuclearcraft:moresmore, MoreS'more DoubleS'mingot
nuclearcraft:foursmore, FourS'more QuadS'mingot
nuclearcraft:record_wanderer, Music Disc
nuclearcraft:record_end_of_the_world, Music Disc
nuclearcraft:record_money_for_nothing, Music Disc
nuclearcraft:record_hyperspace, Music Disc
nuclearcraft:configuration_blueprint_empty, Configuration Blueprint (Empty)
nuclearcraft:configuration_blueprint, Configuration Blueprint
nuclearcraft:sword_boron, Boron Sword
nuclearcraft:pickaxe_boron, Boron Pickaxe
nuclearcraft:shovel_boron, Boron Shovel
nuclearcraft:axe_boron, Boron Axe
nuclearcraft:hoe_boron, Boron Hoe
nuclearcraft:spaxelhoe_boron, Boron Spaxelhoe
nuclearcraft:sword_tough, Tough Alloy Sword
nuclearcraft:pickaxe_tough, Tough Alloy Pickaxe
nuclearcraft:shovel_tough, Tough Alloy Shovel
nuclearcraft:axe_tough, Tough Alloy Axe
nuclearcraft:hoe_tough, Tough Alloy Hoe
nuclearcraft:spaxelhoe_tough, Tough Alloy Spaxelhoe
nuclearcraft:sword_hard_carbon, Hard Carbon Sword
nuclearcraft:pickaxe_hard_carbon, Hard Carbon Pickaxe
nuclearcraft:shovel_hard_carbon, Hard Carbon Shovel
nuclearcraft:axe_hard_carbon, Hard Carbon Axe
nuclearcraft:hoe_hard_carbon, Hard Carbon Hoe
nuclearcraft:spaxelhoe_hard_carbon, Hard Carbon Spaxelhoe
nuclearcraft:sword_boron_nitride, Boron Nitride Sword
nuclearcraft:pickaxe_boron_nitride, Boron Nitride Pickaxe
nuclearcraft:shovel_boron_nitride, Boron Nitride Shovel
nuclearcraft:axe_boron_nitride, Boron Nitride Axe
nuclearcraft:hoe_boron_nitride, Boron Nitride Hoe
nuclearcraft:spaxelhoe_boron_nitride, Boron Nitride Spaxelhoe
nuclearcraft:helm_boron, Boron Helmet
nuclearcraft:chest_boron, Boron Chestplate
nuclearcraft:legs_boron, Boron Leggings
nuclearcraft:boots_boron, Boron Boots
nuclearcraft:helm_tough, Tough Alloy Helmet
nuclearcraft:chest_tough, Tough Alloy Chestplate
nuclearcraft:legs_tough, Tough Alloy Leggings
nuclearcraft:boots_tough, Tough Alloy Boots
nuclearcraft:helm_hard_carbon, Hard Carbon Helmet
nuclearcraft:chest_hard_carbon, Hard Carbon Chestplate
nuclearcraft:legs_hard_carbon, Hard Carbon Leggings
nuclearcraft:boots_hard_carbon, Hard Carbon Boots
nuclearcraft:helm_boron_nitride, Boron Nitride Helmet
nuclearcraft:chest_boron_nitride, Boron Nitride Chestplate
nuclearcraft:legs_boron_nitride, Boron Nitride Leggings
nuclearcraft:boots_boron_nitride, Boron Nitride Boots
nuclearcraft:helm_hazmat, Hazmat Suit Headwear
nuclearcraft:chest_hazmat, Hazmat Suit Chestpiece
nuclearcraft:legs_hazmat, Hazmat Suit Leggings
nuclearcraft:boots_hazmat, Hazmat Suit Boots
nuclearcraft:fluid_oxygen, Oxygen
nuclearcraft:fluid_hydrogen, Hydrogen
nuclearcraft:fluid_deuterium, Deuterium
nuclearcraft:fluid_tritium, Tritium
nuclearcraft:fluid_helium3, Helium-3
nuclearcraft:fluid_helium, Helium
nuclearcraft:fluid_boron, Molten Boron
nuclearcraft:fluid_boron10, Molten Boron-10
nuclearcraft:fluid_boron11, Molten Boron-11
nuclearcraft:fluid_lithium, Molten Lithium
nuclearcraft:fluid_lithium6, Molten Lithium-6
nuclearcraft:fluid_lithium7, Molten Lithium-7
nuclearcraft:fluid_steel, Molten Steel
nuclearcraft:fluid_ferroboron, Molten Ferroboron
nuclearcraft:fluid_tough, Molten Tough Alloy
nuclearcraft:fluid_hard_carbon, Molten Hard Carbon
nuclearcraft:fluid_beryllium, Molten Beryllium
nuclearcraft:fluid_manganese, Molten Manganese
nuclearcraft:fluid_manganese_dioxide, Molten Manganese Dioxide
nuclearcraft:fluid_sulfur, Molten Sulfur
nuclearcraft:fluid_arsenic, Molten Arsenic
nuclearcraft:fluid_liquidhelium, Liquid Helium
nuclearcraft:fluid_liquid_nitrogen, Liquid Nitrogen
nuclearcraft:fluid_plasma, Plasma
nuclearcraft:fluid_neutron, Neutron Fluid
nuclearcraft:fluid_ethanol, Ethanol
nuclearcraft:fluid_methanol, Methanol
nuclearcraft:fluid_radaway, RadAway Fluid
nuclearcraft:fluid_radaway_slow, Slow-Acting RadAway Fluid
nuclearcraft:fluid_nitrogen, Nitrogen
nuclearcraft:fluid_fluorine, Fluorine
nuclearcraft:fluid_carbon_dioxide, Carbon Dioxide
nuclearcraft:fluid_carbon_monoxide, Carbon Monoxide
nuclearcraft:fluid_ethene, Ethylene
nuclearcraft:fluid_fluoromethane, Fluoromethane
nuclearcraft:fluid_ammonia, Ammonia
nuclearcraft:fluid_oxygen_difluoride, Oxygen Difluoride
nuclearcraft:fluid_diborane, Diborane
nuclearcraft:fluid_sulfur_dioxide, Sulfur Dioxide
nuclearcraft:fluid_sulfur_trioxide, Sulfur Trioxide
nuclearcraft:fluid_hydrofluoric_acid, Hydrofluoric Acid
nuclearcraft:fluid_boric_acid, Boric Acid
nuclearcraft:fluid_sulfuric_acid, Sulfuric Acid
nuclearcraft:fluid_boron_nitride_solution, Boron Nitride Solution
nuclearcraft:fluid_fluorite_water, Fluorite Water
nuclearcraft:fluid_calcium_sulfate_solution, Calcium Sulfate Solution
nuclearcraft:fluid_sodium_fluoride_solution, Sodium Fluoride Solution
nuclearcraft:fluid_potassium_fluoride_solution, Potassium Fluoride Solution
nuclearcraft:fluid_sodium_hydroxide_solution, Sodium Hydroxide Solution
nuclearcraft:fluid_potassium_hydroxide_solution, Potassium Hydroxide Solution
nuclearcraft:fluid_borax_solution, Borax Solution
nuclearcraft:fluid_corium, Corium
nuclearcraft:fluid_chocolate_liquor, Chocolate Liquor
nuclearcraft:fluid_cocoa_butter, Cocoa Butter
nuclearcraft:fluid_unsweetened_chocolate, Molten Unsweetened Chocolate
nuclearcraft:fluid_dark_chocolate, Molten Dark Chocolate
nuclearcraft:fluid_milk_chocolate, Molten Milk Chocolate
nuclearcraft:fluid_sugar, Molten Sugar
nuclearcraft:fluid_gelatin, Molten Gelatin
nuclearcraft:fluid_hydrated_gelatin, Hydrated Gelatin
nuclearcraft:fluid_marshmallow, Liquid Marshmallow
nuclearcraft:fluid_milk, Milk
nuclearcraft:fluid_lif, Molten Lithium Fluoride
nuclearcraft:fluid_bef2, Molten Beryllium Fluoride
nuclearcraft:fluid_flibe, Molten FLiBe Salt Mixture
nuclearcraft:fluid_naoh, Molten Sodium Hydroxide
nuclearcraft:fluid_koh, Molten Potassium Hydroxide
nuclearcraft:fluid_high_pressure_steam, High Pressure Steam
nuclearcraft:fluid_exhaust_steam, Exhaust Steam
nuclearcraft:fluid_low_pressure_steam, Low Pressure Steam
nuclearcraft:fluid_low_quality_steam, Low Quality Steam
nuclearcraft:fluid_preheated_water, Preheated Water
nuclearcraft:fluid_condensate_water, Condensate Water
nuclearcraft:fluid_sodium, Molten Sodium
nuclearcraft:fluid_potassium, Molten Potassium
nuclearcraft:fluid_nak, Eutectic NaK Alloy
nuclearcraft:fluid_nak_hot, Hot Eutectic NaK Alloy
nuclearcraft:fluid_bas, Molten Boron Arsenide
nuclearcraft:fluid_sic_vapor, Silicon Carbide Vapor
nuclearcraft:fluid_alugentum, Molten Alugentum
nuclearcraft:fluid_alumina, Molten Alumina
nuclearcraft:fluid_aluminum, Molten Aluminum
nuclearcraft:fluid_silver, Molten Silver
packagedauto:packager, Packager
packagedauto:encoder, Package Recipe Encoder
packagedauto:unpackager, Unpackager
packagedauto:packager_extension, Packager Extension
packagedauto:distributor, Positioned Package Distributor
packagedauto:crafting_proxy, Package Crafting Machine Proxy
packagedauto:recipe_holder, Package Recipe Holder
packagedauto:distributor_marker, Distributor Marker
packagedauto:proxy_marker, Proxy Marker
packagedauto:settings_cloner, Packaging Settings Cloner
packagedauto:package, Recipe Package
packagedauto:package_component, Packaging Component
packagedauto:me_package_component, ME Packaging Component
packageddraconic:fusion_crafter, Fusion Package Crafter
packageddraconic:marked_basic_injector, Marked Basic Fusion Crafting Injector
packageddraconic:marked_wyvern_injector, Marked Wyvern Fusion Crafting Injector
packageddraconic:marked_draconic_injector, Marked Draconic Fusion Crafting Injector
packageddraconic:marked_chaotic_injector, Marked Chaotic Fusion Crafting Injector
packagedexcrafting:advanced_crafter, Advanced Package Crafter
packagedexcrafting:elite_crafter, Elite Package Crafter
packagedexcrafting:ultimate_crafter, Ultimate Package Crafter
packagedexcrafting:ender_crafter, Ender Package Crafter
packagedexcrafting:combination_crafter, Combination Package Crafter
packagedexcrafting:marked_pedestal, Marked Pedestal
patternbanners:pattern:1, Banner Pattern: Curly Border
patternbanners:pattern:2, Banner Pattern: Creeper
patternbanners:pattern:3, Banner Pattern: Bricks
patternbanners:pattern:4, Banner Pattern: Skull
patternbanners:pattern:5, Banner Pattern: Flower
patternbanners:pattern:6, Banner Pattern: Mojang
patternbanners:pattern:7, Banner Pattern: Quark Tiny Potato
patternbanners:pattern:8, Banner Pattern: Dragon
patternbanners:pattern:9, Banner Pattern: Eye
patternbanners:pattern:10, Banner Pattern: Shield
patternbanners:pattern:11, Banner Pattern: Sword
patternbanners:pattern:12, Banner Pattern: Globe
patternbanners:pattern:13, Banner Pattern: Flow
patternbanners:pattern:14, Banner Pattern: Guster
patternbanners:loom, Loom
thermalcultivation:watering_can:0, Watering Can (Basic)
thermalcultivation:watering_can:1, Watering Can (Hardened)
thermalcultivation:watering_can:2, Watering Can (Reinforced)
thermalcultivation:watering_can:3, Watering Can (Signalum)
thermalcultivation:watering_can:4, Watering Can (Resonant)
thermalcultivation:watering_can:32000, Watering Can (Creative)
thermaldynamics:duct_0:0, Leadstone Fluxduct
thermaldynamics:duct_0:1, Hardened Fluxduct
thermaldynamics:duct_0:2, Redstone Energy Fluxduct
thermaldynamics:duct_0:3, Signalum Fluxduct
thermaldynamics:duct_0:4, Resonant Fluxduct
thermaldynamics:duct_0:5, Cryo-Stabilized Fluxduct
thermaldynamics:duct_0:6, Redstone Energy Fluxduct (Empty)
thermaldynamics:duct_0:7, Signalum Fluxduct (Empty)
thermaldynamics:duct_0:8, Resonant Fluxduct (Empty)
thermaldynamics:duct_0:9, Cryo-Stabilized Fluxduct (Empty)
thermaldynamics:duct_16:0, Fluiduct
thermaldynamics:duct_16:1, Fluiduct (Opaque)
thermaldynamics:duct_16:2, Hardened Fluiduct
thermaldynamics:duct_16:3, Hardened Fluiduct (Opaque)
thermaldynamics:duct_16:4, Signalum-Plated Fluiduct
thermaldynamics:duct_16:5, Signalum-Plated Fluiduct (Opaque)
thermaldynamics:duct_16:6, Super-Laminar Fluiduct
thermaldynamics:duct_16:7, Super-Laminar Fluiduct (Opaque)
thermaldynamics:duct_32:0, Vacuum Itemduct
thermaldynamics:duct_32:0, Dense Itemduct
thermaldynamics:duct_32:0, Itemduct
thermaldynamics:duct_32:1, Vacuum Itemduct (Opaque)
thermaldynamics:duct_32:1, Dense Itemduct (Opaque)
thermaldynamics:duct_32:1, Itemduct (Opaque)
thermaldynamics:duct_32:2, Vacuum Impulse Itemduct
thermaldynamics:duct_32:2, Dense Impulse Itemduct
thermaldynamics:duct_32:2, Impulse Itemduct
thermaldynamics:duct_32:3, Vacuum Impulse Itemduct (Opaque)
thermaldynamics:duct_32:3, Dense Impulse Itemduct (Opaque)
thermaldynamics:duct_32:3, Impulse Itemduct (Opaque)
thermaldynamics:duct_32:4, Vacuum Signalum-Plated Itemduct
thermaldynamics:duct_32:4, Dense Signalum-Plated Itemduct
thermaldynamics:duct_32:4, Signalum-Plated Itemduct
thermaldynamics:duct_32:5, Vacuum Signalum-Plated Itemduct (Opaque)
thermaldynamics:duct_32:5, Dense Signalum-Plated Itemduct (Opaque)
thermaldynamics:duct_32:5, Signalum-Plated Itemduct (Opaque)
thermaldynamics:duct_32:6, Vacuum Signalum-Plated Impulse Itemduct
thermaldynamics:duct_32:6, Dense Signalum-Plated Impulse Itemduct
thermaldynamics:duct_32:6, Signalum-Plated Impulse Itemduct
thermaldynamics:duct_32:7, Vacuum Signalum-Plated Impulse Itemduct (Opaque)
thermaldynamics:duct_32:7, Dense Signalum-Plated Impulse Itemduct (Opaque)
thermaldynamics:duct_32:7, Signalum-Plated Impulse Itemduct (Opaque)
thermaldynamics:duct_48:0, Structuralduct
thermaldynamics:duct_64:0, Viaduct
thermaldynamics:duct_64:1, Long Range Viaduct
thermaldynamics:duct_64:2, Long Range Linking Viaduct
thermaldynamics:duct_64:3, Viaduct (Untreated)
thermaldynamics:servo:0, Servo
thermaldynamics:servo:1, Hardened Servo
thermaldynamics:servo:2, Reinforced Servo
thermaldynamics:servo:3, Signalum Servo
thermaldynamics:servo:4, Resonant Servo
thermaldynamics:filter:0, Filter
thermaldynamics:filter:1, Hardened Filter
thermaldynamics:filter:2, Reinforced Filter
thermaldynamics:filter:3, Signalum Filter
thermaldynamics:filter:4, Resonant Filter
thermaldynamics:retriever:0, Retriever
thermaldynamics:retriever:1, Hardened Retriever
thermaldynamics:retriever:2, Reinforced Retriever
thermaldynamics:retriever:3, Signalum Retriever
thermaldynamics:retriever:4, Resonant Retriever
thermaldynamics:relay:0, Redstone Relay
thermaldynamics:cover:0, Stone Cover
thermaldynamics:cover:0, Granite Cover
thermaldynamics:cover:0, Polished Granite Cover
thermaldynamics:cover:0, Diorite Cover
thermaldynamics:cover:0, Polished Diorite Cover
thermaldynamics:cover:0, Andesite Cover
thermaldynamics:cover:0, Polished Andesite Cover
thermaldynamics:cover:0, Grass Block Cover
thermaldynamics:cover:0, Dirt Cover
thermaldynamics:cover:0, Coarse Dirt Cover
thermaldynamics:cover:0, Podzol Cover
thermaldynamics:cover:0, Cobblestone Cover
thermaldynamics:cover:0, Oak Wood Planks Cover
thermaldynamics:cover:0, Spruce Wood Planks Cover
thermaldynamics:cover:0, Birch Wood Planks Cover
thermaldynamics:cover:0, Jungle Wood Planks Cover
thermaldynamics:cover:0, Acacia Wood Planks Cover
thermaldynamics:cover:0, Dark Oak Wood Planks Cover
thermaldynamics:cover:0, Bedrock Cover
thermaldynamics:cover:0, Sand Cover
thermaldynamics:cover:0, Red Sand Cover
thermaldynamics:cover:0, Gravel Cover
thermaldynamics:cover:0, Gold Ore Cover
thermaldynamics:cover:0, Iron Ore Cover
thermaldynamics:cover:0, Coal Ore Cover
thermaldynamics:cover:0, Oak Wood Cover
thermaldynamics:cover:0, Spruce Wood Cover
thermaldynamics:cover:0, Birch Wood Cover
thermaldynamics:cover:0, Jungle Wood Cover
thermaldynamics:cover:0, Oak Leaves Cover
thermaldynamics:cover:0, Spruce Leaves Cover
thermaldynamics:cover:0, Birch Leaves Cover
thermaldynamics:cover:0, Jungle Leaves Cover
thermaldynamics:cover:0, Sponge Cover
thermaldynamics:cover:0, Wet Sponge Cover
thermaldynamics:cover:0, Glass Cover
thermaldynamics:cover:0, Lapis Lazuli Ore Cover
thermaldynamics:cover:0, Lapis Lazuli Block Cover
thermaldynamics:cover:0, Sandstone Cover
thermaldynamics:cover:0, Chiseled Sandstone Cover
thermaldynamics:cover:0, Smooth Sandstone Cover
thermaldynamics:cover:0, White Wool Cover
thermaldynamics:cover:0, Orange Wool Cover
thermaldynamics:cover:0, Magenta Wool Cover
thermaldynamics:cover:0, Light Blue Wool Cover
thermaldynamics:cover:0, Yellow Wool Cover
thermaldynamics:cover:0, Lime Wool Cover
thermaldynamics:cover:0, Pink Wool Cover
thermaldynamics:cover:0, Gray Wool Cover
thermaldynamics:cover:0, Light Gray Wool Cover
thermaldynamics:cover:0, Cyan Wool Cover
thermaldynamics:cover:0, Purple Wool Cover
thermaldynamics:cover:0, Blue Wool Cover
thermaldynamics:cover:0, Brown Wool Cover
thermaldynamics:cover:0, Green Wool Cover
thermaldynamics:cover:0, Red Wool Cover
thermaldynamics:cover:0, Black Wool Cover
thermaldynamics:cover:0, Block of Gold Cover
thermaldynamics:cover:0, Block of Iron Cover
thermaldynamics:cover:0, Stone Slab Cover
thermaldynamics:cover:0, Sandstone Slab Cover
thermaldynamics:cover:0, Cobblestone Slab Cover
thermaldynamics:cover:0, Bricks Slab Cover
thermaldynamics:cover:0, Stone Bricks Slab Cover
thermaldynamics:cover:0, Nether Brick Slab Cover
thermaldynamics:cover:0, Quartz Slab Cover
thermaldynamics:cover:0, Bricks Cover
thermaldynamics:cover:0, TNT Cover
thermaldynamics:cover:0, Oak Bookshelf Cover
thermaldynamics:cover:0, Moss Stone Cover
thermaldynamics:cover:0, Obsidian Cover
thermaldynamics:cover:0, Oak Wood Stairs Cover
thermaldynamics:cover:0, Diamond Ore Cover
thermaldynamics:cover:0, Block of Diamond Cover
thermaldynamics:cover:0, Crafting Table Cover
thermaldynamics:cover:0, Cobblestone Stairs Cover
thermaldynamics:cover:0, Redstone Ore Cover
thermaldynamics:cover:0, Ice Cover
thermaldynamics:cover:0, Snow Cover
thermaldynamics:cover:0, Cactus Cover
thermaldynamics:cover:0, Clay Cover
thermaldynamics:cover:0, Pumpkin Cover
thermaldynamics:cover:0, Netherrack Cover
thermaldynamics:cover:0, Soul Sand Cover
thermaldynamics:cover:0, Glowstone Cover
thermaldynamics:cover:0, Jack o'Lantern Cover
thermaldynamics:cover:0, White Stained Glass Cover
thermaldynamics:cover:0, Orange Stained Glass Cover
thermaldynamics:cover:0, Magenta Stained Glass Cover
thermaldynamics:cover:0, Light Blue Stained Glass Cover
thermaldynamics:cover:0, Yellow Stained Glass Cover
thermaldynamics:cover:0, Lime Stained Glass Cover
thermaldynamics:cover:0, Pink Stained Glass Cover
thermaldynamics:cover:0, Gray Stained Glass Cover
thermaldynamics:cover:0, Light Gray Stained Glass Cover
thermaldynamics:cover:0, Cyan Stained Glass Cover
thermaldynamics:cover:0, Purple Stained Glass Cover
thermaldynamics:cover:0, Blue Stained Glass Cover
thermaldynamics:cover:0, Brown Stained Glass Cover
thermaldynamics:cover:0, Green Stained Glass Cover
thermaldynamics:cover:0, Red Stained Glass Cover
thermaldynamics:cover:0, Black Stained Glass Cover
thermaldynamics:cover:0, Stone Monster Egg Cover
thermaldynamics:cover:0, Cobblestone Monster Egg Cover
thermaldynamics:cover:0, Stone Brick Monster Egg Cover
thermaldynamics:cover:0, Mossy Stone Brick Monster Egg Cover
thermaldynamics:cover:0, Cracked Stone Brick Monster Egg Cover
thermaldynamics:cover:0, Chiseled Stone Brick Monster Egg Cover
thermaldynamics:cover:0, Stone Bricks Cover
thermaldynamics:cover:0, Mossy Stone Bricks Cover
thermaldynamics:cover:0, Cracked Stone Bricks Cover
thermaldynamics:cover:0, Chiseled Stone Bricks Cover
thermaldynamics:cover:0, Iron Bars Cover
thermaldynamics:cover:0, Glass Pane Cover
thermaldynamics:cover:0, Melon Cover
thermaldynamics:cover:0, Brick Stairs Cover
thermaldynamics:cover:0, Stone Brick Stairs Cover
thermaldynamics:cover:0, Mycelium Cover
thermaldynamics:cover:0, Nether Brick Cover
thermaldynamics:cover:0, Nether Brick Stairs Cover
thermaldynamics:cover:0, End Portal Cover
thermaldynamics:cover:0, End Stone Cover
thermaldynamics:cover:0, Redstone Lamp Cover
thermaldynamics:cover:0, Oak Wood Slab Cover
thermaldynamics:cover:0, Spruce Wood Slab Cover
thermaldynamics:cover:0, Birch Wood Slab Cover
thermaldynamics:cover:0, Jungle Wood Slab Cover
thermaldynamics:cover:0, Acacia Wood Slab Cover
thermaldynamics:cover:0, Dark Oak Wood Slab Cover
thermaldynamics:cover:0, Sandstone Stairs Cover
thermaldynamics:cover:0, Emerald Ore Cover
thermaldynamics:cover:0, Tripwire Hook Cover
thermaldynamics:cover:0, Block of Emerald Cover
thermaldynamics:cover:0, Spruce Wood Stairs Cover
thermaldynamics:cover:0, Birch Wood Stairs Cover
thermaldynamics:cover:0, Jungle Wood Stairs Cover
thermaldynamics:cover:0, Block of Redstone Cover
thermaldynamics:cover:0, Nether Quartz Ore Cover
thermaldynamics:cover:0, Block of Quartz Cover
thermaldynamics:cover:0, Chiseled Quartz Block Cover
thermaldynamics:cover:0, Pillar Quartz Block Cover
thermaldynamics:cover:0, Quartz Stairs Cover
thermaldynamics:cover:0, White Terracotta Cover
thermaldynamics:cover:0, Orange Terracotta Cover
thermaldynamics:cover:0, Magenta Terracotta Cover
thermaldynamics:cover:0, Light Blue Terracotta Cover
thermaldynamics:cover:0, Yellow Terracotta Cover
thermaldynamics:cover:0, Lime Terracotta Cover
thermaldynamics:cover:0, Pink Terracotta Cover
thermaldynamics:cover:0, Gray Terracotta Cover
thermaldynamics:cover:0, Light Gray Terracotta Cover
thermaldynamics:cover:0, Cyan Terracotta Cover
thermaldynamics:cover:0, Purple Terracotta Cover
thermaldynamics:cover:0, Blue Terracotta Cover
thermaldynamics:cover:0, Brown Terracotta Cover
thermaldynamics:cover:0, Green Terracotta Cover
thermaldynamics:cover:0, Red Terracotta Cover
thermaldynamics:cover:0, Black Terracotta Cover
thermaldynamics:cover:0, White Stained Glass Pane Cover
thermaldynamics:cover:0, Orange Stained Glass Pane Cover
thermaldynamics:cover:0, Magenta Stained Glass Pane Cover
thermaldynamics:cover:0, Light Blue Stained Glass Pane Cover
thermaldynamics:cover:0, Yellow Stained Glass Pane Cover
thermaldynamics:cover:0, Lime Stained Glass Pane Cover
thermaldynamics:cover:0, Pink Stained Glass Pane Cover
thermaldynamics:cover:0, Gray Stained Glass Pane Cover
thermaldynamics:cover:0, Light Gray Stained Glass Pane Cover
thermaldynamics:cover:0, Cyan Stained Glass Pane Cover
thermaldynamics:cover:0, Purple Stained Glass Pane Cover
thermaldynamics:cover:0, Blue Stained Glass Pane Cover
thermaldynamics:cover:0, Brown Stained Glass Pane Cover
thermaldynamics:cover:0, Green Stained Glass Pane Cover
thermaldynamics:cover:0, Red Stained Glass Pane Cover
thermaldynamics:cover:0, Black Stained Glass Pane Cover
thermaldynamics:cover:0, Acacia Leaves Cover
thermaldynamics:cover:0, Dark Oak Leaves Cover
thermaldynamics:cover:0, Acacia Wood Cover
thermaldynamics:cover:0, Dark Oak Wood Cover
thermaldynamics:cover:0, Acacia Wood Stairs Cover
thermaldynamics:cover:0, Dark Oak Wood Stairs Cover
thermaldynamics:cover:0, Slime Block Cover
thermaldynamics:cover:0, Prismarine Cover
thermaldynamics:cover:0, Prismarine Bricks Cover
thermaldynamics:cover:0, Dark Prismarine Cover
thermaldynamics:cover:0, Sea Lantern Cover
thermaldynamics:cover:0, Hay Bale Cover
thermaldynamics:cover:0, Terracotta Cover
thermaldynamics:cover:0, Block of Coal Cover
thermaldynamics:cover:0, Packed Ice Cover
thermaldynamics:cover:0, Red Sandstone Cover
thermaldynamics:cover:0, Chiseled Red Sandstone Cover
thermaldynamics:cover:0, Smooth Red Sandstone Cover
thermaldynamics:cover:0, Red Sandstone Stairs Cover
thermaldynamics:cover:0, Red Sandstone Slab Cover
thermaldynamics:cover:0, Purpur Block Cover
thermaldynamics:cover:0, Purpur Pillar Cover
thermaldynamics:cover:0, Purpur Stairs Cover
thermaldynamics:cover:0, Purpur Slab Cover
thermaldynamics:cover:0, End Stone Bricks Cover
thermaldynamics:cover:0, Magma Block Cover
thermaldynamics:cover:0, Nether Wart Block Cover
thermaldynamics:cover:0, Red Nether Brick Cover
thermaldynamics:cover:0, Bone Block Cover
thermaldynamics:cover:0, Observer Cover
thermaldynamics:cover:0, White Glazed Terracotta Cover
thermaldynamics:cover:0, Orange Glazed Terracotta Cover
thermaldynamics:cover:0, Magenta Glazed Terracotta Cover
thermaldynamics:cover:0, Light Blue Glazed Terracotta Cover
thermaldynamics:cover:0, Yellow Glazed Terracotta Cover
thermaldynamics:cover:0, Lime Glazed Terracotta Cover
thermaldynamics:cover:0, Pink Glazed Terracotta Cover
thermaldynamics:cover:0, Gray Glazed Terracotta Cover
thermaldynamics:cover:0, Light Gray Glazed Terracotta Cover
thermaldynamics:cover:0, Cyan Glazed Terracotta Cover
thermaldynamics:cover:0, Purple Glazed Terracotta Cover
thermaldynamics:cover:0, Blue Glazed Terracotta Cover
thermaldynamics:cover:0, Brown Glazed Terracotta Cover
thermaldynamics:cover:0, Green Glazed Terracotta Cover
thermaldynamics:cover:0, Red Glazed Terracotta Cover
thermaldynamics:cover:0, Black Glazed Terracotta Cover
thermaldynamics:cover:0, White Concrete Cover
thermaldynamics:cover:0, Orange Concrete Cover
thermaldynamics:cover:0, Magenta Concrete Cover
thermaldynamics:cover:0, Light Blue Concrete Cover
thermaldynamics:cover:0, Yellow Concrete Cover
thermaldynamics:cover:0, Lime Concrete Cover
thermaldynamics:cover:0, Pink Concrete Cover
thermaldynamics:cover:0, Gray Concrete Cover
thermaldynamics:cover:0, Light Gray Concrete Cover
thermaldynamics:cover:0, Cyan Concrete Cover
thermaldynamics:cover:0, Purple Concrete Cover
thermaldynamics:cover:0, Blue Concrete Cover
thermaldynamics:cover:0, Brown Concrete Cover
thermaldynamics:cover:0, Green Concrete Cover
thermaldynamics:cover:0, Red Concrete Cover
thermaldynamics:cover:0, Black Concrete Cover
thermaldynamics:cover:0, White Concrete Powder Cover
thermaldynamics:cover:0, Orange Concrete Powder Cover
thermaldynamics:cover:0, Magenta Concrete Powder Cover
thermaldynamics:cover:0, Light Blue Concrete Powder Cover
thermaldynamics:cover:0, Yellow Concrete Powder Cover
thermaldynamics:cover:0, Lime Concrete Powder Cover
thermaldynamics:cover:0, Pink Concrete Powder Cover
thermaldynamics:cover:0, Gray Concrete Powder Cover
thermaldynamics:cover:0, Light Gray Concrete Powder Cover
thermaldynamics:cover:0, Cyan Concrete Powder Cover
thermaldynamics:cover:0, Purple Concrete Powder Cover
thermaldynamics:cover:0, Blue Concrete Powder Cover
thermaldynamics:cover:0, Brown Concrete Powder Cover
thermaldynamics:cover:0, Green Concrete Powder Cover
thermaldynamics:cover:0, Red Concrete Powder Cover
thermaldynamics:cover:0, Black Concrete Powder Cover
thermaldynamics:cover:0, Copper Ore Cover
thermaldynamics:cover:0, Tin Ore Cover
thermaldynamics:cover:0, Silver Ore Cover
thermaldynamics:cover:0, Lead Ore Cover
thermaldynamics:cover:0, Aluminum Ore Cover
thermaldynamics:cover:0, Nickel Ore Cover
thermaldynamics:cover:0, Platinum Ore Cover
thermaldynamics:cover:0, Iridium Ore Cover
thermaldynamics:cover:0, Mana Infused Ore Cover
thermaldynamics:cover:0, Oil Sand Cover
thermaldynamics:cover:0, Oil Shale Cover
thermaldynamics:cover:0, Destabilized Redstone Ore Cover
thermaldynamics:cover:0, Energized Netherrack Cover
thermaldynamics:cover:0, Resonant End Stone Cover
thermaldynamics:cover:0, Oil Sand Cover
thermaldynamics:cover:0, Block of Copper Cover
thermaldynamics:cover:0, Block of Tin Cover
thermaldynamics:cover:0, Block of Silver Cover
thermaldynamics:cover:0, Block of Lead Cover
thermaldynamics:cover:0, Block of Aluminum Cover
thermaldynamics:cover:0, Block of Nickel Cover
thermaldynamics:cover:0, Block of Platinum Cover
thermaldynamics:cover:0, Block of Iridium Cover
thermaldynamics:cover:0, Block of Mana Infused Metal Cover
thermaldynamics:cover:0, Block of Steel Cover
thermaldynamics:cover:0, Block of Electrum Cover
thermaldynamics:cover:0, Block of Invar Cover
thermaldynamics:cover:0, Block of Bronze Cover
thermaldynamics:cover:0, Block of Constantan Cover
thermaldynamics:cover:0, Block of Signalum Cover
thermaldynamics:cover:0, Block of Lumium Cover
thermaldynamics:cover:0, Block of Enderium Cover
thermaldynamics:cover:0, Block of Charcoal Cover
thermaldynamics:cover:0, Block of Coal Coke Cover
thermaldynamics:cover:0, Hardened Copper Glass Cover
thermaldynamics:cover:0, Hardened Tin Glass Cover
thermaldynamics:cover:0, Hardened Silver Glass Cover
thermaldynamics:cover:0, Hardened Glass Cover
thermaldynamics:cover:0, Hardened Aluminum Glass Cover
thermaldynamics:cover:0, Hardened Nickel Glass Cover
thermaldynamics:cover:0, Hardened Platinum Glass Cover
thermaldynamics:cover:0, Hardened Iridium Glass Cover
thermaldynamics:cover:0, Hardened Mana Infused Glass Cover
thermaldynamics:cover:0, Hardened Steel Glass Cover
thermaldynamics:cover:0, Hardened Electrum Glass Cover
thermaldynamics:cover:0, Hardened Invar Glass Cover
thermaldynamics:cover:0, Hardened Bronze Glass Cover
thermaldynamics:cover:0, Hardened Constantan Glass Cover
thermaldynamics:cover:0, Hardened Signalum Glass Cover
thermaldynamics:cover:0, Hardened Lumium Glass Cover
thermaldynamics:cover:0, Hardened Enderium Glass Cover
thermaldynamics:cover:0, Black Rockwool Cover
thermaldynamics:cover:0, Red Rockwool Cover
thermaldynamics:cover:0, Green Rockwool Cover
thermaldynamics:cover:0, Brown Rockwool Cover
thermaldynamics:cover:0, Blue Rockwool Cover
thermaldynamics:cover:0, Purple Rockwool Cover
thermaldynamics:cover:0, Cyan Rockwool Cover
thermaldynamics:cover:0, Light Gray Rockwool Cover
thermaldynamics:cover:0, Gray Rockwool Cover
thermaldynamics:cover:0, Pink Rockwool Cover
thermaldynamics:cover:0, Lime Rockwool Cover
thermaldynamics:cover:0, Yellow Rockwool Cover
thermaldynamics:cover:0, Light Blue Rockwool Cover
thermaldynamics:cover:0, Magenta Rockwool Cover
thermaldynamics:cover:0, Orange Rockwool Cover
thermaldynamics:cover:0, White Rockwool Cover
thermaldynamics:cover:0, Draconium Ore Cover
thermaldynamics:cover:0, Nether Draconium Ore Cover
thermaldynamics:cover:0, Ender Draconium Ore Cover
thermaldynamics:cover:0, Draconium Block Cover
thermaldynamics:cover:0, Charged Draconium Block Cover
thermaldynamics:cover:0, Awakened Draconium Block Cover
thermaldynamics:cover:0, Draconium Infused Obsidian Cover
thermaldynamics:cover:0, Dislocation Normalization Field Projector Cover
thermaldynamics:cover:0, Rain Sensor Cover
thermaldynamics:cover:0, Ender Lilly Cover
thermaldynamics:cover:0, Magical Planks Cover
thermaldynamics:cover:0, Magical Wood Cover
thermaldynamics:cover:0, Diagonal Wood Cover
thermaldynamics:cover:0, Angel Block Cover
thermaldynamics:cover:0, Cursed Earth Cover
thermaldynamics:cover:0, Redstone Clock Cover
thermaldynamics:cover:0, Compressed Cobblestone Cover
thermaldynamics:cover:0, Double Compressed Cobblestone Cover
thermaldynamics:cover:0, Triple Compressed Cobblestone Cover
thermaldynamics:cover:0, Quadruple Compressed Cobblestone Cover
thermaldynamics:cover:0, Quintuple Compressed Cobblestone Cover
thermaldynamics:cover:0, Sextuple Compressed Cobblestone Cover
thermaldynamics:cover:0, Septuple Compressed Cobblestone Cover
thermaldynamics:cover:0, Octuple Compressed Cobblestone Cover
thermaldynamics:cover:0, Compressed Dirt Cover
thermaldynamics:cover:0, Double Compressed Dirt Cover
thermaldynamics:cover:0, Triple Compressed Dirt Cover
thermaldynamics:cover:0, Quadruple Compressed Dirt Cover
thermaldynamics:cover:0, Compressed Sand Cover
thermaldynamics:cover:0, Double Compressed Sand Cover
thermaldynamics:cover:0, Compressed Gravel Cover
thermaldynamics:cover:0, Double Compressed Gravel Cover
thermaldynamics:cover:0, Compressed Netherrack Cover
thermaldynamics:cover:0, Double Compressed Netherrack Cover
thermaldynamics:cover:0, Triple Compressed Netherrack Cover
thermaldynamics:cover:0, Quadruple Compressed Netherrack Cover
thermaldynamics:cover:0, Quintuple Compressed Netherrack Cover
thermaldynamics:cover:0, Sextuple Compressed Netherrack Cover
thermaldynamics:cover:0, Red Orchid Cover
thermaldynamics:cover:0, Power Overload Cover
thermaldynamics:cover:0, Border Stone Cover
thermaldynamics:cover:0, Crossed Stone Cover
thermaldynamics:cover:0, Polished Stone Cover
thermaldynamics:cover:0, Stoneburnt Cover
thermaldynamics:cover:0, Sandy Glass Cover
thermaldynamics:cover:0, Truchet Cover
thermaldynamics:cover:0, Blue Quartz Cover
thermaldynamics:cover:0, Quartzburnt Cover
thermaldynamics:cover:0, Rainbow Stone Cover
thermaldynamics:cover:0, Thickened Glass Cover
thermaldynamics:cover:0, Thickened Glass (Bordered) Cover
thermaldynamics:cover:0, Thickened Glass (Patterned) Cover
thermaldynamics:cover:0, Dark Glass Cover
thermaldynamics:cover:0, Glowing Glass Cover
thermaldynamics:cover:0, Redstone Glass Cover
thermaldynamics:cover:0, Ethereal Glass Cover
thermaldynamics:cover:0, Reverse Ethereal Glass Cover
thermaldynamics:cover:0, Ineffable Glass Cover
thermaldynamics:cover:0, Dark Ineffable Glass Cover
thermaldynamics:cover:0, Transfer Pipe Cover
thermaldynamics:cover:0, Wooden Spikes Cover
thermaldynamics:cover:0, Stone Spikes Cover
thermaldynamics:cover:0, Iron Spikes Cover
thermaldynamics:cover:0, Golden Spikes Cover
thermaldynamics:cover:0, Diamond Spikes Cover
thermaldynamics:cover:0, Creative Spikes Cover
thermaldynamics:cover:0, Redstone Lantern Cover
thermaldynamics:cover:0, Block of Enchanted Metal Cover
thermaldynamics:cover:0, Block of Demon Metal Cover
thermaldynamics:cover:0, Block of Evil Infused Iron Cover
thermaldynamics:cover:0, Bedrock Bricks Cover
thermaldynamics:cover:0, Bedrock Slabs Cover
thermaldynamics:cover:0, Bedrock Cobblestone Cover
thermaldynamics:cover:0, Ferrous-Juniper Leaves Cover
thermaldynamics:cover:0, Burnt Ferrous-Juniper Leaves Cover
thermaldynamics:cover:0, Ferrous-Juniper Log Cover
thermaldynamics:cover:0, Ferrous-Juniper Log Cover
thermaldynamics:cover:0, Ferrous-Juniper Sapling Cover
thermaldynamics:cover:0, Dead Ferrous-Juniper Sapling Cover
thermaldynamics:cover:0, Ferrous-Juniper Planks Cover
thermaldynamics:cover:0, Raw Ferrous-Juniper Planks Cover
thermaldynamics:cover:0, Copper Ore Cover
thermaldynamics:cover:0, Tin Ore Cover
thermaldynamics:cover:0, Lead Ore Cover
thermaldynamics:cover:0, Thorium Ore Cover
thermaldynamics:cover:0, Uranium Ore Cover
thermaldynamics:cover:0, Boron Ore Cover
thermaldynamics:cover:0, Lithium Ore Cover
thermaldynamics:cover:0, Magnesium Ore Cover
thermaldynamics:cover:0, Copper Block Cover
thermaldynamics:cover:0, Tin Block Cover
thermaldynamics:cover:0, Lead Block Cover
thermaldynamics:cover:0, Thorium Block Cover
thermaldynamics:cover:0, Uranium Block Cover
thermaldynamics:cover:0, Boron Block Cover
thermaldynamics:cover:0, Lithium Block Cover
thermaldynamics:cover:0, Magnesium Block Cover
thermaldynamics:cover:0, Graphite Block Cover
thermaldynamics:cover:0, Beryllium Block Cover
thermaldynamics:cover:0, Zirconium Block Cover
thermaldynamics:cover:0, Manganese Block Cover
thermaldynamics:cover:0, Aluminum Block Cover
thermaldynamics:cover:0, Silver Block Cover
thermaldynamics:cover:0, Fission Reactor Casing Cover
thermaldynamics:cover:0, Blast Block Cover
thermaldynamics:cover:0, Transparent Fission Reactor Casing Cover
thermaldynamics:cover:0, Reactor Cell Cover
thermaldynamics:cover:0, Empty Cooler Cover
thermaldynamics:cover:0, Water Cooler Cover
thermaldynamics:cover:0, Redstone Cooler Cover
thermaldynamics:cover:0, Quartz Cooler Cover
thermaldynamics:cover:0, Gold Cooler Cover
thermaldynamics:cover:0, Glowstone Cooler Cover
thermaldynamics:cover:0, Lapis Cooler Cover
thermaldynamics:cover:0, Diamond Cooler Cover
thermaldynamics:cover:0, Liquid Helium Cooler Cover
thermaldynamics:cover:0, Enderium Cooler Cover
thermaldynamics:cover:0, Cryotheum Cooler Cover
thermaldynamics:cover:0, Iron Cooler Cover
thermaldynamics:cover:0, Emerald Cooler Cover
thermaldynamics:cover:0, Copper Cooler Cover
thermaldynamics:cover:0, Tin Cooler Cover
thermaldynamics:cover:0, Magnesium Cooler Cover
thermaldynamics:cover:0, Reactor Trapdoor Cover
thermaldynamics:cover:0, Thorium-230 Block Cover
thermaldynamics:cover:0, Uranium-238 Block Cover
thermaldynamics:cover:0, Neptunium-237 Block Cover
thermaldynamics:cover:0, Plutonium-242 Block Cover
thermaldynamics:cover:0, Americium-243 Block Cover
thermaldynamics:cover:0, Curium-246 Block Cover
thermaldynamics:cover:0, Berkelium-247 Block Cover
thermaldynamics:cover:0, Californium-252 Block Cover
thermaldynamics:cover:0, Supercold Ice Cover
thermaldynamics:cover:0, Fusion Connector Cover
thermaldynamics:cover:0, Glowing Mushroom Cover
thermaldynamics:cover:0, Wasteland Earth Cover
thermaldynamics:cover:0, Tritium Lamp Cover
thermaldynamics:cover:0, Loom Cover
thermalinnovation:drill:0, Fluxbore (Basic)
thermalinnovation:drill:1, Fluxbore (Hardened)
thermalinnovation:drill:2, Fluxbore (Reinforced)
thermalinnovation:drill:3, Fluxbore (Signalum)
thermalinnovation:drill:4, Fluxbore (Resonant)
thermalinnovation:drill:32000, Fluxbore (Creative)
thermalinnovation:saw:0, Fluxsaw (Basic)
thermalinnovation:saw:1, Fluxsaw (Hardened)
thermalinnovation:saw:2, Fluxsaw (Reinforced)
thermalinnovation:saw:3, Fluxsaw (Signalum)
thermalinnovation:saw:4, Fluxsaw (Resonant)
thermalinnovation:saw:32000, Fluxsaw (Creative)
thermalinnovation:magnet:0, Fluxomagnet (Basic)
thermalinnovation:magnet:1, Fluxomagnet (Hardened)
thermalinnovation:magnet:2, Fluxomagnet (Reinforced)
thermalinnovation:magnet:3, Fluxomagnet (Signalum)
thermalinnovation:magnet:4, Fluxomagnet (Resonant)
thermalinnovation:magnet:32000, Fluxomagnet (Creative)
thermalinnovation:injector:0, Hypoinfuser (Basic)
thermalinnovation:injector:1, Hypoinfuser (Hardened)
thermalinnovation:injector:2, Hypoinfuser (Reinforced)
thermalinnovation:injector:3, Hypoinfuser (Signalum)
thermalinnovation:injector:4, Hypoinfuser (Resonant)
thermalinnovation:injector:32000, Hypoinfuser (Creative)
thermalinnovation:quiver:0, Alchemical Quiver (Basic)
thermalinnovation:quiver:1, Alchemical Quiver (Hardened)
thermalinnovation:quiver:2, Alchemical Quiver (Reinforced)
thermalinnovation:quiver:3, Alchemical Quiver (Signalum)
thermalinnovation:quiver:4, Alchemical Quiver (Resonant)
thermalinnovation:quiver:32000, Alchemical Quiver (Creative)
forge:bucketfilled, %s Bucket
appliedenergistics2:quartz_ore, Certus Quartz Ore
appliedenergistics2:charged_quartz_ore, Charged Certus Quartz Ore
appliedenergistics2:matrix_frame, Matrix Frame
appliedenergistics2:quartz_block, Certus Quartz Block
appliedenergistics2:quartz_pillar, Certus Quartz Pillar
appliedenergistics2:chiseled_quartz_block, Chiseled Certus Quartz Block
appliedenergistics2:quartz_glass, Quartz Glass
appliedenergistics2:quartz_vibrant_glass, Vibrant Quartz Glass
appliedenergistics2:quartz_fixture, Charged Quartz Fixture
appliedenergistics2:fluix_block, Fluix Block
appliedenergistics2:sky_stone_block, Sky Stone
appliedenergistics2:smooth_sky_stone_block, Sky Stone Block
appliedenergistics2:sky_stone_brick, Sky Stone Brick
appliedenergistics2:sky_stone_small_brick, Sky Stone Small Brick
appliedenergistics2:sky_stone_chest, Sky Stone Chest
appliedenergistics2:smooth_sky_stone_chest, Sky Stone Block Chest
appliedenergistics2:sky_compass, Meteorite Compass
appliedenergistics2:grindstone, Quartz Grindstone
appliedenergistics2:crank, Wooden Crank
appliedenergistics2:inscriber, Inscriber
appliedenergistics2:wireless_access_point, ME Wireless Access Point
appliedenergistics2:charger, Charger
appliedenergistics2:tiny_tnt, Tiny TNT
appliedenergistics2:security_station, ME Security Terminal
appliedenergistics2:quantum_ring, ME Quantum Ring
appliedenergistics2:quantum_link, ME Quantum Link Chamber
appliedenergistics2:spatial_pylon, Spatial Pylon
appliedenergistics2:spatial_io_port, Spatial IO Port
appliedenergistics2:controller, ME Controller
appliedenergistics2:drive, ME Drive
appliedenergistics2:chest, ME Chest
appliedenergistics2:interface, ME Interface
appliedenergistics2:fluid_interface, ME Fluid Interface
appliedenergistics2:cell_workbench, Cell Workbench
appliedenergistics2:io_port, ME IO Port
appliedenergistics2:condenser, Matter Condenser
appliedenergistics2:energy_acceptor, Energy Acceptor
appliedenergistics2:vibration_chamber, Vibration Chamber
appliedenergistics2:quartz_growth_accelerator, Crystal Growth Accelerator
appliedenergistics2:energy_cell, Energy Cell
appliedenergistics2:dense_energy_cell, Dense Energy Cell
appliedenergistics2:creative_energy_cell, Creative Energy Cell
appliedenergistics2:crafting_unit, Crafting Unit
appliedenergistics2:crafting_accelerator, Crafting Co-Processing Unit
appliedenergistics2:crafting_storage_1k, §61k§r Crafting Storage
appliedenergistics2:crafting_storage_4k, §e4k§r Crafting Storage
appliedenergistics2:crafting_storage_16k, §a16k§r Crafting Storage
appliedenergistics2:crafting_storage_64k, §b64k§r Crafting Storage
appliedenergistics2:crafting_monitor, Crafting Monitor
appliedenergistics2:molecular_assembler, Molecular Assembler
appliedenergistics2:light_detector, Light Detecting Fixture
appliedenergistics2:paint, tile.appliedenergistics2.paint.name
appliedenergistics2:sky_stone_stairs, Sky Stone Stairs
appliedenergistics2:smooth_sky_stone_stairs, Sky Stone Block Stairs
appliedenergistics2:sky_stone_brick_stairs, Sky Stone Brick Stairs
appliedenergistics2:sky_stone_small_brick_stairs, Sky Stone Small Brick Stairs
appliedenergistics2:fluix_stairs, Fluix Stairs
appliedenergistics2:quartz_stairs, Certus Quartz Stairs
appliedenergistics2:chiseled_quartz_stairs, Chiseled Certus Quartz Stairs
appliedenergistics2:quartz_pillar_stairs, Certus Quartz Pillar Stairs
appliedenergistics2:cable_bus, AE2 Cable and/or Bus
appliedenergistics2:sky_stone_slab:0, Sky Stone Slab
appliedenergistics2:smooth_sky_stone_slab:0, Sky Stone Block Slab
appliedenergistics2:sky_stone_brick_slab:0, Sky Stone Brick Slab
appliedenergistics2:sky_stone_small_brick_slab:0, Sky Stone Small Brick Slab
appliedenergistics2:fluix_slab:0, Fluix Slab
appliedenergistics2:quartz_slab:0, Certus Quartz Slab
appliedenergistics2:chiseled_quartz_slab:0, Chiseled Certus Quartz Slab
appliedenergistics2:quartz_pillar_slab:0, Certus Quartz Pillar Slab
appliedenergistics2:certus_quartz_axe, Certus Quartz Axe
appliedenergistics2:certus_quartz_hoe, Certus Quartz Hoe
appliedenergistics2:certus_quartz_spade, Certus Quartz Shovel
appliedenergistics2:certus_quartz_pickaxe, Certus Quartz Pickaxe
appliedenergistics2:certus_quartz_sword, Certus Quartz Sword
appliedenergistics2:certus_quartz_wrench, Certus Quartz Wrench
appliedenergistics2:certus_quartz_cutting_knife, Certus Quartz Cutting Knife
appliedenergistics2:nether_quartz_axe, Nether Quartz Axe
appliedenergistics2:nether_quartz_hoe, Nether Quartz Hoe
appliedenergistics2:nether_quartz_spade, Nether Quartz Shovel
appliedenergistics2:nether_quartz_pickaxe, Nether Quartz Pickaxe
appliedenergistics2:nether_quartz_sword, Nether Quartz Sword
appliedenergistics2:nether_quartz_wrench, Nether Quartz Wrench
appliedenergistics2:nether_quartz_cutting_knife, Nether Quartz Cutting Knife
appliedenergistics2:entropy_manipulator, Entropy Manipulator
appliedenergistics2:wireless_terminal, Wireless Terminal
appliedenergistics2:wireless_crafting_terminal, Wireless Crafting Terminal
appliedenergistics2:wireless_pattern_terminal, Wireless Pattern Terminal
appliedenergistics2:wireless_fluid_terminal, Wireless Fluid Terminal
appliedenergistics2:wireless_interface_terminal, Wireless Interface Terminal
appliedenergistics2:charged_staff, Charged Staff
appliedenergistics2:matter_cannon, Matter Cannon
appliedenergistics2:portable_cell, Portable Cell
appliedenergistics2:color_applicator, Color Applicator
appliedenergistics2:biometric_card, Biometric Card
appliedenergistics2:memory_card, Memory Card
appliedenergistics2:network_tool, Network Tool
appliedenergistics2:creative_storage_cell, Creative ME Storage Cell
appliedenergistics2:view_cell, View Cell
appliedenergistics2:storage_cell_1k, §61k§r ME Storage Cell
appliedenergistics2:storage_cell_4k, §e4k§r ME Storage Cell
appliedenergistics2:storage_cell_16k, §a16k§r ME Storage Cell
appliedenergistics2:storage_cell_64k, §b64k§r ME Storage Cell
appliedenergistics2:fluid_storage_cell_1k, §61k§r ME Fluid Storage Cell
appliedenergistics2:fluid_storage_cell_4k, §e4k§r ME Fluid Storage Cell
appliedenergistics2:fluid_storage_cell_16k, §a16k§r ME Fluid Storage Cell
appliedenergistics2:fluid_storage_cell_64k, §b64k§r ME Fluid Storage Cell
appliedenergistics2:spatial_storage_cell_2_cubed, §62³§r Spatial Storage Cell
appliedenergistics2:spatial_storage_cell_16_cubed, §916³§r Spatial Storage Cell
appliedenergistics2:spatial_storage_cell_128_cubed, §d128³§r  Spatial Storage Cell
appliedenergistics2:facade:0, Cable Facade - Stone
appliedenergistics2:facade:0, Cable Facade - Granite
appliedenergistics2:facade:0, Cable Facade - Polished Granite
appliedenergistics2:facade:0, Cable Facade - Diorite
appliedenergistics2:facade:0, Cable Facade - Polished Diorite
appliedenergistics2:facade:0, Cable Facade - Andesite
appliedenergistics2:facade:0, Cable Facade - Polished Andesite
appliedenergistics2:facade:0, Cable Facade - Grass Block
appliedenergistics2:facade:0, Cable Facade - Dirt
appliedenergistics2:facade:0, Cable Facade - Coarse Dirt
appliedenergistics2:facade:0, Cable Facade - Podzol
appliedenergistics2:facade:0, Cable Facade - Cobblestone
appliedenergistics2:facade:0, Cable Facade - Oak Wood Planks
appliedenergistics2:facade:0, Cable Facade - Spruce Wood Planks
appliedenergistics2:facade:0, Cable Facade - Birch Wood Planks
appliedenergistics2:facade:0, Cable Facade - Jungle Wood Planks
appliedenergistics2:facade:0, Cable Facade - Acacia Wood Planks
appliedenergistics2:facade:0, Cable Facade - Dark Oak Wood Planks
appliedenergistics2:facade:0, Cable Facade - Bedrock
appliedenergistics2:facade:0, Cable Facade - Sand
appliedenergistics2:facade:0, Cable Facade - Red Sand
appliedenergistics2:facade:0, Cable Facade - Gravel
appliedenergistics2:facade:0, Cable Facade - Gold Ore
appliedenergistics2:facade:0, Cable Facade - Iron Ore
appliedenergistics2:facade:0, Cable Facade - Coal Ore
appliedenergistics2:facade:0, Cable Facade - Oak Wood
appliedenergistics2:facade:0, Cable Facade - Spruce Wood
appliedenergistics2:facade:0, Cable Facade - Birch Wood
appliedenergistics2:facade:0, Cable Facade - Jungle Wood
appliedenergistics2:facade:0, Cable Facade - Oak Leaves
appliedenergistics2:facade:0, Cable Facade - Spruce Leaves
appliedenergistics2:facade:0, Cable Facade - Birch Leaves
appliedenergistics2:facade:0, Cable Facade - Jungle Leaves
appliedenergistics2:facade:0, Cable Facade - Sponge
appliedenergistics2:facade:0, Cable Facade - Wet Sponge
appliedenergistics2:facade:0, Cable Facade - Glass
appliedenergistics2:facade:0, Cable Facade - Lapis Lazuli Ore
appliedenergistics2:facade:0, Cable Facade - Lapis Lazuli Block
appliedenergistics2:facade:0, Cable Facade - Sandstone
appliedenergistics2:facade:0, Cable Facade - Chiseled Sandstone
appliedenergistics2:facade:0, Cable Facade - Smooth Sandstone
appliedenergistics2:facade:0, Cable Facade - White Wool
appliedenergistics2:facade:0, Cable Facade - Orange Wool
appliedenergistics2:facade:0, Cable Facade - Magenta Wool
appliedenergistics2:facade:0, Cable Facade - Light Blue Wool
appliedenergistics2:facade:0, Cable Facade - Yellow Wool
appliedenergistics2:facade:0, Cable Facade - Lime Wool
appliedenergistics2:facade:0, Cable Facade - Pink Wool
appliedenergistics2:facade:0, Cable Facade - Gray Wool
appliedenergistics2:facade:0, Cable Facade - Light Gray Wool
appliedenergistics2:facade:0, Cable Facade - Cyan Wool
appliedenergistics2:facade:0, Cable Facade - Purple Wool
appliedenergistics2:facade:0, Cable Facade - Blue Wool
appliedenergistics2:facade:0, Cable Facade - Brown Wool
appliedenergistics2:facade:0, Cable Facade - Green Wool
appliedenergistics2:facade:0, Cable Facade - Red Wool
appliedenergistics2:facade:0, Cable Facade - Black Wool
appliedenergistics2:facade:0, Cable Facade - Block of Gold
appliedenergistics2:facade:0, Cable Facade - Block of Iron
appliedenergistics2:facade:0, Cable Facade - Bricks
appliedenergistics2:facade:0, Cable Facade - TNT
appliedenergistics2:facade:0, Cable Facade - Oak Bookshelf
appliedenergistics2:facade:0, Cable Facade - Moss Stone
appliedenergistics2:facade:0, Cable Facade - Obsidian
appliedenergistics2:facade:0, Cable Facade - Diamond Ore
appliedenergistics2:facade:0, Cable Facade - Block of Diamond
appliedenergistics2:facade:0, Cable Facade - Crafting Table
appliedenergistics2:facade:0, Cable Facade - Redstone Ore
appliedenergistics2:facade:0, Cable Facade - Ice
appliedenergistics2:facade:0, Cable Facade - Snow
appliedenergistics2:facade:0, Cable Facade - Clay
appliedenergistics2:facade:0, Cable Facade - Pumpkin
appliedenergistics2:facade:0, Cable Facade - Netherrack
appliedenergistics2:facade:0, Cable Facade - Soul Sand
appliedenergistics2:facade:0, Cable Facade - Glowstone
appliedenergistics2:facade:0, Cable Facade - Jack o'Lantern
appliedenergistics2:facade:0, Cable Facade - White Stained Glass
appliedenergistics2:facade:0, Cable Facade - Orange Stained Glass
appliedenergistics2:facade:0, Cable Facade - Magenta Stained Glass
appliedenergistics2:facade:0, Cable Facade - Light Blue Stained Glass
appliedenergistics2:facade:0, Cable Facade - Yellow Stained Glass
appliedenergistics2:facade:0, Cable Facade - Lime Stained Glass
appliedenergistics2:facade:0, Cable Facade - Pink Stained Glass
appliedenergistics2:facade:0, Cable Facade - Gray Stained Glass
appliedenergistics2:facade:0, Cable Facade - Light Gray Stained Glass
appliedenergistics2:facade:0, Cable Facade - Cyan Stained Glass
appliedenergistics2:facade:0, Cable Facade - Purple Stained Glass
appliedenergistics2:facade:0, Cable Facade - Blue Stained Glass
appliedenergistics2:facade:0, Cable Facade - Brown Stained Glass
appliedenergistics2:facade:0, Cable Facade - Green Stained Glass
appliedenergistics2:facade:0, Cable Facade - Red Stained Glass
appliedenergistics2:facade:0, Cable Facade - Black Stained Glass
appliedenergistics2:facade:0, Cable Facade - Stone Monster Egg
appliedenergistics2:facade:0, Cable Facade - Cobblestone Monster Egg
appliedenergistics2:facade:0, Cable Facade - Stone Brick Monster Egg
appliedenergistics2:facade:0, Cable Facade - Mossy Stone Brick Monster Egg
appliedenergistics2:facade:0, Cable Facade - Cracked Stone Brick Monster Egg
appliedenergistics2:facade:0, Cable Facade - Chiseled Stone Brick Monster Egg
appliedenergistics2:facade:0, Cable Facade - Stone Bricks
appliedenergistics2:facade:0, Cable Facade - Mossy Stone Bricks
appliedenergistics2:facade:0, Cable Facade - Cracked Stone Bricks
appliedenergistics2:facade:0, Cable Facade - Chiseled Stone Bricks
appliedenergistics2:facade:0, Cable Facade - Mushroom
appliedenergistics2:facade:0, Cable Facade - Mushroom
appliedenergistics2:facade:0, Cable Facade - Melon
appliedenergistics2:facade:0, Cable Facade - Mycelium
appliedenergistics2:facade:0, Cable Facade - Nether Brick
appliedenergistics2:facade:0, Cable Facade - End Stone
appliedenergistics2:facade:0, Cable Facade - Redstone Lamp
appliedenergistics2:facade:0, Cable Facade - Emerald Ore
appliedenergistics2:facade:0, Cable Facade - Block of Emerald
appliedenergistics2:facade:0, Cable Facade - Block of Redstone
appliedenergistics2:facade:0, Cable Facade - Nether Quartz Ore
appliedenergistics2:facade:0, Cable Facade - Block of Quartz
appliedenergistics2:facade:0, Cable Facade - Chiseled Quartz Block
appliedenergistics2:facade:0, Cable Facade - Pillar Quartz Block
appliedenergistics2:facade:0, Cable Facade - White Terracotta
appliedenergistics2:facade:0, Cable Facade - Orange Terracotta
appliedenergistics2:facade:0, Cable Facade - Magenta Terracotta
appliedenergistics2:facade:0, Cable Facade - Light Blue Terracotta
appliedenergistics2:facade:0, Cable Facade - Yellow Terracotta
appliedenergistics2:facade:0, Cable Facade - Lime Terracotta
appliedenergistics2:facade:0, Cable Facade - Pink Terracotta
appliedenergistics2:facade:0, Cable Facade - Gray Terracotta
appliedenergistics2:facade:0, Cable Facade - Light Gray Terracotta
appliedenergistics2:facade:0, Cable Facade - Cyan Terracotta
appliedenergistics2:facade:0, Cable Facade - Purple Terracotta
appliedenergistics2:facade:0, Cable Facade - Blue Terracotta
appliedenergistics2:facade:0, Cable Facade - Brown Terracotta
appliedenergistics2:facade:0, Cable Facade - Green Terracotta
appliedenergistics2:facade:0, Cable Facade - Red Terracotta
appliedenergistics2:facade:0, Cable Facade - Black Terracotta
appliedenergistics2:facade:0, Cable Facade - Acacia Leaves
appliedenergistics2:facade:0, Cable Facade - Dark Oak Leaves
appliedenergistics2:facade:0, Cable Facade - Acacia Wood
appliedenergistics2:facade:0, Cable Facade - Dark Oak Wood
appliedenergistics2:facade:0, Cable Facade - Slime Block
appliedenergistics2:facade:0, Cable Facade - Prismarine
appliedenergistics2:facade:0, Cable Facade - Prismarine Bricks
appliedenergistics2:facade:0, Cable Facade - Dark Prismarine
appliedenergistics2:facade:0, Cable Facade - Sea Lantern
appliedenergistics2:facade:0, Cable Facade - Hay Bale
appliedenergistics2:facade:0, Cable Facade - Terracotta
appliedenergistics2:facade:0, Cable Facade - Block of Coal
appliedenergistics2:facade:0, Cable Facade - Packed Ice
appliedenergistics2:facade:0, Cable Facade - Red Sandstone
appliedenergistics2:facade:0, Cable Facade - Chiseled Red Sandstone
appliedenergistics2:facade:0, Cable Facade - Smooth Red Sandstone
appliedenergistics2:facade:0, Cable Facade - Purpur Block
appliedenergistics2:facade:0, Cable Facade - Purpur Pillar
appliedenergistics2:facade:0, Cable Facade - End Stone Bricks
appliedenergistics2:facade:0, Cable Facade - Magma Block
appliedenergistics2:facade:0, Cable Facade - Nether Wart Block
appliedenergistics2:facade:0, Cable Facade - Red Nether Brick
appliedenergistics2:facade:0, Cable Facade - Bone Block
appliedenergistics2:facade:0, Cable Facade - Observer
appliedenergistics2:facade:0, Cable Facade - White Glazed Terracotta
appliedenergistics2:facade:0, Cable Facade - Orange Glazed Terracotta
appliedenergistics2:facade:0, Cable Facade - Magenta Glazed Terracotta
appliedenergistics2:facade:0, Cable Facade - Light Blue Glazed Terracotta
appliedenergistics2:facade:0, Cable Facade - Yellow Glazed Terracotta
appliedenergistics2:facade:0, Cable Facade - Lime Glazed Terracotta
appliedenergistics2:facade:0, Cable Facade - Pink Glazed Terracotta
appliedenergistics2:facade:0, Cable Facade - Gray Glazed Terracotta
appliedenergistics2:facade:0, Cable Facade - Light Gray Glazed Terracotta
appliedenergistics2:facade:0, Cable Facade - Cyan Glazed Terracotta
appliedenergistics2:facade:0, Cable Facade - Purple Glazed Terracotta
appliedenergistics2:facade:0, Cable Facade - Blue Glazed Terracotta
appliedenergistics2:facade:0, Cable Facade - Brown Glazed Terracotta
appliedenergistics2:facade:0, Cable Facade - Green Glazed Terracotta
appliedenergistics2:facade:0, Cable Facade - Red Glazed Terracotta
appliedenergistics2:facade:0, Cable Facade - Black Glazed Terracotta
appliedenergistics2:facade:0, Cable Facade - White Concrete
appliedenergistics2:facade:0, Cable Facade - Orange Concrete
appliedenergistics2:facade:0, Cable Facade - Magenta Concrete
appliedenergistics2:facade:0, Cable Facade - Light Blue Concrete
appliedenergistics2:facade:0, Cable Facade - Yellow Concrete
appliedenergistics2:facade:0, Cable Facade - Lime Concrete
appliedenergistics2:facade:0, Cable Facade - Pink Concrete
appliedenergistics2:facade:0, Cable Facade - Gray Concrete
appliedenergistics2:facade:0, Cable Facade - Light Gray Concrete
appliedenergistics2:facade:0, Cable Facade - Cyan Concrete
appliedenergistics2:facade:0, Cable Facade - Purple Concrete
appliedenergistics2:facade:0, Cable Facade - Blue Concrete
appliedenergistics2:facade:0, Cable Facade - Brown Concrete
appliedenergistics2:facade:0, Cable Facade - Green Concrete
appliedenergistics2:facade:0, Cable Facade - Red Concrete
appliedenergistics2:facade:0, Cable Facade - Black Concrete
appliedenergistics2:facade:0, Cable Facade - White Concrete Powder
appliedenergistics2:facade:0, Cable Facade - Orange Concrete Powder
appliedenergistics2:facade:0, Cable Facade - Magenta Concrete Powder
appliedenergistics2:facade:0, Cable Facade - Light Blue Concrete Powder
appliedenergistics2:facade:0, Cable Facade - Yellow Concrete Powder
appliedenergistics2:facade:0, Cable Facade - Lime Concrete Powder
appliedenergistics2:facade:0, Cable Facade - Pink Concrete Powder
appliedenergistics2:facade:0, Cable Facade - Gray Concrete Powder
appliedenergistics2:facade:0, Cable Facade - Light Gray Concrete Powder
appliedenergistics2:facade:0, Cable Facade - Cyan Concrete Powder
appliedenergistics2:facade:0, Cable Facade - Purple Concrete Powder
appliedenergistics2:facade:0, Cable Facade - Blue Concrete Powder
appliedenergistics2:facade:0, Cable Facade - Brown Concrete Powder
appliedenergistics2:facade:0, Cable Facade - Green Concrete Powder
appliedenergistics2:facade:0, Cable Facade - Red Concrete Powder
appliedenergistics2:facade:0, Cable Facade - Black Concrete Powder
appliedenergistics2:facade:0, Cable Facade - Copper Ore
appliedenergistics2:facade:0, Cable Facade - Tin Ore
appliedenergistics2:facade:0, Cable Facade - Silver Ore
appliedenergistics2:facade:0, Cable Facade - Lead Ore
appliedenergistics2:facade:0, Cable Facade - Aluminum Ore
appliedenergistics2:facade:0, Cable Facade - Nickel Ore
appliedenergistics2:facade:0, Cable Facade - Platinum Ore
appliedenergistics2:facade:0, Cable Facade - Iridium Ore
appliedenergistics2:facade:0, Cable Facade - Mana Infused Ore
appliedenergistics2:facade:0, Cable Facade - Oil Sand
appliedenergistics2:facade:0, Cable Facade - Oil Shale
appliedenergistics2:facade:0, Cable Facade - Destabilized Redstone Ore
appliedenergistics2:facade:0, Cable Facade - Energized Netherrack
appliedenergistics2:facade:0, Cable Facade - Resonant End Stone
appliedenergistics2:facade:0, Cable Facade - Oil Sand
appliedenergistics2:facade:0, Cable Facade - Block of Copper
appliedenergistics2:facade:0, Cable Facade - Block of Tin
appliedenergistics2:facade:0, Cable Facade - Block of Silver
appliedenergistics2:facade:0, Cable Facade - Block of Lead
appliedenergistics2:facade:0, Cable Facade - Block of Aluminum
appliedenergistics2:facade:0, Cable Facade - Block of Nickel
appliedenergistics2:facade:0, Cable Facade - Block of Platinum
appliedenergistics2:facade:0, Cable Facade - Block of Iridium
appliedenergistics2:facade:0, Cable Facade - Block of Mana Infused Metal
appliedenergistics2:facade:0, Cable Facade - Block of Steel
appliedenergistics2:facade:0, Cable Facade - Block of Electrum
appliedenergistics2:facade:0, Cable Facade - Block of Invar
appliedenergistics2:facade:0, Cable Facade - Block of Bronze
appliedenergistics2:facade:0, Cable Facade - Block of Constantan
appliedenergistics2:facade:0, Cable Facade - Block of Signalum
appliedenergistics2:facade:0, Cable Facade - Block of Lumium
appliedenergistics2:facade:0, Cable Facade - Block of Enderium
appliedenergistics2:facade:0, Cable Facade - Block of Charcoal
appliedenergistics2:facade:0, Cable Facade - Block of Coal Coke
appliedenergistics2:facade:0, Cable Facade - Black Rockwool
appliedenergistics2:facade:0, Cable Facade - Red Rockwool
appliedenergistics2:facade:0, Cable Facade - Green Rockwool
appliedenergistics2:facade:0, Cable Facade - Brown Rockwool
appliedenergistics2:facade:0, Cable Facade - Blue Rockwool
appliedenergistics2:facade:0, Cable Facade - Purple Rockwool
appliedenergistics2:facade:0, Cable Facade - Cyan Rockwool
appliedenergistics2:facade:0, Cable Facade - Light Gray Rockwool
appliedenergistics2:facade:0, Cable Facade - Gray Rockwool
appliedenergistics2:facade:0, Cable Facade - Pink Rockwool
appliedenergistics2:facade:0, Cable Facade - Lime Rockwool
appliedenergistics2:facade:0, Cable Facade - Yellow Rockwool
appliedenergistics2:facade:0, Cable Facade - Light Blue Rockwool
appliedenergistics2:facade:0, Cable Facade - Magenta Rockwool
appliedenergistics2:facade:0, Cable Facade - Orange Rockwool
appliedenergistics2:facade:0, Cable Facade - White Rockwool
appliedenergistics2:facade:0, Cable Facade - Draconium Ore
appliedenergistics2:facade:0, Cable Facade - Nether Draconium Ore
appliedenergistics2:facade:0, Cable Facade - Ender Draconium Ore
appliedenergistics2:facade:0, Cable Facade - Draconium Block
appliedenergistics2:facade:0, Cable Facade - Charged Draconium Block
appliedenergistics2:facade:0, Cable Facade - Awakened Draconium Block
appliedenergistics2:facade:0, Cable Facade - Draconium Infused Obsidian
appliedenergistics2:facade:0, Cable Facade - Dislocation Normalization Field Projector
appliedenergistics2:facade:0, Cable Facade - Magical Planks
appliedenergistics2:facade:0, Cable Facade - Magical Wood
appliedenergistics2:facade:0, Cable Facade - Diagonal Wood
appliedenergistics2:facade:0, Cable Facade - Angel Block
appliedenergistics2:facade:0, Cable Facade - Cursed Earth
appliedenergistics2:facade:0, Cable Facade - Redstone Clock
appliedenergistics2:facade:0, Cable Facade - Compressed Cobblestone
appliedenergistics2:facade:0, Cable Facade - Double Compressed Cobblestone
appliedenergistics2:facade:0, Cable Facade - Triple Compressed Cobblestone
appliedenergistics2:facade:0, Cable Facade - Quadruple Compressed Cobblestone
appliedenergistics2:facade:0, Cable Facade - Quintuple Compressed Cobblestone
appliedenergistics2:facade:0, Cable Facade - Sextuple Compressed Cobblestone
appliedenergistics2:facade:0, Cable Facade - Septuple Compressed Cobblestone
appliedenergistics2:facade:0, Cable Facade - Octuple Compressed Cobblestone
appliedenergistics2:facade:0, Cable Facade - Compressed Dirt
appliedenergistics2:facade:0, Cable Facade - Double Compressed Dirt
appliedenergistics2:facade:0, Cable Facade - Triple Compressed Dirt
appliedenergistics2:facade:0, Cable Facade - Quadruple Compressed Dirt
appliedenergistics2:facade:0, Cable Facade - Compressed Sand
appliedenergistics2:facade:0, Cable Facade - Double Compressed Sand
appliedenergistics2:facade:0, Cable Facade - Compressed Gravel
appliedenergistics2:facade:0, Cable Facade - Double Compressed Gravel
appliedenergistics2:facade:0, Cable Facade - Compressed Netherrack
appliedenergistics2:facade:0, Cable Facade - Double Compressed Netherrack
appliedenergistics2:facade:0, Cable Facade - Triple Compressed Netherrack
appliedenergistics2:facade:0, Cable Facade - Quadruple Compressed Netherrack
appliedenergistics2:facade:0, Cable Facade - Quintuple Compressed Netherrack
appliedenergistics2:facade:0, Cable Facade - Sextuple Compressed Netherrack
appliedenergistics2:facade:0, Cable Facade - Border Stone
appliedenergistics2:facade:0, Cable Facade - Crossed Stone
appliedenergistics2:facade:0, Cable Facade - Polished Stone
appliedenergistics2:facade:0, Cable Facade - Stoneburnt
appliedenergistics2:facade:0, Cable Facade - Sandy Glass
appliedenergistics2:facade:0, Cable Facade - Truchet
appliedenergistics2:facade:0, Cable Facade - Blue Quartz
appliedenergistics2:facade:0, Cable Facade - Quartzburnt
appliedenergistics2:facade:0, Cable Facade - Rainbow Stone
appliedenergistics2:facade:0, Cable Facade - Thickened Glass
appliedenergistics2:facade:0, Cable Facade - Thickened Glass (Bordered)
appliedenergistics2:facade:0, Cable Facade - Thickened Glass (Patterned)
appliedenergistics2:facade:0, Cable Facade - Dark Glass
appliedenergistics2:facade:0, Cable Facade - Glowing Glass
appliedenergistics2:facade:0, Cable Facade - Redstone Glass
appliedenergistics2:facade:0, Cable Facade - Block of Enchanted Metal
appliedenergistics2:facade:0, Cable Facade - Block of Demon Metal
appliedenergistics2:facade:0, Cable Facade - Block of Evil Infused Iron
appliedenergistics2:facade:0, Cable Facade - Bedrock Bricks
appliedenergistics2:facade:0, Cable Facade - Bedrock Slabs
appliedenergistics2:facade:0, Cable Facade - Bedrock Cobblestone
appliedenergistics2:facade:0, Cable Facade - Ferrous-Juniper Log
appliedenergistics2:facade:0, Cable Facade - Ferrous-Juniper Log
appliedenergistics2:facade:0, Cable Facade - Ferrous-Juniper Planks
appliedenergistics2:facade:0, Cable Facade - Raw Ferrous-Juniper Planks
appliedenergistics2:facade:0, Cable Facade - Copper Ore
appliedenergistics2:facade:0, Cable Facade - Tin Ore
appliedenergistics2:facade:0, Cable Facade - Lead Ore
appliedenergistics2:facade:0, Cable Facade - Thorium Ore
appliedenergistics2:facade:0, Cable Facade - Uranium Ore
appliedenergistics2:facade:0, Cable Facade - Boron Ore
appliedenergistics2:facade:0, Cable Facade - Lithium Ore
appliedenergistics2:facade:0, Cable Facade - Magnesium Ore
appliedenergistics2:facade:0, Cable Facade - Copper Block
appliedenergistics2:facade:0, Cable Facade - Tin Block
appliedenergistics2:facade:0, Cable Facade - Lead Block
appliedenergistics2:facade:0, Cable Facade - Thorium Block
appliedenergistics2:facade:0, Cable Facade - Uranium Block
appliedenergistics2:facade:0, Cable Facade - Boron Block
appliedenergistics2:facade:0, Cable Facade - Lithium Block
appliedenergistics2:facade:0, Cable Facade - Magnesium Block
appliedenergistics2:facade:0, Cable Facade - Graphite Block
appliedenergistics2:facade:0, Cable Facade - Beryllium Block
appliedenergistics2:facade:0, Cable Facade - Zirconium Block
appliedenergistics2:facade:0, Cable Facade - Manganese Block
appliedenergistics2:facade:0, Cable Facade - Aluminum Block
appliedenergistics2:facade:0, Cable Facade - Silver Block
appliedenergistics2:facade:0, Cable Facade - Fission Reactor Casing
appliedenergistics2:facade:0, Cable Facade - Blast Block
appliedenergistics2:facade:0, Cable Facade - Empty Cooler
appliedenergistics2:facade:0, Cable Facade - Water Cooler
appliedenergistics2:facade:0, Cable Facade - Redstone Cooler
appliedenergistics2:facade:0, Cable Facade - Quartz Cooler
appliedenergistics2:facade:0, Cable Facade - Gold Cooler
appliedenergistics2:facade:0, Cable Facade - Glowstone Cooler
appliedenergistics2:facade:0, Cable Facade - Lapis Cooler
appliedenergistics2:facade:0, Cable Facade - Diamond Cooler
appliedenergistics2:facade:0, Cable Facade - Liquid Helium Cooler
appliedenergistics2:facade:0, Cable Facade - Enderium Cooler
appliedenergistics2:facade:0, Cable Facade - Cryotheum Cooler
appliedenergistics2:facade:0, Cable Facade - Iron Cooler
appliedenergistics2:facade:0, Cable Facade - Emerald Cooler
appliedenergistics2:facade:0, Cable Facade - Copper Cooler
appliedenergistics2:facade:0, Cable Facade - Tin Cooler
appliedenergistics2:facade:0, Cable Facade - Magnesium Cooler
appliedenergistics2:facade:0, Cable Facade - Thorium-230 Block
appliedenergistics2:facade:0, Cable Facade - Uranium-238 Block
appliedenergistics2:facade:0, Cable Facade - Neptunium-237 Block
appliedenergistics2:facade:0, Cable Facade - Plutonium-242 Block
appliedenergistics2:facade:0, Cable Facade - Americium-243 Block
appliedenergistics2:facade:0, Cable Facade - Curium-246 Block
appliedenergistics2:facade:0, Cable Facade - Berkelium-247 Block
appliedenergistics2:facade:0, Cable Facade - Californium-252 Block
appliedenergistics2:facade:0, Cable Facade - Supercold Ice
appliedenergistics2:facade:0, Cable Facade - Fusion Connector
appliedenergistics2:facade:0, Cable Facade - Wasteland Earth
appliedenergistics2:facade:0, Cable Facade - Tritium Lamp
appliedenergistics2:facade:0, Cable Facade - Loom
appliedenergistics2:facade:0, Cable Facade - Certus Quartz Ore
appliedenergistics2:facade:0, Cable Facade - Charged Certus Quartz Ore
appliedenergistics2:facade:0, Cable Facade - Certus Quartz Block
appliedenergistics2:facade:0, Cable Facade - Certus Quartz Pillar
appliedenergistics2:facade:0, Cable Facade - Chiseled Certus Quartz Block
appliedenergistics2:facade:0, Cable Facade - Quartz Glass
appliedenergistics2:facade:0, Cable Facade - Vibrant Quartz Glass
appliedenergistics2:facade:0, Cable Facade - Fluix Block
appliedenergistics2:facade:0, Cable Facade - Sky Stone
appliedenergistics2:facade:0, Cable Facade - Sky Stone Block
appliedenergistics2:facade:0, Cable Facade - Sky Stone Brick
appliedenergistics2:facade:0, Cable Facade - Sky Stone Small Brick
appliedenergistics2:facade:0, Cable Facade - Sugar Block
appliedenergistics2:facade:0, Cable Facade - Gravisand
appliedenergistics2:facade:0, Cable Facade - Swamp Oak Leaves
appliedenergistics2:facade:0, Cable Facade - White Cave Crystal
appliedenergistics2:facade:0, Cable Facade - Ender Biotite Ore
appliedenergistics2:facade:0, Cable Facade - Block of Biotite
appliedenergistics2:facade:0, Cable Facade - Chiseled Biotite Block
appliedenergistics2:facade:0, Cable Facade - Pillar Biotite Block
appliedenergistics2:facade:0, Cable Facade - Basalt
appliedenergistics2:facade:0, Cable Facade - Marble
appliedenergistics2:facade:0, Cable Facade - Limestone
appliedenergistics2:facade:0, Cable Facade - Jasper
appliedenergistics2:facade:0, Cable Facade - Slate
appliedenergistics2:facade:0, Cable Facade - Brimstone
appliedenergistics2:facade:0, Cable Facade - Brimstone Bricks
appliedenergistics2:facade:0, Cable Facade - Elder Prismarine
appliedenergistics2:facade:0, Cable Facade - Elder Sea Lantern
appliedenergistics2:facade:0, Cable Facade - Glowcelium
appliedenergistics2:facade:0, Cable Facade - Glowshroom
appliedenergistics2:facade:0, Cable Facade - Polished Sandstone
appliedenergistics2:facade:0, Cable Facade - Polished Stone
appliedenergistics2:facade:0, Cable Facade - White Stained Planks
appliedenergistics2:facade:0, Cable Facade - Terracotta Shingles
appliedenergistics2:facade:0, Cable Facade - White Terracotta Shingles
appliedenergistics2:facade:0, Cable Facade - Oak Bark Block
appliedenergistics2:facade:0, Cable Facade - Sturdy Stone
appliedenergistics2:facade:0, Cable Facade - Iron Plate
appliedenergistics2:facade:0, Cable Facade - Sandy Bricks
appliedenergistics2:facade:0, Cable Facade - Thatch
appliedenergistics2:facade:0, Cable Facade - Charred Nether Brick
appliedenergistics2:facade:0, Cable Facade - Granite Bricks
appliedenergistics2:facade:0, Cable Facade - Chiseled Granite Bricks
appliedenergistics2:facade:0, Cable Facade - Midori Block
appliedenergistics2:facade:0, Cable Facade - Midori Pillar
appliedenergistics2:facade:0, Cable Facade - Magma Bricks
appliedenergistics2:facade:0, Cable Facade - Vertical Oak Wood Planks
appliedenergistics2:facade:0, Cable Facade - Vertical White Stained Planks
appliedenergistics2:facade:0, Cable Facade - Duskbound Block
appliedenergistics2:facade:0, Cable Facade - Duskbound Lantern
appliedenergistics2:facade:0, Cable Facade - Granite Pavement
appliedenergistics2:facade:0, Cable Facade - Sugar Cane Block
appliedenergistics2:facade:0, Cable Facade - Snow Bricks
appliedenergistics2:facade:0, Cable Facade - Carved Oak Wood
appliedenergistics2:facade:0, Cable Facade - Soul Sandstone
appliedenergistics2:facade:0, Cable Facade - Turf Block
appliedenergistics2:facade:0, Cable Facade - Netherwrought Stone
appliedenergistics2:facade:0, Cable Facade - White Quilted Wool
appliedenergistics2:facade:0, Cable Facade - Spruce Bookshelf
appliedenergistics2:facade:0, Cable Facade - Lit Redstone Lamp
appliedenergistics2:facade:0, Cable Facade - Blaze Lantern
appliedenergistics2:facade:0, Cable Facade - Block of Smokey Quartz
appliedenergistics2:facade:0, Cable Facade - Chiseled Smokey Quartz Block
appliedenergistics2:facade:0, Cable Facade - Pillar Smokey Quartz Block
appliedenergistics2:facade:0, Cable Facade - Block of Mana Quartz
appliedenergistics2:facade:0, Cable Facade - Chiseled Mana Quartz Block
appliedenergistics2:facade:0, Cable Facade - Pillar Mana Quartz Block
appliedenergistics2:facade:0, Cable Facade - Block of Blaze Quartz
appliedenergistics2:facade:0, Cable Facade - Chiseled Blaze Quartz Block
appliedenergistics2:facade:0, Cable Facade - Pillar Blaze Quartz Block
appliedenergistics2:facade:0, Cable Facade - Block of Lavender Quartz
appliedenergistics2:facade:0, Cable Facade - Chiseled Lavender Quartz Block
appliedenergistics2:facade:0, Cable Facade - Pillar Lavender Quartz Block
appliedenergistics2:facade:0, Cable Facade - Block of Redquartz
appliedenergistics2:facade:0, Cable Facade - Chiseled Redquartz Block
appliedenergistics2:facade:0, Cable Facade - Pillar Redquartz Block
appliedenergistics2:facade:0, Cable Facade - Block of Elven Quartz
appliedenergistics2:facade:0, Cable Facade - Chiseled Elven Quartz Block
appliedenergistics2:facade:0, Cable Facade - Pillar Elven Quartz Block
appliedenergistics2:facade:0, Cable Facade - Block of Sunny Quartz
appliedenergistics2:facade:0, Cable Facade - Chiseled Sunny Quartz Block
appliedenergistics2:facade:0, Cable Facade - Pillar Sunny Quartz Block
appliedenergistics2:facade:0, Cable Facade - Metamorphic Forest Stone
appliedenergistics2:facade:0, Cable Facade - Metamorphic Plains Stone
appliedenergistics2:facade:0, Cable Facade - Metamorphic Mountain Stone
appliedenergistics2:facade:0, Cable Facade - Metamorphic Fungal Stone
appliedenergistics2:facade:0, Cable Facade - Metamorphic Swamp Stone
appliedenergistics2:facade:0, Cable Facade - Metamorphic Desert Stone
appliedenergistics2:facade:0, Cable Facade - Metamorphic Taiga Stone
appliedenergistics2:facade:0, Cable Facade - Metamorphic Mesa Stone
appliedenergistics2:facade:0, Cable Facade - Metamorphic Forest Cobblestone
appliedenergistics2:facade:0, Cable Facade - Metamorphic Plains Cobblestone
appliedenergistics2:facade:0, Cable Facade - Metamorphic Mountain Cobblestone
appliedenergistics2:facade:0, Cable Facade - Metamorphic Fungal Cobblestone
appliedenergistics2:facade:0, Cable Facade - Metamorphic Swamp Cobblestone
appliedenergistics2:facade:0, Cable Facade - Metamorphic Desert Cobblestone
appliedenergistics2:facade:0, Cable Facade - Metamorphic Taiga Cobblestone
appliedenergistics2:facade:0, Cable Facade - Metamorphic Mesa Cobblestone
appliedenergistics2:facade:0, Cable Facade - Metamorphic Forest Stone Bricks
appliedenergistics2:facade:0, Cable Facade - Metamorphic Plains Stone Bricks
appliedenergistics2:facade:0, Cable Facade - Metamorphic Mountain Stone Bricks
appliedenergistics2:facade:0, Cable Facade - Metamorphic Fungal Stone Bricks
appliedenergistics2:facade:0, Cable Facade - Metamorphic Swamp Stone Bricks
appliedenergistics2:facade:0, Cable Facade - Metamorphic Desert Stone Bricks
appliedenergistics2:facade:0, Cable Facade - Metamorphic Taiga Stone Bricks
appliedenergistics2:facade:0, Cable Facade - Metamorphic Mesa Stone Bricks
appliedenergistics2:facade:0, Cable Facade - Chiseled Metamorphic Forest Stone Brick
appliedenergistics2:facade:0, Cable Facade - Chiseled Metamorphic Plains Stone Brick
appliedenergistics2:facade:0, Cable Facade - Chiseled Metamorphic Mountain Stone Brick
appliedenergistics2:facade:0, Cable Facade - Chiseled Metamorphic Fungal Stone Brick
appliedenergistics2:facade:0, Cable Facade - Chiseled Metamorphic Swamp Stone Brick
appliedenergistics2:facade:0, Cable Facade - Chiseled Metamorphic Desert Stone Brick
appliedenergistics2:facade:0, Cable Facade - Chiseled Metamorphic Taiga Stone Brick
appliedenergistics2:facade:0, Cable Facade - Chiseled Metamorphic Mesa Stone Brick
appliedenergistics2:facade:0, Cable Facade - White Portuguese Pavement
appliedenergistics2:facade:0, Cable Facade - Black Portuguese Pavement
appliedenergistics2:facade:0, Cable Facade - Blue Portuguese Pavement
appliedenergistics2:facade:0, Cable Facade - Red Portuguese Pavement
appliedenergistics2:facade:0, Cable Facade - Yellow Portuguese Pavement
appliedenergistics2:facade:0, Cable Facade - Green Portuguese Pavement
appliedenergistics2:facade:0, Cable Facade - Livingrock
appliedenergistics2:facade:0, Cable Facade - Livingrock Brick
appliedenergistics2:facade:0, Cable Facade - Mossy Livingrock Brick
appliedenergistics2:facade:0, Cable Facade - Cracked Livingrock Brick
appliedenergistics2:facade:0, Cable Facade - Chiseled Livingrock Brick
appliedenergistics2:facade:0, Cable Facade - Livingwood
appliedenergistics2:facade:0, Cable Facade - Livingwood Planks
appliedenergistics2:facade:0, Cable Facade - Mossy Livingwood Planks
appliedenergistics2:facade:0, Cable Facade - Framed Livingwood
appliedenergistics2:facade:0, Cable Facade - Pattern Framed Livingwood
appliedenergistics2:facade:0, Cable Facade - Glimmering Livingwood
appliedenergistics2:facade:0, Cable Facade - Force Relay
appliedenergistics2:facade:0, Cable Facade - Alchemy Catalyst
appliedenergistics2:facade:0, Cable Facade - Block of Manasteel
appliedenergistics2:facade:0, Cable Facade - Block of Terrasteel
appliedenergistics2:facade:0, Cable Facade - Block of Elementium
appliedenergistics2:facade:0, Cable Facade - Block of Mana Diamond
appliedenergistics2:facade:0, Cable Facade - Block of Dragonstone
appliedenergistics2:facade:0, Cable Facade - Dreamwood
appliedenergistics2:facade:0, Cable Facade - Dreamwood Planks
appliedenergistics2:facade:0, Cable Facade - Mossy Dreamwood Planks
appliedenergistics2:facade:0, Cable Facade - Framed Dreamwood
appliedenergistics2:facade:0, Cable Facade - Pattern Framed Dreamwood
appliedenergistics2:facade:0, Cable Facade - Glimmering Dreamwood
appliedenergistics2:facade:0, Cable Facade - Conjuration Catalyst
appliedenergistics2:facade:0, Cable Facade - Azulejo
appliedenergistics2:facade:0, Cable Facade - Azulejo
appliedenergistics2:facade:0, Cable Facade - Azulejo
appliedenergistics2:facade:0, Cable Facade - Azulejo
appliedenergistics2:facade:0, Cable Facade - Azulejo
appliedenergistics2:facade:0, Cable Facade - Azulejo
appliedenergistics2:facade:0, Cable Facade - Azulejo
appliedenergistics2:facade:0, Cable Facade - Azulejo
appliedenergistics2:facade:0, Cable Facade - Azulejo
appliedenergistics2:facade:0, Cable Facade - Azulejo
appliedenergistics2:facade:0, Cable Facade - Azulejo
appliedenergistics2:facade:0, Cable Facade - Azulejo
appliedenergistics2:facade:0, Cable Facade - Azulejo
appliedenergistics2:facade:0, Cable Facade - Azulejo
appliedenergistics2:facade:0, Cable Facade - Azulejo
appliedenergistics2:facade:0, Cable Facade - Azulejo
appliedenergistics2:facade:0, Cable Facade - Enchanted Soil
appliedenergistics2:facade:0, Cable Facade - White Petal Block
appliedenergistics2:facade:0, Cable Facade - Orange Petal Block
appliedenergistics2:facade:0, Cable Facade - Magenta Petal Block
appliedenergistics2:facade:0, Cable Facade - Light Blue Petal Block
appliedenergistics2:facade:0, Cable Facade - Yellow Petal Block
appliedenergistics2:facade:0, Cable Facade - Lime Petal Block
appliedenergistics2:facade:0, Cable Facade - Pink Petal Block
appliedenergistics2:facade:0, Cable Facade - Gray Petal Block
appliedenergistics2:facade:0, Cable Facade - Light Gray Petal Block
appliedenergistics2:facade:0, Cable Facade - Cyan Petal Block
appliedenergistics2:facade:0, Cable Facade - Purple Petal Block
appliedenergistics2:facade:0, Cable Facade - Blue Petal Block
appliedenergistics2:facade:0, Cable Facade - Brown Petal Block
appliedenergistics2:facade:0, Cable Facade - Green Petal Block
appliedenergistics2:facade:0, Cable Facade - Red Petal Block
appliedenergistics2:facade:0, Cable Facade - Black Petal Block
appliedenergistics2:facade:0, Cable Facade - Blaze Mesh
appliedenergistics2:facade:0, Cable Facade - Living Root
appliedenergistics2:facade:0, Cable Facade - Fel Pumpkin
appliedenergistics2:facade:0, Cable Facade - Manastorm Charge
appliedenergistics2:facade:0, Cable Facade - Shimmerrock
appliedenergistics2:facade:0, Cable Facade - Shimmerwood Planks
appliedenergistics2:facade:0, Cable Facade - Dry Grass
appliedenergistics2:facade:0, Cable Facade - Golden Grass
appliedenergistics2:facade:0, Cable Facade - Vivid Grass
appliedenergistics2:facade:0, Cable Facade - Scorched Grass
appliedenergistics2:facade:0, Cable Facade - Infused Grass
appliedenergistics2:facade:0, Cable Facade - Mutated Grass
appliedenergistics2:facade:0, Cable Facade - Electrical Steel Block
appliedenergistics2:facade:0, Cable Facade - Infinity Dust Block
appliedenergistics2:facade:0, Cable Facade - Compressed Infinity Dust Block
appliedenergistics2:facade:0, Cable Facade - Double Compressed Infinity Dust Block
appliedenergistics2:facade:0, Cable Facade - Reinforced Obsidian
appliedenergistics2:facade:0, Cable Facade - Machine Chassis (decoration block)
appliedenergistics2:facade:0, Cable Facade - Blank Machine (decoration block)
appliedenergistics2:facade:0, Cable Facade - Machine Tops (decoration block)
appliedenergistics2:facade:0, Cable Facade - Machine Sides (decoration block)
appliedenergistics2:facade:0, Cable Facade - Machine Backs (decoration block)
appliedenergistics2:facade:0, Cable Facade - Machine with sides (decoration block)
appliedenergistics2:facade:0, Cable Facade - Machine width backs (decoration block)
appliedenergistics2:facade:0, Cable Facade - Blank Soul Machine (decoration block)
appliedenergistics2:facade:0, Cable Facade - Soul Machine Tops (decoration block)
appliedenergistics2:facade:0, Cable Facade - Soul Machine Sides (decoration block)
appliedenergistics2:facade:0, Cable Facade - Soul Machine Backs (decoration block)
appliedenergistics2:facade:0, Cable Facade - Soul Machine with sides (decoration block)
appliedenergistics2:facade:0, Cable Facade - Soul Machine width backs (decoration block)
appliedenergistics2:facade:0, Cable Facade - Red Machine (decoration block)
appliedenergistics2:facade:0, Cable Facade - Broken Spawner (decoration block)
appliedenergistics2:facade:0, Cable Facade - Invisible Block (decoration block)
appliedenergistics2:facade:0, Cable Facade - Alloy Smelter (decoration block)
appliedenergistics2:facade:0, Cable Facade - Item Buffer (decoration block)
appliedenergistics2:facade:0, Cable Facade - Power Buffer (decoration block)
appliedenergistics2:facade:0, Cable Facade - Omni Buffer (decoration block)
appliedenergistics2:facade:0, Cable Facade - Creative Buffer (decoration block)
appliedenergistics2:facade:0, Cable Facade - Crafter (decoration block)
appliedenergistics2:facade:0, Cable Facade - Painting Machine (decoration block)
appliedenergistics2:facade:0, Cable Facade - Power Monitor (decoration block)
appliedenergistics2:facade:0, Cable Facade - SAG Mill (decoration block)
appliedenergistics2:facade:0, Cable Facade - Slice'N'Splice (decoration block)
appliedenergistics2:facade:0, Cable Facade - Stirling Generator (decoration block)
appliedenergistics2:facade:0, Cable Facade - Fluid Tank (decoration block)
appliedenergistics2:facade:0, Cable Facade - Pressurized Fluid Tank (decoration block)
appliedenergistics2:facade:0, Cable Facade - Travel Anchor (decoration block)
appliedenergistics2:facade:0, Cable Facade - Vacuum Chest (decoration block)
appliedenergistics2:facade:0, Cable Facade - Wireless Charger (decoration block)
appliedenergistics2:facade:0, Cable Facade - XP Vacuum (decoration block)
appliedenergistics2:facade:0, Cable Facade - Simple Alloy Smelter (decoration block)
appliedenergistics2:facade:0, Cable Facade - Simple Stirling Generator (decoration block)
appliedenergistics2:facade:0, Cable Facade - Wired Charger (decoration block)
appliedenergistics2:facade:0, Cable Facade - Simple Sagmill (decoration block)
appliedenergistics2:facade:0, Cable Facade - Industrial Insulation
appliedenergistics2:facade:0, Cable Facade - Confusion Charge
appliedenergistics2:facade:0, Cable Facade - Concussion Charge
appliedenergistics2:facade:0, Cable Facade - Ender Charge
appliedenergistics2:facade:0, Cable Facade - Crude Steel Block
appliedenergistics2:facade:0, Cable Facade - Wireless Charging Antenna Extension
appliedenergistics2:facade:0, Cable Facade - Twilight Oak Wood
appliedenergistics2:facade:0, Cable Facade - Canopy Tree Wood
appliedenergistics2:facade:0, Cable Facade - Mangrove Wood
appliedenergistics2:facade:0, Cable Facade - Darkwood
appliedenergistics2:facade:0, Cable Facade - Roots
appliedenergistics2:facade:0, Cable Facade - Liveroots
appliedenergistics2:facade:0, Cable Facade - Twilight Oak Leaves
appliedenergistics2:facade:0, Cable Facade - Canopy Tree Leaves
appliedenergistics2:facade:0, Cable Facade - Mangrove Leaves
appliedenergistics2:facade:0, Cable Facade - Rainbow Oak Leaves
appliedenergistics2:facade:0, Cable Facade - Mazestone
appliedenergistics2:facade:0, Cable Facade - Mazestone Brick
appliedenergistics2:facade:0, Cable Facade - Chiseled Mazestone
appliedenergistics2:facade:0, Cable Facade - Decorative Mazestone Brick
appliedenergistics2:facade:0, Cable Facade - Cracked Mazestone Brick
appliedenergistics2:facade:0, Cable Facade - Mossy Mazestone Brick
appliedenergistics2:facade:0, Cable Facade - Mazestone Mosaic
appliedenergistics2:facade:0, Cable Facade - Mazestone Border
appliedenergistics2:facade:0, Cable Facade - Hedge
appliedenergistics2:facade:0, Cable Facade - Uncrafting Table
appliedenergistics2:facade:0, Cable Facade - Nagastone Head
appliedenergistics2:facade:0, Cable Facade - Nagastone
appliedenergistics2:facade:0, Cable Facade - Timewood
appliedenergistics2:facade:0, Cable Facade - Transwood
appliedenergistics2:facade:0, Cable Facade - Minewood
appliedenergistics2:facade:0, Cable Facade - Sortingwood
appliedenergistics2:facade:0, Cable Facade - Timewood Leaves
appliedenergistics2:facade:0, Cable Facade - Leaves of Transformation
appliedenergistics2:facade:0, Cable Facade - Miner's Leaves
appliedenergistics2:facade:0, Cable Facade - Sorting Leaves
appliedenergistics2:facade:0, Cable Facade - Timewood Clock
appliedenergistics2:facade:0, Cable Facade - Heart of Transformation
appliedenergistics2:facade:0, Cable Facade - Minewood Core
appliedenergistics2:facade:0, Cable Facade - Sortingwood Engine
appliedenergistics2:facade:0, Cable Facade - Towerwood Planks
appliedenergistics2:facade:0, Cable Facade - Encased Towerwood
appliedenergistics2:facade:0, Cable Facade - Cracked Towerwood
appliedenergistics2:facade:0, Cable Facade - Mossy Towerwood
appliedenergistics2:facade:0, Cable Facade - Infested Towerwood
appliedenergistics2:facade:0, Cable Facade - Reappearing Block
appliedenergistics2:facade:0, Cable Facade - Vanishing Block
appliedenergistics2:facade:0, Cable Facade - Locked Vanishing Block
appliedenergistics2:facade:0, Cable Facade - Unlocked Vanishing Block
appliedenergistics2:facade:0, Cable Facade - Carminite Builder
appliedenergistics2:facade:0, Cable Facade - Anti-builder
appliedenergistics2:facade:0, Cable Facade - Ghast Trap
appliedenergistics2:facade:0, Cable Facade - Carminite Reactor
appliedenergistics2:facade:0, Cable Facade - Stronghold Shield
appliedenergistics2:facade:0, Cable Facade - Aurora Block
appliedenergistics2:facade:0, Cable Facade - Underbrick
appliedenergistics2:facade:0, Cable Facade - Mossy Underbrick
appliedenergistics2:facade:0, Cable Facade - Cracked Underbrick
appliedenergistics2:facade:0, Cable Facade - Underbrick Floor
appliedenergistics2:facade:0, Cable Facade - Thorn Leaves
appliedenergistics2:facade:0, Cable Facade - Beanstalk Leaves
appliedenergistics2:facade:0, Cable Facade - Weathered Deadrock
appliedenergistics2:facade:0, Cable Facade - Cracked Deadrock
appliedenergistics2:facade:0, Cable Facade - Deadrock
appliedenergistics2:facade:0, Cable Facade - Darkwood Leaves
appliedenergistics2:facade:0, Cable Facade - Aurora Pillar
appliedenergistics2:facade:0, Cable Facade - Trollsteinn
appliedenergistics2:facade:0, Cable Facade - Wispy Cloud
appliedenergistics2:facade:0, Cable Facade - Fluffy Cloud
appliedenergistics2:facade:0, Cable Facade - Giant Cobblestone
appliedenergistics2:facade:0, Cable Facade - Giant Log
appliedenergistics2:facade:0, Cable Facade - Giant Leaves
appliedenergistics2:facade:0, Cable Facade - Giant Obsidian
appliedenergistics2:facade:0, Cable Facade - Huge Stalk
appliedenergistics2:facade:0, Cable Facade - Huge Mushgloom
appliedenergistics2:facade:0, Cable Facade - Castle Brick
appliedenergistics2:facade:0, Cable Facade - Worn Castle Brick
appliedenergistics2:facade:0, Cable Facade - Cracked Castle Brick
appliedenergistics2:facade:0, Cable Facade - Castle Roof Tile
appliedenergistics2:facade:0, Cable Facade - Mossy Castle Brick
appliedenergistics2:facade:0, Cable Facade - Thick Castle Brick
appliedenergistics2:facade:0, Cable Facade - Encased Castle Brick Pillar
appliedenergistics2:facade:0, Cable Facade - Encased Castle Brick Tile
appliedenergistics2:facade:0, Cable Facade - Bold Castle Brick Pillar
appliedenergistics2:facade:0, Cable Facade - Bold Castle Brick Tiles
appliedenergistics2:facade:0, Cable Facade - Pink Castle Rune Brick
appliedenergistics2:facade:0, Cable Facade - Blue Castle Rune Brick
appliedenergistics2:facade:0, Cable Facade - Yellow Castle Rune Brick
appliedenergistics2:facade:0, Cable Facade - Violet Castle Rune Brick
appliedenergistics2:facade:0, Cable Facade - Cinder Furnace [NYI]
appliedenergistics2:facade:0, Cable Facade - Cinder Log [NYI]
appliedenergistics2:facade:0, Cable Facade - Yellow Castle Door
appliedenergistics2:facade:0, Cable Facade - Violet Castle Door
appliedenergistics2:facade:0, Cable Facade - Pink Castle Door
appliedenergistics2:facade:0, Cable Facade - Blue Castle Door
appliedenergistics2:facade:0, Cable Facade - Block of Ironwood
appliedenergistics2:facade:0, Cable Facade - Block of Fiery Metal
appliedenergistics2:facade:0, Cable Facade - Block of Steeleaf
appliedenergistics2:facade:0, Cable Facade - Block of Arctic Fur
appliedenergistics2:facade:0, Cable Facade - Block of Carminite
appliedenergistics2:facade:0, Cable Facade - Etched Nagastone
appliedenergistics2:facade:0, Cable Facade - Nagastone Pillar
appliedenergistics2:facade:0, Cable Facade - Mossy Etched Nagastone
appliedenergistics2:facade:0, Cable Facade - Mossy Nagastone Pillar
appliedenergistics2:facade:0, Cable Facade - Ruined Etched Nagastone
appliedenergistics2:facade:0, Cable Facade - Ruined Nagastone Pillar
appliedenergistics2:facade:0, Cable Facade - Twilight Oak Planks
appliedenergistics2:facade:0, Cable Facade - Canopy Planks
appliedenergistics2:facade:0, Cable Facade - Mangrove Planks
appliedenergistics2:facade:0, Cable Facade - Darkwood Planks
appliedenergistics2:facade:0, Cable Facade - Timewood Planks
appliedenergistics2:facade:0, Cable Facade - Transwood Planks
appliedenergistics2:facade:0, Cable Facade - Minewood Planks
appliedenergistics2:facade:0, Cable Facade - Sortingwood Planks
appliedenergistics2:facade:0, Cable Facade - Terrorcotta (Circular)
appliedenergistics2:facade:0, Cable Facade - Terrorcotta (Diagonal)
appliedenergistics2:facade:0, Cable Facade - Stone Twist
appliedenergistics2:facade:0, Cable Facade - Grout
appliedenergistics2:facade:0, Cable Facade - Green Slimy Mud
appliedenergistics2:facade:0, Cable Facade - Blue Slimy Mud
appliedenergistics2:facade:0, Cable Facade - Graveyard Soil
appliedenergistics2:facade:0, Cable Facade - Consecrated Soil
appliedenergistics2:facade:0, Cable Facade - Slimy Magma Mud
appliedenergistics2:facade:0, Cable Facade - Congealed Green Slime Block
appliedenergistics2:facade:0, Cable Facade - Congealed Blue Slime Block
appliedenergistics2:facade:0, Cable Facade - Congealed Purple Slime Block
appliedenergistics2:facade:0, Cable Facade - Congealed Blood Block
appliedenergistics2:facade:0, Cable Facade - Congealed Magma Slime Block
appliedenergistics2:facade:0, Cable Facade - Copper Ore
appliedenergistics2:facade:0, Cable Facade - Tin Ore
appliedenergistics2:facade:0, Cable Facade - Aluminum Ore
appliedenergistics2:facade:0, Cable Facade - Cobalt Ore
appliedenergistics2:facade:0, Cable Facade - Ardite Ore
appliedenergistics2:facade:0, Cable Facade - Lavawood
appliedenergistics2:facade:0, Cable Facade - Firewood
appliedenergistics2:facade:0, Cable Facade - Mud Bricks
appliedenergistics2:facade:0, Cable Facade - Block of Copper
appliedenergistics2:facade:0, Cable Facade - Block of Tin
appliedenergistics2:facade:0, Cable Facade - Block of Aluminum
appliedenergistics2:facade:0, Cable Facade - Block of Bronze
appliedenergistics2:facade:0, Cable Facade - Block of Steel
appliedenergistics2:facade:0, Cable Facade - Block of Cobalt
appliedenergistics2:facade:0, Cable Facade - Block of Ardite
appliedenergistics2:facade:0, Cable Facade - Block of Manyullyn
appliedenergistics2:facade:0, Cable Facade - Block of Knightslime
appliedenergistics2:facade:0, Cable Facade - Block of Pigiron
appliedenergistics2:facade:0, Cable Facade - Silky Block of Jewel
appliedenergistics2:facade:0, Cable Facade - Block of Alumite
appliedenergistics2:facade:0, Cable Facade - Green Slimy Dirt
appliedenergistics2:facade:0, Cable Facade - Blue Slimy Dirt
appliedenergistics2:facade:0, Cable Facade - Purple Slimy Dirt
appliedenergistics2:facade:0, Cable Facade - Magma Slimy Dirt
appliedenergistics2:facade:0, Cable Facade - Slimy Grass
appliedenergistics2:facade:0, Cable Facade - Green Slimy Grass
appliedenergistics2:facade:0, Cable Facade - Blue Slimy Grass
appliedenergistics2:facade:0, Cable Facade - Purple Slimy Grass
appliedenergistics2:facade:0, Cable Facade - Magma Slimy Grass
appliedenergistics2:facade:0, Cable Facade - Slimy Grass
appliedenergistics2:facade:0, Cable Facade - Green Slimy Grass
appliedenergistics2:facade:0, Cable Facade - Blue Slimy Grass
appliedenergistics2:facade:0, Cable Facade - Purple Slimy Grass
appliedenergistics2:facade:0, Cable Facade - Magma Slimy Grass
appliedenergistics2:facade:0, Cable Facade - Slimy Grass
appliedenergistics2:facade:0, Cable Facade - Green Slimy Grass
appliedenergistics2:facade:0, Cable Facade - Blue Slimy Grass
appliedenergistics2:facade:0, Cable Facade - Purple Slimy Grass
appliedenergistics2:facade:0, Cable Facade - Magma Slimy Grass
appliedenergistics2:facade:0, Cable Facade - Blue Slimy Leaves
appliedenergistics2:facade:0, Cable Facade - Purple Slimy Leaves
appliedenergistics2:facade:0, Cable Facade - Magma Slimy Leaves
appliedenergistics2:facade:0, Cable Facade - Dried Clay
appliedenergistics2:facade:0, Cable Facade - Dried Bricks
appliedenergistics2:facade:0, Cable Facade - Smooth Brownstone
appliedenergistics2:facade:0, Cable Facade - Rough Brownstone
appliedenergistics2:facade:0, Cable Facade - Brownstone Paver
appliedenergistics2:facade:0, Cable Facade - Brownstone Bricks
appliedenergistics2:facade:0, Cable Facade - Cracked Brownstone Bricks
appliedenergistics2:facade:0, Cable Facade - Fancy Brownstone Bricks
appliedenergistics2:facade:0, Cable Facade - Square Brownstone Bricks
appliedenergistics2:facade:0, Cable Facade - Brownstone Road
appliedenergistics2:facade:0, Cable Facade - Brownstone Creeperface
appliedenergistics2:facade:0, Cable Facade - Triangle Brownstone Bricks
appliedenergistics2:facade:0, Cable Facade - Small Brownstone Bricks
appliedenergistics2:facade:0, Cable Facade - Brownstone Tiles
appliedenergistics2:facade:0, Cable Facade - Blue Slime Block
appliedenergistics2:facade:0, Cable Facade - Purple Slime Block
appliedenergistics2:facade:0, Cable Facade - Blood Slime Block
appliedenergistics2:facade:0, Cable Facade - Magma Slime Block
appliedenergistics2:facade:0, Cable Facade - Block of Black Iron
appliedenergistics2:facade:0, Cable Facade - Block of Luminessence
appliedenergistics2:facade:0, Cable Facade - Block of Nether Stars
appliedenergistics2:facade:0, Cable Facade - Block of Crystaltine
appliedenergistics2:facade:0, Cable Facade - Block of The Ultimate
appliedenergistics2:facade:0, Cable Facade - Block of Ender
appliedenergistics2:facade:0, Cable Facade - Block of Ender Stars
appliedenergistics2:facade:0, Cable Facade - Block of Enhanced Ender
appliedenergistics2:facade:0, Cable Facade - Black Iron Frame
appliedenergistics2:facade:0, Cable Facade - Black Iron Lamp
appliedenergistics2:facade:0, Cable Facade - Black Iron Lamp
appliedenergistics2:facade:0, Cable Facade - Block of Black Iron
appliedenergistics2:facade:0, Cable Facade - Block of Black Iron
appliedenergistics2:facade:0, Cable Facade - Block of Black Iron
appliedenergistics2:facade:0, Cable Facade - Block of Black Iron
appliedenergistics2:facade:0, Cable Facade - Block of Black Iron
appliedenergistics2:facade:0, Cable Facade - Block of Black Iron
appliedenergistics2:facade:0, Cable Facade - Crafting Table
appliedenergistics2:facade:0, Cable Facade - Crushing Wheels
appliedenergistics2:facade:0, Cable Facade - §eBlock of Inferium Essence
appliedenergistics2:facade:0, Cable Facade - §aBlock of Prudentium Essence
appliedenergistics2:facade:0, Cable Facade - §6Block of Intermedium Essence
appliedenergistics2:facade:0, Cable Facade - §bBlock of Superium Essence
appliedenergistics2:facade:0, Cable Facade - §cBlock of Supremium Essence
appliedenergistics2:facade:0, Cable Facade - Block of Prosperity
appliedenergistics2:facade:0, Cable Facade - Block of Base Essence
appliedenergistics2:facade:0, Cable Facade - §eBlock of Inferium
appliedenergistics2:facade:0, Cable Facade - §aBlock of Prudentium
appliedenergistics2:facade:0, Cable Facade - §6Block of Intermedium
appliedenergistics2:facade:0, Cable Facade - §bBlock of Superium
appliedenergistics2:facade:0, Cable Facade - §cBlock of Supremium
appliedenergistics2:facade:0, Cable Facade - §dBlock of Soulium
appliedenergistics2:facade:0, Cable Facade - §eBlock of Inferium Coal
appliedenergistics2:facade:0, Cable Facade - §aBlock of Prudentium Coal
appliedenergistics2:facade:0, Cable Facade - §6Block of Intermedium Coal
appliedenergistics2:facade:0, Cable Facade - §bBlock of Superium Coal
appliedenergistics2:facade:0, Cable Facade - §cBlock of Supremium Coal
appliedenergistics2:facade:0, Cable Facade - Soulstone
appliedenergistics2:facade:0, Cable Facade - Cobbled Soulstone
appliedenergistics2:facade:0, Cable Facade - Polished Soulstone
appliedenergistics2:facade:0, Cable Facade - Soulstone Bricks
appliedenergistics2:facade:0, Cable Facade - Cracked Soulstone Bricks
appliedenergistics2:facade:0, Cable Facade - Chiseled Soulstone
appliedenergistics2:facade:0, Cable Facade - Soulstone Slab Block
appliedenergistics2:facade:0, Cable Facade - Prosperity Ore
appliedenergistics2:facade:0, Cable Facade - Nether Prosperity Ore
appliedenergistics2:facade:0, Cable Facade - End Prosperity Ore
appliedenergistics2:facade:0, Cable Facade - §eInferium Ore
appliedenergistics2:facade:0, Cable Facade - §eNether Inferium Ore
appliedenergistics2:facade:0, Cable Facade - §eEnd Inferium Ore
appliedenergistics2:facade:0, Cable Facade - §eGrowth Accelerator
appliedenergistics2:facade:0, Cable Facade - Mystical Machine Frame
appliedenergistics2:facade:0, Cable Facade - Glowstone Lamp
appliedenergistics2:facade:0, Cable Facade - Witherproof Block
appliedenergistics2:facade:0, Cable Facade - §5Block of Insanium Essence
appliedenergistics2:facade:0, Cable Facade - §5Block of Insanium
appliedenergistics2:facade:0, Cable Facade - §5Block of Insanium Coal
appliedenergistics2:facade:0, Cable Facade - Nether Star Crux
appliedenergistics2:facade:0, Cable Facade - Dragon Egg Crux
appliedenergistics2:facade:0, Cable Facade - Awakened Draconium Crux
appliedenergistics2:facade:0, Cable Facade - Alchemical Coal Block
appliedenergistics2:facade:0, Cable Facade - Mobius Fuel Block
appliedenergistics2:facade:0, Cable Facade - Aeternalis Fuel Block
appliedenergistics2:facade:0, Cable Facade - Dark Matter Block
appliedenergistics2:facade:0, Cable Facade - Red Matter Block
appliedenergistics2:facade:0, Cable Facade - Nova Catalyst
appliedenergistics2:facade:0, Cable Facade - Nova Cataclysm
appliedenergistics2:facade:0, Cable Facade - Machine Frame
appliedenergistics2:facade:0, Cable Facade - Machine Base
appliedenergistics2:facade:0, Cable Facade - Dimensional Shard Ore
appliedenergistics2:facade:0, Cable Facade - Dimensional Shard Ore
appliedenergistics2:facade:0, Cable Facade - Dimensional Shard Ore
appliedenergistics2:facade:0, Cable Facade - Destination Analyzer
appliedenergistics2:facade:0, Cable Facade - Matter Booster
appliedenergistics2:facade:0, Cable Facade - Space Chamber Corner Block
appliedenergistics2:facade:0, Cable Facade - Support Block
appliedenergistics2:facade:0, Cable Facade - Shield Template
appliedenergistics2:facade:0, Cable Facade - Shield Template
appliedenergistics2:facade:0, Cable Facade - Shield Template
appliedenergistics2:facade:0, Cable Facade - Shield Template
appliedenergistics2:facade:0, Cable Facade - Dimensional Blank Block
appliedenergistics2:facade:0, Cable Facade - Dimensional Block
appliedenergistics2:facade:0, Cable Facade - Dimensional Cross 2 Block
appliedenergistics2:facade:0, Cable Facade - Dimensional Cross Block
appliedenergistics2:facade:0, Cable Facade - Dimensional Pattern 1 Block
appliedenergistics2:facade:0, Cable Facade - Dimensional Pattern 2 Block
appliedenergistics2:facade:0, Cable Facade - Dimensional Small Blocks
appliedenergistics2:facade:0, Cable Facade - Activity Probe
appliedenergistics2:facade:0, Cable Facade - levarG
appliedenergistics2:facade:0, Cable Facade - dnaS
appliedenergistics2:facade:0, Cable Facade - Soul Stone
appliedenergistics2:facade:0, Cable Facade - Stygian Iron Block
appliedenergistics2:facade:0, Cable Facade - Stygian Iron Ore
appliedenergistics2:facade:0, Cable Facade - Redstone Proxy
appliedenergistics2:facade:0, Cable Facade - Redstone Proxy (update)
appliedenergistics2:facade:0, Cable Facade - Antenna
appliedenergistics2:facade:0, Cable Facade - Antenna Base
appliedenergistics2:facade:0, Cable Facade - Antenna Dish
appliedenergistics2:facade:0, Cable Facade - Restonia Crystal Block
appliedenergistics2:facade:0, Cable Facade - Palis Crystal Block
appliedenergistics2:facade:0, Cable Facade - Diamatine Crystal Block
appliedenergistics2:facade:0, Cable Facade - Void Crystal Block
appliedenergistics2:facade:0, Cable Facade - Emeradic Crystal Block
appliedenergistics2:facade:0, Cable Facade - Enori Crystal Block
appliedenergistics2:facade:0, Cable Facade - Empowered Restonia Crystal Block
appliedenergistics2:facade:0, Cable Facade - Empowered Palis Crystal Block
appliedenergistics2:facade:0, Cable Facade - Empowered Diamatine Crystal Block
appliedenergistics2:facade:0, Cable Facade - Empowered Void Crystal Block
appliedenergistics2:facade:0, Cable Facade - Empowered Emeradic Crystal Block
appliedenergistics2:facade:0, Cable Facade - Empowered Enori Crystal Block
appliedenergistics2:facade:0, Cable Facade - Ethetic Green Block
appliedenergistics2:facade:0, Cable Facade - Ethetic Quartz
appliedenergistics2:facade:0, Cable Facade - White Lamp
appliedenergistics2:facade:0, Cable Facade - Orange Lamp
appliedenergistics2:facade:0, Cable Facade - Magenta Lamp
appliedenergistics2:facade:0, Cable Facade - Light Blue Lamp
appliedenergistics2:facade:0, Cable Facade - Yellow Lamp
appliedenergistics2:facade:0, Cable Facade - Lime Lamp
appliedenergistics2:facade:0, Cable Facade - Pink Lamp
appliedenergistics2:facade:0, Cable Facade - Gray Lamp
appliedenergistics2:facade:0, Cable Facade - Light Gray Lamp
appliedenergistics2:facade:0, Cable Facade - Cyan Lamp
appliedenergistics2:facade:0, Cable Facade - Purple Lamp
appliedenergistics2:facade:0, Cable Facade - Blue Lamp
appliedenergistics2:facade:0, Cable Facade - Brown Lamp
appliedenergistics2:facade:0, Cable Facade - Green Lamp
appliedenergistics2:facade:0, Cable Facade - Red Lamp
appliedenergistics2:facade:0, Cable Facade - Black Lamp
appliedenergistics2:facade:0, Cable Facade - White Lamp (On)
appliedenergistics2:facade:0, Cable Facade - Orange Lamp (On)
appliedenergistics2:facade:0, Cable Facade - Magenta Lamp (On)
appliedenergistics2:facade:0, Cable Facade - Light Blue Lamp (On)
appliedenergistics2:facade:0, Cable Facade - Yellow Lamp (On)
appliedenergistics2:facade:0, Cable Facade - Lime Lamp (On)
appliedenergistics2:facade:0, Cable Facade - Pink Lamp (On)
appliedenergistics2:facade:0, Cable Facade - Gray Lamp (On)
appliedenergistics2:facade:0, Cable Facade - Light Gray Lamp (On)
appliedenergistics2:facade:0, Cable Facade - Cyan Lamp (On)
appliedenergistics2:facade:0, Cable Facade - Purple Lamp (On)
appliedenergistics2:facade:0, Cable Facade - Blue Lamp (On)
appliedenergistics2:facade:0, Cable Facade - Brown Lamp (On)
appliedenergistics2:facade:0, Cable Facade - Green Lamp (On)
appliedenergistics2:facade:0, Cable Facade - Red Lamp (On)
appliedenergistics2:facade:0, Cable Facade - Black Lamp (On)
appliedenergistics2:facade:0, Cable Facade - Lamp Controller
appliedenergistics2:facade:0, Cable Facade - Treasure Chest
appliedenergistics2:facade:0, Cable Facade - Pillar of Black Quartz
appliedenergistics2:facade:0, Cable Facade - Chiseled Block of Black Quartz
appliedenergistics2:facade:0, Cable Facade - Block of Black Quartz
appliedenergistics2:facade:0, Cable Facade - Black Quartz Ore
appliedenergistics2:facade:0, Cable Facade - Wood Casing
appliedenergistics2:facade:0, Cable Facade - Block of Charcoal
appliedenergistics2:facade:0, Cable Facade - Block of Enderpearl
appliedenergistics2:facade:0, Cable Facade - Casing
appliedenergistics2:facade:0, Cable Facade - Ender Casing
appliedenergistics2:facade:0, Cable Facade - Iron Casing
appliedenergistics2:facade:0, Cable Facade - Aether Grass
appliedenergistics2:facade:0, Cable Facade - Enchanted Aether Grass
appliedenergistics2:facade:0, Cable Facade - Aether Dirt
appliedenergistics2:facade:0, Cable Facade - Holystone
appliedenergistics2:facade:0, Cable Facade - Mossy Holystone
appliedenergistics2:facade:0, Cable Facade - Holystone Brick
appliedenergistics2:facade:0, Cable Facade - Quicksoil
appliedenergistics2:facade:0, Cable Facade - Icestone
appliedenergistics2:facade:0, Cable Facade - Ambrosium Ore
appliedenergistics2:facade:0, Cable Facade - Zanite Ore
appliedenergistics2:facade:0, Cable Facade - Gravitite Ore
appliedenergistics2:facade:0, Cable Facade - Skyroot Leaves
appliedenergistics2:facade:0, Cable Facade - Golden Oak Leaves
appliedenergistics2:facade:0, Cable Facade - Skyroot Log
appliedenergistics2:facade:0, Cable Facade - Golden Oak Log
appliedenergistics2:facade:0, Cable Facade - Skyroot Plank
appliedenergistics2:facade:0, Cable Facade - Aerogel
appliedenergistics2:facade:0, Cable Facade - Enchanted Gravitite
appliedenergistics2:facade:0, Cable Facade - Zanite Block
appliedenergistics2:facade:0, Cable Facade - Carved Stone
appliedenergistics2:facade:0, Cable Facade - Sentry Stone
appliedenergistics2:facade:0, Cable Facade - Angelic Stone
appliedenergistics2:facade:0, Cable Facade - Light Angelic Stone
appliedenergistics2:facade:0, Cable Facade - Hellfire Stone
appliedenergistics2:facade:0, Cable Facade - Light Hellfire Stone
appliedenergistics2:facade:0, Cable Facade - Carved Stone
appliedenergistics2:facade:0, Cable Facade - Sentry Stone
appliedenergistics2:facade:0, Cable Facade - Angelic Stone
appliedenergistics2:facade:0, Cable Facade - Light Angelic Stone
appliedenergistics2:facade:0, Cable Facade - Hellfire Stone
appliedenergistics2:facade:0, Cable Facade - Light Hellfire Stone
appliedenergistics2:facade:0, Cable Facade - Carved Stone
appliedenergistics2:facade:0, Cable Facade - Sentry Stone
appliedenergistics2:facade:0, Cable Facade - Angelic Stone
appliedenergistics2:facade:0, Cable Facade - Light Angelic Stone
appliedenergistics2:facade:0, Cable Facade - Hellfire Stone
appliedenergistics2:facade:0, Cable Facade - Light Hellfire Stone
appliedenergistics2:facade:0, Cable Facade - Crystal Leaves
appliedenergistics2:facade:0, Cable Facade - Crystal Fruit Leaves
appliedenergistics2:facade:0, Cable Facade - Holiday Leaves
appliedenergistics2:facade:0, Cable Facade - Decorated Holiday Leaves
appliedenergistics2:facade:0, Cable Facade - Present
appliedenergistics2:facade:0, Cable Facade - Pillar
appliedenergistics2:facade:0, Cable Facade - Pillar Top
appliedenergistics2:facade:0, Cable Facade - Skyroot Double Slab
appliedenergistics2:facade:0, Cable Facade - Carved Double Slab
appliedenergistics2:facade:0, Cable Facade - Angelic Double Slab
appliedenergistics2:facade:0, Cable Facade - Hellfire Double Slab
appliedenergistics2:facade:0, Cable Facade - Holystone Double Slab
appliedenergistics2:facade:0, Cable Facade - Mossy Holystone Double Slab
appliedenergistics2:facade:0, Cable Facade - Holystone Brick Double Slab
appliedenergistics2:facade:0, Cable Facade - Sun Altar
appliedenergistics2:facade:0, Cable Facade - Skyroot Bookshelf
appliedenergistics2:facade:0, Cable Facade - Rock Crystal Ore
appliedenergistics2:facade:0, Cable Facade - Starmetal Ore
appliedenergistics2:facade:0, Cable Facade - Aquamarine Shale
appliedenergistics2:facade:0, Cable Facade - Marble
appliedenergistics2:facade:0, Cable Facade - Marble Bricks
appliedenergistics2:facade:0, Cable Facade - Marble Pillar
appliedenergistics2:facade:0, Cable Facade - Marble Arch
appliedenergistics2:facade:0, Cable Facade - Chiseled Marble
appliedenergistics2:facade:0, Cable Facade - Engraved Marble
appliedenergistics2:facade:0, Cable Facade - Runed Marble
appliedenergistics2:facade:0, Cable Facade - Sooty Marble
appliedenergistics2:facade:0, Cable Facade - Sooty Marble Bricks
appliedenergistics2:facade:0, Cable Facade - Sooty Marble Pillar
appliedenergistics2:facade:0, Cable Facade - Sooty Marble Arch
appliedenergistics2:facade:0, Cable Facade - Chiseled Sooty Marble
appliedenergistics2:facade:0, Cable Facade - Engraved Sooty Marble
appliedenergistics2:facade:0, Cable Facade - Runed Sooty Marble
appliedenergistics2:facade:0, Cable Facade - Infused Wood
appliedenergistics2:facade:0, Cable Facade - Infused Wood Planks
appliedenergistics2:facade:0, Cable Facade - Infused Wood Column
appliedenergistics2:facade:0, Cable Facade - Infused Wood Arch
appliedenergistics2:facade:0, Cable Facade - Engraved Infused Wood
appliedenergistics2:facade:0, Cable Facade - Enriched Infused Wood
appliedenergistics2:facade:0, Cable Facade - Vibrant Infused Wood
appliedenergistics2:facade:0, Cable Facade - Neromantic Prime
appliedenergistics2:facade:0, Cable Facade - Fysallidic Prime
appliedenergistics2:facade:0, Cable Facade - Altered Fabric
appliedenergistics2:facade:0, Cable Facade - Orange Altered Fabric
appliedenergistics2:facade:0, Cable Facade - Magenta Altered Fabric
appliedenergistics2:facade:0, Cable Facade - Light Blue Altered Fabric
appliedenergistics2:facade:0, Cable Facade - Yellow Altered Fabric
appliedenergistics2:facade:0, Cable Facade - Lime Altered Fabric
appliedenergistics2:facade:0, Cable Facade - Pink Altered Fabric
appliedenergistics2:facade:0, Cable Facade - Gray Altered Fabric
appliedenergistics2:facade:0, Cable Facade - Light Gray Altered Fabric
appliedenergistics2:facade:0, Cable Facade - Cyan Altered Fabric
appliedenergistics2:facade:0, Cable Facade - Purple Altered Fabric
appliedenergistics2:facade:0, Cable Facade - Blue Altered Fabric
appliedenergistics2:facade:0, Cable Facade - Brown Altered Fabric
appliedenergistics2:facade:0, Cable Facade - Green Altered Fabric
appliedenergistics2:facade:0, Cable Facade - Red Altered Fabric
appliedenergistics2:facade:0, Cable Facade - Fabric of Reality
appliedenergistics2:facade:0, Cable Facade - Altered Ancient Fabric
appliedenergistics2:facade:0, Cable Facade - Orange Altered Ancient Fabric
appliedenergistics2:facade:0, Cable Facade - Magenta Altered Ancient Fabric
appliedenergistics2:facade:0, Cable Facade - Light Blue Altered Ancient Fabric
appliedenergistics2:facade:0, Cable Facade - Yellow Altered Ancient Fabric
appliedenergistics2:facade:0, Cable Facade - Lime Altered Ancient Fabric
appliedenergistics2:facade:0, Cable Facade - Pink Altered Ancient Fabric
appliedenergistics2:facade:0, Cable Facade - Gray Altered Ancient Fabric
appliedenergistics2:facade:0, Cable Facade - Light Gray Altered Ancient Fabric
appliedenergistics2:facade:0, Cable Facade - Cyan Altered Ancient Fabric
appliedenergistics2:facade:0, Cable Facade - Purple Altered Ancient Fabric
appliedenergistics2:facade:0, Cable Facade - Blue Altered Ancient Fabric
appliedenergistics2:facade:0, Cable Facade - Brown Altered Ancient Fabric
appliedenergistics2:facade:0, Cable Facade - Green Altered Ancient Fabric
appliedenergistics2:facade:0, Cable Facade - Red Altered Ancient Fabric
appliedenergistics2:facade:0, Cable Facade - Ancient Fabric
appliedenergistics2:facade:0, Cable Facade - Unraveled Fabric
appliedenergistics2:facade:0, Cable Facade - Eternal Fabric
appliedenergistics2:facade:0, Cable Facade - Marking Plate
appliedenergistics2:facade:0, Cable Facade - Litherite
appliedenergistics2:facade:0, Cable Facade - Litherite Paver
appliedenergistics2:facade:0, Cable Facade - Litherite Bricks
appliedenergistics2:facade:0, Cable Facade - Litherite Tiles
appliedenergistics2:facade:0, Cable Facade - Erodium
appliedenergistics2:facade:0, Cable Facade - Erodium Paver
appliedenergistics2:facade:0, Cable Facade - Erodium Bricks
appliedenergistics2:facade:0, Cable Facade - Erodium Tiles
appliedenergistics2:facade:0, Cable Facade - Kyronite
appliedenergistics2:facade:0, Cable Facade - Kyronite Paver
appliedenergistics2:facade:0, Cable Facade - Kyronite Bricks
appliedenergistics2:facade:0, Cable Facade - Kyronite Tiles
appliedenergistics2:facade:0, Cable Facade - Pladium
appliedenergistics2:facade:0, Cable Facade - Pladium Paver
appliedenergistics2:facade:0, Cable Facade - Pladium Bricks
appliedenergistics2:facade:0, Cable Facade - Pladium Tiles
appliedenergistics2:facade:0, Cable Facade - Ionite
appliedenergistics2:facade:0, Cable Facade - Ionite Paver
appliedenergistics2:facade:0, Cable Facade - Ionite Bricks
appliedenergistics2:facade:0, Cable Facade - Ionite Tiles
appliedenergistics2:facade:0, Cable Facade - Aethium
appliedenergistics2:facade:0, Cable Facade - Aethium Paver
appliedenergistics2:facade:0, Cable Facade - Aethium Bricks
appliedenergistics2:facade:0, Cable Facade - Aethium Tiles
appliedenergistics2:facade:0, Cable Facade - Lonsdaleite
appliedenergistics2:facade:0, Cable Facade - Lonsdaleite Paver
appliedenergistics2:facade:0, Cable Facade - Lonsdaleite Bricks
appliedenergistics2:facade:0, Cable Facade - Lonsdaleite Tiles
appliedenergistics2:facade:0, Cable Facade - Mica
appliedenergistics2:facade:0, Cable Facade - Interconnect
appliedenergistics2:crystal_seed:0, Certus Quartz Seed
appliedenergistics2:crystal_seed:600, Nether Quartz Seed
appliedenergistics2:crystal_seed:1200, Fluix Seed
appliedenergistics2:crystal_seed:0, Certus Quartz Seed
appliedenergistics2:crystal_seed:600, Nether Quartz Seed
appliedenergistics2:crystal_seed:1200, Fluix Seed
appliedenergistics2:crystal_seed:0, Certus Quartz Seed
appliedenergistics2:crystal_seed:600, Nether Quartz Seed
appliedenergistics2:crystal_seed:1200, Fluix Seed
appliedenergistics2:encoded_pattern, Encoded Pattern
appliedenergistics2:paint_ball:0, Paint Ball - White
appliedenergistics2:paint_ball:1, Paint Ball - Orange
appliedenergistics2:paint_ball:2, Paint Ball - Magenta
appliedenergistics2:paint_ball:3, Paint Ball - Light Blue
appliedenergistics2:paint_ball:4, Paint Ball - Yellow
appliedenergistics2:paint_ball:5, Paint Ball - Lime
appliedenergistics2:paint_ball:6, Paint Ball - Pink
appliedenergistics2:paint_ball:7, Paint Ball - Gray
appliedenergistics2:paint_ball:8, Paint Ball - Light Gray
appliedenergistics2:paint_ball:9, Paint Ball - Cyan
appliedenergistics2:paint_ball:10, Paint Ball - Purple
appliedenergistics2:paint_ball:11, Paint Ball - Blue
appliedenergistics2:paint_ball:12, Paint Ball - Brown
appliedenergistics2:paint_ball:13, Paint Ball - Green
appliedenergistics2:paint_ball:14, Paint Ball - Red
appliedenergistics2:paint_ball:15, Paint Ball - Black
appliedenergistics2:paint_ball:20, Paint Ball - Lumen White
appliedenergistics2:paint_ball:21, Paint Ball - Lumen Orange
appliedenergistics2:paint_ball:22, Paint Ball - Lumen Magenta
appliedenergistics2:paint_ball:23, Paint Ball - Lumen Light Blue
appliedenergistics2:paint_ball:24, Paint Ball - Lumen Yellow
appliedenergistics2:paint_ball:25, Paint Ball - Lumen Lime
appliedenergistics2:paint_ball:26, Paint Ball - Lumen Pink
appliedenergistics2:paint_ball:27, Paint Ball - Lumen Gray
appliedenergistics2:paint_ball:28, Paint Ball - Lumen Light Gray
appliedenergistics2:paint_ball:29, Paint Ball - Lumen Cyan
appliedenergistics2:paint_ball:30, Paint Ball - Lumen Purple
appliedenergistics2:paint_ball:31, Paint Ball - Lumen Blue
appliedenergistics2:paint_ball:32, Paint Ball - Lumen Brown
appliedenergistics2:paint_ball:33, Paint Ball - Lumen Green
appliedenergistics2:paint_ball:34, Paint Ball - Lumen Red
appliedenergistics2:paint_ball:35, Paint Ball - Lumen Black
appliedenergistics2:dummy_fluid_item, item.appliedenergistics2.dummy_fluid_item.name
appliedenergistics2:material:28, Advanced Card
appliedenergistics2:material:44, Annihilation Core
appliedenergistics2:material:25, Basic Card
appliedenergistics2:material:52, Blank Pattern
appliedenergistics2:material:23, Calculation Processor
appliedenergistics2:material:13, Inscriber Calculation Press
appliedenergistics2:material:16, Printed Calculation Circuit
appliedenergistics2:material:27, Capacity Card
appliedenergistics2:material:53, Crafting Card
appliedenergistics2:material:29, Fuzzy Card
appliedenergistics2:material:31, Inverter Card
appliedenergistics2:material:60, Magnet Card
appliedenergistics2:material:58, Pattern Expansion Card
appliedenergistics2:material:59, Quantum Link Card
appliedenergistics2:material:26, Redstone Card
appliedenergistics2:material:30, Acceleration Card
appliedenergistics2:material:61, Sticky Card
appliedenergistics2:material:34, §d128³§r Spatial Component
appliedenergistics2:material:37, §a16k§r ME Storage Component
appliedenergistics2:material:33, §916³§r Spatial Component
appliedenergistics2:material:35, §61k§r ME Storage Component
appliedenergistics2:material:32, §62³§r Spatial Component
appliedenergistics2:material:36, §e4k§r ME Storage Component
appliedenergistics2:material:38, §b64k§r ME Storage Component
appliedenergistics2:material:0, Certus Quartz Crystal
appliedenergistics2:material:1, Charged Certus Quartz Crystal
appliedenergistics2:material:2, Certus Quartz Dust
appliedenergistics2:material:39, ME Storage Housing
appliedenergistics2:material:46, Ender Dust
appliedenergistics2:material:24, Engineering Processor
appliedenergistics2:material:14, Inscriber Engineering Press
appliedenergistics2:material:17, Printed Engineering Circuit
appliedenergistics2:material:4, Flour
appliedenergistics2:material:56, §a16k§r ME Fluid Storage Component
appliedenergistics2:material:54, §61k§r ME Fluid Storage Component
appliedenergistics2:material:55, §e4k§r ME Fluid Storage Component
appliedenergistics2:material:57, §b64k§r ME Fluid Storage Component
appliedenergistics2:material:7, Fluix Crystal
appliedenergistics2:material:8, Fluix Dust
appliedenergistics2:material:9, Fluix Pearl
appliedenergistics2:material:43, Formation Core
appliedenergistics2:material:51, Gold Dust
appliedenergistics2:material:49, Iron Dust
appliedenergistics2:material:22, Logic Processor
appliedenergistics2:material:15, Inscriber Logic Press
appliedenergistics2:material:18, Printed Logic Circuit
appliedenergistics2:material:6, Matter Ball
appliedenergistics2:material:21, Inscriber Name Press
appliedenergistics2:material:3, Nether Quartz Dust
appliedenergistics2:material:10, Pure Certus Quartz Crystal
appliedenergistics2:material:12, Pure Fluix Crystal
appliedenergistics2:material:11, Pure Nether Quartz Crystal
appliedenergistics2:material:48, Quantum Entangled Singularity
appliedenergistics2:material:5, Silicon
appliedenergistics2:material:19, Inscriber Silicon Press
appliedenergistics2:material:20, Printed Silicon
appliedenergistics2:material:47, Singularity
appliedenergistics2:material:45, Sky Stone Dust
appliedenergistics2:material:41, Wireless Receiver
appliedenergistics2:material:42, Wireless Booster
appliedenergistics2:material:40, Wooden Gear
appliedenergistics2:part:300, ME Annihilation Plane
appliedenergistics2:part:120, Cable Anchor
appliedenergistics2:part:20, ME Covered Cable - White
appliedenergistics2:part:21, ME Covered Cable - Orange
appliedenergistics2:part:22, ME Covered Cable - Magenta
appliedenergistics2:part:23, ME Covered Cable - Light Blue
appliedenergistics2:part:24, ME Covered Cable - Yellow
appliedenergistics2:part:25, ME Covered Cable - Lime
appliedenergistics2:part:26, ME Covered Cable - Pink
appliedenergistics2:part:27, ME Covered Cable - Gray
appliedenergistics2:part:28, ME Covered Cable - Light Gray
appliedenergistics2:part:29, ME Covered Cable - Cyan
appliedenergistics2:part:30, ME Covered Cable - Purple
appliedenergistics2:part:31, ME Covered Cable - Blue
appliedenergistics2:part:32, ME Covered Cable - Brown
appliedenergistics2:part:33, ME Covered Cable - Green
appliedenergistics2:part:34, ME Covered Cable - Red
appliedenergistics2:part:35, ME Covered Cable - Black
appliedenergistics2:part:36, ME Covered Cable - Fluix
appliedenergistics2:part:500, ME Dense Covered Cable - White
appliedenergistics2:part:501, ME Dense Covered Cable - Orange
appliedenergistics2:part:502, ME Dense Covered Cable - Magenta
appliedenergistics2:part:503, ME Dense Covered Cable - Light Blue
appliedenergistics2:part:504, ME Dense Covered Cable - Yellow
appliedenergistics2:part:505, ME Dense Covered Cable - Lime
appliedenergistics2:part:506, ME Dense Covered Cable - Pink
appliedenergistics2:part:507, ME Dense Covered Cable - Gray
appliedenergistics2:part:508, ME Dense Covered Cable - Light Gray
appliedenergistics2:part:509, ME Dense Covered Cable - Cyan
appliedenergistics2:part:510, ME Dense Covered Cable - Purple
appliedenergistics2:part:511, ME Dense Covered Cable - Blue
appliedenergistics2:part:512, ME Dense Covered Cable - Brown
appliedenergistics2:part:513, ME Dense Covered Cable - Green
appliedenergistics2:part:514, ME Dense Covered Cable - Red
appliedenergistics2:part:515, ME Dense Covered Cable - Black
appliedenergistics2:part:516, ME Dense Covered Cable - Fluix
appliedenergistics2:part:60, ME Dense Smart Cable - White
appliedenergistics2:part:61, ME Dense Smart Cable - Orange
appliedenergistics2:part:62, ME Dense Smart Cable - Magenta
appliedenergistics2:part:63, ME Dense Smart Cable - Light Blue
appliedenergistics2:part:64, ME Dense Smart Cable - Yellow
appliedenergistics2:part:65, ME Dense Smart Cable - Lime
appliedenergistics2:part:66, ME Dense Smart Cable - Pink
appliedenergistics2:part:67, ME Dense Smart Cable - Gray
appliedenergistics2:part:68, ME Dense Smart Cable - Light Gray
appliedenergistics2:part:69, ME Dense Smart Cable - Cyan
appliedenergistics2:part:70, ME Dense Smart Cable - Purple
appliedenergistics2:part:71, ME Dense Smart Cable - Blue
appliedenergistics2:part:72, ME Dense Smart Cable - Brown
appliedenergistics2:part:73, ME Dense Smart Cable - Green
appliedenergistics2:part:74, ME Dense Smart Cable - Red
appliedenergistics2:part:75, ME Dense Smart Cable - Black
appliedenergistics2:part:76, ME Dense Smart Cable - Fluix
appliedenergistics2:part:0, ME Glass Cable - White
appliedenergistics2:part:1, ME Glass Cable - Orange
appliedenergistics2:part:2, ME Glass Cable - Magenta
appliedenergistics2:part:3, ME Glass Cable - Light Blue
appliedenergistics2:part:4, ME Glass Cable - Yellow
appliedenergistics2:part:5, ME Glass Cable - Lime
appliedenergistics2:part:6, ME Glass Cable - Pink
appliedenergistics2:part:7, ME Glass Cable - Gray
appliedenergistics2:part:8, ME Glass Cable - Light Gray
appliedenergistics2:part:9, ME Glass Cable - Cyan
appliedenergistics2:part:10, ME Glass Cable - Purple
appliedenergistics2:part:11, ME Glass Cable - Blue
appliedenergistics2:part:12, ME Glass Cable - Brown
appliedenergistics2:part:13, ME Glass Cable - Green
appliedenergistics2:part:14, ME Glass Cable - Red
appliedenergistics2:part:15, ME Glass Cable - Black
appliedenergistics2:part:16, ME Glass Cable - Fluix
appliedenergistics2:part:40, ME Smart Cable - White
appliedenergistics2:part:41, ME Smart Cable - Orange
appliedenergistics2:part:42, ME Smart Cable - Magenta
appliedenergistics2:part:43, ME Smart Cable - Light Blue
appliedenergistics2:part:44, ME Smart Cable - Yellow
appliedenergistics2:part:45, ME Smart Cable - Lime
appliedenergistics2:part:46, ME Smart Cable - Pink
appliedenergistics2:part:47, ME Smart Cable - Gray
appliedenergistics2:part:48, ME Smart Cable - Light Gray
appliedenergistics2:part:49, ME Smart Cable - Cyan
appliedenergistics2:part:50, ME Smart Cable - Purple
appliedenergistics2:part:51, ME Smart Cable - Blue
appliedenergistics2:part:52, ME Smart Cable - Brown
appliedenergistics2:part:53, ME Smart Cable - Green
appliedenergistics2:part:54, ME Smart Cable - Red
appliedenergistics2:part:55, ME Smart Cable - Black
appliedenergistics2:part:56, ME Smart Cable - Fluix
appliedenergistics2:part:420, ME Conversion Monitor
appliedenergistics2:part:360, ME Crafting Terminal
appliedenergistics2:part:200, Dark Illuminated Panel
appliedenergistics2:part:341, ME Extended Processing Pattern Terminal
appliedenergistics2:part:260, ME Export Bus
appliedenergistics2:part:302, ME Fluid Annihilation Plane
appliedenergistics2:part:261, ME Fluid Export Bus
appliedenergistics2:part:321, ME Fluid Formation Plane
appliedenergistics2:part:241, ME Fluid Import Bus
appliedenergistics2:part:441, ME Fluid Interface
appliedenergistics2:part:522, ME Fluid Interface Configuration Terminal
appliedenergistics2:part:281, ME Fluid Level Emitter
appliedenergistics2:part:221, ME Fluid Storage Bus
appliedenergistics2:part:520, ME Fluid Terminal
appliedenergistics2:part:320, ME Formation Plane
appliedenergistics2:part:301, ME Identity Annihilation Plane
appliedenergistics2:part:240, ME Import Bus
appliedenergistics2:part:440, ME Interface
appliedenergistics2:part:521, ME Interface Configuration Terminal
appliedenergistics2:part:480, ME Interface Terminal
appliedenergistics2:part:100, ME Inverted Toggle Bus
appliedenergistics2:part:280, ME Level Emitter
appliedenergistics2:part:160, Bright Illuminated Panel
appliedenergistics2:part:222, ME OreDict Storage Bus
appliedenergistics2:part:469, P2P Tunnel - FE
appliedenergistics2:part:463, P2P Tunnel - Fluid
appliedenergistics2:part:462, P2P Tunnel - Item
appliedenergistics2:part:467, P2P Tunnel - Light
appliedenergistics2:part:460, P2P Tunnel - ME
appliedenergistics2:part:461, P2P Tunnel - Redstone
appliedenergistics2:part:340, ME Pattern Terminal
appliedenergistics2:part:140, Quartz Fiber
appliedenergistics2:part:180, Illuminated Panel
appliedenergistics2:part:220, ME Storage Bus
appliedenergistics2:part:400, ME Storage Monitor
appliedenergistics2:part:380, ME Terminal
appliedenergistics2:part:80, ME Toggle Bus
baubles:max_verstappen, Max Verstappen
quark:witch_hat, item.witch_hat.name
quark:arrow_ender, item.arrow_ender.name
quark:arrow_explosive, item.arrow_explosive.name
quark:arrow_torch, item.arrow_torch.name
quark:slime_bucket:0, Slime in a Bucket
quark:rune:0, White Rune
quark:rune:1, Orange Rune
quark:rune:2, Magenta Rune
quark:rune:3, Light Blue Rune
quark:rune:4, Yellow Rune
quark:rune:5, Lime Rune
quark:rune:6, Pink Rune
quark:rune:7, Gray Rune
quark:rune:8, Light Gray Rune
quark:rune:9, Cyan Rune
quark:rune:10, Purple Rune
quark:rune:11, Blue Rune
quark:rune:12, Brown Rune
quark:rune:13, Green Rune
quark:rune:14, Red Rune
quark:rune:15, Black Rune
quark:rune:16, Rainbow Rune
quark:black_ash, tile.black_ash.name
quark:ancient_tome, item.ancient_tome.name
quark:horse_whistle, item.horse_whistle.name
quark:soul_powder, item.soul_powder.name
quark:parrot_egg:0, Red Parrot Egg
quark:parrot_egg:1, Blue Parrot Egg
quark:parrot_egg:2, Green Parrot Egg
quark:parrot_egg:3, Cyan Parrot Egg
quark:parrot_egg:4, Gray Parrot Egg
quark:enderdragon_scale, item.enderdragon_scale.name
quark:chute, tile.chute.name
quark:sugar_block, tile.sugar_block.name
quark:redstone_randomizer, tile.redstone_randomizer.name
quark:iron_button, tile.iron_button.name
quark:gold_button, tile.gold_button.name
quark:iron_rod, tile.iron_rod.name
quark:gravisand, tile.gravisand.name
quark:redstone_inductor, tile.redstone_inductor.name
quark:obsidian_pressure_plate, tile.obsidian_pressure_plate.name
quark:rain_detector, tile.rain_detector.name
quark:chain, item.chain.name
quark:roots, tile.roots.name
quark:root, item.root.name
quark:roots_blue_flower, tile.roots_blue_flower.name
quark:roots_black_flower, tile.roots_black_flower.name
quark:roots_white_flower, tile.roots_white_flower.name
quark:root_flower:0, Blue Sprout
quark:root_flower:1, Black Sprout
quark:root_flower:2, White Sprout
quark:root_dye:0, Blue Dye
quark:root_dye:1, Black Dye
quark:root_dye:2, White Dye
quark:diamond_heart, item.diamond_heart.name
quark:archaeologist_hat, item.archaeologist_hat.name
quark:variant_leaves:0, Swamp Oak Leaves
quark:variant_leaves:1, Blossoming Leaves
quark:variant_sapling:0, Swamp Oak Sapling
quark:variant_sapling:1, Blossoming Sapling
quark:crystal:0, White Cave Crystal
quark:crystal:1, Red Cave Crystal
quark:crystal:2, Orange Cave Crystal
quark:crystal:3, Yellow Cave Crystal
quark:crystal:4, Green Cave Crystal
quark:crystal:5, Blue Cave Crystal
quark:crystal:6, Indigo Cave Crystal
quark:crystal:7, Violet Cave Crystal
quark:crystal:8, Black Cave Crystal
quark:crystal_pane:0, White Cave Crystal Sheet
quark:crystal_pane:1, Red Cave Crystal Sheet
quark:crystal_pane:2, Orange Cave Crystal Sheet
quark:crystal_pane:3, Yellow Cave Crystal Sheet
quark:crystal_pane:4, Green Cave Crystal Sheet
quark:crystal_pane:5, Blue Cave Crystal Sheet
quark:crystal_pane:6, Indigo Cave Crystal Sheet
quark:crystal_pane:7, Violet Cave Crystal Sheet
quark:crystal_pane:8, Black Cave Crystal Sheet
quark:stone_speleothem, tile.stone_speleothem.name
quark:granite_speleothem, tile.granite_speleothem.name
quark:diorite_speleothem, tile.diorite_speleothem.name
quark:andesite_speleothem, tile.andesite_speleothem.name
quark:netherrack_speleothem, tile.netherrack_speleothem.name
quark:basalt_speleothem, tile.basalt_speleothem.name
quark:marble_speleothem, tile.marble_speleothem.name
quark:limestone_speleothem, tile.limestone_speleothem.name
quark:jasper_speleothem, tile.jasper_speleothem.name
quark:slate_speleothem, tile.slate_speleothem.name
quark:biotite_ore, tile.biotite_ore.name
quark:biotite_block:0, Block of Biotite
quark:biotite_block:1, Chiseled Biotite Block
quark:biotite_block:2, Pillar Biotite Block
quark:biotite, item.biotite.name
quark:biotite_slab:0, Biotite Slab
quark:biotite_stairs, tile.biotite_stairs.name
quark:biotite_wall, tile.biotite_wall.name
quark:monster_box, tile.monster_box.name
quark:forgotten_hat, item.forgotten_hat.name
quark:basalt:0, Basalt
quark:basalt:1, Polished Basalt
quark:stone_basalt_slab:0, Basalt Slab
quark:stone_basalt_stairs, tile.stone_basalt_stairs.name
quark:basalt_wall, tile.basalt_wall.name
quark:frog_leg, item.frog_leg.name
quark:cooked_frog_leg, item.cooked_frog_leg.name
quark:golden_frog_leg, item.golden_frog_leg.name
quark:pirate_hat, item.pirate_hat.name
quark:marble:0, Marble
quark:marble:1, Polished Marble
quark:stone_marble_slab:0, Marble Slab
quark:stone_marble_stairs, tile.stone_marble_stairs.name
quark:marble_wall, tile.marble_wall.name
quark:limestone:0, Limestone
quark:limestone:1, Polished Limestone
quark:stone_limestone_slab:0, Limestone Slab
quark:stone_limestone_stairs, tile.stone_limestone_stairs.name
quark:limestone_wall, tile.limestone_wall.name
quark:jasper:0, Jasper
quark:jasper:1, Polished Jasper
quark:stone_jasper_slab:0, Jasper Slab
quark:stone_jasper_stairs, tile.stone_jasper_stairs.name
quark:jasper_wall, tile.jasper_wall.name
quark:slate:0, Slate
quark:slate:1, Polished Slate
quark:stone_slate_slab:0, Slate Slab
quark:stone_slate_stairs, tile.stone_slate_stairs.name
quark:slate_wall, tile.slate_wall.name
quark:biome_cobblestone:0, Brimstone
quark:biome_cobblestone:1, Permafrost
quark:biome_cobblestone:2, Cobbedstone
quark:biome_brick:0, Brimstone Bricks
quark:biome_brick:1, Permafrost Bricks
quark:elder_prismarine:0, Elder Prismarine
quark:elder_prismarine:1, Elder Prismarine Bricks
quark:elder_prismarine:2, Dark Elder Prismarine
quark:elder_sea_lantern, tile.elder_sea_lantern.name
quark:fire_stone_slab:0, Brimstone Slab
quark:fire_stone_stairs, tile.fire_stone_stairs.name
quark:fire_stone_brick_slab:0, Brimstone Bricks Slab
quark:fire_stone_brick_stairs, tile.fire_stone_brick_stairs.name
quark:icy_stone_slab:0, Permafrost Slab
quark:icy_stone_stairs, tile.icy_stone_stairs.name
quark:icy_stone_brick_slab:0, Permafrost Bricks Slab
quark:icy_stone_brick_stairs, tile.icy_stone_brick_stairs.name
quark:cobbed_stone_slab:0, Cobbedstone Slab
quark:cobbed_stone_stairs, tile.cobbed_stone_stairs.name
quark:elder_prismarine_slab:0, Elder Prismarine Slab
quark:elder_prismarine_stairs, tile.elder_prismarine_stairs.name
quark:elder_prismarine_bricks_slab:0, Elder Prismarine Brick Slab
quark:elder_prismarine_bricks_stairs, tile.elder_prismarine_bricks_stairs.name
quark:elder_prismarine_dark_slab:0, Dark Elder Prismarine Slab
quark:elder_prismarine_dark_stairs, tile.elder_prismarine_dark_stairs.name
quark:fire_stone_wall, tile.fire_stone_wall.name
quark:icy_stone_wall, tile.icy_stone_wall.name
quark:cobbed_stone_wall, tile.cobbed_stone_wall.name
quark:fire_stone_brick_wall, tile.fire_stone_brick_wall.name
quark:icy_stone_brick_wall, tile.icy_stone_brick_wall.name
quark:elder_prismarine_wall, tile.elder_prismarine_wall.name
quark:elder_prismarine_bricks_wall, tile.elder_prismarine_bricks_wall.name
quark:elder_prismarine_dark_wall, tile.elder_prismarine_dark_wall.name
quark:glowcelium, tile.glowcelium.name
quark:glowshroom, tile.glowshroom.name
quark:glowshroom_block, tile.glowshroom_block.name
quark:soul_bead, item.soul_bead.name
quark:smoker, tile.smoker.name
quark:sandstone_new:0, Polished Sandstone
quark:sandstone_new:1, Sandstone Bricks
quark:sandstone_new:2, Polished Red Sandstone
quark:sandstone_new:3, Red Sandstone Bricks
quark:sandstone_new:4, Polished Soul Sandstone
quark:sandstone_new:5, Soul Sandstone Bricks
quark:sandstone_bricks_stairs, tile.sandstone_bricks_stairs.name
quark:red_sandstone_bricks_stairs, tile.red_sandstone_bricks_stairs.name
quark:soul_sandstone_bricks_stairs, tile.soul_sandstone_bricks_stairs.name
quark:sandstone_smooth_slab:0, Polished Sandstone Slab
quark:sandstone_bricks_slab:0, Sandstone Brick Slab
quark:red_sandstone_smooth_slab:0, Polished Red Sandstone Slab
quark:red_sandstone_bricks_slab:0, Red Sandstone Brick Slab
quark:soul_sandstone_smooth_slab:0, Polished Soul Sandstone Slab
quark:soul_sandstone_bricks_slab:0, Soul Sandstone Brick Slab
quark:polished_stone, tile.polished_stone.name
quark:stone_wall, tile.stone_wall.name
quark:stone_granite_wall, tile.stone_granite_wall.name
quark:stone_diorite_wall, tile.stone_diorite_wall.name
quark:stone_andesite_wall, tile.stone_andesite_wall.name
quark:sandstone_wall, tile.sandstone_wall.name
quark:red_sandstone_wall, tile.red_sandstone_wall.name
quark:stonebrick_wall, tile.stonebrick_wall.name
quark:brick_wall, tile.brick_wall.name
quark:quartz_wall, tile.quartz_wall.name
quark:prismarine_rough_wall, tile.prismarine_rough_wall.name
quark:prismarine_bricks_wall, tile.prismarine_bricks_wall.name
quark:dark_prismarine_wall, tile.dark_prismarine_wall.name
quark:purpur_block_wall, tile.purpur_block_wall.name
quark:end_bricks_wall, tile.end_bricks_wall.name
quark:stonebrick_mossy_wall, tile.stonebrick_mossy_wall.name
quark:stained_planks:0, White Stained Planks
quark:stained_planks:1, Orange Stained Planks
quark:stained_planks:2, Magenta Stained Planks
quark:stained_planks:3, Light Blue Stained Planks
quark:stained_planks:4, Yellow Stained Planks
quark:stained_planks:5, Lime Stained Planks
quark:stained_planks:6, Pink Stained Planks
quark:stained_planks:7, Gray Stained Planks
quark:stained_planks:8, Light Gray Stained Planks
quark:stained_planks:9, Cyan Stained Planks
quark:stained_planks:10, Purple Stained Planks
quark:stained_planks:11, Blue Stained Planks
quark:stained_planks:12, Brown Stained Planks
quark:stained_planks:13, Green Stained Planks
quark:stained_planks:14, Red Stained Planks
quark:stained_planks:15, Black Stained Planks
quark:stained_planks_white_stairs, tile.stained_planks_white_stairs.name
quark:stained_planks_orange_stairs, tile.stained_planks_orange_stairs.name
quark:stained_planks_magenta_stairs, tile.stained_planks_magenta_stairs.name
quark:stained_planks_light_blue_stairs, tile.stained_planks_light_blue_stairs.name
quark:stained_planks_yellow_stairs, tile.stained_planks_yellow_stairs.name
quark:stained_planks_lime_stairs, tile.stained_planks_lime_stairs.name
quark:stained_planks_pink_stairs, tile.stained_planks_pink_stairs.name
quark:stained_planks_gray_stairs, tile.stained_planks_gray_stairs.name
quark:stained_planks_silver_stairs, tile.stained_planks_silver_stairs.name
quark:stained_planks_cyan_stairs, tile.stained_planks_cyan_stairs.name
quark:stained_planks_purple_stairs, tile.stained_planks_purple_stairs.name
quark:stained_planks_blue_stairs, tile.stained_planks_blue_stairs.name
quark:stained_planks_brown_stairs, tile.stained_planks_brown_stairs.name
quark:stained_planks_green_stairs, tile.stained_planks_green_stairs.name
quark:stained_planks_red_stairs, tile.stained_planks_red_stairs.name
quark:stained_planks_black_stairs, tile.stained_planks_black_stairs.name
quark:stained_planks_white_slab:0, White Stained Wood Slab
quark:stained_planks_orange_slab:0, Orange Stained Wood Slab
quark:stained_planks_magenta_slab:0, Magenta Stained Wood Slab
quark:stained_planks_light_blue_slab:0, Light Blue Stained Wood Slab
quark:stained_planks_yellow_slab:0, Yellow Stained Wood Slab
quark:stained_planks_lime_slab:0, Lime Stained Wood Slab
quark:stained_planks_pink_slab:0, Pink Stained Wood Slab
quark:stained_planks_gray_slab:0, Gray Stained Wood Slab
quark:stained_planks_silver_slab:0, Light Gray Stained Wood Slab
quark:stained_planks_cyan_slab:0, Cyan Stained Wood Slab
quark:stained_planks_purple_slab:0, Purple Stained Wood Slab
quark:stained_planks_blue_slab:0, Blue Stained Wood Slab
quark:stained_planks_brown_slab:0, Brown Stained Wood Slab
quark:stained_planks_green_slab:0, Green Stained Wood Slab
quark:stained_planks_red_slab:0, Red Stained Wood Slab
quark:stained_planks_black_slab:0, Black Stained Wood Slab
quark:hardened_clay_tiles, tile.hardened_clay_tiles.name
quark:hardened_clay_tiles_stairs, tile.hardened_clay_tiles_stairs.name
quark:hardened_clay_tiles_slab:0, Terracotta Shingle Slab
quark:stained_clay_tiles:0, White Terracotta Shingles
quark:stained_clay_tiles:1, Orange Terracotta Shingles
quark:stained_clay_tiles:2, Magenta Terracotta Shingles
quark:stained_clay_tiles:3, Light Blue Terracotta Shingles
quark:stained_clay_tiles:4, Yellow Terracotta Shingles
quark:stained_clay_tiles:5, Lime Terracotta Shingles
quark:stained_clay_tiles:6, Pink Terracotta Shingles
quark:stained_clay_tiles:7, Gray Terracotta Shingles
quark:stained_clay_tiles:8, Light Gray Terracotta Shingles
quark:stained_clay_tiles:9, Cyan Terracotta Shingles
quark:stained_clay_tiles:10, Purple Terracotta Shingles
quark:stained_clay_tiles:11, Blue Terracotta Shingles
quark:stained_clay_tiles:12, Brown Terracotta Shingles
quark:stained_clay_tiles:13, Green Terracotta Shingles
quark:stained_clay_tiles:14, Red Terracotta Shingles
quark:stained_clay_tiles:15, Black Terracotta Shingles
quark:stained_clay_tiles_white_stairs, tile.stained_clay_tiles_white_stairs.name
quark:stained_clay_tiles_orange_stairs, tile.stained_clay_tiles_orange_stairs.name
quark:stained_clay_tiles_magenta_stairs, tile.stained_clay_tiles_magenta_stairs.name
quark:stained_clay_tiles_light_blue_stairs, tile.stained_clay_tiles_light_blue_stairs.name
quark:stained_clay_tiles_yellow_stairs, tile.stained_clay_tiles_yellow_stairs.name
quark:stained_clay_tiles_lime_stairs, tile.stained_clay_tiles_lime_stairs.name
quark:stained_clay_tiles_pink_stairs, tile.stained_clay_tiles_pink_stairs.name
quark:stained_clay_tiles_gray_stairs, tile.stained_clay_tiles_gray_stairs.name
quark:stained_clay_tiles_silver_stairs, tile.stained_clay_tiles_silver_stairs.name
quark:stained_clay_tiles_cyan_stairs, tile.stained_clay_tiles_cyan_stairs.name
quark:stained_clay_tiles_purple_stairs, tile.stained_clay_tiles_purple_stairs.name
quark:stained_clay_tiles_blue_stairs, tile.stained_clay_tiles_blue_stairs.name
quark:stained_clay_tiles_brown_stairs, tile.stained_clay_tiles_brown_stairs.name
quark:stained_clay_tiles_green_stairs, tile.stained_clay_tiles_green_stairs.name
quark:stained_clay_tiles_red_stairs, tile.stained_clay_tiles_red_stairs.name
quark:stained_clay_tiles_black_stairs, tile.stained_clay_tiles_black_stairs.name
quark:stained_clay_tiles_white_slab:0, White Terracotta Shingle Slab
quark:stained_clay_tiles_orange_slab:0, Orange Terracotta Shingle Slab
quark:stained_clay_tiles_magenta_slab:0, Magenta Terracotta Shingle Slab
quark:stained_clay_tiles_light_blue_slab:0, Light Blue Terracotta Shingle Slab
quark:stained_clay_tiles_yellow_slab:0, Yellow Terracotta Shingle Slab
quark:stained_clay_tiles_lime_slab:0, Lime Terracotta Shingle Slab
quark:stained_clay_tiles_pink_slab:0, Pink Terracotta Shingle Slab
quark:stained_clay_tiles_gray_slab:0, Gray Terracotta Shingle Slab
quark:stained_clay_tiles_silver_slab:0, Light Gray Terracotta Shingle Slab
quark:stained_clay_tiles_cyan_slab:0, Cyan Terracotta Shingle Slab
quark:stained_clay_tiles_purple_slab:0, Purple Terracotta Shingle Slab
quark:stained_clay_tiles_blue_slab:0, Blue Terracotta Shingle Slab
quark:stained_clay_tiles_brown_slab:0, Brown Terracotta Shingle Slab
quark:stained_clay_tiles_green_slab:0, Green Terracotta Shingle Slab
quark:stained_clay_tiles_red_slab:0, Red Terracotta Shingle Slab
quark:stained_clay_tiles_black_slab:0, Black Terracotta Shingle Slab
quark:bark:0, Oak Bark Block
quark:bark:1, Spruce Bark Block
quark:bark:2, Birch Bark Block
quark:bark:3, Jungle Bark Block
quark:bark:4, Acacia Bark Block
quark:bark:5, Dark Oak Bark Block
quark:bark_oak_wall, tile.bark_oak_wall.name
quark:bark_oak_stairs, tile.bark_oak_stairs.name
quark:bark_oak_slab:0, Oak Bark Slab
quark:bark_spruce_wall, tile.bark_spruce_wall.name
quark:bark_spruce_stairs, tile.bark_spruce_stairs.name
quark:bark_spruce_slab:0, Spruce Bark Slab
quark:bark_birch_wall, tile.bark_birch_wall.name
quark:bark_birch_stairs, tile.bark_birch_stairs.name
quark:bark_birch_slab:0, Birch Bark Slab
quark:bark_jungle_wall, tile.bark_jungle_wall.name
quark:bark_jungle_stairs, tile.bark_jungle_stairs.name
quark:bark_jungle_slab:0, Jungle Bark Slab
quark:bark_acacia_wall, tile.bark_acacia_wall.name
quark:bark_acacia_stairs, tile.bark_acacia_stairs.name
quark:bark_acacia_slab:0, Acacia Bark Slab
quark:bark_dark_oak_wall, tile.bark_dark_oak_wall.name
quark:bark_dark_oak_stairs, tile.bark_dark_oak_stairs.name
quark:bark_dark_oak_slab:0, Dark Oak Bark Slab
quark:sturdy_stone, tile.sturdy_stone.name
quark:iron_plate:0, Iron Plate
quark:iron_plate:1, Rusty Iron Plate
quark:iron_plate_stairs, tile.iron_plate_stairs.name
quark:iron_plate_slab:0, Iron Plate Slab
quark:sandy_bricks, tile.sandy_bricks.name
quark:sandy_bricks_stairs, tile.sandy_bricks_stairs.name
quark:sandy_bricks_slab:0, Sandy Brick Slab
quark:sandy_bricks_wall, tile.sandy_bricks_wall.name
quark:stone_stairs, tile.stone_stairs.name
quark:stone_granite_stairs, tile.stone_granite_stairs.name
quark:stone_granite_slab:0, Granite Slab
quark:stone_diorite_stairs, tile.stone_diorite_stairs.name
quark:stone_diorite_slab:0, Diorite Slab
quark:stone_andesite_stairs, tile.stone_andesite_stairs.name
quark:stone_andesite_slab:0, Andesite Slab
quark:end_bricks_stairs, tile.end_bricks_stairs.name
quark:end_bricks_slab:0, End Brick Slab
quark:prismarine_stairs, tile.prismarine_stairs.name
quark:prismarine_slab:0, Prismarine Slab
quark:prismarine_bricks_stairs, tile.prismarine_bricks_stairs.name
quark:prismarine_bricks_slab:0, Prismarine Brick Slab
quark:prismarine_dark_stairs, tile.prismarine_dark_stairs.name
quark:prismarine_dark_slab:0, Dark Prismarine Slab
quark:red_nether_brick_stairs, tile.red_nether_brick_stairs.name
quark:red_nether_brick_slab:0, Red Nether Brick Slab
quark:cobblestone_mossy_stairs, tile.cobblestone_mossy_stairs.name
quark:cobblestone_mossy_slab:0, Moss Stone Slab
quark:stonebrick_mossy_stairs, tile.stonebrick_mossy_stairs.name
quark:stonebrick_mossy_slab:0, Mossy Stone Brick Slab
quark:thatch, tile.thatch.name
quark:thatch_stairs, tile.thatch_stairs.name
quark:thatch_slab:0, Thatch Slab
quark:charred_nether_bricks, tile.charred_nether_bricks.name
quark:charred_nether_brick_stairs, tile.charred_nether_brick_stairs.name
quark:charred_nether_brick_slab:0, Charred Nether Brick Slab
quark:world_stone_bricks:0, Granite Bricks
quark:world_stone_bricks:1, Diorite Bricks
quark:world_stone_bricks:2, Andesite Bricks
quark:world_stone_bricks:3, Basalt Bricks
quark:world_stone_bricks:4, Marble Bricks
quark:world_stone_bricks:5, Limestone Bricks
quark:world_stone_bricks:6, Jasper Bricks
quark:world_stone_bricks:7, Slate Bricks
quark:world_stone_carved:0, Chiseled Granite Bricks
quark:world_stone_carved:1, Chiseled Diorite Bricks
quark:world_stone_carved:2, Chiseled Andesite Bricks
quark:world_stone_carved:3, Chiseled Basalt Bricks
quark:world_stone_carved:4, Chiseled Marble Bricks
quark:world_stone_carved:5, Chiseled Limestone Bricks
quark:world_stone_carved:6, Chiseled Jasper Bricks
quark:world_stone_carved:7, Chiseled Slate Bricks
quark:stone_granite_bricks_stairs, tile.stone_granite_bricks_stairs.name
quark:stone_granite_bricks_slab:0, Granite Brick Slab
quark:stone_diorite_bricks_stairs, tile.stone_diorite_bricks_stairs.name
quark:stone_diorite_bricks_slab:0, Diorite Brick Slab
quark:stone_andesite_bricks_stairs, tile.stone_andesite_bricks_stairs.name
quark:stone_andesite_bricks_slab:0, Andesite Brick Slab
quark:stone_basalt_bricks_stairs, tile.stone_basalt_bricks_stairs.name
quark:stone_basalt_bricks_slab:0, Basalt Brick Slab
quark:stone_marble_bricks_stairs, tile.stone_marble_bricks_stairs.name
quark:stone_marble_bricks_slab:0, Marble Brick Slab
quark:stone_limestone_bricks_stairs, tile.stone_limestone_bricks_stairs.name
quark:stone_limestone_bricks_slab:0, Limestone Brick Slab
quark:stone_jasper_bricks_stairs, tile.stone_jasper_bricks_stairs.name
quark:stone_jasper_bricks_slab:0, Jasper Brick Slab
quark:stone_slate_bricks_stairs, tile.stone_slate_bricks_stairs.name
quark:stone_slate_bricks_slab:0, Slate Brick Slab
quark:stone_granite_bricks_wall, tile.stone_granite_bricks_wall.name
quark:stone_diorite_bricks_wall, tile.stone_diorite_bricks_wall.name
quark:stone_andesite_bricks_wall, tile.stone_andesite_bricks_wall.name
quark:stone_basalt_bricks_wall, tile.stone_basalt_bricks_wall.name
quark:stone_marble_bricks_wall, tile.stone_marble_bricks_wall.name
quark:stone_limestone_bricks_wall, tile.stone_limestone_bricks_wall.name
quark:stone_jasper_bricks_wall, tile.stone_jasper_bricks_wall.name
quark:stone_slate_bricks_wall, tile.stone_slate_bricks_wall.name
quark:midori_block, tile.midori_block.name
quark:midori_pillar, tile.midori_pillar.name
quark:midori_block_stairs, tile.midori_block_stairs.name
quark:midori_block_slab:0, Midori Slab
quark:midori_block_wall, tile.midori_block_wall.name
quark:magma_bricks, tile.magma_bricks.name
quark:magma_bricks_stairs, tile.magma_bricks_stairs.name
quark:magma_bricks_slab:0, Magma Brick Slab
quark:vertical_planks:0, Vertical Oak Wood Planks
quark:vertical_planks:1, Vertical Spruce Wood Planks
quark:vertical_planks:2, Vertical Birch Wood Planks
quark:vertical_planks:3, Vertical Jungle Wood Planks
quark:vertical_planks:4, Vertical Acacia Wood Planks
quark:vertical_planks:5, Vertical Dark Oak Wood Planks
quark:vertical_stained_planks:0, Vertical White Stained Planks
quark:vertical_stained_planks:1, Vertical Orange Stained Planks
quark:vertical_stained_planks:2, Vertical Magenta Stained Planks
quark:vertical_stained_planks:3, Vertical Light Blue Stained Planks
quark:vertical_stained_planks:4, Vertical Yellow Stained Planks
quark:vertical_stained_planks:5, Vertical Lime Stained Planks
quark:vertical_stained_planks:6, Vertical Pink Stained Planks
quark:vertical_stained_planks:7, Vertical Gray Stained Planks
quark:vertical_stained_planks:8, Vertical Light Gray Stained Planks
quark:vertical_stained_planks:9, Vertical Cyan Stained Planks
quark:vertical_stained_planks:10, Vertical Purple Stained Planks
quark:vertical_stained_planks:11, Vertical Blue Stained Planks
quark:vertical_stained_planks:12, Vertical Brown Stained Planks
quark:vertical_stained_planks:13, Vertical Green Stained Planks
quark:vertical_stained_planks:14, Vertical Red Stained Planks
quark:vertical_stained_planks:15, Vertical Black Stained Planks
quark:duskbound_block, tile.duskbound_block.name
quark:duskbound_lantern, tile.duskbound_lantern.name
quark:duskbound_block_stairs, tile.duskbound_block_stairs.name
quark:duskbound_block_slab:0, Duskbound Slab
quark:duskbound_block_wall, tile.duskbound_block_wall.name
quark:world_stone_pavement:0, Granite Pavement
quark:world_stone_pavement:1, Diorite Pavement
quark:world_stone_pavement:2, Andesite Pavement
quark:world_stone_pavement:3, Basalt Pavement
quark:world_stone_pavement:4, Marble Pavement
quark:world_stone_pavement:5, Limestone Pavement
quark:world_stone_pavement:6, Jasper Pavement
quark:world_stone_pavement:7, Slate Pavement
quark:reed_block, tile.reed_block.name
quark:reed_block_stairs, tile.reed_block_stairs.name
quark:reed_block_slab:0, Sugar Cane Slab
quark:reed_block_wall, tile.reed_block_wall.name
quark:snow_bricks, tile.snow_bricks.name
quark:snow_bricks_stairs, tile.snow_bricks_stairs.name
quark:snow_bricks_slab:0, Snow Brick Slab
quark:snow_bricks_wall, tile.snow_bricks_wall.name
quark:carved_wood:0, Carved Oak Wood
quark:carved_wood:1, Carved Spruce Wood
quark:carved_wood:2, Carved Birch Wood
quark:carved_wood:3, Carved Jungle Wood
quark:carved_wood:4, Carved Acacia Wood
quark:carved_wood:5, Carved Dark Oak Wood
quark:soul_sandstone:0, Soul Sandstone
quark:soul_sandstone:1, Chiseled Soul Sandstone
quark:soul_sandstone:2, Smooth Soul Sandstone
quark:soul_sandstone_slab:0, Soul Sandstone Slab
quark:soul_sandstone_stairs, tile.soul_sandstone_stairs.name
quark:soul_sandstone_wall, tile.soul_sandstone_wall.name
quark:turf, tile.turf.name
quark:turf_stairs, tile.turf_stairs.name
quark:turf_slab:0, Turf Slab
quark:framed_glass, tile.framed_glass.name
quark:framed_glass_pane, tile.framed_glass_pane.name
quark:polished_netherrack:0, Netherwrought Stone
quark:polished_netherrack:1, Netherwrought Bricks
quark:polished_netherrack_bricks_stairs, tile.polished_netherrack_bricks_stairs.name
quark:polished_netherrack_bricks_slab:0, Netherwrought Brick Slab
quark:polished_netherrack_bricks_wall, tile.polished_netherrack_bricks_wall.name
quark:trowel, item.trowel.name
quark:quilted_wool:0, White Quilted Wool
quark:quilted_wool:1, Orange Quilted Wool
quark:quilted_wool:2, Magenta Quilted Wool
quark:quilted_wool:3, Light Blue Quilted Wool
quark:quilted_wool:4, Yellow Quilted Wool
quark:quilted_wool:5, Lime Quilted Wool
quark:quilted_wool:6, Pink Quilted Wool
quark:quilted_wool:7, Gray Quilted Wool
quark:quilted_wool:8, Light Gray Quilted Wool
quark:quilted_wool:9, Cyan Quilted Wool
quark:quilted_wool:10, Purple Quilted Wool
quark:quilted_wool:11, Blue Quilted Wool
quark:quilted_wool:12, Brown Quilted Wool
quark:quilted_wool:13, Green Quilted Wool
quark:quilted_wool:14, Red Quilted Wool
quark:quilted_wool:15, Black Quilted Wool
quark:glass_shards:0, Glass Shard
quark:glass_shards:1, White Glass Shard
quark:glass_shards:2, Orange Glass Shard
quark:glass_shards:3, Magenta Glass Shard
quark:glass_shards:4, Light Blue Glass Shard
quark:glass_shards:5, Yellow Glass Shard
quark:glass_shards:6, Lime Glass Shard
quark:glass_shards:7, Pink Glass Shard
quark:glass_shards:8, Gray Glass Shard
quark:glass_shards:9, Light Gray Glass Shard
quark:glass_shards:10, Cyan Glass Shard
quark:glass_shards:11, Purple Glass Shard
quark:glass_shards:12, Blue Glass Shard
quark:glass_shards:13, Brown Glass Shard
quark:glass_shards:14, Green Glass Shard
quark:glass_shards:15, Red Glass Shard
quark:glass_shards:16, Black Glass Shard
quark:spruce_trapdoor, tile.spruce_trapdoor.name
quark:birch_trapdoor, tile.birch_trapdoor.name
quark:jungle_trapdoor, tile.jungle_trapdoor.name
quark:acacia_trapdoor, tile.acacia_trapdoor.name
quark:dark_oak_trapdoor, tile.dark_oak_trapdoor.name
quark:paper_wall, tile.paper_wall.name
quark:paper_wall_big, tile.paper_wall_big.name
quark:paper_wall_sakura, tile.paper_wall_sakura.name
quark:iron_ladder, tile.iron_ladder.name
quark:paper_lantern:0, Paper Lamp
quark:paper_lantern:1, Decorated Paper Lamp
quark:colored_flowerpot_white, tile.colored_flowerpot_white.name
quark:colored_flowerpot_orange, tile.colored_flowerpot_orange.name
quark:colored_flowerpot_magenta, tile.colored_flowerpot_magenta.name
quark:colored_flowerpot_light_blue, tile.colored_flowerpot_light_blue.name
quark:colored_flowerpot_yellow, tile.colored_flowerpot_yellow.name
quark:colored_flowerpot_lime, tile.colored_flowerpot_lime.name
quark:colored_flowerpot_pink, tile.colored_flowerpot_pink.name
quark:colored_flowerpot_gray, tile.colored_flowerpot_gray.name
quark:colored_flowerpot_silver, tile.colored_flowerpot_silver.name
quark:colored_flowerpot_cyan, tile.colored_flowerpot_cyan.name
quark:colored_flowerpot_purple, tile.colored_flowerpot_purple.name
quark:colored_flowerpot_blue, tile.colored_flowerpot_blue.name
quark:colored_flowerpot_brown, tile.colored_flowerpot_brown.name
quark:colored_flowerpot_green, tile.colored_flowerpot_green.name
quark:colored_flowerpot_red, tile.colored_flowerpot_red.name
quark:colored_flowerpot_black, tile.colored_flowerpot_black.name
quark:custom_bookshelf:0, Spruce Bookshelf
quark:custom_bookshelf:1, Birch Bookshelf
quark:custom_bookshelf:2, Jungle Bookshelf
quark:custom_bookshelf:3, Acacia Bookshelf
quark:custom_bookshelf:4, Dark Oak Bookshelf
quark:colored_item_frame:0, White Item Frame
quark:colored_item_frame:1, Orange Item Frame
quark:colored_item_frame:2, Magenta Item Frame
quark:colored_item_frame:3, Light Blue Item Frame
quark:colored_item_frame:4, Yellow Item Frame
quark:colored_item_frame:5, Lime Item Frame
quark:colored_item_frame:6, Pink Item Frame
quark:colored_item_frame:7, Gray Item Frame
quark:colored_item_frame:8, Light Gray Item Frame
quark:colored_item_frame:9, Cyan Item Frame
quark:colored_item_frame:10, Purple Item Frame
quark:colored_item_frame:11, Blue Item Frame
quark:colored_item_frame:12, Brown Item Frame
quark:colored_item_frame:13, Green Item Frame
quark:colored_item_frame:14, Red Item Frame
quark:colored_item_frame:15, Black Item Frame
quark:lit_lamp, tile.lit_lamp.name
quark:custom_chest:0, Spruce Chest
quark:custom_chest:1, Birch Chest
quark:custom_chest:2, Jungle Chest
quark:custom_chest:3, Acacia Chest
quark:custom_chest:4, Dark Oak Chest
quark:custom_chest_trap:0, Spruce Trapped Chest
quark:custom_chest_trap:1, Birch Trapped Chest
quark:custom_chest_trap:2, Jungle Trapped Chest
quark:custom_chest_trap:3, Acacia Trapped Chest
quark:custom_chest_trap:4, Dark Oak Trapped Chest
quark:rope, tile.rope.name
quark:blaze_lantern, tile.blaze_lantern.name
quark:nether_brick_fence_gate, tile.nether_brick_fence_gate.name
quark:leaf_carpet:0, Oak Leaf Carpet
quark:leaf_carpet:1, Spruce Leaf Carpet
quark:leaf_carpet:2, Birch Leaf Carpet
quark:leaf_carpet:3, Jungle Leaf Carpet
quark:leaf_carpet:4, Acacia Leaf Carpet
quark:leaf_carpet:5, Dark Oak Leaf Carpet
quark:leaf_carpet:6, Swamp Oak Leaf Carpet
quark:leaf_carpet:7, Blossoming Leaf Carpet
quark:spruce_pressure_plate, tile.spruce_pressure_plate.name
quark:birch_pressure_plate, tile.birch_pressure_plate.name
quark:jungle_pressure_plate, tile.jungle_pressure_plate.name
quark:acacia_pressure_plate, tile.acacia_pressure_plate.name
quark:dark_oak_pressure_plate, tile.dark_oak_pressure_plate.name
quark:spruce_button, tile.spruce_button.name
quark:birch_button, tile.birch_button.name
quark:jungle_button, tile.jungle_button.name
quark:acacia_button, tile.acacia_button.name
quark:dark_oak_button, tile.dark_oak_button.name
quark:grate, tile.grate.name
quark:glass_item_frame, item.glass_item_frame.name
botania:livingwood0stairs, tile.livingwood0Stairs.name
botania:livingwood0slab:0, Livingwood Slab
botania:livingwood0wall, tile.livingwood0Wall.name
botania:livingwood1stairs, tile.livingwood1Stairs.name
botania:livingwood1slab:0, Livingwood Plank Slab
botania:livingrock0stairs, tile.livingrock0Stairs.name
botania:livingrock0slab:0, Livingrock Slab
botania:livingrock0wall, tile.livingrock0Wall.name
botania:livingrock1stairs, tile.livingrock1Stairs.name
botania:livingrock1slab:0, Livingrock Brick Slab
botania:dreamwood0stairs, tile.dreamwood0Stairs.name
botania:dreamwood0slab:0, Dreamwood Slab
botania:dreamwood0wall, tile.dreamwood0Wall.name
botania:dreamwood1stairs, tile.dreamwood1Stairs.name
botania:dreamwood1slab:0, Dreamwood Plank Slab
botania:quartztypedark:0, Block of Smokey Quartz
botania:quartztypedark:1, Chiseled Smokey Quartz Block
botania:quartztypedark:2, Pillar Smokey Quartz Block
botania:quartzslabdarkhalf:0, Smokey Quartz Slab
botania:quartzstairsdark, tile.quartzStairsDark.name
botania:quartztypemana:0, Block of Mana Quartz
botania:quartztypemana:1, Chiseled Mana Quartz Block
botania:quartztypemana:2, Pillar Mana Quartz Block
botania:quartzslabmanahalf:0, Mana Quartz Slab
botania:quartzstairsmana, tile.quartzStairsMana.name
botania:quartztypeblaze:0, Block of Blaze Quartz
botania:quartztypeblaze:1, Chiseled Blaze Quartz Block
botania:quartztypeblaze:2, Pillar Blaze Quartz Block
botania:quartzslabblazehalf:0, Blaze Quartz Slab
botania:quartzstairsblaze, tile.quartzStairsBlaze.name
botania:quartztypelavender:0, Block of Lavender Quartz
botania:quartztypelavender:1, Chiseled Lavender Quartz Block
botania:quartztypelavender:2, Pillar Lavender Quartz Block
botania:quartzslablavenderhalf:0, Lavender Quartz Slab
botania:quartzstairslavender, tile.quartzStairsLavender.name
botania:quartztypered:0, Block of Redquartz
botania:quartztypered:1, Chiseled Redquartz Block
botania:quartztypered:2, Pillar Redquartz Block
botania:quartzslabredhalf:0, Redquartz Slab
botania:quartzstairsred, tile.quartzStairsRed.name
botania:quartztypeelf:0, Block of Elven Quartz
botania:quartztypeelf:1, Chiseled Elven Quartz Block
botania:quartztypeelf:2, Pillar Elven Quartz Block
botania:quartzslabelfhalf:0, Elven Quartz Slab
botania:quartzstairself, tile.quartzStairsElf.name
botania:quartztypesunny:0, Block of Sunny Quartz
botania:quartztypesunny:1, Chiseled Sunny Quartz Block
botania:quartztypesunny:2, Pillar Sunny Quartz Block
botania:quartzslabsunnyhalf:0, Sunny Quartz Slab
botania:quartzstairssunny, tile.quartzStairsSunny.name
botania:biomestonea:0, Metamorphic Forest Stone
botania:biomestonea:1, Metamorphic Plains Stone
botania:biomestonea:2, Metamorphic Mountain Stone
botania:biomestonea:3, Metamorphic Fungal Stone
botania:biomestonea:4, Metamorphic Swamp Stone
botania:biomestonea:5, Metamorphic Desert Stone
botania:biomestonea:6, Metamorphic Taiga Stone
botania:biomestonea:7, Metamorphic Mesa Stone
botania:biomestonea:8, Metamorphic Forest Cobblestone
botania:biomestonea:9, Metamorphic Plains Cobblestone
botania:biomestonea:10, Metamorphic Mountain Cobblestone
botania:biomestonea:11, Metamorphic Fungal Cobblestone
botania:biomestonea:12, Metamorphic Swamp Cobblestone
botania:biomestonea:13, Metamorphic Desert Cobblestone
botania:biomestonea:14, Metamorphic Taiga Cobblestone
botania:biomestonea:15, Metamorphic Mesa Cobblestone
botania:biomestoneb:0, Metamorphic Forest Stone Bricks
botania:biomestoneb:1, Metamorphic Plains Stone Bricks
botania:biomestoneb:2, Metamorphic Mountain Stone Bricks
botania:biomestoneb:3, Metamorphic Fungal Stone Bricks
botania:biomestoneb:4, Metamorphic Swamp Stone Bricks
botania:biomestoneb:5, Metamorphic Desert Stone Bricks
botania:biomestoneb:6, Metamorphic Taiga Stone Bricks
botania:biomestoneb:7, Metamorphic Mesa Stone Bricks
botania:biomestoneb:8, Chiseled Metamorphic Forest Stone Brick
botania:biomestoneb:9, Chiseled Metamorphic Plains Stone Brick
botania:biomestoneb:10, Chiseled Metamorphic Mountain Stone Brick
botania:biomestoneb:11, Chiseled Metamorphic Fungal Stone Brick
botania:biomestoneb:12, Chiseled Metamorphic Swamp Stone Brick
botania:biomestoneb:13, Chiseled Metamorphic Desert Stone Brick
botania:biomestoneb:14, Chiseled Metamorphic Taiga Stone Brick
botania:biomestoneb:15, Chiseled Metamorphic Mesa Stone Brick
botania:pavement:0, White Portuguese Pavement
botania:pavement:1, Black Portuguese Pavement
botania:pavement:2, Blue Portuguese Pavement
botania:pavement:3, Red Portuguese Pavement
botania:pavement:4, Yellow Portuguese Pavement
botania:pavement:5, Green Portuguese Pavement
botania:biomestonea0stairs, tile.biomeStoneA0Stairs.name
botania:biomestonea0slab:0, Metamorphic Forest Stone Slab
botania:biomestonea1stairs, tile.biomeStoneA1Stairs.name
botania:biomestonea1slab:0, Metamorphic Plains Stone Slab
botania:biomestonea2stairs, tile.biomeStoneA2Stairs.name
botania:biomestonea2slab:0, Metamorphic Mountain Stone Slab
botania:biomestonea3stairs, tile.biomeStoneA3Stairs.name
botania:biomestonea3slab:0, Metamorphic Fungal Stone Slab
botania:biomestonea4stairs, tile.biomeStoneA4Stairs.name
botania:biomestonea4slab:0, Metamorphic Swamp Stone Slab
botania:biomestonea5stairs, tile.biomeStoneA5Stairs.name
botania:biomestonea5slab:0, Metamorphic Desert Stone Slab
botania:biomestonea6stairs, tile.biomeStoneA6Stairs.name
botania:biomestonea6slab:0, Metamorphic Taiga Stone Slab
botania:biomestonea7stairs, tile.biomeStoneA7Stairs.name
botania:biomestonea7slab:0, Metamorphic Mesa Stone Slab
botania:biomestonea8stairs, tile.biomeStoneA8Stairs.name
botania:biomestonea8slab:0, Metamorphic Forest Cobblestone Slab
botania:biomestonea9stairs, tile.biomeStoneA9Stairs.name
botania:biomestonea9slab:0, Metamorphic Plains Cobblestone Slab
botania:biomestonea10stairs, tile.biomeStoneA10Stairs.name
botania:biomestonea10slab:0, Metamorphic Mountain Cobblestone Slab
botania:biomestonea11stairs, tile.biomeStoneA11Stairs.name
botania:biomestonea11slab:0, Metamorphic Fungal Cobblestone Slab
botania:biomestonea12stairs, tile.biomeStoneA12Stairs.name
botania:biomestonea12slab:0, Metamorphic Swamp Cobblestone Slab
botania:biomestonea13stairs, tile.biomeStoneA13Stairs.name
botania:biomestonea13slab:0, Metamorphic Desert Cobblestone Slab
botania:biomestonea14stairs, tile.biomeStoneA14Stairs.name
botania:biomestonea14slab:0, Metamorphic Taiga Cobblestone Slab
botania:biomestonea15stairs, tile.biomeStoneA15Stairs.name
botania:biomestonea15slab:0, Metamorphic Mesa Cobblestone Slab
botania:biomestoneb0stairs, tile.biomeStoneB0Stairs.name
botania:biomestoneb0slab:0, Metamorphic Forest Stone Brick Slab
botania:biomestoneb1stairs, tile.biomeStoneB1Stairs.name
botania:biomestoneb1slab:0, Metamorphic Plains Stone Brick Slab
botania:biomestoneb2stairs, tile.biomeStoneB2Stairs.name
botania:biomestoneb2slab:0, Metamorphic Mountain Stone Brick Slab
botania:biomestoneb3stairs, tile.biomeStoneB3Stairs.name
botania:biomestoneb3slab:0, Metamorphic Fungal Stone Brick Slab
botania:biomestoneb4stairs, tile.biomeStoneB4Stairs.name
botania:biomestoneb4slab:0, Metamorphic Swamp Stone Brick Slab
botania:biomestoneb5stairs, tile.biomeStoneB5Stairs.name
botania:biomestoneb5slab:0, Metamorphic Desert Stone Brick Slab
botania:biomestoneb6stairs, tile.biomeStoneB6Stairs.name
botania:biomestoneb6slab:0, Metamorphic Taiga Stone Brick Slab
botania:biomestoneb7stairs, tile.biomeStoneB7Stairs.name
botania:biomestoneb7slab:0, Metamorphic Mesa Stone Bricks Slab
botania:biomestonea0wall:0, Metamorphic Forest Cobblestone Wall
botania:biomestonea0wall:1, Metamorphic Plains Cobblestone Wall
botania:biomestonea0wall:2, Metamorphic Mountain Cobblestone Wall
botania:biomestonea0wall:3, Metamorphic Fungal Cobblestone Wall
botania:biomestonea0wall:4, Metamorphic Swamp Cobblestone Wall
botania:biomestonea0wall:5, Metamorphic Desert Cobblestone Wall
botania:biomestonea0wall:6, Metamorphic Taiga Cobblestone Wall
botania:biomestonea0wall:7, Metamorphic Mesa Cobblestone Wall
botania:pavement0stairs, tile.pavement0Stairs.name
botania:pavement0slab:0, White Portuguese Pavement Slab
botania:pavement1stairs, tile.pavement1Stairs.name
botania:pavement1slab:0, Black Portuguese Pavement Slab
botania:pavement2stairs, tile.pavement2Stairs.name
botania:pavement2slab:0, Blue Portuguese Pavement Slab
botania:pavement3stairs, tile.pavement3Stairs.name
botania:pavement3slab:0, Red Portuguese Pavement Slab
botania:pavement4stairs, tile.pavement4Stairs.name
botania:pavement4slab:0, Yellow Portuguese Pavement Slab
botania:pavement5stairs, tile.pavement5Stairs.name
botania:pavement5slab:0, Green Portuguese Pavement Slab
botania:shimmerrock0slab:0, Shimmerrock Slab
botania:shimmerrock0stairs, tile.shimmerrock0Stairs.name
botania:shimmerwoodplanks0slab:0, Shimmerwood Plank Slab
botania:shimmerwoodplanks0stairs, tile.shimmerwoodPlanks0Stairs.name
botania:managlasspane, tile.manaGlassPane.name
botania:elfglasspane, tile.elfGlassPane.name
botania:bifrostpermpane, tile.bifrostPermPane.name
botania:flower:0, Mystical White Flower
botania:flower:1, Mystical Orange Flower
botania:flower:2, Mystical Magenta Flower
botania:flower:3, Mystical Light Blue Flower
botania:flower:4, Mystical Yellow Flower
botania:flower:5, Mystical Lime Flower
botania:flower:6, Mystical Pink Flower
botania:flower:7, Mystical Gray Flower
botania:flower:8, Mystical Light Gray Flower
botania:flower:9, Mystical Cyan Flower
botania:flower:10, Mystical Purple Flower
botania:flower:11, Mystical Blue Flower
botania:flower:12, Mystical Brown Flower
botania:flower:13, Mystical Green Flower
botania:flower:14, Mystical Red Flower
botania:flower:15, Mystical Black Flower
botania:altar:0, Petal Apothecary
botania:altar:1, Forest Petal Apothecary
botania:altar:2, Plains Petal Apothecary
botania:altar:3, Mountain Petal Apothecary
botania:altar:4, Fungal Petal Apothecary
botania:altar:5, Swamp Petal Apothecary
botania:altar:6, Desert Petal Apothecary
botania:altar:7, Taiga Petal Apothecary
botania:altar:8, Mesa Petal Apothecary
botania:livingrock:0, Livingrock
botania:livingrock:1, Livingrock Brick
botania:livingrock:2, Mossy Livingrock Brick
botania:livingrock:3, Cracked Livingrock Brick
botania:livingrock:4, Chiseled Livingrock Brick
botania:livingwood:0, Livingwood
botania:livingwood:1, Livingwood Planks
botania:livingwood:2, Mossy Livingwood Planks
botania:livingwood:3, Framed Livingwood
botania:livingwood:4, Pattern Framed Livingwood
botania:livingwood:5, Glimmering Livingwood
botania:specialflower:0, Pure Daisy
botania:specialflower:0, Manastar
botania:specialflower:0, Endoflame
botania:specialflower:0, Hydroangeas
botania:specialflower:0, Thermalily
botania:specialflower:0, Rosa Arcana
botania:specialflower:0, Munchdew
botania:specialflower:0, Entropinnyum
botania:specialflower:0, Kekimurus
botania:specialflower:0, Gourmaryllis
botania:specialflower:0, Narslimmus
botania:specialflower:0, Spectrolus
botania:specialflower:0, Rafflowsia
botania:specialflower:0, Shulk Me Not
botania:specialflower:0, Dandelifeon
botania:specialflower:0, Jaded Amaranthus
botania:specialflower:0, Bellethorne
botania:specialflower:0, Bellethorne Petite
botania:specialflower:0, Dreadthorne
botania:specialflower:0, Heisei Dream
botania:specialflower:0, Tigerseye
botania:specialflower:0, Marimorphosis
botania:specialflower:0, Marimorphosis Petite
botania:specialflower:0, Orechid
botania:specialflower:0, Orechid Ignem
botania:specialflower:0, Fallen Kanade
botania:specialflower:0, Exoflame
botania:specialflower:0, Agricarnation
botania:specialflower:0, Agricarnation Petite
botania:specialflower:0, Hopperhock
botania:specialflower:0, Hopperhock Petite
botania:specialflower:0, Rannuncarpus
botania:specialflower:0, Rannuncarpus Petite
botania:specialflower:0, Tangleberrie
botania:specialflower:0, Jiyuulia
botania:specialflower:0, Hyacidus
botania:specialflower:0, Medumone
botania:specialflower:0, Pollidisiac
botania:specialflower:0, Clayconia
botania:specialflower:0, Clayconia Petite
botania:specialflower:0, Loonium
botania:specialflower:0, Daffomill
botania:specialflower:0, Vinculotus
botania:specialflower:0, Spectranthemum
botania:specialflower:0, Bubbell
botania:specialflower:0, Bubbell Petite
botania:specialflower:0, Solegnolia
botania:specialflower:0, Solegnolia Petite
botania:specialflower:0, Bergamute
botania:spreader:0, Mana Spreader
botania:spreader:1, Pulse Mana Spreader
botania:spreader:2, Elven Mana Spreader
botania:spreader:3, Gaia Mana Spreader
botania:pool:0, Mana Pool
botania:pool:2, Diluted Mana Pool
botania:pool:3, Fabulous Mana Pool
botania:pool:1, The Everlasting Guilty Pool
botania:runealtar, tile.runeAltar.name
botania:pylon:0, Mana Pylon
botania:pylon:1, Natura Pylon
botania:pylon:2, Gaia Pylon
botania:pistonrelay, tile.pistonRelay.name
botania:distributor, tile.distributor.name
botania:manavoid, tile.manaVoid.name
botania:manadetector, tile.manaDetector.name
botania:enchanter, Enchanter
botania:turntable, tile.turntable.name
botania:tinyplanetblock, tile.tinyPlanetBlock.name
botania:alchemycatalyst, tile.alchemyCatalyst.name
botania:opencrate:0, Open Crate
botania:opencrate:1, Crafty Crate
botania:foresteye, tile.forestEye.name
botania:storage:0, Block of Manasteel
botania:storage:1, Block of Terrasteel
botania:storage:2, Block of Elementium
botania:storage:3, Block of Mana Diamond
botania:storage:4, Block of Dragonstone
botania:forestdrum:0, Drum of the Wild
botania:forestdrum:1, Drum of the Gathering
botania:forestdrum:2, Drum of the Canopy
botania:shinyflower:0, Glimmering White Flower
botania:shinyflower:1, Glimmering Orange Flower
botania:shinyflower:2, Glimmering Magenta Flower
botania:shinyflower:3, Glimmering Light Blue Flower
botania:shinyflower:4, Glimmering Yellow Flower
botania:shinyflower:5, Glimmering Lime Flower
botania:shinyflower:6, Glimmering Pink Flower
botania:shinyflower:7, Glimmering Gray Flower
botania:shinyflower:8, Glimmering Light Gray Flower
botania:shinyflower:9, Glimmering Cyan Flower
botania:shinyflower:10, Glimmering Purple Flower
botania:shinyflower:11, Glimmering Blue Flower
botania:shinyflower:12, Glimmering Brown Flower
botania:shinyflower:13, Glimmering Green Flower
botania:shinyflower:14, Glimmering Red Flower
botania:shinyflower:15, Glimmering Black Flower
botania:platform:0, Abstruse Platform
botania:platform:1, Spectral Platform
botania:platform:2, Infrangible Platform
botania:alfheimportal, tile.alfheimPortal.name
botania:dreamwood:0, Dreamwood
botania:dreamwood:1, Dreamwood Planks
botania:dreamwood:2, Mossy Dreamwood Planks
botania:dreamwood:3, Framed Dreamwood
botania:dreamwood:4, Pattern Framed Dreamwood
botania:dreamwood:5, Glimmering Dreamwood
botania:conjurationcatalyst, tile.conjurationCatalyst.name
botania:bifrost, tile.bifrost.name
botania:miniisland:0, Floating White Flower
botania:miniisland:1, Floating Orange Flower
botania:miniisland:2, Floating Magenta Flower
botania:miniisland:3, Floating Light Blue Flower
botania:miniisland:4, Floating Yellow Flower
botania:miniisland:5, Floating Lime Flower
botania:miniisland:6, Floating Pink Flower
botania:miniisland:7, Floating Gray Flower
botania:miniisland:8, Floating Light Gray Flower
botania:miniisland:9, Floating Cyan Flower
botania:miniisland:10, Floating Purple Flower
botania:miniisland:11, Floating Blue Flower
botania:miniisland:12, Floating Brown Flower
botania:miniisland:13, Floating Green Flower
botania:miniisland:14, Floating Red Flower
botania:miniisland:15, Floating Black Flower
botania:tinypotato, tile.tinyPotato.name
botania:spawnerclaw, tile.spawnerClaw.name
botania:custombrick:0, Azulejo
botania:custombrick:1, Azulejo
botania:custombrick:2, Azulejo
botania:custombrick:3, Azulejo
botania:custombrick:4, Azulejo
botania:custombrick:5, Azulejo
botania:custombrick:6, Azulejo
botania:custombrick:7, Azulejo
botania:custombrick:8, Azulejo
botania:custombrick:9, Azulejo
botania:custombrick:10, Azulejo
botania:custombrick:11, Azulejo
botania:custombrick:12, Azulejo
botania:custombrick:13, Azulejo
botania:custombrick:14, Azulejo
botania:custombrick:15, Azulejo
botania:endereyeblock, tile.enderEyeBlock.name
botania:starfield, tile.starfield.name
botania:rfgenerator, tile.rfGenerator.name
botania:elfglass, tile.elfGlass.name
botania:brewery, tile.brewery.name
botania:managlass, tile.manaGlass.name
botania:terraplate, tile.terraPlate.name
botania:redstringcontainer, tile.redStringContainer.name
botania:redstringdispenser, tile.redStringDispenser.name
botania:redstringfertilizer, tile.redStringFertilizer.name
botania:redstringcomparator, tile.redStringComparator.name
botania:redstringrelay, tile.redStringRelay.name
botania:floatingspecialflower:0, Floating Pure Daisy
botania:floatingspecialflower:0, Floating Manastar
botania:floatingspecialflower:0, Floating Endoflame
botania:floatingspecialflower:0, Floating Hydroangeas
botania:floatingspecialflower:0, Floating Thermalily
botania:floatingspecialflower:0, Floating Rosa Arcana
botania:floatingspecialflower:0, Floating Munchdew
botania:floatingspecialflower:0, Floating Entropinnyum
botania:floatingspecialflower:0, Floating Kekimurus
botania:floatingspecialflower:0, Floating Gourmaryllis
botania:floatingspecialflower:0, Floating Narslimmus
botania:floatingspecialflower:0, Floating Spectrolus
botania:floatingspecialflower:0, Floating Rafflowsia
botania:floatingspecialflower:0, Floating Shulk Me Not
botania:floatingspecialflower:0, Floating Dandelifeon
botania:floatingspecialflower:0, Floating Jaded Amaranthus
botania:floatingspecialflower:0, Floating Bellethorne
botania:floatingspecialflower:0, Floating Bellethorne Petite
botania:floatingspecialflower:0, Floating Dreadthorne
botania:floatingspecialflower:0, Floating Heisei Dream
botania:floatingspecialflower:0, Floating Tigerseye
botania:floatingspecialflower:0, Floating Marimorphosis
botania:floatingspecialflower:0, Floating Marimorphosis Petite
botania:floatingspecialflower:0, Floating Orechid
botania:floatingspecialflower:0, Floating Orechid Ignem
botania:floatingspecialflower:0, Floating Fallen Kanade
botania:floatingspecialflower:0, Floating Exoflame
botania:floatingspecialflower:0, Floating Agricarnation
botania:floatingspecialflower:0, Floating Agricarnation Petite
botania:floatingspecialflower:0, Floating Hopperhock
botania:floatingspecialflower:0, Floating Hopperhock Petite
botania:floatingspecialflower:0, Floating Rannuncarpus
botania:floatingspecialflower:0, Floating Rannuncarpus Petite
botania:floatingspecialflower:0, Floating Tangleberrie
botania:floatingspecialflower:0, Floating Jiyuulia
botania:floatingspecialflower:0, Floating Hyacidus
botania:floatingspecialflower:0, Floating Medumone
botania:floatingspecialflower:0, Floating Pollidisiac
botania:floatingspecialflower:0, Floating Clayconia
botania:floatingspecialflower:0, Floating Clayconia Petite
botania:floatingspecialflower:0, Floating Loonium
botania:floatingspecialflower:0, Floating Daffomill
botania:floatingspecialflower:0, Floating Vinculotus
botania:floatingspecialflower:0, Floating Spectranthemum
botania:floatingspecialflower:0, Floating Bubbell
botania:floatingspecialflower:0, Floating Bubbell Petite
botania:floatingspecialflower:0, Floating Solegnolia
botania:floatingspecialflower:0, Floating Solegnolia Petite
botania:floatingspecialflower:0, Floating Bergamute
botania:prism, tile.prism.name
botania:enchantedsoil, tile.enchantedSoil.name
botania:petalblock:0, White Petal Block
botania:petalblock:1, Orange Petal Block
botania:petalblock:2, Magenta Petal Block
botania:petalblock:3, Light Blue Petal Block
botania:petalblock:4, Yellow Petal Block
botania:petalblock:5, Lime Petal Block
botania:petalblock:6, Pink Petal Block
botania:petalblock:7, Gray Petal Block
botania:petalblock:8, Light Gray Petal Block
botania:petalblock:9, Cyan Petal Block
botania:petalblock:10, Purple Petal Block
botania:petalblock:11, Blue Petal Block
botania:petalblock:12, Brown Petal Block
botania:petalblock:13, Green Petal Block
botania:petalblock:14, Red Petal Block
botania:petalblock:15, Black Petal Block
botania:corporeaindex, tile.corporeaIndex.name
botania:corporeafunnel, tile.corporeaFunnel.name
botania:mushroom:0, White Shimmering Mushroom
botania:mushroom:1, Orange Shimmering Mushroom
botania:mushroom:2, Magenta Shimmering Mushroom
botania:mushroom:3, Light Blue Shimmering Mushroom
botania:mushroom:4, Yellow Shimmering Mushroom
botania:mushroom:5, Lime Shimmering Mushroom
botania:mushroom:6, Pink Shimmering Mushroom
botania:mushroom:7, Gray Shimmering Mushroom
botania:mushroom:8, Light Gray Shimmering Mushroom
botania:mushroom:9, Cyan Shimmering Mushroom
botania:mushroom:10, Purple Shimmering Mushroom
botania:mushroom:11, Blue Shimmering Mushroom
botania:mushroom:12, Brown Shimmering Mushroom
botania:mushroom:13, Green Shimmering Mushroom
botania:mushroom:14, Red Shimmering Mushroom
botania:mushroom:15, Black Shimmering Mushroom
botania:pump, tile.pump.name
botania:doubleflower1:0, Tall Mystical White Flower
botania:doubleflower1:1, Tall Mystical Orange Flower
botania:doubleflower1:2, Tall Mystical Magenta Flower
botania:doubleflower1:3, Tall Mystical Light Blue Flower
botania:doubleflower1:4, Tall Mystical Yellow Flower
botania:doubleflower1:5, Tall Mystical Lime Flower
botania:doubleflower1:6, Tall Mystical Pink Flower
botania:doubleflower1:7, Tall Mystical Gray Flower
botania:doubleflower2:0, Tall Mystical Light Gray Flower
botania:doubleflower2:1, Tall Mystical Cyan Flower
botania:doubleflower2:2, Tall Mystical Purple Flower
botania:doubleflower2:3, Tall Mystical Blue Flower
botania:doubleflower2:4, Tall Mystical Brown Flower
botania:doubleflower2:5, Tall Mystical Green Flower
botania:doubleflower2:6, Tall Mystical Red Flower
botania:doubleflower2:7, Tall Mystical Black Flower
botania:blazeblock, tile.blazeBlock.name
botania:corporeainterceptor, tile.corporeaInterceptor.name
botania:corporeacrystalcube, tile.corporeaCrystalCube.name
botania:incenseplate, tile.incensePlate.name
botania:hourglass, tile.hourglass.name
botania:ghostrail, tile.ghostRail.name
botania:sparkchanger, tile.sparkChanger.name
botania:root, tile.root.name
botania:felpumpkin, tile.felPumpkin.name
botania:cocoon, tile.cocoon.name
botania:lightrelay:0, Luminizer
botania:lightrelay:1, Detector Luminizer
botania:lightrelay:2, Fork Luminizer
botania:lightrelay:3, Toggle Luminizer
botania:lightlauncher, tile.lightLauncher.name
botania:manabomb, tile.manaBomb.name
botania:cacophoniumblock, tile.cacophoniumBlock.name
botania:bellows, tile.bellows.name
botania:bifrostperm, tile.bifrostPerm.name
botania:cellblock, tile.cellBlock.name
botania:redstringinterceptor, tile.redStringInterceptor.name
botania:corporearetainer, tile.corporeaRetainer.name
botania:teruterubozu, tile.teruTeruBozu.name
botania:shimmerrock, tile.shimmerrock.name
botania:shimmerwoodplanks, tile.shimmerwoodPlanks.name
botania:avatar, tile.avatar.name
botania:altgrass:0, Dry Grass
botania:altgrass:1, Golden Grass
botania:altgrass:2, Vivid Grass
botania:altgrass:3, Scorched Grass
botania:altgrass:4, Infused Grass
botania:altgrass:5, Mutated Grass
botania:animatedtorch, tile.animatedTorch.name
botania:lexicon, item.lexicon.name
botania:petal:0, Mystical White Petal
botania:petal:1, Mystical Orange Petal
botania:petal:2, Mystical Magenta Petal
botania:petal:3, Mystical Light Blue Petal
botania:petal:4, Mystical Yellow Petal
botania:petal:5, Mystical Lime Petal
botania:petal:6, Mystical Pink Petal
botania:petal:7, Mystical Gray Petal
botania:petal:8, Mystical Light Gray Petal
botania:petal:9, Mystical Cyan Petal
botania:petal:10, Mystical Purple Petal
botania:petal:11, Mystical Blue Petal
botania:petal:12, Mystical Brown Petal
botania:petal:13, Mystical Green Petal
botania:petal:14, Mystical Red Petal
botania:petal:15, Mystical Black Petal
botania:dye:0, Floral White Powder
botania:dye:1, Floral Orange Powder
botania:dye:2, Floral Magenta Powder
botania:dye:3, Floral Light Blue Powder
botania:dye:4, Floral Yellow Powder
botania:dye:5, Floral Lime Powder
botania:dye:6, Floral Pink Powder
botania:dye:7, Floral Gray Powder
botania:dye:8, Floral Light Gray Powder
botania:dye:9, Floral Cyan Powder
botania:dye:10, Floral Purple Powder
botania:dye:11, Floral Blue Powder
botania:dye:12, Floral Brown Powder
botania:dye:13, Floral Green Powder
botania:dye:14, Floral Red Powder
botania:dye:15, Floral Black Powder
botania:pestleandmortar, item.pestleAndMortar.name
botania:twigwand:0, Wand of the Forest
botania:twigwand:0, Wand of the Forest
botania:twigwand:0, Wand of the Forest
botania:twigwand:0, Wand of the Forest
botania:twigwand:0, Wand of the Forest
botania:twigwand:0, Wand of the Forest
botania:twigwand:0, Wand of the Forest
botania:twigwand:0, Wand of the Forest
botania:twigwand:0, Wand of the Forest
botania:twigwand:0, Wand of the Forest
botania:twigwand:0, Wand of the Forest
botania:twigwand:0, Wand of the Forest
botania:twigwand:0, Wand of the Forest
botania:twigwand:0, Wand of the Forest
botania:twigwand:0, Wand of the Forest
botania:twigwand:0, Wand of the Forest
botania:manaresource:0, Manasteel Ingot
botania:manaresource:1, Mana Pearl
botania:manaresource:2, Mana Diamond
botania:manaresource:3, Livingwood Twig
botania:manaresource:4, Terrasteel Ingot
botania:manaresource:5, Gaia Spirit
botania:manaresource:6, Redstone Root
botania:manaresource:7, Elementium Ingot
botania:manaresource:8, Pixie Dust
botania:manaresource:9, Dragonstone
botania:manaresource:11, Crafting Placeholder
botania:manaresource:12, Red String
botania:manaresource:13, Dreamwood Twig
botania:manaresource:14, Gaia Spirit Ingot
botania:manaresource:15, Ender Air Bottle
botania:manaresource:16, Mana Infused String
botania:manaresource:17, Manasteel Nugget
botania:manaresource:18, Terrasteel Nugget
botania:manaresource:19, Elementium Nugget
botania:manaresource:22, Manaweave Cloth
botania:manaresource:23, Mana Powder
botania:lens:0, Mana Lens
botania:lens:1, Mana Lens: Velocity
botania:lens:2, Mana Lens: Potency
botania:lens:3, Mana Lens: Resistance
botania:lens:4, Mana Lens: Efficiency
botania:lens:5, Mana Lens: Bounce
botania:lens:6, Mana Lens: Gravity
botania:lens:7, Mana Lens: Bore
botania:lens:8, Mana Lens: Damaging
botania:lens:9, Mana Lens: Phantom
botania:lens:10, Mana Lens: Magnetizing
botania:lens:11, Mana Lens: Entropic
botania:lens:12, Mana Lens: Influence
botania:lens:13, Mana Lens: Weight
botania:lens:14, Mana Lens: Paintslinger
botania:lens:15, Mana Lens: Kindle
botania:lens:16, Mana Lens: Force
botania:lens:17, Mana Lens: Flash
botania:lens:18, Mana Lens: Warp
botania:lens:19, Mana Lens: Redirective
botania:lens:20, Mana Lens: Celebratory
botania:lens:21, Mana Lens: Flare
botania:lens:22, Mana Lens: Messenger
botania:lens:23, Mana Lens: Tripwire
botania:rune:0, Rune of Water
botania:rune:1, Rune of Fire
botania:rune:2, Rune of Earth
botania:rune:3, Rune of Air
botania:rune:4, Rune of Spring
botania:rune:5, Rune of Summer
botania:rune:6, Rune of Autumn
botania:rune:7, Rune of Winter
botania:rune:8, Rune of Mana
botania:rune:9, Rune of Lust
botania:rune:10, Rune of Gluttony
botania:rune:11, Rune of Greed
botania:rune:12, Rune of Sloth
botania:rune:13, Rune of Wrath
botania:rune:14, Rune of Envy
botania:rune:15, Rune of Pride
botania:manatablet, item.manaTablet.name
botania:managun, item.manaGun.name
botania:manacookie, item.manaCookie.name
botania:fertilizer, item.fertilizer.name
botania:grassseeds:0, Pasture Seeds
botania:grassseeds:1, Boreal Seeds
botania:grassseeds:2, Infestation Spores
botania:grassseeds:3, Dry Pasture Seeds
botania:grassseeds:4, Golden Pasture Seeds
botania:grassseeds:5, Vivid Pasture Seeds
botania:grassseeds:6, Scorched Pasture Seeds
botania:grassseeds:7, Infused Pasture Seeds
botania:grassseeds:8, Mutated Pasture Seeds
botania:dirtrod, item.dirtRod.name
botania:terraformrod, item.terraformRod.name
botania:grasshorn:0, Horn of the Wild
botania:grasshorn:1, Horn of the Canopy
botania:grasshorn:2, Horn of the Covering
botania:manamirror, item.manaMirror.name
botania:manasteelhelm, item.manasteelHelm.name
botania:manasteelhelmreveal, item.manasteelHelmReveal.name
botania:manasteelchest, item.manasteelChest.name
botania:manasteellegs, item.manasteelLegs.name
botania:manasteelboots, item.manasteelBoots.name
botania:manasteelpick, item.manasteelPick.name
botania:manasteelshovel, item.manasteelShovel.name
botania:manasteelaxe, item.manasteelAxe.name
botania:manasteelsword, item.manasteelSword.name
botania:manasteelshears, item.manasteelShears.name
botania:terrasteelhelm, item.terrasteelHelm.name
botania:terrasteelhelmreveal, item.terrasteelHelmReveal.name
botania:terrasteelchest, item.terrasteelChest.name
botania:terrasteellegs, item.terrasteelLegs.name
botania:terrasteelboots, item.terrasteelBoots.name
botania:terrasword, item.terraSword.name
botania:tinyplanet, item.tinyPlanet.name
botania:manaring, item.manaRing.name
botania:auraring, item.auraRing.name
botania:manaringgreater, item.manaRingGreater.name
botania:auraringgreater, item.auraRingGreater.name
botania:travelbelt, item.travelBelt.name
botania:knockbackbelt, item.knockbackBelt.name
botania:icependant, item.icePendant.name
botania:lavapendant, item.lavaPendant.name
botania:magnetring, item.magnetRing.name
botania:waterring, item.waterRing.name
botania:miningring, item.miningRing.name
botania:terrapick, item.terraPick.name
botania:divacharm, item.divaCharm.name
botania:flighttiara:0, Flügel Tiara
botania:flighttiara:1, Flügel Tiara
botania:flighttiara:2, Flügel Tiara
botania:flighttiara:3, Flügel Tiara
botania:flighttiara:4, Flügel Tiara
botania:flighttiara:5, Flügel Tiara
botania:flighttiara:6, Flügel Tiara
botania:flighttiara:7, Flügel Tiara
botania:flighttiara:8, Flügel Tiara
botania:enderdagger, item.enderDagger.name
botania:quartz:0, Smokey Quartz
botania:quartz:1, Mana Quartz
botania:quartz:2, Blaze Quartz
botania:quartz:3, Lavender Quartz
botania:quartz:4, Redquartz
botania:quartz:5, Elven Quartz
botania:quartz:6, Sunny Quartz
botania:waterrod, item.waterRod.name
botania:elementiumhelm, item.elementiumHelm.name
botania:elementiumhelmreveal, item.elementiumHelmReveal.name
botania:elementiumchest, item.elementiumChest.name
botania:elementiumlegs, item.elementiumLegs.name
botania:elementiumboots, item.elementiumBoots.name
botania:elementiumpick, item.elementiumPick.name
botania:elementiumshovel, item.elementiumShovel.name
botania:elementiumaxe, item.elementiumAxe.name
botania:elementiumsword, item.elementiumSword.name
botania:elementiumshears, item.elementiumShears.name
botania:openbucket, item.openBucket.name
botania:spawnermover, item.spawnerMover.name
botania:pixiering, item.pixieRing.name
botania:supertravelbelt, item.superTravelBelt.name
botania:rainbowrod, item.rainbowRod.name
botania:tornadorod, item.tornadoRod.name
botania:firerod, item.fireRod.name
botania:vineball, item.vineBall.name
botania:slingshot, item.slingshot.name
botania:manabottle, item.manaBottle.name
botania:laputashard:0, Shard of Laputa
botania:laputashard:4, Shard of Laputa
botania:laputashard:9, Shard of Laputa
botania:laputashard:14, Shard of Laputa
botania:laputashard:19, Shard of Laputa
botania:virus:0, Necrodermal Virus
botania:virus:1, Nullodermal Virus
botania:reachring, item.reachRing.name
botania:skydirtrod, item.skyDirtRod.name
botania:itemfinder, item.itemFinder.name
botania:superlavapendant, item.superLavaPendant.name
botania:enderhand, item.enderHand.name
botania:glasspick, item.glassPick.name
botania:spark, item.spark.name
botania:sparkupgrade:0, Spark Augment: Dispersive
botania:sparkupgrade:1, Spark Augment: Dominant
botania:sparkupgrade:2, Spark Augment: Recessive
botania:sparkupgrade:3, Spark Augment: Isolated
botania:diviningrod, item.diviningRod.name
botania:gravityrod, item.gravityRod.name
botania:manainkwell, item.manaInkwell.name
botania:vial:0, Managlass Vial
botania:vial:1, Alfglass Flask
botania:brewvial, item.brewVial.name
botania:brewflask, item.brewFlask.name
botania:bloodpendant, item.bloodPendant.name
botania:missilerod, item.missileRod.name
botania:holycloak, item.holyCloak.name
botania:unholycloak, item.unholyCloak.name
botania:balancecloak, item.balanceCloak.name
botania:craftinghalo, item.craftingHalo.name
botania:blacklotus:0, Black Lotus
botania:blacklotus:1, Blacker Lotus
botania:monocle, item.monocle.name
botania:clip, item.clip.name
botania:cobblerod, item.cobbleRod.name
botania:smeltrod, item.smeltRod.name
botania:worldseed, item.worldSeed.name
botania:spellcloth, item.spellCloth.name
botania:thornchakram:0, Thorn Chakram
botania:thornchakram:1, Flare Chakram
botania:overgrowthseed, item.overgrowthSeed.name
botania:craftpattern:0, Crafting Pattern #1: 1x1
botania:craftpattern:1, Crafting Pattern #2: 2x2
botania:craftpattern:2, Crafting Pattern #3: 1x2
botania:craftpattern:3, Crafting Pattern #4: 2x1
botania:craftpattern:4, Crafting Pattern #5: 1x3
botania:craftpattern:5, Crafting Pattern #6: 3x1
botania:craftpattern:6, Crafting Pattern #7: 2x3
botania:craftpattern:7, Crafting Pattern #8: 3x2
botania:craftpattern:8, Crafting Pattern #9: Donut
botania:ancientwill:0, Will of Ahrim
botania:ancientwill:1, Will of Dharok
botania:ancientwill:2, Will of Guthan
botania:ancientwill:3, Will of Torag
botania:ancientwill:4, Will of Verac
botania:ancientwill:5, Will of Karil
botania:corporeaspark:0, Corporea Spark
botania:corporeaspark:1, Master Corporea Spark
botania:livingwoodbow, item.livingwoodBow.name
botania:crystalbow, item.crystalBow.name
botania:cosmetic:0, Black Bowtie
botania:cosmetic:1, Black Tie
botania:cosmetic:2, Red Glasses
botania:cosmetic:3, Puffy Scarf
botania:cosmetic:4, Engineer Goggles
botania:cosmetic:5, Eyepatch
botania:cosmetic:6, Wicked Eyepatch
botania:cosmetic:7, Red Ribbons
botania:cosmetic:8, Pink Flower Bud
botania:cosmetic:9, Polka-Dotted Bows
botania:cosmetic:10, Blue Butterfly
botania:cosmetic:11, Cat Ears
botania:cosmetic:12, Witch Pin
botania:cosmetic:13, Devil Tail
botania:cosmetic:14, Kamui Eye
botania:cosmetic:15, Googly Eyes
botania:cosmetic:16, Four-Leafed Clover
botania:cosmetic:17, Clock Eye
botania:cosmetic:18, Unicorn Horn
botania:cosmetic:19, Devil Horns
botania:cosmetic:20, Hyper Plus
botania:cosmetic:21, Botanist Emblem
botania:cosmetic:22, Ancient Mask
botania:cosmetic:23, Eerie Mask
botania:cosmetic:24, Alien Antenna
botania:cosmetic:25, Anaglyph Glasses
botania:cosmetic:26, Orange Shades
botania:cosmetic:27, Groucho Glasses
botania:cosmetic:28, Thick Eyebrows
botania:cosmetic:29, Lusitanic Shield
botania:cosmetic:30, Tiny Potato Mask
botania:cosmetic:31, Questgiver Mark
botania:cosmetic:32, Thinking Hand
botania:swapring, item.swapRing.name
botania:flowerbag, item.flowerBag.name
botania:phantomink, item.phantomInk.name
botania:poolminecart, item.poolMinecart.name
botania:pinkinator, item.pinkinator.name
botania:infinitefruit, item.infiniteFruit.name
botania:kingkey, item.kingKey.name
botania:flugeleye, item.flugelEye.name
botania:thorring, item.thorRing.name
botania:odinring, item.odinRing.name
botania:lokiring, item.lokiRing.name
botania:dice, item.dice.name
botania:keepivy, item.keepIvy.name
botania:blackholetalisman:0, Black Hole Talisman
botania:recordgaia1, item.recordGaia1.name
botania:recordgaia2, item.recordGaia2.name
botania:temperancestone:0, Stone of Temperance
botania:incensestick, item.incenseStick.name
botania:terraaxe, item.terraAxe.name
botania:waterbowl, item.waterBowl.name
botania:obediencestick, item.obedienceStick.name
botania:cacophonium, item.cacophonium.name
botania:slimebottle:0, Slime in a Bottle
botania:starsword, item.starSword.name
botania:exchangerod, item.exchangeRod.name
botania:magnetringgreater, item.magnetRingGreater.name
botania:thundersword, item.thunderSword.name
botania:manaweavehelm, item.manaweaveHelm.name
botania:manaweavechest, item.manaweaveChest.name
botania:manaweavelegs, item.manaweaveLegs.name
botania:manaweaveboots, item.manaweaveBoots.name
botania:autocraftinghalo, item.autocraftingHalo.name
botania:gaiahead, item.gaiaHead.name
botania:sextant, item.sextant.name
botania:speedupbelt, item.speedUpBelt.name
botania:baublebox, item.baubleBox.name
botania:dodgering, item.dodgeRing.name
botania:invisibilitycloak, item.invisibilityCloak.name
botania:cloudpendant, item.cloudPendant.name
botania:supercloudpendant, item.superCloudPendant.name
botania:thirdeye, item.thirdEye.name
botania:astrolabe, item.astrolabe.name
botania:goddesscharm, item.goddessCharm.name
toolprogression:magic_mushroom, Magic™ Mushroom
enderio:item_enderface, Enderface
enderio:item_conduit_facade:0, Conduit Facade
enderio:item_conduit_facade:1, Hardened Conduit Facade
enderio:item_conduit_facade:2, Transparent Conduit Facade
enderio:item_conduit_facade:3, Transparent Hardened Conduit Facade
enderio:item_basic_capacitor:0, Basic Capacitor
enderio:item_basic_capacitor:1, Double-Layer Capacitor
enderio:item_basic_capacitor:2, Octadic Capacitor
enderio:block_alloy:0, Electrical Steel Block
enderio:block_alloy:1, Energetic Alloy Block
enderio:block_alloy:2, Vibrant Alloy Block
enderio:block_alloy:3, Redstone Alloy Block
enderio:block_alloy:4, Conductive Iron Block
enderio:block_alloy:5, Pulsating Iron Block
enderio:block_alloy:6, Dark Steel Block
enderio:block_alloy:7, Soularium Block
enderio:block_alloy:8, End Steel Block
enderio:block_alloy:9, Iron Alloy Block
enderio:item_alloy_ingot:0, Electrical Steel Ingot
enderio:item_alloy_ingot:1, Energetic Alloy Ingot
enderio:item_alloy_ingot:2, Vibrant Alloy Ingot
enderio:item_alloy_ingot:3, Redstone Alloy Ingot
enderio:item_alloy_ingot:4, Conductive Iron Ingot
enderio:item_alloy_ingot:5, Pulsating Iron Ingot
enderio:item_alloy_ingot:6, Dark Steel Ingot
enderio:item_alloy_ingot:7, Soularium Ingot
enderio:item_alloy_ingot:8, End Steel Ingot
enderio:item_alloy_ingot:9, Iron Alloy Ingot
enderio:item_alloy_nugget:0, Electrical Steel Nugget
enderio:item_alloy_nugget:1, Energetic Alloy Nugget
enderio:item_alloy_nugget:2, Vibrant Alloy Nugget
enderio:item_alloy_nugget:3, Redstone Alloy Nugget
enderio:item_alloy_nugget:4, Conductive Iron Nugget
enderio:item_alloy_nugget:5, Pulsating Iron Nugget
enderio:item_alloy_nugget:6, Dark Steel Nugget
enderio:item_alloy_nugget:7, Soularium Nugget
enderio:item_alloy_nugget:8, End Steel Nugget
enderio:item_alloy_nugget:9, Iron Alloy Nugget
enderio:item_alloy_ball:0, Electrical Steel Grinding Ball
enderio:item_alloy_ball:1, Energetic Alloy Grinding Ball
enderio:item_alloy_ball:2, Vibrant Alloy Grinding Ball
enderio:item_alloy_ball:3, Redstone Alloy Grinding Ball
enderio:item_alloy_ball:4, Conductive Iron Grinding Ball
enderio:item_alloy_ball:5, Pulsating Iron Grinding Ball
enderio:item_alloy_ball:6, Dark Steel Grinding Ball
enderio:item_alloy_ball:7, Soularium Grinding Ball
enderio:item_alloy_ball:8, End Steel Grinding Ball
enderio:item_alloy_ball:9, Iron Alloy Grinding Ball
enderio:item_material:0, Simple Machine Chassis
enderio:item_material:1, Industrial Machine Chassis
enderio:item_material:2, Machine Parts
enderio:item_material:3, Photovoltaic Plate
enderio:item_material:4, Conduit Binder
enderio:item_material:5, Silicon
enderio:item_material:6, Glider Wing
enderio:item_material:7, Glider Wings
enderio:item_material:8, Nutritious Stick
enderio:item_material:9, Wooden Gear
enderio:item_material:10, Stone Compound Gear
enderio:item_material:11, Infinity Bimetal Gear
enderio:item_material:12, Energized Bimetal Gear
enderio:item_material:13, Vibrant Bimetal Gear
enderio:item_material:14, Pulsating Crystal
enderio:item_material:15, Vibrant Crystal
enderio:item_material:16, Ender Crystal
enderio:item_material:17, Enticing Crystal
enderio:item_material:18, Weather Crystal
enderio:item_material:19, Prescient Crystal
enderio:item_material:20, Grains of Infinity
enderio:item_material:21, Flour
enderio:item_material:22, Conduit Binder Composite
enderio:item_material:23, Coal Powder
enderio:item_material:24, Iron Powder
enderio:item_material:25, Gold Powder
enderio:item_material:26, Copper Powder
enderio:item_material:27, Tin Powder
enderio:item_material:28, Ender Pearl Powder
enderio:item_material:29, Obsidian Powder
enderio:item_material:30, Ardite Powder
enderio:item_material:31, Cobalt Powder
enderio:item_material:32, Lapis Lazuli Powder
enderio:item_material:33, Quartz Powder
enderio:item_material:34, Grains of Prescience
enderio:item_material:35, Grains of Vibrancy
enderio:item_material:36, Grains of Piezallity
enderio:item_material:37, Grains of the End
enderio:item_material:38, Photovoltaic Composite
enderio:item_material:39, Enderium Base
enderio:item_material:40, Zombie Electrode
enderio:item_material:41, Z-Logic Controller
enderio:item_material:42, Frank'N'Zombie
enderio:item_material:43, Ender Resonator
enderio:item_material:44, Sentient Ender
enderio:item_material:45, Skeletal Contractor
enderio:item_material:46, Clippings and Trimmings
enderio:item_material:47, Twigs and Prunings
enderio:item_material:48, Organic Green Dye
enderio:item_material:49, Organic Brown Dye
enderio:item_material:50, Organic Black Dye
enderio:item_material:51, Industrial Dye Blend
enderio:item_material:52, Soul Attuned Dye Blend
enderio:item_material:53, Soul Machine Chassis
enderio:item_material:54, Enhanced Machine Chassis
enderio:item_material:55, Soulless Machine Chassis
enderio:item_material:56, Guardian Diode
enderio:item_material:57, Signalum Grinding Ball
enderio:item_material:58, Enderium Grinding Ball
enderio:item_material:59, Lumium Grinding Ball
enderio:item_material:60, Redstone Filter Base
enderio:item_material:61, Confusing Powder
enderio:item_material:62, Ender Fragment
enderio:item_material:63, Withering Dust
enderio:item_material:64, Remote Awareness Upgrade
enderio:item_material:65, Wireless Energy Transmitter Dish Assembly
enderio:item_material:66, End Steel Chassis
enderio:item_material:67, Enhanced Dye Blend
enderio:item_material:68, Enhanced Machine Parts
enderio:item_material:69, Simple Machine Parts
enderio:item_material:70, Cake Base
enderio:item_material:71, Infinity Rod
enderio:item_material:72, Nethercotta
enderio:item_material:73, Dark Bimetal Gear
enderio:item_material:74, Soul Powder
enderio:item_material:75, Infinity Reagent
enderio:item_material:76, Clay-Coated Glowstone Dust
enderio:item_material:77, Black Paper
enderio:item_material:78, Animal Token
enderio:item_material:79, Monster Token
enderio:item_material:80, Player Token
enderio:item_material:81, Unfired Death Urn
enderio:item_broken_spawner:0, Broken Spawner
enderio:block_infinity_fog:0, Infinity Dust
enderio:block_infinity:0, Infinity Dust Block
enderio:block_infinity:1, Compressed Infinity Dust Block
enderio:block_infinity:2, Double Compressed Infinity Dust Block
enderio:block_holy_fog, Glowstone Nano-Particles (old)
enderio:block_holier_fog, Glowstone Nano-Particles
enderio:block_dark_steel_anvil:0, Dark Steel Anvil
enderio:block_dark_steel_anvil:1, Slightly Damaged Dark Steel Anvil
enderio:block_dark_steel_anvil:2, Very Damaged Dark Steel Anvil
enderio:block_dark_paper_anvil:0, Dark Paper Anvil
enderio:block_dark_paper_anvil:1, Slightly Damaged Dark Paper Anvil
enderio:block_dark_paper_anvil:2, Very Damaged Dark Paper Anvil
enderio:block_dark_steel_ladder, Dark Steel Ladder
enderio:block_dark_iron_bars, Dark Iron Bars
enderio:block_dark_steel_trapdoor, Dark Steel Trapdoor
enderio:block_dark_steel_door, Dark Steel Door
enderio:block_reinforced_obsidian, Reinforced Obsidian
enderio:block_self_resetting_lever5, Self-resetting Lever (5 seconds)
enderio:block_self_resetting_lever10, Self-resetting Lever (10 seconds)
enderio:block_self_resetting_lever30, Self-resetting Lever (30 seconds)
enderio:block_self_resetting_lever60, Self-resetting Lever (1 Minute)
enderio:block_self_resetting_lever300, Self-resetting Lever (5 Minutes)
enderio:block_self_resetting_lever5i, Inverted Self-resetting Lever (5 seconds)
enderio:block_self_resetting_lever10i, Inverted Self-resetting Lever (10 seconds)
enderio:block_self_resetting_lever30i, Inverted Self-resetting Lever (30 seconds)
enderio:block_self_resetting_lever60i, Inverted Self-resetting Lever (1 Minute)
enderio:block_self_resetting_lever300i, Inverted Self-resetting Lever (5 Minutes)
enderio:block_decoration1:0, Machine Chassis (decoration block)
enderio:block_decoration1:1, Blank Machine (decoration block)
enderio:block_decoration1:2, Machine Tops (decoration block)
enderio:block_decoration1:3, Machine Sides (decoration block)
enderio:block_decoration1:4, Machine Backs (decoration block)
enderio:block_decoration1:5, Machine with sides (decoration block)
enderio:block_decoration1:6, Machine width backs (decoration block)
enderio:block_decoration1:7, Blank Soul Machine (decoration block)
enderio:block_decoration1:8, Soul Machine Tops (decoration block)
enderio:block_decoration1:9, Soul Machine Sides (decoration block)
enderio:block_decoration1:10, Soul Machine Backs (decoration block)
enderio:block_decoration1:11, Soul Machine with sides (decoration block)
enderio:block_decoration1:12, Soul Machine width backs (decoration block)
enderio:block_decoration1:13, Red Machine (decoration block)
enderio:block_decoration1:14, Broken Spawner (decoration block)
enderio:block_decoration1:15, Invisible Block (decoration block)
enderio:block_decoration2:0, Alloy Smelter (decoration block)
enderio:block_decoration2:1, Item Buffer (decoration block)
enderio:block_decoration2:2, Power Buffer (decoration block)
enderio:block_decoration2:3, Omni Buffer (decoration block)
enderio:block_decoration2:4, Creative Buffer (decoration block)
enderio:block_decoration2:5, Crafter (decoration block)
enderio:block_decoration2:6, Painting Machine (decoration block)
enderio:block_decoration2:7, Power Monitor (decoration block)
enderio:block_decoration2:8, SAG Mill (decoration block)
enderio:block_decoration2:9, Slice'N'Splice (decoration block)
enderio:block_decoration2:10, Stirling Generator (decoration block)
enderio:block_decoration2:11, Fluid Tank (decoration block)
enderio:block_decoration2:12, Pressurized Fluid Tank (decoration block)
enderio:block_decoration2:13, Travel Anchor (decoration block)
enderio:block_decoration2:14, Vacuum Chest (decoration block)
enderio:block_decoration2:15, Wireless Charger (decoration block)
enderio:block_decoration3:0, XP Vacuum (decoration block)
enderio:block_decoration3:1, Simple Alloy Smelter (decoration block)
enderio:block_decoration3:2, Simple Stirling Generator (decoration block)
enderio:block_decoration3:3, Wired Charger (decoration block)
enderio:block_decoration3:4, Simple Sagmill (decoration block)
enderio:block_industrial_insulation, Industrial Insulation
enderio:block_end_iron_bars, End Steel Bars
enderio:block_confusion_charge, Confusion Charge
enderio:block_concussion_charge, Concussion Charge
enderio:block_ender_charge, Ender Charge
enderio:block_painted_slab, Painted Slab
enderio:block_painted_stone_slab, Painted Stone Slab
enderio:block_painted_pressure_plate:1, Wooden Pressure Plate (Silent)
enderio:block_painted_pressure_plate:3, Stone Pressure Plate (Silent)
enderio:block_painted_pressure_plate:5, Weighted Pressure Plate (Heavy) (Silent)
enderio:block_painted_pressure_plate:7, Weighted Pressure Plate (Light) (Silent)
enderio:block_painted_pressure_plate:8, Dark Pressure Plate
enderio:block_painted_pressure_plate:9, Dark Pressure Plate (Silent)
enderio:block_painted_pressure_plate:10, Soularium Pressure Plate
enderio:block_painted_pressure_plate:11, Soularium Pressure Plate (Silent)
enderio:block_painted_pressure_plate:12, Soularium Pressure Plate (Tuned)
enderio:block_painted_pressure_plate:13, Soularium Pressure Plate (Tuned) (Silent)
enderio:block_painted_wooden_door, Painted Wooden Door
enderio:block_painted_iron_door, Painted Iron Door
enderio:block_painted_dark_steel_door, Painted Dark Steel Door
enderio:block_exit_rail, Exit Rail
enderio:item_conduit_probe:0, Conduit Probe
enderio:item_yeta_wrench, Yeta Wrench
enderio:item_xp_transfer:0, Experience Rod
enderio:item_cold_fire_igniter, Cold Fire Igniter
enderio:item_coord_selector, Coordinate Selector
enderio:item_location_printout, Location Printout
enderio:item_travel_staff:0, Staff of Traveling
enderio:item_travel_staff:0, Staff of Traveling
enderio:item_rod_of_return:0, Rod of Return
enderio:item_rod_of_return:0, Rod of Return
enderio:item_magnet:0, Electromagnet
enderio:item_magnet:0, Electromagnet
enderio:block_enderman_skull:0, Enderman Head
enderio:block_enderman_skull:2, Tormented Enderman Head
enderio:item_ender_food:0, "Enderios"
enderio:item_basic_item_filter:0, Basic Item Filter
enderio:item_advanced_item_filter:0, Advanced Item Filter
enderio:item_limited_item_filter:0, Limited Item Filter
enderio:item_big_item_filter:0, Big Item Filter
enderio:item_big_advanced_item_filter:0, Advanced Big Item Filter
enderio:item_existing_item_filter:0, Existing Item Filter
enderio:item_mod_item_filter:0, Mod Item Filter
enderio:item_power_item_filter:0, Power Item Filter
enderio:item_soul_filter_normal:0, Soul Item Filter
enderio:item_soul_filter_big:0, Big Soul Item Filter
enderio:item_enchantment_filter_normal:0, Enchantment Item Filter
enderio:item_enchantment_filter_big:0, Big Enchantment Item Filter
enderio:item_fluid_filter:0, Basic Fluid Filter
enderio:item_redstone_not_filter:0, Redstone NOT Filter
enderio:item_redstone_or_filter:0, Redstone OR Filter
enderio:item_redstone_and_filter:0, Redstone AND Filter
enderio:item_redstone_nor_filter:0, Redstone NOR Filter
enderio:item_redstone_nand_filter:0, Redstone NAND Filter
enderio:item_redstone_xor_filter:0, Redstone XOR Filter
enderio:item_redstone_xnor_filter:0, Redstone XNOR Filter
enderio:item_redstone_toggle_filter:0, Redstone Toggle Latch Filter
enderio:item_redstone_counting_filter:0, Redstone Counting Filter
enderio:item_redstone_sensor_filter:0, Redstone Sensor Filter
enderio:item_redstone_timer_filter:0, Redstone Timer Filter
enderio:block_fused_quartz:0, Fused Quartz
enderio:block_fused_quartz:1, Fused Quartz
enderio:block_fused_quartz:2, Fused Quartz
enderio:block_fused_quartz:3, Fused Quartz
enderio:block_fused_quartz:4, Fused Quartz
enderio:block_fused_quartz:5, Fused Quartz
enderio:block_fused_quartz:6, Fused Quartz
enderio:block_fused_quartz:7, Fused Quartz
enderio:block_fused_quartz:8, Fused Quartz
enderio:block_fused_quartz:9, Fused Quartz
enderio:block_fused_quartz:10, Fused Quartz
enderio:block_fused_quartz:11, Fused Quartz
enderio:block_fused_quartz:12, Fused Quartz
enderio:block_fused_quartz:13, Fused Quartz
enderio:block_fused_quartz:14, Fused Quartz
enderio:block_fused_quartz:15, Fused Quartz
enderio:block_fused_glass:0, Quite Clear Glass
enderio:block_fused_glass:1, Quite Clear Glass
enderio:block_fused_glass:2, Quite Clear Glass
enderio:block_fused_glass:3, Quite Clear Glass
enderio:block_fused_glass:4, Quite Clear Glass
enderio:block_fused_glass:5, Quite Clear Glass
enderio:block_fused_glass:6, Quite Clear Glass
enderio:block_fused_glass:7, Quite Clear Glass
enderio:block_fused_glass:8, Quite Clear Glass
enderio:block_fused_glass:9, Quite Clear Glass
enderio:block_fused_glass:10, Quite Clear Glass
enderio:block_fused_glass:11, Quite Clear Glass
enderio:block_fused_glass:12, Quite Clear Glass
enderio:block_fused_glass:13, Quite Clear Glass
enderio:block_fused_glass:14, Quite Clear Glass
enderio:block_fused_glass:15, Quite Clear Glass
enderio:block_enlightened_fused_quartz:0, Enlightened Fused Quartz
enderio:block_enlightened_fused_quartz:1, Enlightened Fused Quartz
enderio:block_enlightened_fused_quartz:2, Enlightened Fused Quartz
enderio:block_enlightened_fused_quartz:3, Enlightened Fused Quartz
enderio:block_enlightened_fused_quartz:4, Enlightened Fused Quartz
enderio:block_enlightened_fused_quartz:5, Enlightened Fused Quartz
enderio:block_enlightened_fused_quartz:6, Enlightened Fused Quartz
enderio:block_enlightened_fused_quartz:7, Enlightened Fused Quartz
enderio:block_enlightened_fused_quartz:8, Enlightened Fused Quartz
enderio:block_enlightened_fused_quartz:9, Enlightened Fused Quartz
enderio:block_enlightened_fused_quartz:10, Enlightened Fused Quartz
enderio:block_enlightened_fused_quartz:11, Enlightened Fused Quartz
enderio:block_enlightened_fused_quartz:12, Enlightened Fused Quartz
enderio:block_enlightened_fused_quartz:13, Enlightened Fused Quartz
enderio:block_enlightened_fused_quartz:14, Enlightened Fused Quartz
enderio:block_enlightened_fused_quartz:15, Enlightened Fused Quartz
enderio:block_enlightened_fused_glass:0, Enlightened Clear Glass
enderio:block_enlightened_fused_glass:1, Enlightened Clear Glass
enderio:block_enlightened_fused_glass:2, Enlightened Clear Glass
enderio:block_enlightened_fused_glass:3, Enlightened Clear Glass
enderio:block_enlightened_fused_glass:4, Enlightened Clear Glass
enderio:block_enlightened_fused_glass:5, Enlightened Clear Glass
enderio:block_enlightened_fused_glass:6, Enlightened Clear Glass
enderio:block_enlightened_fused_glass:7, Enlightened Clear Glass
enderio:block_enlightened_fused_glass:8, Enlightened Clear Glass
enderio:block_enlightened_fused_glass:9, Enlightened Clear Glass
enderio:block_enlightened_fused_glass:10, Enlightened Clear Glass
enderio:block_enlightened_fused_glass:11, Enlightened Clear Glass
enderio:block_enlightened_fused_glass:12, Enlightened Clear Glass
enderio:block_enlightened_fused_glass:13, Enlightened Clear Glass
enderio:block_enlightened_fused_glass:14, Enlightened Clear Glass
enderio:block_enlightened_fused_glass:15, Enlightened Clear Glass
enderio:block_dark_fused_quartz:0, Dark Fused Quartz
enderio:block_dark_fused_quartz:1, Dark Fused Quartz
enderio:block_dark_fused_quartz:2, Dark Fused Quartz
enderio:block_dark_fused_quartz:3, Dark Fused Quartz
enderio:block_dark_fused_quartz:4, Dark Fused Quartz
enderio:block_dark_fused_quartz:5, Dark Fused Quartz
enderio:block_dark_fused_quartz:6, Dark Fused Quartz
enderio:block_dark_fused_quartz:7, Dark Fused Quartz
enderio:block_dark_fused_quartz:8, Dark Fused Quartz
enderio:block_dark_fused_quartz:9, Dark Fused Quartz
enderio:block_dark_fused_quartz:10, Dark Fused Quartz
enderio:block_dark_fused_quartz:11, Dark Fused Quartz
enderio:block_dark_fused_quartz:12, Dark Fused Quartz
enderio:block_dark_fused_quartz:13, Dark Fused Quartz
enderio:block_dark_fused_quartz:14, Dark Fused Quartz
enderio:block_dark_fused_quartz:15, Dark Fused Quartz
enderio:block_dark_fused_glass:0, Dark Clear Glass
enderio:block_dark_fused_glass:1, Dark Clear Glass
enderio:block_dark_fused_glass:2, Dark Clear Glass
enderio:block_dark_fused_glass:3, Dark Clear Glass
enderio:block_dark_fused_glass:4, Dark Clear Glass
enderio:block_dark_fused_glass:5, Dark Clear Glass
enderio:block_dark_fused_glass:6, Dark Clear Glass
enderio:block_dark_fused_glass:7, Dark Clear Glass
enderio:block_dark_fused_glass:8, Dark Clear Glass
enderio:block_dark_fused_glass:9, Dark Clear Glass
enderio:block_dark_fused_glass:10, Dark Clear Glass
enderio:block_dark_fused_glass:11, Dark Clear Glass
enderio:block_dark_fused_glass:12, Dark Clear Glass
enderio:block_dark_fused_glass:13, Dark Clear Glass
enderio:block_dark_fused_glass:14, Dark Clear Glass
enderio:block_dark_fused_glass:15, Dark Clear Glass
enderio:block_holy_fused_quartz:0, Fused Quartz
enderio:block_holy_fused_quartz:1, Fused Quartz
enderio:block_holy_fused_quartz:2, Fused Quartz
enderio:block_holy_fused_quartz:3, Fused Quartz
enderio:block_holy_fused_quartz:4, Fused Quartz
enderio:block_holy_fused_quartz:5, Fused Quartz
enderio:block_holy_fused_quartz:6, Fused Quartz
enderio:block_holy_fused_quartz:7, Fused Quartz
enderio:block_holy_fused_quartz:8, Fused Quartz
enderio:block_holy_fused_quartz:9, Fused Quartz
enderio:block_holy_fused_quartz:10, Fused Quartz
enderio:block_holy_fused_quartz:11, Fused Quartz
enderio:block_holy_fused_quartz:12, Fused Quartz
enderio:block_holy_fused_quartz:13, Fused Quartz
enderio:block_holy_fused_quartz:14, Fused Quartz
enderio:block_holy_fused_quartz:15, Fused Quartz
enderio:block_holy_fused_glass:0, Quite Clear Glass
enderio:block_holy_fused_glass:1, Quite Clear Glass
enderio:block_holy_fused_glass:2, Quite Clear Glass
enderio:block_holy_fused_glass:3, Quite Clear Glass
enderio:block_holy_fused_glass:4, Quite Clear Glass
enderio:block_holy_fused_glass:5, Quite Clear Glass
enderio:block_holy_fused_glass:6, Quite Clear Glass
enderio:block_holy_fused_glass:7, Quite Clear Glass
enderio:block_holy_fused_glass:8, Quite Clear Glass
enderio:block_holy_fused_glass:9, Quite Clear Glass
enderio:block_holy_fused_glass:10, Quite Clear Glass
enderio:block_holy_fused_glass:11, Quite Clear Glass
enderio:block_holy_fused_glass:12, Quite Clear Glass
enderio:block_holy_fused_glass:13, Quite Clear Glass
enderio:block_holy_fused_glass:14, Quite Clear Glass
enderio:block_holy_fused_glass:15, Quite Clear Glass
enderio:block_holy_enlightened_fused_quartz:0, Enlightened Fused Quartz
enderio:block_holy_enlightened_fused_quartz:1, Enlightened Fused Quartz
enderio:block_holy_enlightened_fused_quartz:2, Enlightened Fused Quartz
enderio:block_holy_enlightened_fused_quartz:3, Enlightened Fused Quartz
enderio:block_holy_enlightened_fused_quartz:4, Enlightened Fused Quartz
enderio:block_holy_enlightened_fused_quartz:5, Enlightened Fused Quartz
enderio:block_holy_enlightened_fused_quartz:6, Enlightened Fused Quartz
enderio:block_holy_enlightened_fused_quartz:7, Enlightened Fused Quartz
enderio:block_holy_enlightened_fused_quartz:8, Enlightened Fused Quartz
enderio:block_holy_enlightened_fused_quartz:9, Enlightened Fused Quartz
enderio:block_holy_enlightened_fused_quartz:10, Enlightened Fused Quartz
enderio:block_holy_enlightened_fused_quartz:11, Enlightened Fused Quartz
enderio:block_holy_enlightened_fused_quartz:12, Enlightened Fused Quartz
enderio:block_holy_enlightened_fused_quartz:13, Enlightened Fused Quartz
enderio:block_holy_enlightened_fused_quartz:14, Enlightened Fused Quartz
enderio:block_holy_enlightened_fused_quartz:15, Enlightened Fused Quartz
enderio:block_holy_enlightened_fused_glass:0, Enlightened Clear Glass
enderio:block_holy_enlightened_fused_glass:1, Enlightened Clear Glass
enderio:block_holy_enlightened_fused_glass:2, Enlightened Clear Glass
enderio:block_holy_enlightened_fused_glass:3, Enlightened Clear Glass
enderio:block_holy_enlightened_fused_glass:4, Enlightened Clear Glass
enderio:block_holy_enlightened_fused_glass:5, Enlightened Clear Glass
enderio:block_holy_enlightened_fused_glass:6, Enlightened Clear Glass
enderio:block_holy_enlightened_fused_glass:7, Enlightened Clear Glass
enderio:block_holy_enlightened_fused_glass:8, Enlightened Clear Glass
enderio:block_holy_enlightened_fused_glass:9, Enlightened Clear Glass
enderio:block_holy_enlightened_fused_glass:10, Enlightened Clear Glass
enderio:block_holy_enlightened_fused_glass:11, Enlightened Clear Glass
enderio:block_holy_enlightened_fused_glass:12, Enlightened Clear Glass
enderio:block_holy_enlightened_fused_glass:13, Enlightened Clear Glass
enderio:block_holy_enlightened_fused_glass:14, Enlightened Clear Glass
enderio:block_holy_enlightened_fused_glass:15, Enlightened Clear Glass
enderio:block_holy_dark_fused_quartz:0, Dark Fused Quartz
enderio:block_holy_dark_fused_quartz:1, Dark Fused Quartz
enderio:block_holy_dark_fused_quartz:2, Dark Fused Quartz
enderio:block_holy_dark_fused_quartz:3, Dark Fused Quartz
enderio:block_holy_dark_fused_quartz:4, Dark Fused Quartz
enderio:block_holy_dark_fused_quartz:5, Dark Fused Quartz
enderio:block_holy_dark_fused_quartz:6, Dark Fused Quartz
enderio:block_holy_dark_fused_quartz:7, Dark Fused Quartz
enderio:block_holy_dark_fused_quartz:8, Dark Fused Quartz
enderio:block_holy_dark_fused_quartz:9, Dark Fused Quartz
enderio:block_holy_dark_fused_quartz:10, Dark Fused Quartz
enderio:block_holy_dark_fused_quartz:11, Dark Fused Quartz
enderio:block_holy_dark_fused_quartz:12, Dark Fused Quartz
enderio:block_holy_dark_fused_quartz:13, Dark Fused Quartz
enderio:block_holy_dark_fused_quartz:14, Dark Fused Quartz
enderio:block_holy_dark_fused_quartz:15, Dark Fused Quartz
enderio:block_holy_dark_fused_glass:0, Dark Clear Glass
enderio:block_holy_dark_fused_glass:1, Dark Clear Glass
enderio:block_holy_dark_fused_glass:2, Dark Clear Glass
enderio:block_holy_dark_fused_glass:3, Dark Clear Glass
enderio:block_holy_dark_fused_glass:4, Dark Clear Glass
enderio:block_holy_dark_fused_glass:5, Dark Clear Glass
enderio:block_holy_dark_fused_glass:6, Dark Clear Glass
enderio:block_holy_dark_fused_glass:7, Dark Clear Glass
enderio:block_holy_dark_fused_glass:8, Dark Clear Glass
enderio:block_holy_dark_fused_glass:9, Dark Clear Glass
enderio:block_holy_dark_fused_glass:10, Dark Clear Glass
enderio:block_holy_dark_fused_glass:11, Dark Clear Glass
enderio:block_holy_dark_fused_glass:12, Dark Clear Glass
enderio:block_holy_dark_fused_glass:13, Dark Clear Glass
enderio:block_holy_dark_fused_glass:14, Dark Clear Glass
enderio:block_holy_dark_fused_glass:15, Dark Clear Glass
enderio:block_unholy_fused_quartz:0, Fused Quartz
enderio:block_unholy_fused_quartz:1, Fused Quartz
enderio:block_unholy_fused_quartz:2, Fused Quartz
enderio:block_unholy_fused_quartz:3, Fused Quartz
enderio:block_unholy_fused_quartz:4, Fused Quartz
enderio:block_unholy_fused_quartz:5, Fused Quartz
enderio:block_unholy_fused_quartz:6, Fused Quartz
enderio:block_unholy_fused_quartz:7, Fused Quartz
enderio:block_unholy_fused_quartz:8, Fused Quartz
enderio:block_unholy_fused_quartz:9, Fused Quartz
enderio:block_unholy_fused_quartz:10, Fused Quartz
enderio:block_unholy_fused_quartz:11, Fused Quartz
enderio:block_unholy_fused_quartz:12, Fused Quartz
enderio:block_unholy_fused_quartz:13, Fused Quartz
enderio:block_unholy_fused_quartz:14, Fused Quartz
enderio:block_unholy_fused_quartz:15, Fused Quartz
enderio:block_unholy_fused_glass:0, Quite Clear Glass
enderio:block_unholy_fused_glass:1, Quite Clear Glass
enderio:block_unholy_fused_glass:2, Quite Clear Glass
enderio:block_unholy_fused_glass:3, Quite Clear Glass
enderio:block_unholy_fused_glass:4, Quite Clear Glass
enderio:block_unholy_fused_glass:5, Quite Clear Glass
enderio:block_unholy_fused_glass:6, Quite Clear Glass
enderio:block_unholy_fused_glass:7, Quite Clear Glass
enderio:block_unholy_fused_glass:8, Quite Clear Glass
enderio:block_unholy_fused_glass:9, Quite Clear Glass
enderio:block_unholy_fused_glass:10, Quite Clear Glass
enderio:block_unholy_fused_glass:11, Quite Clear Glass
enderio:block_unholy_fused_glass:12, Quite Clear Glass
enderio:block_unholy_fused_glass:13, Quite Clear Glass
enderio:block_unholy_fused_glass:14, Quite Clear Glass
enderio:block_unholy_fused_glass:15, Quite Clear Glass
enderio:block_unholy_enlightened_fused_quartz:0, Enlightened Fused Quartz
enderio:block_unholy_enlightened_fused_quartz:1, Enlightened Fused Quartz
enderio:block_unholy_enlightened_fused_quartz:2, Enlightened Fused Quartz
enderio:block_unholy_enlightened_fused_quartz:3, Enlightened Fused Quartz
enderio:block_unholy_enlightened_fused_quartz:4, Enlightened Fused Quartz
enderio:block_unholy_enlightened_fused_quartz:5, Enlightened Fused Quartz
enderio:block_unholy_enlightened_fused_quartz:6, Enlightened Fused Quartz
enderio:block_unholy_enlightened_fused_quartz:7, Enlightened Fused Quartz
enderio:block_unholy_enlightened_fused_quartz:8, Enlightened Fused Quartz
enderio:block_unholy_enlightened_fused_quartz:9, Enlightened Fused Quartz
enderio:block_unholy_enlightened_fused_quartz:10, Enlightened Fused Quartz
enderio:block_unholy_enlightened_fused_quartz:11, Enlightened Fused Quartz
enderio:block_unholy_enlightened_fused_quartz:12, Enlightened Fused Quartz
enderio:block_unholy_enlightened_fused_quartz:13, Enlightened Fused Quartz
enderio:block_unholy_enlightened_fused_quartz:14, Enlightened Fused Quartz
enderio:block_unholy_enlightened_fused_quartz:15, Enlightened Fused Quartz
enderio:block_unholy_enlightened_fused_glass:0, Enlightened Clear Glass
enderio:block_unholy_enlightened_fused_glass:1, Enlightened Clear Glass
enderio:block_unholy_enlightened_fused_glass:2, Enlightened Clear Glass
enderio:block_unholy_enlightened_fused_glass:3, Enlightened Clear Glass
enderio:block_unholy_enlightened_fused_glass:4, Enlightened Clear Glass
enderio:block_unholy_enlightened_fused_glass:5, Enlightened Clear Glass
enderio:block_unholy_enlightened_fused_glass:6, Enlightened Clear Glass
enderio:block_unholy_enlightened_fused_glass:7, Enlightened Clear Glass
enderio:block_unholy_enlightened_fused_glass:8, Enlightened Clear Glass
enderio:block_unholy_enlightened_fused_glass:9, Enlightened Clear Glass
enderio:block_unholy_enlightened_fused_glass:10, Enlightened Clear Glass
enderio:block_unholy_enlightened_fused_glass:11, Enlightened Clear Glass
enderio:block_unholy_enlightened_fused_glass:12, Enlightened Clear Glass
enderio:block_unholy_enlightened_fused_glass:13, Enlightened Clear Glass
enderio:block_unholy_enlightened_fused_glass:14, Enlightened Clear Glass
enderio:block_unholy_enlightened_fused_glass:15, Enlightened Clear Glass
enderio:block_unholy_dark_fused_quartz:0, Dark Fused Quartz
enderio:block_unholy_dark_fused_quartz:1, Dark Fused Quartz
enderio:block_unholy_dark_fused_quartz:2, Dark Fused Quartz
enderio:block_unholy_dark_fused_quartz:3, Dark Fused Quartz
enderio:block_unholy_dark_fused_quartz:4, Dark Fused Quartz
enderio:block_unholy_dark_fused_quartz:5, Dark Fused Quartz
enderio:block_unholy_dark_fused_quartz:6, Dark Fused Quartz
enderio:block_unholy_dark_fused_quartz:7, Dark Fused Quartz
enderio:block_unholy_dark_fused_quartz:8, Dark Fused Quartz
enderio:block_unholy_dark_fused_quartz:9, Dark Fused Quartz
enderio:block_unholy_dark_fused_quartz:10, Dark Fused Quartz
enderio:block_unholy_dark_fused_quartz:11, Dark Fused Quartz
enderio:block_unholy_dark_fused_quartz:12, Dark Fused Quartz
enderio:block_unholy_dark_fused_quartz:13, Dark Fused Quartz
enderio:block_unholy_dark_fused_quartz:14, Dark Fused Quartz
enderio:block_unholy_dark_fused_quartz:15, Dark Fused Quartz
enderio:block_unholy_dark_fused_glass:0, Dark Clear Glass
enderio:block_unholy_dark_fused_glass:1, Dark Clear Glass
enderio:block_unholy_dark_fused_glass:2, Dark Clear Glass
enderio:block_unholy_dark_fused_glass:3, Dark Clear Glass
enderio:block_unholy_dark_fused_glass:4, Dark Clear Glass
enderio:block_unholy_dark_fused_glass:5, Dark Clear Glass
enderio:block_unholy_dark_fused_glass:6, Dark Clear Glass
enderio:block_unholy_dark_fused_glass:7, Dark Clear Glass
enderio:block_unholy_dark_fused_glass:8, Dark Clear Glass
enderio:block_unholy_dark_fused_glass:9, Dark Clear Glass
enderio:block_unholy_dark_fused_glass:10, Dark Clear Glass
enderio:block_unholy_dark_fused_glass:11, Dark Clear Glass
enderio:block_unholy_dark_fused_glass:12, Dark Clear Glass
enderio:block_unholy_dark_fused_glass:13, Dark Clear Glass
enderio:block_unholy_dark_fused_glass:14, Dark Clear Glass
enderio:block_unholy_dark_fused_glass:15, Dark Clear Glass
enderio:block_pasture_fused_quartz:0, Fused Quartz
enderio:block_pasture_fused_quartz:1, Fused Quartz
enderio:block_pasture_fused_quartz:2, Fused Quartz
enderio:block_pasture_fused_quartz:3, Fused Quartz
enderio:block_pasture_fused_quartz:4, Fused Quartz
enderio:block_pasture_fused_quartz:5, Fused Quartz
enderio:block_pasture_fused_quartz:6, Fused Quartz
enderio:block_pasture_fused_quartz:7, Fused Quartz
enderio:block_pasture_fused_quartz:8, Fused Quartz
enderio:block_pasture_fused_quartz:9, Fused Quartz
enderio:block_pasture_fused_quartz:10, Fused Quartz
enderio:block_pasture_fused_quartz:11, Fused Quartz
enderio:block_pasture_fused_quartz:12, Fused Quartz
enderio:block_pasture_fused_quartz:13, Fused Quartz
enderio:block_pasture_fused_quartz:14, Fused Quartz
enderio:block_pasture_fused_quartz:15, Fused Quartz
enderio:block_pasture_fused_glass:0, Quite Clear Glass
enderio:block_pasture_fused_glass:1, Quite Clear Glass
enderio:block_pasture_fused_glass:2, Quite Clear Glass
enderio:block_pasture_fused_glass:3, Quite Clear Glass
enderio:block_pasture_fused_glass:4, Quite Clear Glass
enderio:block_pasture_fused_glass:5, Quite Clear Glass
enderio:block_pasture_fused_glass:6, Quite Clear Glass
enderio:block_pasture_fused_glass:7, Quite Clear Glass
enderio:block_pasture_fused_glass:8, Quite Clear Glass
enderio:block_pasture_fused_glass:9, Quite Clear Glass
enderio:block_pasture_fused_glass:10, Quite Clear Glass
enderio:block_pasture_fused_glass:11, Quite Clear Glass
enderio:block_pasture_fused_glass:12, Quite Clear Glass
enderio:block_pasture_fused_glass:13, Quite Clear Glass
enderio:block_pasture_fused_glass:14, Quite Clear Glass
enderio:block_pasture_fused_glass:15, Quite Clear Glass
enderio:block_pasture_enlightened_fused_quartz:0, Enlightened Fused Quartz
enderio:block_pasture_enlightened_fused_quartz:1, Enlightened Fused Quartz
enderio:block_pasture_enlightened_fused_quartz:2, Enlightened Fused Quartz
enderio:block_pasture_enlightened_fused_quartz:3, Enlightened Fused Quartz
enderio:block_pasture_enlightened_fused_quartz:4, Enlightened Fused Quartz
enderio:block_pasture_enlightened_fused_quartz:5, Enlightened Fused Quartz
enderio:block_pasture_enlightened_fused_quartz:6, Enlightened Fused Quartz
enderio:block_pasture_enlightened_fused_quartz:7, Enlightened Fused Quartz
enderio:block_pasture_enlightened_fused_quartz:8, Enlightened Fused Quartz
enderio:block_pasture_enlightened_fused_quartz:9, Enlightened Fused Quartz
enderio:block_pasture_enlightened_fused_quartz:10, Enlightened Fused Quartz
enderio:block_pasture_enlightened_fused_quartz:11, Enlightened Fused Quartz
enderio:block_pasture_enlightened_fused_quartz:12, Enlightened Fused Quartz
enderio:block_pasture_enlightened_fused_quartz:13, Enlightened Fused Quartz
enderio:block_pasture_enlightened_fused_quartz:14, Enlightened Fused Quartz
enderio:block_pasture_enlightened_fused_quartz:15, Enlightened Fused Quartz
enderio:block_pasture_enlightened_fused_glass:0, Enlightened Clear Glass
enderio:block_pasture_enlightened_fused_glass:1, Enlightened Clear Glass
enderio:block_pasture_enlightened_fused_glass:2, Enlightened Clear Glass
enderio:block_pasture_enlightened_fused_glass:3, Enlightened Clear Glass
enderio:block_pasture_enlightened_fused_glass:4, Enlightened Clear Glass
enderio:block_pasture_enlightened_fused_glass:5, Enlightened Clear Glass
enderio:block_pasture_enlightened_fused_glass:6, Enlightened Clear Glass
enderio:block_pasture_enlightened_fused_glass:7, Enlightened Clear Glass
enderio:block_pasture_enlightened_fused_glass:8, Enlightened Clear Glass
enderio:block_pasture_enlightened_fused_glass:9, Enlightened Clear Glass
enderio:block_pasture_enlightened_fused_glass:10, Enlightened Clear Glass
enderio:block_pasture_enlightened_fused_glass:11, Enlightened Clear Glass
enderio:block_pasture_enlightened_fused_glass:12, Enlightened Clear Glass
enderio:block_pasture_enlightened_fused_glass:13, Enlightened Clear Glass
enderio:block_pasture_enlightened_fused_glass:14, Enlightened Clear Glass
enderio:block_pasture_enlightened_fused_glass:15, Enlightened Clear Glass
enderio:block_pasture_dark_fused_quartz:0, Dark Fused Quartz
enderio:block_pasture_dark_fused_quartz:1, Dark Fused Quartz
enderio:block_pasture_dark_fused_quartz:2, Dark Fused Quartz
enderio:block_pasture_dark_fused_quartz:3, Dark Fused Quartz
enderio:block_pasture_dark_fused_quartz:4, Dark Fused Quartz
enderio:block_pasture_dark_fused_quartz:5, Dark Fused Quartz
enderio:block_pasture_dark_fused_quartz:6, Dark Fused Quartz
enderio:block_pasture_dark_fused_quartz:7, Dark Fused Quartz
enderio:block_pasture_dark_fused_quartz:8, Dark Fused Quartz
enderio:block_pasture_dark_fused_quartz:9, Dark Fused Quartz
enderio:block_pasture_dark_fused_quartz:10, Dark Fused Quartz
enderio:block_pasture_dark_fused_quartz:11, Dark Fused Quartz
enderio:block_pasture_dark_fused_quartz:12, Dark Fused Quartz
enderio:block_pasture_dark_fused_quartz:13, Dark Fused Quartz
enderio:block_pasture_dark_fused_quartz:14, Dark Fused Quartz
enderio:block_pasture_dark_fused_quartz:15, Dark Fused Quartz
enderio:block_pasture_dark_fused_glass:0, Dark Clear Glass
enderio:block_pasture_dark_fused_glass:1, Dark Clear Glass
enderio:block_pasture_dark_fused_glass:2, Dark Clear Glass
enderio:block_pasture_dark_fused_glass:3, Dark Clear Glass
enderio:block_pasture_dark_fused_glass:4, Dark Clear Glass
enderio:block_pasture_dark_fused_glass:5, Dark Clear Glass
enderio:block_pasture_dark_fused_glass:6, Dark Clear Glass
enderio:block_pasture_dark_fused_glass:7, Dark Clear Glass
enderio:block_pasture_dark_fused_glass:8, Dark Clear Glass
enderio:block_pasture_dark_fused_glass:9, Dark Clear Glass
enderio:block_pasture_dark_fused_glass:10, Dark Clear Glass
enderio:block_pasture_dark_fused_glass:11, Dark Clear Glass
enderio:block_pasture_dark_fused_glass:12, Dark Clear Glass
enderio:block_pasture_dark_fused_glass:13, Dark Clear Glass
enderio:block_pasture_dark_fused_glass:14, Dark Clear Glass
enderio:block_pasture_dark_fused_glass:15, Dark Clear Glass
enderio:block_not_holy_fused_quartz:0, Fused Quartz
enderio:block_not_holy_fused_quartz:1, Fused Quartz
enderio:block_not_holy_fused_quartz:2, Fused Quartz
enderio:block_not_holy_fused_quartz:3, Fused Quartz
enderio:block_not_holy_fused_quartz:4, Fused Quartz
enderio:block_not_holy_fused_quartz:5, Fused Quartz
enderio:block_not_holy_fused_quartz:6, Fused Quartz
enderio:block_not_holy_fused_quartz:7, Fused Quartz
enderio:block_not_holy_fused_quartz:8, Fused Quartz
enderio:block_not_holy_fused_quartz:9, Fused Quartz
enderio:block_not_holy_fused_quartz:10, Fused Quartz
enderio:block_not_holy_fused_quartz:11, Fused Quartz
enderio:block_not_holy_fused_quartz:12, Fused Quartz
enderio:block_not_holy_fused_quartz:13, Fused Quartz
enderio:block_not_holy_fused_quartz:14, Fused Quartz
enderio:block_not_holy_fused_quartz:15, Fused Quartz
enderio:block_not_holy_fused_glass:0, Quite Clear Glass
enderio:block_not_holy_fused_glass:1, Quite Clear Glass
enderio:block_not_holy_fused_glass:2, Quite Clear Glass
enderio:block_not_holy_fused_glass:3, Quite Clear Glass
enderio:block_not_holy_fused_glass:4, Quite Clear Glass
enderio:block_not_holy_fused_glass:5, Quite Clear Glass
enderio:block_not_holy_fused_glass:6, Quite Clear Glass
enderio:block_not_holy_fused_glass:7, Quite Clear Glass
enderio:block_not_holy_fused_glass:8, Quite Clear Glass
enderio:block_not_holy_fused_glass:9, Quite Clear Glass
enderio:block_not_holy_fused_glass:10, Quite Clear Glass
enderio:block_not_holy_fused_glass:11, Quite Clear Glass
enderio:block_not_holy_fused_glass:12, Quite Clear Glass
enderio:block_not_holy_fused_glass:13, Quite Clear Glass
enderio:block_not_holy_fused_glass:14, Quite Clear Glass
enderio:block_not_holy_fused_glass:15, Quite Clear Glass
enderio:block_not_holy_enlightened_fused_quartz:0, Enlightened Fused Quartz
enderio:block_not_holy_enlightened_fused_quartz:1, Enlightened Fused Quartz
enderio:block_not_holy_enlightened_fused_quartz:2, Enlightened Fused Quartz
enderio:block_not_holy_enlightened_fused_quartz:3, Enlightened Fused Quartz
enderio:block_not_holy_enlightened_fused_quartz:4, Enlightened Fused Quartz
enderio:block_not_holy_enlightened_fused_quartz:5, Enlightened Fused Quartz
enderio:block_not_holy_enlightened_fused_quartz:6, Enlightened Fused Quartz
enderio:block_not_holy_enlightened_fused_quartz:7, Enlightened Fused Quartz
enderio:block_not_holy_enlightened_fused_quartz:8, Enlightened Fused Quartz
enderio:block_not_holy_enlightened_fused_quartz:9, Enlightened Fused Quartz
enderio:block_not_holy_enlightened_fused_quartz:10, Enlightened Fused Quartz
enderio:block_not_holy_enlightened_fused_quartz:11, Enlightened Fused Quartz
enderio:block_not_holy_enlightened_fused_quartz:12, Enlightened Fused Quartz
enderio:block_not_holy_enlightened_fused_quartz:13, Enlightened Fused Quartz
enderio:block_not_holy_enlightened_fused_quartz:14, Enlightened Fused Quartz
enderio:block_not_holy_enlightened_fused_quartz:15, Enlightened Fused Quartz
enderio:block_not_holy_enlightened_fused_glass:0, Enlightened Clear Glass
enderio:block_not_holy_enlightened_fused_glass:1, Enlightened Clear Glass
enderio:block_not_holy_enlightened_fused_glass:2, Enlightened Clear Glass
enderio:block_not_holy_enlightened_fused_glass:3, Enlightened Clear Glass
enderio:block_not_holy_enlightened_fused_glass:4, Enlightened Clear Glass
enderio:block_not_holy_enlightened_fused_glass:5, Enlightened Clear Glass
enderio:block_not_holy_enlightened_fused_glass:6, Enlightened Clear Glass
enderio:block_not_holy_enlightened_fused_glass:7, Enlightened Clear Glass
enderio:block_not_holy_enlightened_fused_glass:8, Enlightened Clear Glass
enderio:block_not_holy_enlightened_fused_glass:9, Enlightened Clear Glass
enderio:block_not_holy_enlightened_fused_glass:10, Enlightened Clear Glass
enderio:block_not_holy_enlightened_fused_glass:11, Enlightened Clear Glass
enderio:block_not_holy_enlightened_fused_glass:12, Enlightened Clear Glass
enderio:block_not_holy_enlightened_fused_glass:13, Enlightened Clear Glass
enderio:block_not_holy_enlightened_fused_glass:14, Enlightened Clear Glass
enderio:block_not_holy_enlightened_fused_glass:15, Enlightened Clear Glass
enderio:block_not_holy_dark_fused_quartz:0, Dark Fused Quartz
enderio:block_not_holy_dark_fused_quartz:1, Dark Fused Quartz
enderio:block_not_holy_dark_fused_quartz:2, Dark Fused Quartz
enderio:block_not_holy_dark_fused_quartz:3, Dark Fused Quartz
enderio:block_not_holy_dark_fused_quartz:4, Dark Fused Quartz
enderio:block_not_holy_dark_fused_quartz:5, Dark Fused Quartz
enderio:block_not_holy_dark_fused_quartz:6, Dark Fused Quartz
enderio:block_not_holy_dark_fused_quartz:7, Dark Fused Quartz
enderio:block_not_holy_dark_fused_quartz:8, Dark Fused Quartz
enderio:block_not_holy_dark_fused_quartz:9, Dark Fused Quartz
enderio:block_not_holy_dark_fused_quartz:10, Dark Fused Quartz
enderio:block_not_holy_dark_fused_quartz:11, Dark Fused Quartz
enderio:block_not_holy_dark_fused_quartz:12, Dark Fused Quartz
enderio:block_not_holy_dark_fused_quartz:13, Dark Fused Quartz
enderio:block_not_holy_dark_fused_quartz:14, Dark Fused Quartz
enderio:block_not_holy_dark_fused_quartz:15, Dark Fused Quartz
enderio:block_not_holy_dark_fused_glass:0, Dark Clear Glass
enderio:block_not_holy_dark_fused_glass:1, Dark Clear Glass
enderio:block_not_holy_dark_fused_glass:2, Dark Clear Glass
enderio:block_not_holy_dark_fused_glass:3, Dark Clear Glass
enderio:block_not_holy_dark_fused_glass:4, Dark Clear Glass
enderio:block_not_holy_dark_fused_glass:5, Dark Clear Glass
enderio:block_not_holy_dark_fused_glass:6, Dark Clear Glass
enderio:block_not_holy_dark_fused_glass:7, Dark Clear Glass
enderio:block_not_holy_dark_fused_glass:8, Dark Clear Glass
enderio:block_not_holy_dark_fused_glass:9, Dark Clear Glass
enderio:block_not_holy_dark_fused_glass:10, Dark Clear Glass
enderio:block_not_holy_dark_fused_glass:11, Dark Clear Glass
enderio:block_not_holy_dark_fused_glass:12, Dark Clear Glass
enderio:block_not_holy_dark_fused_glass:13, Dark Clear Glass
enderio:block_not_holy_dark_fused_glass:14, Dark Clear Glass
enderio:block_not_holy_dark_fused_glass:15, Dark Clear Glass
enderio:block_not_unholy_fused_quartz:0, Fused Quartz
enderio:block_not_unholy_fused_quartz:1, Fused Quartz
enderio:block_not_unholy_fused_quartz:2, Fused Quartz
enderio:block_not_unholy_fused_quartz:3, Fused Quartz
enderio:block_not_unholy_fused_quartz:4, Fused Quartz
enderio:block_not_unholy_fused_quartz:5, Fused Quartz
enderio:block_not_unholy_fused_quartz:6, Fused Quartz
enderio:block_not_unholy_fused_quartz:7, Fused Quartz
enderio:block_not_unholy_fused_quartz:8, Fused Quartz
enderio:block_not_unholy_fused_quartz:9, Fused Quartz
enderio:block_not_unholy_fused_quartz:10, Fused Quartz
enderio:block_not_unholy_fused_quartz:11, Fused Quartz
enderio:block_not_unholy_fused_quartz:12, Fused Quartz
enderio:block_not_unholy_fused_quartz:13, Fused Quartz
enderio:block_not_unholy_fused_quartz:14, Fused Quartz
enderio:block_not_unholy_fused_quartz:15, Fused Quartz
enderio:block_not_unholy_fused_glass:0, Quite Clear Glass
enderio:block_not_unholy_fused_glass:1, Quite Clear Glass
enderio:block_not_unholy_fused_glass:2, Quite Clear Glass
enderio:block_not_unholy_fused_glass:3, Quite Clear Glass
enderio:block_not_unholy_fused_glass:4, Quite Clear Glass
enderio:block_not_unholy_fused_glass:5, Quite Clear Glass
enderio:block_not_unholy_fused_glass:6, Quite Clear Glass
enderio:block_not_unholy_fused_glass:7, Quite Clear Glass
enderio:block_not_unholy_fused_glass:8, Quite Clear Glass
enderio:block_not_unholy_fused_glass:9, Quite Clear Glass
enderio:block_not_unholy_fused_glass:10, Quite Clear Glass
enderio:block_not_unholy_fused_glass:11, Quite Clear Glass
enderio:block_not_unholy_fused_glass:12, Quite Clear Glass
enderio:block_not_unholy_fused_glass:13, Quite Clear Glass
enderio:block_not_unholy_fused_glass:14, Quite Clear Glass
enderio:block_not_unholy_fused_glass:15, Quite Clear Glass
enderio:block_not_unholy_enlightened_fused_quartz:0, Enlightened Fused Quartz
enderio:block_not_unholy_enlightened_fused_quartz:1, Enlightened Fused Quartz
enderio:block_not_unholy_enlightened_fused_quartz:2, Enlightened Fused Quartz
enderio:block_not_unholy_enlightened_fused_quartz:3, Enlightened Fused Quartz
enderio:block_not_unholy_enlightened_fused_quartz:4, Enlightened Fused Quartz
enderio:block_not_unholy_enlightened_fused_quartz:5, Enlightened Fused Quartz
enderio:block_not_unholy_enlightened_fused_quartz:6, Enlightened Fused Quartz
enderio:block_not_unholy_enlightened_fused_quartz:7, Enlightened Fused Quartz
enderio:block_not_unholy_enlightened_fused_quartz:8, Enlightened Fused Quartz
enderio:block_not_unholy_enlightened_fused_quartz:9, Enlightened Fused Quartz
enderio:block_not_unholy_enlightened_fused_quartz:10, Enlightened Fused Quartz
enderio:block_not_unholy_enlightened_fused_quartz:11, Enlightened Fused Quartz
enderio:block_not_unholy_enlightened_fused_quartz:12, Enlightened Fused Quartz
enderio:block_not_unholy_enlightened_fused_quartz:13, Enlightened Fused Quartz
enderio:block_not_unholy_enlightened_fused_quartz:14, Enlightened Fused Quartz
enderio:block_not_unholy_enlightened_fused_quartz:15, Enlightened Fused Quartz
enderio:block_not_unholy_enlightened_fused_glass:0, Enlightened Clear Glass
enderio:block_not_unholy_enlightened_fused_glass:1, Enlightened Clear Glass
enderio:block_not_unholy_enlightened_fused_glass:2, Enlightened Clear Glass
enderio:block_not_unholy_enlightened_fused_glass:3, Enlightened Clear Glass
enderio:block_not_unholy_enlightened_fused_glass:4, Enlightened Clear Glass
enderio:block_not_unholy_enlightened_fused_glass:5, Enlightened Clear Glass
enderio:block_not_unholy_enlightened_fused_glass:6, Enlightened Clear Glass
enderio:block_not_unholy_enlightened_fused_glass:7, Enlightened Clear Glass
enderio:block_not_unholy_enlightened_fused_glass:8, Enlightened Clear Glass
enderio:block_not_unholy_enlightened_fused_glass:9, Enlightened Clear Glass
enderio:block_not_unholy_enlightened_fused_glass:10, Enlightened Clear Glass
enderio:block_not_unholy_enlightened_fused_glass:11, Enlightened Clear Glass
enderio:block_not_unholy_enlightened_fused_glass:12, Enlightened Clear Glass
enderio:block_not_unholy_enlightened_fused_glass:13, Enlightened Clear Glass
enderio:block_not_unholy_enlightened_fused_glass:14, Enlightened Clear Glass
enderio:block_not_unholy_enlightened_fused_glass:15, Enlightened Clear Glass
enderio:block_not_unholy_dark_fused_quartz:0, Dark Fused Quartz
enderio:block_not_unholy_dark_fused_quartz:1, Dark Fused Quartz
enderio:block_not_unholy_dark_fused_quartz:2, Dark Fused Quartz
enderio:block_not_unholy_dark_fused_quartz:3, Dark Fused Quartz
enderio:block_not_unholy_dark_fused_quartz:4, Dark Fused Quartz
enderio:block_not_unholy_dark_fused_quartz:5, Dark Fused Quartz
enderio:block_not_unholy_dark_fused_quartz:6, Dark Fused Quartz
enderio:block_not_unholy_dark_fused_quartz:7, Dark Fused Quartz
enderio:block_not_unholy_dark_fused_quartz:8, Dark Fused Quartz
enderio:block_not_unholy_dark_fused_quartz:9, Dark Fused Quartz
enderio:block_not_unholy_dark_fused_quartz:10, Dark Fused Quartz
enderio:block_not_unholy_dark_fused_quartz:11, Dark Fused Quartz
enderio:block_not_unholy_dark_fused_quartz:12, Dark Fused Quartz
enderio:block_not_unholy_dark_fused_quartz:13, Dark Fused Quartz
enderio:block_not_unholy_dark_fused_quartz:14, Dark Fused Quartz
enderio:block_not_unholy_dark_fused_quartz:15, Dark Fused Quartz
enderio:block_not_unholy_dark_fused_glass:0, Dark Clear Glass
enderio:block_not_unholy_dark_fused_glass:1, Dark Clear Glass
enderio:block_not_unholy_dark_fused_glass:2, Dark Clear Glass
enderio:block_not_unholy_dark_fused_glass:3, Dark Clear Glass
enderio:block_not_unholy_dark_fused_glass:4, Dark Clear Glass
enderio:block_not_unholy_dark_fused_glass:5, Dark Clear Glass
enderio:block_not_unholy_dark_fused_glass:6, Dark Clear Glass
enderio:block_not_unholy_dark_fused_glass:7, Dark Clear Glass
enderio:block_not_unholy_dark_fused_glass:8, Dark Clear Glass
enderio:block_not_unholy_dark_fused_glass:9, Dark Clear Glass
enderio:block_not_unholy_dark_fused_glass:10, Dark Clear Glass
enderio:block_not_unholy_dark_fused_glass:11, Dark Clear Glass
enderio:block_not_unholy_dark_fused_glass:12, Dark Clear Glass
enderio:block_not_unholy_dark_fused_glass:13, Dark Clear Glass
enderio:block_not_unholy_dark_fused_glass:14, Dark Clear Glass
enderio:block_not_unholy_dark_fused_glass:15, Dark Clear Glass
enderio:block_not_pasture_fused_quartz:0, Fused Quartz
enderio:block_not_pasture_fused_quartz:1, Fused Quartz
enderio:block_not_pasture_fused_quartz:2, Fused Quartz
enderio:block_not_pasture_fused_quartz:3, Fused Quartz
enderio:block_not_pasture_fused_quartz:4, Fused Quartz
enderio:block_not_pasture_fused_quartz:5, Fused Quartz
enderio:block_not_pasture_fused_quartz:6, Fused Quartz
enderio:block_not_pasture_fused_quartz:7, Fused Quartz
enderio:block_not_pasture_fused_quartz:8, Fused Quartz
enderio:block_not_pasture_fused_quartz:9, Fused Quartz
enderio:block_not_pasture_fused_quartz:10, Fused Quartz
enderio:block_not_pasture_fused_quartz:11, Fused Quartz
enderio:block_not_pasture_fused_quartz:12, Fused Quartz
enderio:block_not_pasture_fused_quartz:13, Fused Quartz
enderio:block_not_pasture_fused_quartz:14, Fused Quartz
enderio:block_not_pasture_fused_quartz:15, Fused Quartz
enderio:block_not_pasture_fused_glass:0, Quite Clear Glass
enderio:block_not_pasture_fused_glass:1, Quite Clear Glass
enderio:block_not_pasture_fused_glass:2, Quite Clear Glass
enderio:block_not_pasture_fused_glass:3, Quite Clear Glass
enderio:block_not_pasture_fused_glass:4, Quite Clear Glass
enderio:block_not_pasture_fused_glass:5, Quite Clear Glass
enderio:block_not_pasture_fused_glass:6, Quite Clear Glass
enderio:block_not_pasture_fused_glass:7, Quite Clear Glass
enderio:block_not_pasture_fused_glass:8, Quite Clear Glass
enderio:block_not_pasture_fused_glass:9, Quite Clear Glass
enderio:block_not_pasture_fused_glass:10, Quite Clear Glass
enderio:block_not_pasture_fused_glass:11, Quite Clear Glass
enderio:block_not_pasture_fused_glass:12, Quite Clear Glass
enderio:block_not_pasture_fused_glass:13, Quite Clear Glass
enderio:block_not_pasture_fused_glass:14, Quite Clear Glass
enderio:block_not_pasture_fused_glass:15, Quite Clear Glass
enderio:block_not_pasture_enlightened_fused_quartz:0, Enlightened Fused Quartz
enderio:block_not_pasture_enlightened_fused_quartz:1, Enlightened Fused Quartz
enderio:block_not_pasture_enlightened_fused_quartz:2, Enlightened Fused Quartz
enderio:block_not_pasture_enlightened_fused_quartz:3, Enlightened Fused Quartz
enderio:block_not_pasture_enlightened_fused_quartz:4, Enlightened Fused Quartz
enderio:block_not_pasture_enlightened_fused_quartz:5, Enlightened Fused Quartz
enderio:block_not_pasture_enlightened_fused_quartz:6, Enlightened Fused Quartz
enderio:block_not_pasture_enlightened_fused_quartz:7, Enlightened Fused Quartz
enderio:block_not_pasture_enlightened_fused_quartz:8, Enlightened Fused Quartz
enderio:block_not_pasture_enlightened_fused_quartz:9, Enlightened Fused Quartz
enderio:block_not_pasture_enlightened_fused_quartz:10, Enlightened Fused Quartz
enderio:block_not_pasture_enlightened_fused_quartz:11, Enlightened Fused Quartz
enderio:block_not_pasture_enlightened_fused_quartz:12, Enlightened Fused Quartz
enderio:block_not_pasture_enlightened_fused_quartz:13, Enlightened Fused Quartz
enderio:block_not_pasture_enlightened_fused_quartz:14, Enlightened Fused Quartz
enderio:block_not_pasture_enlightened_fused_quartz:15, Enlightened Fused Quartz
enderio:block_not_pasture_enlightened_fused_glass:0, Enlightened Clear Glass
enderio:block_not_pasture_enlightened_fused_glass:1, Enlightened Clear Glass
enderio:block_not_pasture_enlightened_fused_glass:2, Enlightened Clear Glass
enderio:block_not_pasture_enlightened_fused_glass:3, Enlightened Clear Glass
enderio:block_not_pasture_enlightened_fused_glass:4, Enlightened Clear Glass
enderio:block_not_pasture_enlightened_fused_glass:5, Enlightened Clear Glass
enderio:block_not_pasture_enlightened_fused_glass:6, Enlightened Clear Glass
enderio:block_not_pasture_enlightened_fused_glass:7, Enlightened Clear Glass
enderio:block_not_pasture_enlightened_fused_glass:8, Enlightened Clear Glass
enderio:block_not_pasture_enlightened_fused_glass:9, Enlightened Clear Glass
enderio:block_not_pasture_enlightened_fused_glass:10, Enlightened Clear Glass
enderio:block_not_pasture_enlightened_fused_glass:11, Enlightened Clear Glass
enderio:block_not_pasture_enlightened_fused_glass:12, Enlightened Clear Glass
enderio:block_not_pasture_enlightened_fused_glass:13, Enlightened Clear Glass
enderio:block_not_pasture_enlightened_fused_glass:14, Enlightened Clear Glass
enderio:block_not_pasture_enlightened_fused_glass:15, Enlightened Clear Glass
enderio:block_not_pasture_dark_fused_quartz:0, Dark Fused Quartz
enderio:block_not_pasture_dark_fused_quartz:1, Dark Fused Quartz
enderio:block_not_pasture_dark_fused_quartz:2, Dark Fused Quartz
enderio:block_not_pasture_dark_fused_quartz:3, Dark Fused Quartz
enderio:block_not_pasture_dark_fused_quartz:4, Dark Fused Quartz
enderio:block_not_pasture_dark_fused_quartz:5, Dark Fused Quartz
enderio:block_not_pasture_dark_fused_quartz:6, Dark Fused Quartz
enderio:block_not_pasture_dark_fused_quartz:7, Dark Fused Quartz
enderio:block_not_pasture_dark_fused_quartz:8, Dark Fused Quartz
enderio:block_not_pasture_dark_fused_quartz:9, Dark Fused Quartz
enderio:block_not_pasture_dark_fused_quartz:10, Dark Fused Quartz
enderio:block_not_pasture_dark_fused_quartz:11, Dark Fused Quartz
enderio:block_not_pasture_dark_fused_quartz:12, Dark Fused Quartz
enderio:block_not_pasture_dark_fused_quartz:13, Dark Fused Quartz
enderio:block_not_pasture_dark_fused_quartz:14, Dark Fused Quartz
enderio:block_not_pasture_dark_fused_quartz:15, Dark Fused Quartz
enderio:block_not_pasture_dark_fused_glass:0, Dark Clear Glass
enderio:block_not_pasture_dark_fused_glass:1, Dark Clear Glass
enderio:block_not_pasture_dark_fused_glass:2, Dark Clear Glass
enderio:block_not_pasture_dark_fused_glass:3, Dark Clear Glass
enderio:block_not_pasture_dark_fused_glass:4, Dark Clear Glass
enderio:block_not_pasture_dark_fused_glass:5, Dark Clear Glass
enderio:block_not_pasture_dark_fused_glass:6, Dark Clear Glass
enderio:block_not_pasture_dark_fused_glass:7, Dark Clear Glass
enderio:block_not_pasture_dark_fused_glass:8, Dark Clear Glass
enderio:block_not_pasture_dark_fused_glass:9, Dark Clear Glass
enderio:block_not_pasture_dark_fused_glass:10, Dark Clear Glass
enderio:block_not_pasture_dark_fused_glass:11, Dark Clear Glass
enderio:block_not_pasture_dark_fused_glass:12, Dark Clear Glass
enderio:block_not_pasture_dark_fused_glass:13, Dark Clear Glass
enderio:block_not_pasture_dark_fused_glass:14, Dark Clear Glass
enderio:block_not_pasture_dark_fused_glass:15, Dark Clear Glass
enderio:item_soul_vial, Soul Vial
enderio:block_detector_block:0, Block Detector
enderio:block_detector_block_silent:0, Block Detector (Silent)
enderio:item_dark_steel_helmet, Dark Helm
enderio:item_dark_steel_chestplate, Dark Plate
enderio:item_dark_steel_leggings, Dark Leggings
enderio:item_dark_steel_boots, Dark Boots
enderio:item_dark_steel_shield, Dark Shield
enderio:item_dark_steel_sword, The Ender
enderio:item_dark_steel_pickaxe, Dark Pick
enderio:item_dark_steel_axe, Dark Axe
enderio:item_dark_steel_bow, Dark Bow
enderio:item_dark_steel_shears, Dark Shears
enderio:item_dark_steel_treetap, Dark Treetap
enderio:item_dark_steel_crook, Dark Crook
enderio:item_dark_steel_hand, Dark Backhoe
enderio:item_inventory_charger_simple, Simple Inventory Charger
enderio:item_inventory_charger_basic, Basic Inventory Charger
enderio:item_inventory_charger, Inventory Charger
enderio:item_inventory_charger_vibrant, Vibrant Inventory Charger
enderio:item_end_steel_sword, The Ender Mk2
enderio:item_end_steel_pickaxe, Ender Pickaxe
enderio:item_end_steel_axe, Ender Axe
enderio:item_end_steel_bow, Ender Bow
enderio:item_end_steel_helmet, Ender Helm
enderio:item_end_steel_chestplate, Ender Plate
enderio:item_end_steel_leggings, Ender Leggings
enderio:item_end_steel_boots, Ender Boots
enderio:item_end_steel_shield, Ender Shield
enderio:item_staff_of_levity:0, Staff of Levity
enderio:item_staff_of_levity:0, Staff of Levity
enderio:item_dark_steel_upgrade:0, Blank Dark Steel Upgrade
enderio:item_dark_steel_upgrade:1, Dark Steel Upgrade "Micro Anvil"
enderio:item_dark_steel_upgrade:1, Dark Steel Upgrade "Micro Anvil"
enderio:item_dark_steel_upgrade:1, Dark Steel Upgrade "Mini Anvil"
enderio:item_dark_steel_upgrade:1, Dark Steel Upgrade "Mini Anvil"
enderio:item_dark_steel_upgrade:1, Dark Steel Upgrade "Pocket Anvil"
enderio:item_dark_steel_upgrade:1, Dark Steel Upgrade "Pocket Anvil"
enderio:item_dark_steel_upgrade:1, Dark Steel Upgrade "Carpeting"
enderio:item_dark_steel_upgrade:1, Dark Steel Upgrade "Carpeting"
enderio:item_dark_steel_upgrade:1, Dark Steel Upgrade "Depth"
enderio:item_dark_steel_upgrade:1, Dark Steel Upgrade "Depth"
enderio:item_dark_steel_upgrade:1, Dark Steel Upgrade "Direct"
enderio:item_dark_steel_upgrade:1, Dark Steel Upgrade "Direct"
enderio:item_dark_steel_upgrade:1, Dark Steel Upgrade "Elytra"
enderio:item_dark_steel_upgrade:1, Dark Steel Upgrade "Elytra"
enderio:item_dark_steel_upgrade:1, Dark Steel Upgrade "Empowered"
enderio:item_dark_steel_upgrade:1, Dark Steel Upgrade "Empowered"
enderio:item_dark_steel_upgrade:1, Dark Steel Upgrade "Empowered II"
enderio:item_dark_steel_upgrade:1, Dark Steel Upgrade "Empowered II"
enderio:item_dark_steel_upgrade:1, Dark Steel Upgrade "Empowered III"
enderio:item_dark_steel_upgrade:1, Dark Steel Upgrade "Empowered III"
enderio:item_dark_steel_upgrade:1, Dark Steel Upgrade "Empowered IV"
enderio:item_dark_steel_upgrade:1, Dark Steel Upgrade "Empowered IV"
enderio:item_dark_steel_upgrade:1, Dark Steel Upgrade "Empowered V"
enderio:item_dark_steel_upgrade:1, Dark Steel Upgrade "Empowered V"
enderio:item_dark_steel_upgrade:1, Dark Steel Upgrade "Glider"
enderio:item_dark_steel_upgrade:1, Dark Steel Upgrade "Glider"
enderio:item_dark_steel_upgrade:1, Dark Steel Upgrade "Fork"
enderio:item_dark_steel_upgrade:1, Dark Steel Upgrade "Fork"
enderio:item_dark_steel_upgrade:1, Dark Steel Upgrade "Inventory I"
enderio:item_dark_steel_upgrade:1, Dark Steel Upgrade "Inventory I"
enderio:item_dark_steel_upgrade:1, Dark Steel Upgrade "Inventory II"
enderio:item_dark_steel_upgrade:1, Dark Steel Upgrade "Inventory II"
enderio:item_dark_steel_upgrade:1, Dark Steel Upgrade "Inventory III"
enderio:item_dark_steel_upgrade:1, Dark Steel Upgrade "Inventory III"
enderio:item_dark_steel_upgrade:1, Dark Steel Upgrade "Jump"
enderio:item_dark_steel_upgrade:1, Dark Steel Upgrade "Jump"
enderio:item_dark_steel_upgrade:1, Dark Steel Upgrade "Jump II"
enderio:item_dark_steel_upgrade:1, Dark Steel Upgrade "Jump II"
enderio:item_dark_steel_upgrade:1, Dark Steel Upgrade "Jump III"
enderio:item_dark_steel_upgrade:1, Dark Steel Upgrade "Jump III"
enderio:item_dark_steel_upgrade:1, Dark Steel Upgrade "Night Vision"
enderio:item_dark_steel_upgrade:1, Dark Steel Upgrade "Night Vision"
enderio:item_dark_steel_upgrade:1, Dark Steel Upgrade "Padding"
enderio:item_dark_steel_upgrade:1, Dark Steel Upgrade "Padding"
enderio:item_dark_steel_upgrade:1, Dark Steel Upgrade "Simple Solar"
enderio:item_dark_steel_upgrade:1, Dark Steel Upgrade "Simple Solar"
enderio:item_dark_steel_upgrade:1, Dark Steel Upgrade "Solar I"
enderio:item_dark_steel_upgrade:1, Dark Steel Upgrade "Solar I"
enderio:item_dark_steel_upgrade:1, Dark Steel Upgrade "Solar II"
enderio:item_dark_steel_upgrade:1, Dark Steel Upgrade "Solar II"
enderio:item_dark_steel_upgrade:1, Dark Steel Upgrade "Solar III"
enderio:item_dark_steel_upgrade:1, Dark Steel Upgrade "Solar III"
enderio:item_dark_steel_upgrade:1, Dark Steel Upgrade "Sound Locator"
enderio:item_dark_steel_upgrade:1, Dark Steel Upgrade "Sound Locator"
enderio:item_dark_steel_upgrade:1, Dark Steel Upgrade "Speed"
enderio:item_dark_steel_upgrade:1, Dark Steel Upgrade "Speed"
enderio:item_dark_steel_upgrade:1, Dark Steel Upgrade "Speed II"
enderio:item_dark_steel_upgrade:1, Dark Steel Upgrade "Speed II"
enderio:item_dark_steel_upgrade:1, Dark Steel Upgrade "Speed III"
enderio:item_dark_steel_upgrade:1, Dark Steel Upgrade "Speed III"
enderio:item_dark_steel_upgrade:1, Dark Steel Upgrade "Spoon"
enderio:item_dark_steel_upgrade:1, Dark Steel Upgrade "Spoon"
enderio:item_dark_steel_upgrade:1, Dark Steel Upgrade "Step Assist"
enderio:item_dark_steel_upgrade:1, Dark Steel Upgrade "Step Assist"
enderio:item_dark_steel_upgrade:1, Dark Steel Upgrade "Flippers"
enderio:item_dark_steel_upgrade:1, Dark Steel Upgrade "Flippers"
enderio:item_dark_steel_upgrade:1, Dark Steel Upgrade "Explosive I"
enderio:item_dark_steel_upgrade:1, Dark Steel Upgrade "Explosive I"
enderio:item_dark_steel_upgrade:1, Dark Steel Upgrade "Explosive II"
enderio:item_dark_steel_upgrade:1, Dark Steel Upgrade "Explosive II"
enderio:item_dark_steel_upgrade:1, Dark Steel Upgrade "Explosive III"
enderio:item_dark_steel_upgrade:1, Dark Steel Upgrade "Explosive III"
enderio:item_dark_steel_upgrade:1, Dark Steel Upgrade "Explosive IV"
enderio:item_dark_steel_upgrade:1, Dark Steel Upgrade "Explosive IV"
enderio:item_dark_steel_upgrade:1, Dark Steel Upgrade "Explosive V"
enderio:item_dark_steel_upgrade:1, Dark Steel Upgrade "Explosive V"
enderio:item_dark_steel_upgrade:1, Dark Steel Upgrade "Travel"
enderio:item_dark_steel_upgrade:1, Dark Steel Upgrade "Travel"
enderio:block_death_pouch, Death Urn
enderio:item_owl_egg, Owl Egg
enderio:block_alloy_endergy:0, Crude Steel Block
enderio:block_alloy_endergy:1, Crystalline Alloy Block
enderio:block_alloy_endergy:2, Melodic Alloy Block
enderio:block_alloy_endergy:3, Stellar Alloy Block
enderio:block_alloy_endergy:4, Crystalline Pink Slime Block
enderio:block_alloy_endergy:5, Energetic Silver Block
enderio:block_alloy_endergy:6, Vivid Alloy Block
enderio:item_alloy_endergy_ingot:0, Crude Steel Ingot
enderio:item_alloy_endergy_ingot:1, Crystalline Alloy Ingot
enderio:item_alloy_endergy_ingot:2, Melodic Alloy Ingot
enderio:item_alloy_endergy_ingot:3, Stellar Alloy Ingot
enderio:item_alloy_endergy_ingot:4, Crystalline Pink Slime Ingot
enderio:item_alloy_endergy_ingot:5, Energetic Silver Ingot
enderio:item_alloy_endergy_ingot:6, Vivid Alloy Ingot
enderio:item_alloy_endergy_nugget:0, Crude Steel Nugget
enderio:item_alloy_endergy_nugget:1, Crystalline Alloy Nugget
enderio:item_alloy_endergy_nugget:2, Melodic Alloy Nugget
enderio:item_alloy_endergy_nugget:3, Stellar Alloy Nugget
enderio:item_alloy_endergy_nugget:4, Crystalline Pink Slime Nugget
enderio:item_alloy_endergy_nugget:5, Energetic Silver Nugget
enderio:item_alloy_endergy_nugget:6, Vivid Alloy Nugget
enderio:item_alloy_endergy_ball:0, Crude Steel Grinding Ball
enderio:item_alloy_endergy_ball:1, Crystalline Alloy Grinding Ball
enderio:item_alloy_endergy_ball:2, Melodic Alloy Grinding Ball
enderio:item_alloy_endergy_ball:3, Stellar Alloy Grinding Ball
enderio:item_alloy_endergy_ball:4, Crystalline Pink Slime Grinding Ball
enderio:item_alloy_endergy_ball:5, Energetic Silver Grinding Ball
enderio:item_alloy_endergy_ball:6, Vivid Alloy Grinding Ball
enderioadditions:item_teleport_staff, Teleport Staff
enderio:item_me_conduit:0, ME Conduit
enderio:item_me_conduit:1, Dense ME Conduit
enderio:item_item_conduit:0, Item Conduit
enderio:item_liquid_conduit:0, Fluid Conduit
enderio:item_liquid_conduit:1, Pressurized Fluid Conduit
enderio:item_liquid_conduit:2, Ender Fluid Conduit
enderio:item_power_conduit:0, Energy Conduit
enderio:item_power_conduit:1, Enhanced Energy Conduit
enderio:item_power_conduit:2, Ender Energy Conduit
enderio:item_redstone_conduit:0, Redstone Conduit
enderio:item_extract_speed_upgrade:0, Extract Speed Upgrade
enderio:item_extract_speed_downgrade:0, Extract Speed Downgrade
enderio:item_capacitor_grainy, Grainy Capacitor
enderio:item_capacitor_crystalline, Crystalline Capacitor
enderio:item_capacitor_melodic, Melodic Capacitor
enderio:item_capacitor_stellar, Stellar Capacitor
enderio:item_capacitor_totemic, Totemic Capacitor
enderio:item_endergy_conduit:0, Crude Energy Conduit
enderio:item_endergy_conduit:1, Iron Energy Conduit
enderio:item_endergy_conduit:2, Aluminium Energy Conduit
enderio:item_endergy_conduit:3, Gold Energy Conduit
enderio:item_endergy_conduit:4, Copper Energy Conduit
enderio:item_endergy_conduit:5, Silver Energy Conduit
enderio:item_endergy_conduit:6, Electrum Energy Conduit
enderio:item_endergy_conduit:7, Energetic Silver Energy Conduit
enderio:item_endergy_conduit:8, Crystalline Energy Conduit
enderio:item_endergy_conduit:9, Crystalline Pink Slime Energy Conduit
enderio:item_endergy_conduit:10, Melodic Energy Conduit
enderio:item_endergy_conduit:11, Stellar Energy Conduit
enderio:item_capacitor_silver, Silver Capacitor
enderio:item_capacitor_energetic_silver, Endergetic Silver Capacitor
enderio:item_capacitor_vivid, Endergised Capacitor
enderio:item_stellar_alloy_sword, The Ender Mark IV
enderio:item_stellar_alloy_pickaxe, Stellar Pickaxe
enderio:item_stellar_alloy_axe, Stellar Axe
enderio:item_stellar_alloy_helmet, Stellar Helmet
enderio:item_stellar_alloy_boots, Stellar Boots
enderio:item_stellar_alloy_chestplate, Stellar Chestplate
enderio:item_stellar_alloy_leggings, Stellar Leggings
enderio:block_inventory_panel, Inventory Panel
enderio:block_inventory_panel_sensor, Inventory Sensor
enderio:block_inventory_chest_tiny, Tiny Inventory System Storage
enderio:block_inventory_chest_small, Small Inventory System Storage
enderio:block_inventory_chest_medium, Medium Inventory System Storage
enderio:block_inventory_chest_big, Big Inventory System Storage
enderio:block_inventory_chest_large, Large Inventory System Storage
enderio:block_inventory_chest_huge, Huge Inventory System Storage
enderio:block_inventory_chest_enormous, Enormous Inventory System Storage
enderio:block_inventory_chest_warehouse, Inventory System Storage Warehouse
enderio:block_inventory_chest_warehouse13, Inventory System Storage Extended Warehouse
enderio:item_inventory_remote:0, Inventory Panel Remote
enderio:item_inventory_remote:0, Inventory Panel Remote
enderio:item_inventory_remote:1, Advanced Inventory Panel Remote
enderio:item_inventory_remote:1, Advanced Inventory Panel Remote
enderio:item_inventory_remote:2, Ender Inventory Panel Remote
enderio:item_inventory_remote:2, Ender Inventory Panel Remote
enderio:item_data_conduit:0, Data Conduit
enderio:block_simple_furnace, Simple Powered Furnace
enderio:block_simple_alloy_smelter, Simple Alloy Smelter
enderio:block_alloy_smelter, Alloy Smelter
enderio:block_enhanced_alloy_smelter, Enhanced Alloy Smelter
enderio:block_buffer:0, Item Buffer
enderio:block_buffer:1, Power Buffer
enderio:block_buffer:2, Omni Buffer
enderio:block_buffer:3, Creative Buffer
enderio:block_enchanter, Enchanter
enderio:block_farm_station, Farming Station
enderio:block_combustion_generator, Combustion Generator
enderio:block_enhanced_combustion_generator, Enhanced Combustion Generator
enderio:block_simple_stirling_generator, Simple Stirling Generator
enderio:block_stirling_generator, Stirling Generator
enderio:block_zombie_generator, Zombie Generator
enderio:block_franken_zombie_generator, Frank'n'Zombie Generator
enderio:block_ender_generator, Ender Generator
enderio:block_lava_generator, Lava Heat Exchanger
enderio:block_killer_joe, Killer Joe
enderio:block_electric_light:0, Electric Light
enderio:block_electric_light:1, Electric Light (Inverted)
enderio:block_electric_light:2, Light
enderio:block_electric_light:3, Light (Inverted)
enderio:block_electric_light:4, Wireless Light
enderio:block_electric_light:5, Wireless Light (Inverted)
enderio:block_attractor_obelisk, Attractor Obelisk
enderio:block_aversion_obelisk, Aversion Obelisk
enderio:block_inhibitor_obelisk, Inhibitor Obelisk
enderio:block_relocator_obelisk, Relocator Obelisk
enderio:block_weather_obelisk, Weather Obelisk
enderio:block_experience_obelisk, Experience Obelisk
enderio:block_painter, Painting Machine
enderio:block_reservoir, Endervoir
enderio:block_omni_reservoir, Omnivoir
enderio:block_simple_sag_mill, Simple SAG Mill
enderio:block_sag_mill, SAG Mill
enderio:block_enhanced_sag_mill, Enhanced SAG Mill
enderio:block_slice_and_splice, Slice'N'Splice
enderio:block_solar_panel:0, Simple Photovoltaic Cell
enderio:block_solar_panel:1, Photovoltaic Cell
enderio:block_solar_panel:2, Advanced Photovoltaic Cell
enderio:block_solar_panel:3, Vibrant Photovoltaic Cell
enderio:block_solar_panel:4, Crystalline Photovoltaic Cell
enderio:block_solar_panel:5, Melodic Photovoltaic Cell
enderio:block_solar_panel:6, Stellar Photovoltaic Cell
enderio:block_soul_binder, Soul Binder
enderio:block_powered_spawner, Powered Spawner
enderio:block_vat, The Vat
enderio:block_enhanced_vat, The Enhanced Vat
enderio:block_simple_wired_charger, Simple Wired Charger
enderio:block_wired_charger, Wired Charger
enderio:block_enhanced_wired_charger, Enhanced Wired Charger
enderio:block_wireless_charger, Wireless Charger
enderio:block_normal_wireless_charger, Wireless Charging Antenna
enderio:block_enhanced_wireless_charger, Enhanced Wireless Charging Antenna
enderio:block_wireless_charger_extension, Wireless Charging Antenna Extension
enderio:block_tank:0, Fluid Tank
enderio:block_tank:1, Pressurized Fluid Tank
enderio:block_transceiver, Dimensional Transceiver
enderio:block_vacuum_chest, Vacuum Chest
enderio:block_xp_vacuum, XP Vacuum
enderio:block_niard, The Niard
enderio:block_travel_anchor, Travel Anchor
enderio:block_tele_pad, Telepad Block
enderio:block_dialing_device, Dialing Device
enderio:block_impulse_hopper, Impulse Hopper
enderio:block_simple_crafter, Simple Crafter
enderio:block_crafter, Crafter
enderio:block_creative_spawner, Creative Spawner
enderio:block_cap_bank:0, Creative Capacitor Bank
enderio:block_cap_bank:1, Basic Capacitor Bank
enderio:block_cap_bank:1, Basic Capacitor Bank
enderio:block_cap_bank:2, Capacitor Bank
enderio:block_cap_bank:2, Capacitor Bank
enderio:block_cap_bank:3, Vibrant Capacitor Bank
enderio:block_cap_bank:3, Vibrant Capacitor Bank
enderio:block_gauge, Energy Gauge
enderio:block_power_monitor, Power Monitor
enderio:block_advanced_power_monitor, Graphical Power Monitor
twilightforest:naga_scale, Naga Scale
twilightforest:naga_chestplate, Naga Scale Tunic
twilightforest:naga_leggings, Naga Scale Leggings
twilightforest:twilight_scepter, Scepter of Twilight
twilightforest:lifedrain_scepter, Scepter of Life Draining
twilightforest:zombie_scepter, Zombie Scepter
twilightforest:shield_scepter, Scepter of Fortification
twilightforest:ore_meter, Ore Meter [WIP]
twilightforest:magic_map:0, Magic Map
twilightforest:maze_map:0, Maze Map
twilightforest:ore_map:0, Maze/Ore Map
twilightforest:raven_feather, Raven Feather
twilightforest:magic_map_focus, Magic Map Focus
twilightforest:maze_map_focus, Maze Map Focus
twilightforest:liveroot, Liveroot
twilightforest:ironwood_raw, Raw Ironwood Materials
twilightforest:ironwood_ingot, Ironwood Ingot
twilightforest:ironwood_helmet, Ironwood Helm
twilightforest:ironwood_chestplate, Ironwood Plate
twilightforest:ironwood_leggings, Ironwood Legs
twilightforest:ironwood_boots, Ironwood Boots
twilightforest:ironwood_sword, Ironwood Sword
twilightforest:ironwood_shovel, Ironwood Shovel
twilightforest:ironwood_pickaxe, Ironwood Pick
twilightforest:ironwood_axe, Ironwood Axe
twilightforest:ironwood_hoe, Ironwood Hoe
twilightforest:torchberries, Torchberries
twilightforest:raw_venison, Raw Venison
twilightforest:cooked_venison, Venison Steak
twilightforest:hydra_chop, Hydra Chop
twilightforest:fiery_blood, Fiery Blood
twilightforest:fiery_tears, Fiery Tears
twilightforest:trophy:0, Naga Trophy
twilightforest:trophy:1, Twilight Lich Trophy
twilightforest:trophy:2, Hydra Trophy
twilightforest:trophy:3, Ur-Ghast Trophy
twilightforest:trophy:4, Knight Phantom Trophy
twilightforest:trophy:5, Snow Queen Trophy
twilightforest:trophy:6, Minoshroom Trophy
twilightforest:trophy:8, Questing Ram Trophy
twilightforest:fiery_ingot, Fiery Ingot
twilightforest:fiery_helmet, Fiery Helm
twilightforest:fiery_chestplate, Fiery Plate
twilightforest:fiery_leggings, Fiery Legs
twilightforest:fiery_boots, Fiery Boots
twilightforest:fiery_sword, Fiery Sword
twilightforest:fiery_pickaxe, Fiery Pick
twilightforest:steeleaf_ingot, Steeleaf
twilightforest:steeleaf_helmet, Steeleaf Helm
twilightforest:steeleaf_chestplate, Steeleaf Plate
twilightforest:steeleaf_leggings, Steeleaf Legs
twilightforest:steeleaf_boots, Steeleaf Boots
twilightforest:steeleaf_sword, Steeleaf Sword
twilightforest:steeleaf_shovel, Steeleaf Shovel
twilightforest:steeleaf_pickaxe, Steeleaf Pick
twilightforest:steeleaf_axe, Steeleaf Axe
twilightforest:steeleaf_hoe, Steeleaf Hoe
twilightforest:minotaur_axe_gold, Golden Minotaur Axe
twilightforest:minotaur_axe, Diamond Minotaur Axe
twilightforest:mazebreaker_pickaxe, Mazebreaker
twilightforest:transformation_powder, Transformation Powder
twilightforest:raw_meef, Raw Meef
twilightforest:cooked_meef, Meef Steak
twilightforest:meef_stroganoff, Meef Stroganoff
twilightforest:maze_wafer, Maze Wafer
twilightforest:magic_map_empty, Blank Magic Map
twilightforest:maze_map_empty, Blank Maze Map
twilightforest:ore_map_empty, Blank Maze/Ore Map
twilightforest:ore_magnet, Ore Magnet
twilightforest:crumble_horn, Crumble Horn
twilightforest:peacock_fan, Peacock Feather Fan
twilightforest:moonworm_queen, Moonworm Queen
twilightforest:charm_of_life_1, Charm of Life I
twilightforest:charm_of_life_2, Charm of Life II
twilightforest:charm_of_keeping_1, Charm of Keeping I
twilightforest:charm_of_keeping_2, Charm of Keeping II
twilightforest:charm_of_keeping_3, Charm of Keeping III
twilightforest:tower_key, Tower Key
twilightforest:borer_essence, Borer Essence
twilightforest:carminite, Carminite
twilightforest:experiment_115, Experiment 115
twilightforest:armor_shard, Armor Shard
twilightforest:knightmetal_ingot, Knightmetal Ingot
twilightforest:armor_shard_cluster, Armor Shard Cluster
twilightforest:knightmetal_helmet, Knightly Helm
twilightforest:knightmetal_chestplate, Knightly Plate
twilightforest:knightmetal_leggings, Knightly Greaves
twilightforest:knightmetal_boots, Knightly Boots
twilightforest:knightmetal_sword, Knightly Sword
twilightforest:knightmetal_pickaxe, Knightly Pick
twilightforest:knightmetal_axe, Knightly Axe
twilightforest:knightmetal_shield, Knightly Shield
twilightforest:phantom_helmet, Phantom Helm
twilightforest:phantom_chestplate, Phantom Plate
twilightforest:lamp_of_cinders, Lamp of Cinders
twilightforest:alpha_fur, Alpha Yeti Fur
twilightforest:yeti_helmet, Yeti Horned Helm
twilightforest:yeti_chestplate, Yeti Jacket
twilightforest:yeti_leggings, Yeti Leggings
twilightforest:yeti_boots, Yeti Boots
twilightforest:ice_bomb, Ice Bomb
twilightforest:arctic_fur, Arctic Fur
twilightforest:arctic_helmet, Arctic Hood
twilightforest:arctic_chestplate, Arctic Jacket
twilightforest:arctic_leggings, Arctic Leggings
twilightforest:arctic_boots, Arctic Boots
twilightforest:magic_beans, Magic Beans
twilightforest:giant_pickaxe, Giant's Pickaxe
twilightforest:giant_sword, Giant's Sword
twilightforest:triple_bow, Tri-bow
twilightforest:seeker_bow, Seeker Bow
twilightforest:ice_bow, Ice Bow
twilightforest:ender_bow, Ender Bow
twilightforest:ice_sword, Ice Sword
twilightforest:glass_sword, Glass Sword
twilightforest:knightmetal_ring, Knightmetal Loop
twilightforest:block_and_chain, Block and Chain
twilightforest:cube_talisman, Talisman of the Cube
twilightforest:cube_of_annihilation, Cube of Annihilation
twilightforest:moon_dial, Moon Dial
twilightforest:twilight_log:0, Twilight Oak Wood
twilightforest:twilight_log:1, Canopy Tree Wood
twilightforest:twilight_log:2, Mangrove Wood
twilightforest:twilight_log:3, Darkwood
twilightforest:root:0, Roots
twilightforest:root:1, Liveroots
twilightforest:twilight_leaves:0, Twilight Oak Leaves
twilightforest:twilight_leaves:1, Canopy Tree Leaves
twilightforest:twilight_leaves:2, Mangrove Leaves
twilightforest:twilight_leaves:3, Rainbow Oak Leaves
twilightforest:firefly, Firefly
twilightforest:cicada, Cicada
twilightforest:maze_stone:0, Mazestone
twilightforest:maze_stone:1, Mazestone Brick
twilightforest:maze_stone:2, Chiseled Mazestone
twilightforest:maze_stone:3, Decorative Mazestone Brick
twilightforest:maze_stone:4, Cracked Mazestone Brick
twilightforest:maze_stone:5, Mossy Mazestone Brick
twilightforest:maze_stone:6, Mazestone Mosaic
twilightforest:maze_stone:7, Mazestone Border
twilightforest:hedge:0, Hedge
twilightforest:boss_spawner:0, Naga Spawner
twilightforest:boss_spawner:1, Lich Spawner
twilightforest:boss_spawner:2, Hydra Spawner
twilightforest:boss_spawner:3, Ur-Ghast Spawner
twilightforest:boss_spawner:4, Knight Phantoms Spawner
twilightforest:boss_spawner:5, Snow Queen Spawner
twilightforest:boss_spawner:6, Minoshroom Spawner
twilightforest:boss_spawner:7, Alpha Yeti Spawner
twilightforest:boss_spawner:9, Final Boss Spawner
twilightforest:firefly_jar, Firefly Jar
twilightforest:twilight_plant:0, Moss Patch
twilightforest:twilight_plant:1, Mayapple
twilightforest:twilight_plant:2, Clover Patch [WIP]
twilightforest:twilight_plant:3, Fiddlehead
twilightforest:twilight_plant:4, Mushgloom
twilightforest:twilight_plant:5, Forest Grass
twilightforest:twilight_plant:6, Dried Bush
twilightforest:twilight_plant:7, Torchberry Plant
twilightforest:twilight_plant:8, Root Strands
twilightforest:twilight_plant:9, Leaf Pile
twilightforest:uncrafting_table, Uncrafting Table
twilightforest:fire_jet:0, Smoking Block
twilightforest:fire_jet:3, Fire Jet
twilightforest:fire_jet:1, Encased Smoker
twilightforest:fire_jet:6, Encased Fire Jet
twilightforest:naga_stone:0, Nagastone Head
twilightforest:naga_stone:1, Nagastone
twilightforest:twilight_sapling:0, Sickly Twilight Oak Sapling
twilightforest:twilight_sapling:1, Canopy Tree Sapling
twilightforest:twilight_sapling:2, Twilight Mangrove Sapling
twilightforest:twilight_sapling:3, Darkwood Sapling
twilightforest:twilight_sapling:4, Robust Twilight Oak Sapling
twilightforest:twilight_sapling:5, Tree of Time Sapling
twilightforest:twilight_sapling:6, Tree of Transformation Sapling
twilightforest:twilight_sapling:7, Miner's Tree Sapling
twilightforest:twilight_sapling:8, Sorting Tree Sapling
twilightforest:twilight_sapling:9, Rainbow Oak Sapling
twilightforest:moonworm, Moonworm
twilightforest:magic_log:0, Timewood
twilightforest:magic_log:1, Transwood
twilightforest:magic_log:2, Minewood
twilightforest:magic_log:3, Sortingwood
twilightforest:magic_leaves:0, Timewood Leaves
twilightforest:magic_leaves:1, Leaves of Transformation
twilightforest:magic_leaves:2, Miner's Leaves
twilightforest:magic_leaves:3, Sorting Leaves
twilightforest:magic_log_core:0, Timewood Clock
twilightforest:magic_log_core:1, Heart of Transformation
twilightforest:magic_log_core:2, Minewood Core
twilightforest:magic_log_core:3, Sortingwood Engine
twilightforest:tower_wood:0, Towerwood Planks
twilightforest:tower_wood:1, Encased Towerwood
twilightforest:tower_wood:2, Cracked Towerwood
twilightforest:tower_wood:3, Mossy Towerwood
twilightforest:tower_wood:4, Infested Towerwood
twilightforest:tower_device:0, Reappearing Block
twilightforest:tower_device:2, Vanishing Block
twilightforest:tower_device:4, Locked Vanishing Block
twilightforest:tower_device:5, Unlocked Vanishing Block
twilightforest:tower_device:6, Carminite Builder
twilightforest:tower_device:9, Anti-builder
twilightforest:tower_device:10, Ghast Trap
twilightforest:tower_device:12, Carminite Reactor
twilightforest:stronghold_shield, Stronghold Shield
twilightforest:trophy_pedestal:0, Trophy Pedestal
twilightforest:aurora_block, Aurora Block
twilightforest:underbrick:0, Underbrick
twilightforest:underbrick:1, Mossy Underbrick
twilightforest:underbrick:2, Cracked Underbrick
twilightforest:underbrick:3, Underbrick Floor
twilightforest:thorns:0, Thorns
twilightforest:thorns:1, Green Thorns
twilightforest:burnt_thorns, Burnt Thorns
twilightforest:thorn_rose, Thorn Rose
twilightforest:twilight_leaves_3:0, Thorn Leaves
twilightforest:twilight_leaves_3:1, Beanstalk Leaves
twilightforest:deadrock:0, Weathered Deadrock
twilightforest:deadrock:1, Cracked Deadrock
twilightforest:deadrock:2, Deadrock
twilightforest:dark_leaves, Darkwood Leaves
twilightforest:aurora_pillar, Aurora Pillar
twilightforest:aurora_slab:0, Aurora Slab
twilightforest:trollsteinn, Trollsteinn
twilightforest:wispy_cloud, Wispy Cloud
twilightforest:fluffy_cloud, Fluffy Cloud
twilightforest:giant_cobblestone, Giant Cobblestone
twilightforest:giant_log, Giant Log
twilightforest:giant_leaves, Giant Leaves
twilightforest:giant_obsidian, Giant Obsidian
twilightforest:uberous_soil, Uberous Soil
twilightforest:huge_stalk, Huge Stalk
twilightforest:huge_mushgloom, Huge Mushgloom
twilightforest:trollvidr, Trollvidr
twilightforest:unripe_trollber, Unripe Trollber
twilightforest:trollber, Trollber
twilightforest:knightmetal_block, Block of Knightmetal
twilightforest:huge_lilypad, Huge Lily Pad
twilightforest:huge_waterlily, Huge Water Lily
twilightforest:slider:0, Slide Trap
twilightforest:slider:1, Slide Trap 1
twilightforest:slider:2, Slide Trap 2
twilightforest:slider:3, Slide Trap 3
twilightforest:castle_brick:0, Castle Brick
twilightforest:castle_brick:1, Worn Castle Brick
twilightforest:castle_brick:2, Cracked Castle Brick
twilightforest:castle_brick:3, Castle Roof Tile
twilightforest:castle_brick:4, Mossy Castle Brick
twilightforest:castle_brick:5, Thick Castle Brick
twilightforest:castle_stairs_brick, Castle Brick Stairs
twilightforest:castle_stairs_cracked, Cracked Castle Brick Stairs
twilightforest:castle_stairs_worn, Worn Castle Brick Stairs
twilightforest:castle_stairs_mossy, Mossy Castle Brick Stairs
twilightforest:castle_pillar:0, Encased Castle Brick Pillar
twilightforest:castle_pillar:1, Encased Castle Brick Tile
twilightforest:castle_pillar:2, Bold Castle Brick Pillar
twilightforest:castle_pillar:3, Bold Castle Brick Tiles
twilightforest:castle_stairs:0, Encased Castle Brick Stairs
twilightforest:castle_stairs:8, Bold Castle Brick Stairs
twilightforest:castle_rune_brick:0, Pink Castle Rune Brick
twilightforest:castle_rune_brick:1, Blue Castle Rune Brick
twilightforest:castle_rune_brick:2, Yellow Castle Rune Brick
twilightforest:castle_rune_brick:3, Violet Castle Rune Brick
twilightforest:force_field:0, Violet Force Field
twilightforest:force_field:1, Pink Force Field
twilightforest:force_field:2, Orange Force Field
twilightforest:force_field:3, Green Force Field
twilightforest:force_field:4, Blue Force Field
twilightforest:cinder_furnace, Cinder Furnace [NYI]
twilightforest:cinder_log, Cinder Log [NYI]
twilightforest:castle_door:0, Yellow Castle Door
twilightforest:castle_door:1, Violet Castle Door
twilightforest:castle_door:2, Pink Castle Door
twilightforest:castle_door:3, Blue Castle Door
twilightforest:miniature_structure:0, Miniature Twilight Portal [NYI]
twilightforest:miniature_structure:1, Miniature Hedge Maze [NYI]
twilightforest:miniature_structure:2, Miniature Hollow Hill [NYI]
twilightforest:miniature_structure:3, Miniature Quest Grove [NYI]
twilightforest:miniature_structure:4, Miniature Mushroom Castle [NYI]
twilightforest:miniature_structure:5, Miniature Naga Courtyard [NYI]
twilightforest:miniature_structure:6, Miniature Lich Tower [NYI]
twilightforest:miniature_structure:7, Miniature Minotaur Labyrinth [NYI]
twilightforest:miniature_structure:8, Miniature Hydra's Lair [NYI]
twilightforest:miniature_structure:9, Miniature Goblin Stronghold [NYI]
twilightforest:miniature_structure:10, Miniature Dark Tower [NYI]
twilightforest:miniature_structure:11, Miniature Yeti Cave [NYI]
twilightforest:miniature_structure:12, Miniature Aurora Palace [NYI]
twilightforest:miniature_structure:13, Miniature Troll Cave and House in the Clouds [NYI]
twilightforest:miniature_structure:14, Miniature Final Castle [NYI]
twilightforest:block_storage:0, Block of Ironwood
twilightforest:block_storage:1, Block of Fiery Metal
twilightforest:block_storage:2, Block of Steeleaf
twilightforest:block_storage:3, Block of Arctic Fur
twilightforest:block_storage:4, Block of Carminite
twilightforest:spiral_bricks, Spiral Stone Bricks
twilightforest:etched_nagastone, Etched Nagastone
twilightforest:nagastone_pillar, Nagastone Pillar
twilightforest:nagastone_stairs:0, Nagastone Stairs (Left)
twilightforest:nagastone_stairs:8, Nagastone Stairs (Right)
twilightforest:etched_nagastone_mossy, Mossy Etched Nagastone
twilightforest:nagastone_pillar_mossy, Mossy Nagastone Pillar
twilightforest:nagastone_stairs_mossy:0, Mossy Nagastone Stairs (Left)
twilightforest:nagastone_stairs_mossy:8, Mossy Nagastone Stairs (Right)
twilightforest:etched_nagastone_weathered, Ruined Etched Nagastone
twilightforest:nagastone_pillar_weathered, Ruined Nagastone Pillar
twilightforest:nagastone_stairs_weathered:0, Weathered Nagastone Stairs (Left)
twilightforest:nagastone_stairs_weathered:8, Weathered Nagastone Stairs (Right)
twilightforest:auroralized_glass, Auroralized Glass
twilightforest:iron_ladder, Iron Ladder
twilightforest:terrorcotta_circle, Terrorcotta (Circular)
twilightforest:terrorcotta_diagonal, Terrorcotta (Diagonal)
twilightforest:stone_twist, Stone Twist
twilightforest:stone_twist_thin, Thin Stone Twist
twilightforest:twilight_oak_planks, Twilight Oak Planks
twilightforest:twilight_oak_stairs, Twilight Oak Stairs
twilightforest:twilight_oak_slab:0, Twilight Oak Slab
twilightforest:twilight_oak_button, Twilight Oak Button
twilightforest:twilight_oak_door, Twilight Oak Door
twilightforest:twilight_oak_trapdoor, Twilight Oak Trapdoor
twilightforest:twilight_oak_fence, Twilight Oak Fence
twilightforest:twilight_oak_gate, Twilight Oak Gate
twilightforest:twilight_oak_plate, Twilight Oak Pressure Plate
twilightforest:canopy_planks, Canopy Planks
twilightforest:canopy_stairs, Canopy Stairs
twilightforest:canopy_slab:0, Canopy Slab
twilightforest:canopy_button, Canopy Button
twilightforest:canopy_door, Canopy Door
twilightforest:canopy_trapdoor, Canopy Trapdoor
twilightforest:canopy_fence, Canopy Fence
twilightforest:canopy_gate, Canopy Gate
twilightforest:canopy_plate, Canopy Pressure Plate
twilightforest:mangrove_planks, Mangrove Planks
twilightforest:mangrove_stairs, Mangrove Stairs
twilightforest:mangrove_slab:0, Mangrove Slab
twilightforest:mangrove_button, Mangrove Button
twilightforest:mangrove_door, Mangrove Door
twilightforest:mangrove_trapdoor, Mangrove Trapdoor
twilightforest:mangrove_fence, Mangrove Fence
twilightforest:mangrove_gate, Mangrove Gate
twilightforest:mangrove_plate, Mangrove Pressure Plate
twilightforest:dark_planks, Darkwood Planks
twilightforest:dark_stairs, Darkwood Stairs
twilightforest:dark_slab:0, Darkwood Slab
twilightforest:dark_button, Darkwood Button
twilightforest:dark_door, Darkwood Door
twilightforest:dark_trapdoor, Darkwood Trapdoor
twilightforest:dark_fence, Darkwood Fence
twilightforest:dark_gate, Darkwood Gate
twilightforest:dark_plate, Darkwood Pressure Plate
twilightforest:time_planks, Timewood Planks
twilightforest:time_stairs, Timewood Stairs
twilightforest:time_slab:0, Timewood Slab
twilightforest:time_button, Timewood Button
twilightforest:time_door, Timewood Door
twilightforest:time_trapdoor, Timewood Trapdoor
twilightforest:time_fence, Timewood Fence
twilightforest:time_gate, Timewood Gate
twilightforest:time_plate, Timewood Pressure Plate
twilightforest:trans_planks, Transwood Planks
twilightforest:trans_stairs, Transwood Stairs
twilightforest:trans_slab:0, Transwood Slab
twilightforest:trans_button, Transwood Button
twilightforest:trans_door, Transwood Door
twilightforest:trans_trapdoor, Transwood Trapdoor
twilightforest:trans_fence, Transwood Fence
twilightforest:trans_gate, Transwood Gate
twilightforest:trans_plate, Transwood Pressure Plate
twilightforest:mine_planks, Minewood Planks
twilightforest:mine_stairs, Minewood Stairs
twilightforest:mine_slab:0, Minewood Slab
twilightforest:mine_button, Minewood Button
twilightforest:mine_door, Minewood Door
twilightforest:mine_trapdoor, Minewood Trapdoor
twilightforest:mine_fence, Minewood Fence
twilightforest:mine_gate, Minewood Gate
twilightforest:mine_plate, Minewood Pressure Plate
twilightforest:sort_planks, Sortingwood Planks
twilightforest:sort_stairs, Sortingwood Stairs
twilightforest:sort_slab:0, Sortingwood Slab
twilightforest:sort_button, Sortingwood Button
twilightforest:sort_door, Sortingwood Door
twilightforest:sort_trapdoor, Sortingwood Trapdoor
twilightforest:sort_fence, Sortingwood Fence
twilightforest:sort_gate, Sortingwood Gate
twilightforest:sort_plate, Sortingwood Pressure Plate
tconstruct:book, Materials and You
tconstruct:soil:0, Grout
tconstruct:soil:1, Green Slimy Mud
tconstruct:soil:2, Blue Slimy Mud
tconstruct:soil:3, Graveyard Soil
tconstruct:soil:4, Consecrated Soil
tconstruct:soil:5, Slimy Magma Mud
tconstruct:slime:1, Blue Slime Block
tconstruct:slime:2, Purple Slime Block
tconstruct:slime:3, Blood Slime Block
tconstruct:slime:4, Magma Slime Block
tconstruct:slime_congealed:0, Congealed Green Slime Block
tconstruct:slime_congealed:1, Congealed Blue Slime Block
tconstruct:slime_congealed:2, Congealed Purple Slime Block
tconstruct:slime_congealed:3, Congealed Blood Block
tconstruct:slime_congealed:4, Congealed Magma Slime Block
tconstruct:ore:0, Cobalt Ore
tconstruct:ore:1, Ardite Ore
tconstruct:firewood:0, Lavawood
tconstruct:firewood:1, Firewood
tconstruct:deco_ground:0, Mud Bricks
tconstruct:clear_glass:0, Clear Glass
tconstruct:clear_stained_glass:0, Clear White Stained Glass
tconstruct:clear_stained_glass:1, Clear Orange Stained Glass
tconstruct:clear_stained_glass:2, Clear Magenta Stained Glass
tconstruct:clear_stained_glass:3, Clear Light Blue Stained Glass
tconstruct:clear_stained_glass:4, Clear Yellow Stained Glass
tconstruct:clear_stained_glass:5, Clear Light Green Stained Glass
tconstruct:clear_stained_glass:6, Clear Pink Stained Glass
tconstruct:clear_stained_glass:7, Clear Gray Stained Glass
tconstruct:clear_stained_glass:8, Clear Light Gray Stained Glass
tconstruct:clear_stained_glass:9, Clear Cyan Stained Glass
tconstruct:clear_stained_glass:10, Clear Purple Stained Glass
tconstruct:clear_stained_glass:11, Clear Blue Stained Glass
tconstruct:clear_stained_glass:12, Clear Brown Stained Glass
tconstruct:clear_stained_glass:13, Clear Green Stained Glass
tconstruct:clear_stained_glass:14, Clear Red Stained Glass
tconstruct:clear_stained_glass:15, Clear Black Stained Glass
tconstruct:deco_ground_slab:0, Mud Bricks Slab
tconstruct:firewood_slab:0, Lavawood Slab
tconstruct:firewood_slab:1, Firewood Slab
tconstruct:mudbrick_stairs:0, Mud Bricks Stairs
tconstruct:firewood_stairs:0, Firewood Stairs
tconstruct:lavawood_stairs:0, Lavawood Stairs
tconstruct:nuggets:0, Cobalt Nugget
tconstruct:nuggets:1, Ardite Nugget
tconstruct:nuggets:2, Manyullyn Nugget
tconstruct:nuggets:3, Knightslime Nugget
tconstruct:nuggets:4, Pigiron Nugget
tconstruct:nuggets:6, Alumite Nugget
tconstruct:ingots:0, Cobalt Ingot
tconstruct:ingots:1, Ardite Ingot
tconstruct:ingots:2, Manyullyn Ingot
tconstruct:ingots:3, Knightslime Ingot
tconstruct:ingots:4, Pigiron Ingot
tconstruct:ingots:6, Alumite Ingot
tconstruct:materials:0, Seared Brick
tconstruct:materials:1, Mud Brick
tconstruct:materials:2, Dried Brick
tconstruct:materials:9, Green Slime Crystal
tconstruct:materials:10, Blue Slime Crystal
tconstruct:materials:11, Magma Slime Crystal
tconstruct:materials:12, Expander (Horizontal)
tconstruct:materials:13, Expander (Vertical)
tconstruct:materials:14, Reinforcement
tconstruct:materials:15, Silky Cloth
tconstruct:materials:16, Silky Jewel
tconstruct:materials:17, Necrotic Bone
tconstruct:materials:18, Ball of Moss
tconstruct:materials:19, Mending Moss
tconstruct:materials:20, Bloody Bone
tconstruct:materials:21, Venomous Bone
tconstruct:materials:22, Blazin' Bone
tconstruct:materials:23, Lava Crystal
tconstruct:materials:50, Creative Modifier
tconstruct:edible:0, Bacon
tconstruct:edible:1, Blue Slimeball
tconstruct:edible:2, Purple Slimeball
tconstruct:edible:3, Coagulated Blood
tconstruct:edible:4, Magma Slimeball
tconstruct:edible:5, Pink Slimeball
tconstruct:edible:10, Monster Jerky
tconstruct:edible:11, Beef Jerky
tconstruct:edible:12, Chicken Jerky
tconstruct:edible:13, Bacon Jerky
tconstruct:edible:14, Mutton Jerky
tconstruct:edible:15, Rabbit Jerky
tconstruct:edible:20, Fish Jerky
tconstruct:edible:21, Salmon Jerky
tconstruct:edible:22, Clownfish Jerky
tconstruct:edible:23, Fugu Jerky
tconstruct:edible:30, Green Gelatinous Slime Drop
tconstruct:edible:31, Blue Gelatinous Slime Drop
tconstruct:edible:32, Purple Gelatinous Slime Drop
tconstruct:edible:33, Coagulated Blood Drop
tconstruct:edible:34, Magma Gelatinous Slime Drop
tconstruct:common_nuggets:0, Copper Nugget
tconstruct:common_nuggets:1, Tin Nugget
tconstruct:common_nuggets:2, Aluminum Nugget
tconstruct:common_nuggets:3, Bronze Nugget
tconstruct:common_nuggets:4, Steel Nugget
tconstruct:common_ingots:0, Copper Ingot
tconstruct:common_ingots:1, Tin Ingot
tconstruct:common_ingots:2, Aluminum Ingot
tconstruct:common_ingots:3, Bronze Ingot
tconstruct:common_ingots:4, Steel Ingot
tconstruct:common_ore:0, Copper Ore
tconstruct:common_ore:1, Tin Ore
tconstruct:common_ore:2, Aluminum Ore
tconstruct:common_metal:0, Block of Copper
tconstruct:common_metal:1, Block of Tin
tconstruct:common_metal:2, Block of Aluminum
tconstruct:common_metal:3, Block of Bronze
tconstruct:common_metal:4, Block of Steel
tconstruct:metal:0, Block of Cobalt
tconstruct:metal:1, Block of Ardite
tconstruct:metal:2, Block of Manyullyn
tconstruct:metal:3, Block of Knightslime
tconstruct:metal:4, Block of Pigiron
tconstruct:metal:6, Silky Block of Jewel
tconstruct:metal:7, Block of Alumite
tconstruct:slime_dirt:0, Green Slimy Dirt
tconstruct:slime_dirt:1, Blue Slimy Dirt
tconstruct:slime_dirt:2, Purple Slimy Dirt
tconstruct:slime_dirt:3, Magma Slimy Dirt
tconstruct:slime_grass:0, Slimy Grass
tconstruct:slime_grass:1, Green Slimy Grass
tconstruct:slime_grass:2, Blue Slimy Grass
tconstruct:slime_grass:3, Purple Slimy Grass
tconstruct:slime_grass:4, Magma Slimy Grass
tconstruct:slime_grass:5, Slimy Grass
tconstruct:slime_grass:6, Green Slimy Grass
tconstruct:slime_grass:7, Blue Slimy Grass
tconstruct:slime_grass:8, Purple Slimy Grass
tconstruct:slime_grass:9, Magma Slimy Grass
tconstruct:slime_grass:10, Slimy Grass
tconstruct:slime_grass:11, Green Slimy Grass
tconstruct:slime_grass:12, Blue Slimy Grass
tconstruct:slime_grass:13, Purple Slimy Grass
tconstruct:slime_grass:14, Magma Slimy Grass
tconstruct:slime_leaves:0, Blue Slimy Leaves
tconstruct:slime_leaves:1, Purple Slimy Leaves
tconstruct:slime_leaves:2, Magma Slimy Leaves
tconstruct:slime_grass_tall:0, Tall Slimy Grass
tconstruct:slime_grass_tall:4, Tall Slimy Grass
tconstruct:slime_grass_tall:8, Tall Slimy Grass
tconstruct:slime_grass_tall:1, Slimy Fern
tconstruct:slime_grass_tall:5, Slimy Fern
tconstruct:slime_grass_tall:9, Slimy Fern
tconstruct:slime_sapling:0, Blue Slime Sapling
tconstruct:slime_sapling:1, Purple Slime Sapling
tconstruct:slime_sapling:2, Magma Slime Sapling
tconstruct:slime_vine_blue_end:0, Blue Slimy Vine
tconstruct:slime_vine_blue_mid:0, Blue Slimy Vine
tconstruct:slime_vine_blue:0, Blue Slimy Vine
tconstruct:slime_vine_purple_end:0, Purple Slimy Vine
tconstruct:slime_vine_purple_mid:0, Purple Slimy Vine
tconstruct:slime_vine_purple:0, Purple Slimy Vine
tconstruct:pattern:0, Blank Pattern
tconstruct:pattern:0, Wide Guard Pattern
tconstruct:pattern:0, Arrow Head Pattern
tconstruct:pattern:0, Shard Pattern
tconstruct:pattern:0, Pan Pattern
tconstruct:pattern:0, Bowlimb Pattern
tconstruct:pattern:0, Arrow Shaft Pattern
tconstruct:pattern:0, Broad Axe Head Pattern
tconstruct:pattern:0, Shovel Head Pattern
tconstruct:pattern:0, Large Plate Pattern
tconstruct:pattern:0, Tool Rod Pattern
tconstruct:pattern:0, Fletching Pattern
tconstruct:pattern:0, Sharpening Kit Pattern
tconstruct:pattern:0, Kama Head Pattern
tconstruct:pattern:0, Sword Blade Pattern
tconstruct:pattern:0, Binding Pattern
tconstruct:pattern:0, Cross Guard Pattern
tconstruct:pattern:0, Sign Plate Pattern
tconstruct:pattern:0, Pickaxe Head Pattern
tconstruct:pattern:0, Excavator Head Pattern
tconstruct:pattern:0, Hand Guard Pattern
tconstruct:pattern:0, Large Sword Blade Pattern
tconstruct:pattern:0, Knife Blade Pattern
tconstruct:pattern:0, Bowstring Pattern
tconstruct:pattern:0, Axe Head Pattern
tconstruct:pattern:0, Hammer Head Pattern
tconstruct:pattern:0, Scythe Head Pattern
tconstruct:pattern:0, Tough Binding Pattern
tconstruct:pattern:0, Tough Tool Rod Pattern
tconstruct:shard:0, Electrical Shard
tconstruct:shard:0, Energetic Shard
tconstruct:shard:0, Vibrant Shard
tconstruct:shard:0, Red Shard
tconstruct:shard:0, Conductive Shard
tconstruct:shard:0, Pulsating Shard
tconstruct:shard:0, Dark Shard
tconstruct:shard:0, Souled Shard
tconstruct:shard:0, Shard of the End
tconstruct:shard:0, Fake-Iron Shard
tconstruct:shard:0, Naga Scale Shard
tconstruct:shard:0, Steeleaf Shard
tconstruct:shard:0, Fiery Shard
tconstruct:shard:0, Knightly Shard
tconstruct:shard:0, Wooden Shard
tconstruct:shard:0, Stone Shard
tconstruct:shard:0, Flint Shard
tconstruct:shard:0, Cactus Shard
tconstruct:shard:0, Bone Shard
tconstruct:shard:0, Obsidian Shard
tconstruct:shard:0, Prismarine Shard
tconstruct:shard:0, End Shard
tconstruct:shard:0, Paper Shard
tconstruct:shard:0, Sponge Shard
tconstruct:shard:0, Firewood Shard
tconstruct:shard:0, Iron Shard
tconstruct:shard:0, Pig Iron Shard
tconstruct:shard:0, Knightslime Shard
tconstruct:shard:0, Slime Shard
tconstruct:shard:0, Slime Shard
tconstruct:shard:0, Magma Slime Shard
tconstruct:shard:0, Aluminum Brass Shard
tconstruct:shard:0, Alumite Shard
tconstruct:shard:0, Netherrack Shard
tconstruct:shard:0, Cobalt Shard
tconstruct:shard:0, Ardite Shard
tconstruct:shard:0, Manyullyn Shard
tconstruct:shard:0, Bloody Bone Shard
tconstruct:shard:0, Copper Shard
tconstruct:shard:0, Bronze Shard
tconstruct:shard:0, Lead Shard
tconstruct:shard:0, Silver Shard
tconstruct:shard:0, Electrum Shard
tconstruct:shard:0, Steel Shard
tconstruct:shard:0, Magical Wooden Shard
tconstruct:shard:0, Evil Infused Shard
tconstruct:shard:0, Enchanted Shard
tconstruct:shard:0, Demonic Shard
tconstruct:shard:0, Prosperity Shard Shard
tconstruct:shard:0, Soulium Shard
tconstruct:shard:0, Base Essence Shard
tconstruct:shard:0, Inferium Shard
tconstruct:shard:0, Prudentium Shard
tconstruct:shard:0, Intermedium Shard
tconstruct:shard:0, Superium Shard
tconstruct:shard:0, Supremium Shard
tconstruct:shard:0, Boron Shard
tconstruct:shard:0, Tough Alloy Shard
tconstruct:shard:0, Hard Carbon Shard
tconstruct:shard:0, Boron Nitride Shard
tconstruct:shard:0, Thorium Shard
tconstruct:shard:0, Uranium Shard
tconstruct:shard:0, Magnesium Shard
tconstruct:shard:0, Chocolate Shard
tconstruct:sharpening_kit:0, Electrical Sharpening Kit
tconstruct:sharpening_kit:0, Energetic Sharpening Kit
tconstruct:sharpening_kit:0, Vibrant Sharpening Kit
tconstruct:sharpening_kit:0, Red Sharpening Kit
tconstruct:sharpening_kit:0, Conductive Sharpening Kit
tconstruct:sharpening_kit:0, Pulsating Sharpening Kit
tconstruct:sharpening_kit:0, Dark Sharpening Kit
tconstruct:sharpening_kit:0, Souled Sharpening Kit
tconstruct:sharpening_kit:0, Sharpening Kit of the End
tconstruct:sharpening_kit:0, Fake-Iron Sharpening Kit
tconstruct:sharpening_kit:0, Naga Scale Sharpening Kit
tconstruct:sharpening_kit:0, Steeleaf Sharpening Kit
tconstruct:sharpening_kit:0, Fiery Sharpening Kit
tconstruct:sharpening_kit:0, Knightly Sharpening Kit
tconstruct:sharpening_kit:0, Wooden Sharpening Kit
tconstruct:sharpening_kit:0, Stone Sharpening Kit
tconstruct:sharpening_kit:0, Flint Sharpening Kit
tconstruct:sharpening_kit:0, Cactus Sharpening Kit
tconstruct:sharpening_kit:0, Bone Sharpening Kit
tconstruct:sharpening_kit:0, Obsidian Sharpening Kit
tconstruct:sharpening_kit:0, Prismarine Sharpening Kit
tconstruct:sharpening_kit:0, End Sharpening Kit
tconstruct:sharpening_kit:0, Paper Sharpening Kit
tconstruct:sharpening_kit:0, Sponge Sharpening Kit
tconstruct:sharpening_kit:0, Firewood Sharpening Kit
tconstruct:sharpening_kit:0, Iron Sharpening Kit
tconstruct:sharpening_kit:0, Pig Iron Sharpening Kit
tconstruct:sharpening_kit:0, Knightslime Sharpening Kit
tconstruct:sharpening_kit:0, Slime Sharpening Kit
tconstruct:sharpening_kit:0, Slime Sharpening Kit
tconstruct:sharpening_kit:0, Magma Slime Sharpening Kit
tconstruct:sharpening_kit:0, Aluminum Brass Sharpening Kit
tconstruct:sharpening_kit:0, Alumite Sharpening Kit
tconstruct:sharpening_kit:0, Netherrack Sharpening Kit
tconstruct:sharpening_kit:0, Cobalt Sharpening Kit
tconstruct:sharpening_kit:0, Ardite Sharpening Kit
tconstruct:sharpening_kit:0, Manyullyn Sharpening Kit
tconstruct:sharpening_kit:0, Bloody Bone Sharpening Kit
tconstruct:sharpening_kit:0, Copper Sharpening Kit
tconstruct:sharpening_kit:0, Bronze Sharpening Kit
tconstruct:sharpening_kit:0, Lead Sharpening Kit
tconstruct:sharpening_kit:0, Silver Sharpening Kit
tconstruct:sharpening_kit:0, Electrum Sharpening Kit
tconstruct:sharpening_kit:0, Steel Sharpening Kit
tconstruct:sharpening_kit:0, Magical Wooden Sharpening Kit
tconstruct:sharpening_kit:0, Evil Infused Sharpening Kit
tconstruct:sharpening_kit:0, Enchanted Sharpening Kit
tconstruct:sharpening_kit:0, Demonic Sharpening Kit
tconstruct:sharpening_kit:0, Prosperity Shard Sharpening Kit
tconstruct:sharpening_kit:0, Soulium Sharpening Kit
tconstruct:sharpening_kit:0, Base Essence Sharpening Kit
tconstruct:sharpening_kit:0, Inferium Sharpening Kit
tconstruct:sharpening_kit:0, Prudentium Sharpening Kit
tconstruct:sharpening_kit:0, Intermedium Sharpening Kit
tconstruct:sharpening_kit:0, Superium Sharpening Kit
tconstruct:sharpening_kit:0, Supremium Sharpening Kit
tconstruct:sharpening_kit:0, Boron Sharpening Kit
tconstruct:sharpening_kit:0, Tough Alloy Sharpening Kit
tconstruct:sharpening_kit:0, Hard Carbon Sharpening Kit
tconstruct:sharpening_kit:0, Boron Nitride Sharpening Kit
tconstruct:sharpening_kit:0, Thorium Sharpening Kit
tconstruct:sharpening_kit:0, Uranium Sharpening Kit
tconstruct:sharpening_kit:0, Magnesium Sharpening Kit
tconstruct:sharpening_kit:0, Chocolate Sharpening Kit
tconstruct:pick_head:0, Electrical Pickaxe Head
tconstruct:pick_head:0, Energetic Pickaxe Head
tconstruct:pick_head:0, Vibrant Pickaxe Head
tconstruct:pick_head:0, Red Pickaxe Head
tconstruct:pick_head:0, Conductive Pickaxe Head
tconstruct:pick_head:0, Pulsating Pickaxe Head
tconstruct:pick_head:0, Dark Pickaxe Head
tconstruct:pick_head:0, Souled Pickaxe Head
tconstruct:pick_head:0, Pickaxe Head of the End
tconstruct:pick_head:0, Fake-Iron Pickaxe Head
tconstruct:pick_head:0, Naga Scale Pickaxe Head
tconstruct:pick_head:0, Steeleaf Pickaxe Head
tconstruct:pick_head:0, Fiery Pickaxe Head
tconstruct:pick_head:0, Knightly Pickaxe Head
tconstruct:pick_head:0, Wooden Pickaxe Head
tconstruct:pick_head:0, Stone Pickaxe Head
tconstruct:pick_head:0, Flint Pickaxe Head
tconstruct:pick_head:0, Cactus Pickaxe Head
tconstruct:pick_head:0, Bone Pickaxe Head
tconstruct:pick_head:0, Obsidian Pickaxe Head
tconstruct:pick_head:0, Prismarine Pickaxe Head
tconstruct:pick_head:0, End Pickaxe Head
tconstruct:pick_head:0, Paper Pickaxe Head
tconstruct:pick_head:0, Sponge Pickaxe Head
tconstruct:pick_head:0, Firewood Pickaxe Head
tconstruct:pick_head:0, Iron Pickaxe Head
tconstruct:pick_head:0, Pig Iron Pickaxe Head
tconstruct:pick_head:0, Knightslime Pickaxe Head
tconstruct:pick_head:0, Slime Pickaxe Head
tconstruct:pick_head:0, Slime Pickaxe Head
tconstruct:pick_head:0, Magma Slime Pickaxe Head
tconstruct:pick_head:0, Aluminum Brass Pickaxe Head
tconstruct:pick_head:0, Alumite Pickaxe Head
tconstruct:pick_head:0, Netherrack Pickaxe Head
tconstruct:pick_head:0, Cobalt Pickaxe Head
tconstruct:pick_head:0, Ardite Pickaxe Head
tconstruct:pick_head:0, Manyullyn Pickaxe Head
tconstruct:pick_head:0, Bloody Bone Pickaxe Head
tconstruct:pick_head:0, Copper Pickaxe Head
tconstruct:pick_head:0, Bronze Pickaxe Head
tconstruct:pick_head:0, Lead Pickaxe Head
tconstruct:pick_head:0, Silver Pickaxe Head
tconstruct:pick_head:0, Electrum Pickaxe Head
tconstruct:pick_head:0, Steel Pickaxe Head
tconstruct:pick_head:0, Magical Wooden Pickaxe Head
tconstruct:pick_head:0, Evil Infused Pickaxe Head
tconstruct:pick_head:0, Enchanted Pickaxe Head
tconstruct:pick_head:0, Demonic Pickaxe Head
tconstruct:pick_head:0, Prosperity Shard Pickaxe Head
tconstruct:pick_head:0, Soulium Pickaxe Head
tconstruct:pick_head:0, Base Essence Pickaxe Head
tconstruct:pick_head:0, Inferium Pickaxe Head
tconstruct:pick_head:0, Prudentium Pickaxe Head
tconstruct:pick_head:0, Intermedium Pickaxe Head
tconstruct:pick_head:0, Superium Pickaxe Head
tconstruct:pick_head:0, Supremium Pickaxe Head
tconstruct:pick_head:0, Boron Pickaxe Head
tconstruct:pick_head:0, Tough Alloy Pickaxe Head
tconstruct:pick_head:0, Hard Carbon Pickaxe Head
tconstruct:pick_head:0, Boron Nitride Pickaxe Head
tconstruct:pick_head:0, Thorium Pickaxe Head
tconstruct:pick_head:0, Uranium Pickaxe Head
tconstruct:pick_head:0, Magnesium Pickaxe Head
tconstruct:pick_head:0, Chocolate Pickaxe Head
tconstruct:shovel_head:0, Electrical Shovel Head
tconstruct:shovel_head:0, Energetic Shovel Head
tconstruct:shovel_head:0, Vibrant Shovel Head
tconstruct:shovel_head:0, Red Shovel Head
tconstruct:shovel_head:0, Conductive Shovel Head
tconstruct:shovel_head:0, Pulsating Shovel Head
tconstruct:shovel_head:0, Dark Shovel Head
tconstruct:shovel_head:0, Souled Shovel Head
tconstruct:shovel_head:0, Shovel Head of the End
tconstruct:shovel_head:0, Fake-Iron Shovel Head
tconstruct:shovel_head:0, Naga Scale Shovel Head
tconstruct:shovel_head:0, Steeleaf Shovel Head
tconstruct:shovel_head:0, Fiery Shovel Head
tconstruct:shovel_head:0, Knightly Shovel Head
tconstruct:shovel_head:0, Wooden Shovel Head
tconstruct:shovel_head:0, Stone Shovel Head
tconstruct:shovel_head:0, Flint Shovel Head
tconstruct:shovel_head:0, Cactus Shovel Head
tconstruct:shovel_head:0, Bone Shovel Head
tconstruct:shovel_head:0, Obsidian Shovel Head
tconstruct:shovel_head:0, Prismarine Shovel Head
tconstruct:shovel_head:0, End Shovel Head
tconstruct:shovel_head:0, Paper Shovel Head
tconstruct:shovel_head:0, Sponge Shovel Head
tconstruct:shovel_head:0, Firewood Shovel Head
tconstruct:shovel_head:0, Iron Shovel Head
tconstruct:shovel_head:0, Pig Iron Shovel Head
tconstruct:shovel_head:0, Knightslime Shovel Head
tconstruct:shovel_head:0, Slime Shovel Head
tconstruct:shovel_head:0, Slime Shovel Head
tconstruct:shovel_head:0, Magma Slime Shovel Head
tconstruct:shovel_head:0, Aluminum Brass Shovel Head
tconstruct:shovel_head:0, Alumite Shovel Head
tconstruct:shovel_head:0, Netherrack Shovel Head
tconstruct:shovel_head:0, Cobalt Shovel Head
tconstruct:shovel_head:0, Ardite Shovel Head
tconstruct:shovel_head:0, Manyullyn Shovel Head
tconstruct:shovel_head:0, Bloody Bone Shovel Head
tconstruct:shovel_head:0, Copper Shovel Head
tconstruct:shovel_head:0, Bronze Shovel Head
tconstruct:shovel_head:0, Lead Shovel Head
tconstruct:shovel_head:0, Silver Shovel Head
tconstruct:shovel_head:0, Electrum Shovel Head
tconstruct:shovel_head:0, Steel Shovel Head
tconstruct:shovel_head:0, Magical Wooden Shovel Head
tconstruct:shovel_head:0, Evil Infused Shovel Head
tconstruct:shovel_head:0, Enchanted Shovel Head
tconstruct:shovel_head:0, Demonic Shovel Head
tconstruct:shovel_head:0, Prosperity Shard Shovel Head
tconstruct:shovel_head:0, Soulium Shovel Head
tconstruct:shovel_head:0, Base Essence Shovel Head
tconstruct:shovel_head:0, Inferium Shovel Head
tconstruct:shovel_head:0, Prudentium Shovel Head
tconstruct:shovel_head:0, Intermedium Shovel Head
tconstruct:shovel_head:0, Superium Shovel Head
tconstruct:shovel_head:0, Supremium Shovel Head
tconstruct:shovel_head:0, Boron Shovel Head
tconstruct:shovel_head:0, Tough Alloy Shovel Head
tconstruct:shovel_head:0, Hard Carbon Shovel Head
tconstruct:shovel_head:0, Boron Nitride Shovel Head
tconstruct:shovel_head:0, Thorium Shovel Head
tconstruct:shovel_head:0, Uranium Shovel Head
tconstruct:shovel_head:0, Magnesium Shovel Head
tconstruct:shovel_head:0, Chocolate Shovel Head
tconstruct:axe_head:0, Electrical Axe Head
tconstruct:axe_head:0, Energetic Axe Head
tconstruct:axe_head:0, Vibrant Axe Head
tconstruct:axe_head:0, Red Axe Head
tconstruct:axe_head:0, Conductive Axe Head
tconstruct:axe_head:0, Pulsating Axe Head
tconstruct:axe_head:0, Dark Axe Head
tconstruct:axe_head:0, Souled Axe Head
tconstruct:axe_head:0, Axe Head of the End
tconstruct:axe_head:0, Fake-Iron Axe Head
tconstruct:axe_head:0, Naga Scale Axe Head
tconstruct:axe_head:0, Steeleaf Axe Head
tconstruct:axe_head:0, Fiery Axe Head
tconstruct:axe_head:0, Knightly Axe Head
tconstruct:axe_head:0, Wooden Axe Head
tconstruct:axe_head:0, Stone Axe Head
tconstruct:axe_head:0, Flint Axe Head
tconstruct:axe_head:0, Cactus Axe Head
tconstruct:axe_head:0, Bone Axe Head
tconstruct:axe_head:0, Obsidian Axe Head
tconstruct:axe_head:0, Prismarine Axe Head
tconstruct:axe_head:0, End Axe Head
tconstruct:axe_head:0, Paper Axe Head
tconstruct:axe_head:0, Sponge Axe Head
tconstruct:axe_head:0, Firewood Axe Head
tconstruct:axe_head:0, Iron Axe Head
tconstruct:axe_head:0, Pig Iron Axe Head
tconstruct:axe_head:0, Knightslime Axe Head
tconstruct:axe_head:0, Slime Axe Head
tconstruct:axe_head:0, Slime Axe Head
tconstruct:axe_head:0, Magma Slime Axe Head
tconstruct:axe_head:0, Aluminum Brass Axe Head
tconstruct:axe_head:0, Alumite Axe Head
tconstruct:axe_head:0, Netherrack Axe Head
tconstruct:axe_head:0, Cobalt Axe Head
tconstruct:axe_head:0, Ardite Axe Head
tconstruct:axe_head:0, Manyullyn Axe Head
tconstruct:axe_head:0, Bloody Bone Axe Head
tconstruct:axe_head:0, Copper Axe Head
tconstruct:axe_head:0, Bronze Axe Head
tconstruct:axe_head:0, Lead Axe Head
tconstruct:axe_head:0, Silver Axe Head
tconstruct:axe_head:0, Electrum Axe Head
tconstruct:axe_head:0, Steel Axe Head
tconstruct:axe_head:0, Magical Wooden Axe Head
tconstruct:axe_head:0, Evil Infused Axe Head
tconstruct:axe_head:0, Enchanted Axe Head
tconstruct:axe_head:0, Demonic Axe Head
tconstruct:axe_head:0, Prosperity Shard Axe Head
tconstruct:axe_head:0, Soulium Axe Head
tconstruct:axe_head:0, Base Essence Axe Head
tconstruct:axe_head:0, Inferium Axe Head
tconstruct:axe_head:0, Prudentium Axe Head
tconstruct:axe_head:0, Intermedium Axe Head
tconstruct:axe_head:0, Superium Axe Head
tconstruct:axe_head:0, Supremium Axe Head
tconstruct:axe_head:0, Boron Axe Head
tconstruct:axe_head:0, Tough Alloy Axe Head
tconstruct:axe_head:0, Hard Carbon Axe Head
tconstruct:axe_head:0, Boron Nitride Axe Head
tconstruct:axe_head:0, Thorium Axe Head
tconstruct:axe_head:0, Uranium Axe Head
tconstruct:axe_head:0, Magnesium Axe Head
tconstruct:axe_head:0, Chocolate Axe Head
tconstruct:broad_axe_head:0, Electrical Broad Axe Head
tconstruct:broad_axe_head:0, Energetic Broad Axe Head
tconstruct:broad_axe_head:0, Vibrant Broad Axe Head
tconstruct:broad_axe_head:0, Red Broad Axe Head
tconstruct:broad_axe_head:0, Conductive Broad Axe Head
tconstruct:broad_axe_head:0, Pulsating Broad Axe Head
tconstruct:broad_axe_head:0, Dark Broad Axe Head
tconstruct:broad_axe_head:0, Souled Broad Axe Head
tconstruct:broad_axe_head:0, Broad Axe Head of the End
tconstruct:broad_axe_head:0, Fake-Iron Broad Axe Head
tconstruct:broad_axe_head:0, Naga Scale Broad Axe Head
tconstruct:broad_axe_head:0, Steeleaf Broad Axe Head
tconstruct:broad_axe_head:0, Fiery Broad Axe Head
tconstruct:broad_axe_head:0, Knightly Broad Axe Head
tconstruct:broad_axe_head:0, Wooden Broad Axe Head
tconstruct:broad_axe_head:0, Stone Broad Axe Head
tconstruct:broad_axe_head:0, Flint Broad Axe Head
tconstruct:broad_axe_head:0, Cactus Broad Axe Head
tconstruct:broad_axe_head:0, Bone Broad Axe Head
tconstruct:broad_axe_head:0, Obsidian Broad Axe Head
tconstruct:broad_axe_head:0, Prismarine Broad Axe Head
tconstruct:broad_axe_head:0, End Broad Axe Head
tconstruct:broad_axe_head:0, Paper Broad Axe Head
tconstruct:broad_axe_head:0, Sponge Broad Axe Head
tconstruct:broad_axe_head:0, Firewood Broad Axe Head
tconstruct:broad_axe_head:0, Iron Broad Axe Head
tconstruct:broad_axe_head:0, Pig Iron Broad Axe Head
tconstruct:broad_axe_head:0, Knightslime Broad Axe Head
tconstruct:broad_axe_head:0, Slime Broad Axe Head
tconstruct:broad_axe_head:0, Slime Broad Axe Head
tconstruct:broad_axe_head:0, Magma Slime Broad Axe Head
tconstruct:broad_axe_head:0, Aluminum Brass Broad Axe Head
tconstruct:broad_axe_head:0, Alumite Broad Axe Head
tconstruct:broad_axe_head:0, Netherrack Broad Axe Head
tconstruct:broad_axe_head:0, Cobalt Broad Axe Head
tconstruct:broad_axe_head:0, Ardite Broad Axe Head
tconstruct:broad_axe_head:0, Manyullyn Broad Axe Head
tconstruct:broad_axe_head:0, Bloody Bone Broad Axe Head
tconstruct:broad_axe_head:0, Copper Broad Axe Head
tconstruct:broad_axe_head:0, Bronze Broad Axe Head
tconstruct:broad_axe_head:0, Lead Broad Axe Head
tconstruct:broad_axe_head:0, Silver Broad Axe Head
tconstruct:broad_axe_head:0, Electrum Broad Axe Head
tconstruct:broad_axe_head:0, Steel Broad Axe Head
tconstruct:broad_axe_head:0, Magical Wooden Broad Axe Head
tconstruct:broad_axe_head:0, Evil Infused Broad Axe Head
tconstruct:broad_axe_head:0, Enchanted Broad Axe Head
tconstruct:broad_axe_head:0, Demonic Broad Axe Head
tconstruct:broad_axe_head:0, Prosperity Shard Broad Axe Head
tconstruct:broad_axe_head:0, Soulium Broad Axe Head
tconstruct:broad_axe_head:0, Base Essence Broad Axe Head
tconstruct:broad_axe_head:0, Inferium Broad Axe Head
tconstruct:broad_axe_head:0, Prudentium Broad Axe Head
tconstruct:broad_axe_head:0, Intermedium Broad Axe Head
tconstruct:broad_axe_head:0, Superium Broad Axe Head
tconstruct:broad_axe_head:0, Supremium Broad Axe Head
tconstruct:broad_axe_head:0, Boron Broad Axe Head
tconstruct:broad_axe_head:0, Tough Alloy Broad Axe Head
tconstruct:broad_axe_head:0, Hard Carbon Broad Axe Head
tconstruct:broad_axe_head:0, Boron Nitride Broad Axe Head
tconstruct:broad_axe_head:0, Thorium Broad Axe Head
tconstruct:broad_axe_head:0, Uranium Broad Axe Head
tconstruct:broad_axe_head:0, Magnesium Broad Axe Head
tconstruct:broad_axe_head:0, Chocolate Broad Axe Head
tconstruct:sword_blade:0, Electrical Sword Blade
tconstruct:sword_blade:0, Energetic Sword Blade
tconstruct:sword_blade:0, Vibrant Sword Blade
tconstruct:sword_blade:0, Red Sword Blade
tconstruct:sword_blade:0, Conductive Sword Blade
tconstruct:sword_blade:0, Pulsating Sword Blade
tconstruct:sword_blade:0, Dark Sword Blade
tconstruct:sword_blade:0, Souled Sword Blade
tconstruct:sword_blade:0, Sword Blade of the End
tconstruct:sword_blade:0, Fake-Iron Sword Blade
tconstruct:sword_blade:0, Naga Scale Sword Blade
tconstruct:sword_blade:0, Steeleaf Sword Blade
tconstruct:sword_blade:0, Fiery Sword Blade
tconstruct:sword_blade:0, Knightly Sword Blade
tconstruct:sword_blade:0, Wooden Sword Blade
tconstruct:sword_blade:0, Stone Sword Blade
tconstruct:sword_blade:0, Flint Sword Blade
tconstruct:sword_blade:0, Cactus Sword Blade
tconstruct:sword_blade:0, Bone Sword Blade
tconstruct:sword_blade:0, Obsidian Sword Blade
tconstruct:sword_blade:0, Prismarine Sword Blade
tconstruct:sword_blade:0, End Sword Blade
tconstruct:sword_blade:0, Paper Sword Blade
tconstruct:sword_blade:0, Sponge Sword Blade
tconstruct:sword_blade:0, Firewood Sword Blade
tconstruct:sword_blade:0, Iron Sword Blade
tconstruct:sword_blade:0, Pig Iron Sword Blade
tconstruct:sword_blade:0, Knightslime Sword Blade
tconstruct:sword_blade:0, Slime Sword Blade
tconstruct:sword_blade:0, Slime Sword Blade
tconstruct:sword_blade:0, Magma Slime Sword Blade
tconstruct:sword_blade:0, Aluminum Brass Sword Blade
tconstruct:sword_blade:0, Alumite Sword Blade
tconstruct:sword_blade:0, Netherrack Sword Blade
tconstruct:sword_blade:0, Cobalt Sword Blade
tconstruct:sword_blade:0, Ardite Sword Blade
tconstruct:sword_blade:0, Manyullyn Sword Blade
tconstruct:sword_blade:0, Bloody Bone Sword Blade
tconstruct:sword_blade:0, Copper Sword Blade
tconstruct:sword_blade:0, Bronze Sword Blade
tconstruct:sword_blade:0, Lead Sword Blade
tconstruct:sword_blade:0, Silver Sword Blade
tconstruct:sword_blade:0, Electrum Sword Blade
tconstruct:sword_blade:0, Steel Sword Blade
tconstruct:sword_blade:0, Magical Wooden Sword Blade
tconstruct:sword_blade:0, Evil Infused Sword Blade
tconstruct:sword_blade:0, Enchanted Sword Blade
tconstruct:sword_blade:0, Demonic Sword Blade
tconstruct:sword_blade:0, Prosperity Shard Sword Blade
tconstruct:sword_blade:0, Soulium Sword Blade
tconstruct:sword_blade:0, Base Essence Sword Blade
tconstruct:sword_blade:0, Inferium Sword Blade
tconstruct:sword_blade:0, Prudentium Sword Blade
tconstruct:sword_blade:0, Intermedium Sword Blade
tconstruct:sword_blade:0, Superium Sword Blade
tconstruct:sword_blade:0, Supremium Sword Blade
tconstruct:sword_blade:0, Boron Sword Blade
tconstruct:sword_blade:0, Tough Alloy Sword Blade
tconstruct:sword_blade:0, Hard Carbon Sword Blade
tconstruct:sword_blade:0, Boron Nitride Sword Blade
tconstruct:sword_blade:0, Thorium Sword Blade
tconstruct:sword_blade:0, Uranium Sword Blade
tconstruct:sword_blade:0, Magnesium Sword Blade
tconstruct:sword_blade:0, Chocolate Sword Blade
tconstruct:large_sword_blade:0, Electrical Large Sword Blade
tconstruct:large_sword_blade:0, Energetic Large Sword Blade
tconstruct:large_sword_blade:0, Vibrant Large Sword Blade
tconstruct:large_sword_blade:0, Red Large Sword Blade
tconstruct:large_sword_blade:0, Conductive Large Sword Blade
tconstruct:large_sword_blade:0, Pulsating Large Sword Blade
tconstruct:large_sword_blade:0, Dark Large Sword Blade
tconstruct:large_sword_blade:0, Souled Large Sword Blade
tconstruct:large_sword_blade:0, Large Sword Blade of the End
tconstruct:large_sword_blade:0, Fake-Iron Large Sword Blade
tconstruct:large_sword_blade:0, Naga Scale Large Sword Blade
tconstruct:large_sword_blade:0, Steeleaf Large Sword Blade
tconstruct:large_sword_blade:0, Fiery Large Sword Blade
tconstruct:large_sword_blade:0, Knightly Large Sword Blade
tconstruct:large_sword_blade:0, Wooden Large Sword Blade
tconstruct:large_sword_blade:0, Stone Large Sword Blade
tconstruct:large_sword_blade:0, Flint Large Sword Blade
tconstruct:large_sword_blade:0, Cactus Large Sword Blade
tconstruct:large_sword_blade:0, Bone Large Sword Blade
tconstruct:large_sword_blade:0, Obsidian Large Sword Blade
tconstruct:large_sword_blade:0, Prismarine Large Sword Blade
tconstruct:large_sword_blade:0, End Large Sword Blade
tconstruct:large_sword_blade:0, Paper Large Sword Blade
tconstruct:large_sword_blade:0, Sponge Large Sword Blade
tconstruct:large_sword_blade:0, Firewood Large Sword Blade
tconstruct:large_sword_blade:0, Iron Large Sword Blade
tconstruct:large_sword_blade:0, Pig Iron Large Sword Blade
tconstruct:large_sword_blade:0, Knightslime Large Sword Blade
tconstruct:large_sword_blade:0, Slime Large Sword Blade
tconstruct:large_sword_blade:0, Slime Large Sword Blade
tconstruct:large_sword_blade:0, Magma Slime Large Sword Blade
tconstruct:large_sword_blade:0, Aluminum Brass Large Sword Blade
tconstruct:large_sword_blade:0, Alumite Large Sword Blade
tconstruct:large_sword_blade:0, Netherrack Large Sword Blade
tconstruct:large_sword_blade:0, Cobalt Large Sword Blade
tconstruct:large_sword_blade:0, Ardite Large Sword Blade
tconstruct:large_sword_blade:0, Manyullyn Large Sword Blade
tconstruct:large_sword_blade:0, Bloody Bone Large Sword Blade
tconstruct:large_sword_blade:0, Copper Large Sword Blade
tconstruct:large_sword_blade:0, Bronze Large Sword Blade
tconstruct:large_sword_blade:0, Lead Large Sword Blade
tconstruct:large_sword_blade:0, Silver Large Sword Blade
tconstruct:large_sword_blade:0, Electrum Large Sword Blade
tconstruct:large_sword_blade:0, Steel Large Sword Blade
tconstruct:large_sword_blade:0, Magical Wooden Large Sword Blade
tconstruct:large_sword_blade:0, Evil Infused Large Sword Blade
tconstruct:large_sword_blade:0, Enchanted Large Sword Blade
tconstruct:large_sword_blade:0, Demonic Large Sword Blade
tconstruct:large_sword_blade:0, Prosperity Shard Large Sword Blade
tconstruct:large_sword_blade:0, Soulium Large Sword Blade
tconstruct:large_sword_blade:0, Base Essence Large Sword Blade
tconstruct:large_sword_blade:0, Inferium Large Sword Blade
tconstruct:large_sword_blade:0, Prudentium Large Sword Blade
tconstruct:large_sword_blade:0, Intermedium Large Sword Blade
tconstruct:large_sword_blade:0, Superium Large Sword Blade
tconstruct:large_sword_blade:0, Supremium Large Sword Blade
tconstruct:large_sword_blade:0, Boron Large Sword Blade
tconstruct:large_sword_blade:0, Tough Alloy Large Sword Blade
tconstruct:large_sword_blade:0, Hard Carbon Large Sword Blade
tconstruct:large_sword_blade:0, Boron Nitride Large Sword Blade
tconstruct:large_sword_blade:0, Thorium Large Sword Blade
tconstruct:large_sword_blade:0, Uranium Large Sword Blade
tconstruct:large_sword_blade:0, Magnesium Large Sword Blade
tconstruct:large_sword_blade:0, Chocolate Large Sword Blade
tconstruct:hammer_head:0, Electrical Hammer Head
tconstruct:hammer_head:0, Energetic Hammer Head
tconstruct:hammer_head:0, Vibrant Hammer Head
tconstruct:hammer_head:0, Red Hammer Head
tconstruct:hammer_head:0, Conductive Hammer Head
tconstruct:hammer_head:0, Pulsating Hammer Head
tconstruct:hammer_head:0, Dark Hammer Head
tconstruct:hammer_head:0, Souled Hammer Head
tconstruct:hammer_head:0, Hammer Head of the End
tconstruct:hammer_head:0, Fake-Iron Hammer Head
tconstruct:hammer_head:0, Naga Scale Hammer Head
tconstruct:hammer_head:0, Steeleaf Hammer Head
tconstruct:hammer_head:0, Fiery Hammer Head
tconstruct:hammer_head:0, Knightly Hammer Head
tconstruct:hammer_head:0, Wooden Hammer Head
tconstruct:hammer_head:0, Stone Hammer Head
tconstruct:hammer_head:0, Flint Hammer Head
tconstruct:hammer_head:0, Cactus Hammer Head
tconstruct:hammer_head:0, Bone Hammer Head
tconstruct:hammer_head:0, Obsidian Hammer Head
tconstruct:hammer_head:0, Prismarine Hammer Head
tconstruct:hammer_head:0, End Hammer Head
tconstruct:hammer_head:0, Paper Hammer Head
tconstruct:hammer_head:0, Sponge Hammer Head
tconstruct:hammer_head:0, Firewood Hammer Head
tconstruct:hammer_head:0, Iron Hammer Head
tconstruct:hammer_head:0, Pig Iron Hammer Head
tconstruct:hammer_head:0, Knightslime Hammer Head
tconstruct:hammer_head:0, Slime Hammer Head
tconstruct:hammer_head:0, Slime Hammer Head
tconstruct:hammer_head:0, Magma Slime Hammer Head
tconstruct:hammer_head:0, Aluminum Brass Hammer Head
tconstruct:hammer_head:0, Alumite Hammer Head
tconstruct:hammer_head:0, Netherrack Hammer Head
tconstruct:hammer_head:0, Cobalt Hammer Head
tconstruct:hammer_head:0, Ardite Hammer Head
tconstruct:hammer_head:0, Manyullyn Hammer Head
tconstruct:hammer_head:0, Bloody Bone Hammer Head
tconstruct:hammer_head:0, Copper Hammer Head
tconstruct:hammer_head:0, Bronze Hammer Head
tconstruct:hammer_head:0, Lead Hammer Head
tconstruct:hammer_head:0, Silver Hammer Head
tconstruct:hammer_head:0, Electrum Hammer Head
tconstruct:hammer_head:0, Steel Hammer Head
tconstruct:hammer_head:0, Magical Wooden Hammer Head
tconstruct:hammer_head:0, Evil Infused Hammer Head
tconstruct:hammer_head:0, Enchanted Hammer Head
tconstruct:hammer_head:0, Demonic Hammer Head
tconstruct:hammer_head:0, Prosperity Shard Hammer Head
tconstruct:hammer_head:0, Soulium Hammer Head
tconstruct:hammer_head:0, Base Essence Hammer Head
tconstruct:hammer_head:0, Inferium Hammer Head
tconstruct:hammer_head:0, Prudentium Hammer Head
tconstruct:hammer_head:0, Intermedium Hammer Head
tconstruct:hammer_head:0, Superium Hammer Head
tconstruct:hammer_head:0, Supremium Hammer Head
tconstruct:hammer_head:0, Boron Hammer Head
tconstruct:hammer_head:0, Tough Alloy Hammer Head
tconstruct:hammer_head:0, Hard Carbon Hammer Head
tconstruct:hammer_head:0, Boron Nitride Hammer Head
tconstruct:hammer_head:0, Thorium Hammer Head
tconstruct:hammer_head:0, Uranium Hammer Head
tconstruct:hammer_head:0, Magnesium Hammer Head
tconstruct:hammer_head:0, Chocolate Hammer Head
tconstruct:excavator_head:0, Electrical Excavator Head
tconstruct:excavator_head:0, Energetic Excavator Head
tconstruct:excavator_head:0, Vibrant Excavator Head
tconstruct:excavator_head:0, Red Excavator Head
tconstruct:excavator_head:0, Conductive Excavator Head
tconstruct:excavator_head:0, Pulsating Excavator Head
tconstruct:excavator_head:0, Dark Excavator Head
tconstruct:excavator_head:0, Souled Excavator Head
tconstruct:excavator_head:0, Excavator Head of the End
tconstruct:excavator_head:0, Fake-Iron Excavator Head
tconstruct:excavator_head:0, Naga Scale Excavator Head
tconstruct:excavator_head:0, Steeleaf Excavator Head
tconstruct:excavator_head:0, Fiery Excavator Head
tconstruct:excavator_head:0, Knightly Excavator Head
tconstruct:excavator_head:0, Wooden Excavator Head
tconstruct:excavator_head:0, Stone Excavator Head
tconstruct:excavator_head:0, Flint Excavator Head
tconstruct:excavator_head:0, Cactus Excavator Head
tconstruct:excavator_head:0, Bone Excavator Head
tconstruct:excavator_head:0, Obsidian Excavator Head
tconstruct:excavator_head:0, Prismarine Excavator Head
tconstruct:excavator_head:0, End Excavator Head
tconstruct:excavator_head:0, Paper Excavator Head
tconstruct:excavator_head:0, Sponge Excavator Head
tconstruct:excavator_head:0, Firewood Excavator Head
tconstruct:excavator_head:0, Iron Excavator Head
tconstruct:excavator_head:0, Pig Iron Excavator Head
tconstruct:excavator_head:0, Knightslime Excavator Head
tconstruct:excavator_head:0, Slime Excavator Head
tconstruct:excavator_head:0, Slime Excavator Head
tconstruct:excavator_head:0, Magma Slime Excavator Head
tconstruct:excavator_head:0, Aluminum Brass Excavator Head
tconstruct:excavator_head:0, Alumite Excavator Head
tconstruct:excavator_head:0, Netherrack Excavator Head
tconstruct:excavator_head:0, Cobalt Excavator Head
tconstruct:excavator_head:0, Ardite Excavator Head
tconstruct:excavator_head:0, Manyullyn Excavator Head
tconstruct:excavator_head:0, Bloody Bone Excavator Head
tconstruct:excavator_head:0, Copper Excavator Head
tconstruct:excavator_head:0, Bronze Excavator Head
tconstruct:excavator_head:0, Lead Excavator Head
tconstruct:excavator_head:0, Silver Excavator Head
tconstruct:excavator_head:0, Electrum Excavator Head
tconstruct:excavator_head:0, Steel Excavator Head
tconstruct:excavator_head:0, Magical Wooden Excavator Head
tconstruct:excavator_head:0, Evil Infused Excavator Head
tconstruct:excavator_head:0, Enchanted Excavator Head
tconstruct:excavator_head:0, Demonic Excavator Head
tconstruct:excavator_head:0, Prosperity Shard Excavator Head
tconstruct:excavator_head:0, Soulium Excavator Head
tconstruct:excavator_head:0, Base Essence Excavator Head
tconstruct:excavator_head:0, Inferium Excavator Head
tconstruct:excavator_head:0, Prudentium Excavator Head
tconstruct:excavator_head:0, Intermedium Excavator Head
tconstruct:excavator_head:0, Superium Excavator Head
tconstruct:excavator_head:0, Supremium Excavator Head
tconstruct:excavator_head:0, Boron Excavator Head
tconstruct:excavator_head:0, Tough Alloy Excavator Head
tconstruct:excavator_head:0, Hard Carbon Excavator Head
tconstruct:excavator_head:0, Boron Nitride Excavator Head
tconstruct:excavator_head:0, Thorium Excavator Head
tconstruct:excavator_head:0, Uranium Excavator Head
tconstruct:excavator_head:0, Magnesium Excavator Head
tconstruct:excavator_head:0, Chocolate Excavator Head
tconstruct:kama_head:0, Electrical Kama Head
tconstruct:kama_head:0, Energetic Kama Head
tconstruct:kama_head:0, Vibrant Kama Head
tconstruct:kama_head:0, Red Kama Head
tconstruct:kama_head:0, Conductive Kama Head
tconstruct:kama_head:0, Pulsating Kama Head
tconstruct:kama_head:0, Dark Kama Head
tconstruct:kama_head:0, Souled Kama Head
tconstruct:kama_head:0, Kama Head of the End
tconstruct:kama_head:0, Fake-Iron Kama Head
tconstruct:kama_head:0, Naga Scale Kama Head
tconstruct:kama_head:0, Steeleaf Kama Head
tconstruct:kama_head:0, Fiery Kama Head
tconstruct:kama_head:0, Knightly Kama Head
tconstruct:kama_head:0, Wooden Kama Head
tconstruct:kama_head:0, Stone Kama Head
tconstruct:kama_head:0, Flint Kama Head
tconstruct:kama_head:0, Cactus Kama Head
tconstruct:kama_head:0, Bone Kama Head
tconstruct:kama_head:0, Obsidian Kama Head
tconstruct:kama_head:0, Prismarine Kama Head
tconstruct:kama_head:0, End Kama Head
tconstruct:kama_head:0, Paper Kama Head
tconstruct:kama_head:0, Sponge Kama Head
tconstruct:kama_head:0, Firewood Kama Head
tconstruct:kama_head:0, Iron Kama Head
tconstruct:kama_head:0, Pig Iron Kama Head
tconstruct:kama_head:0, Knightslime Kama Head
tconstruct:kama_head:0, Slime Kama Head
tconstruct:kama_head:0, Slime Kama Head
tconstruct:kama_head:0, Magma Slime Kama Head
tconstruct:kama_head:0, Aluminum Brass Kama Head
tconstruct:kama_head:0, Alumite Kama Head
tconstruct:kama_head:0, Netherrack Kama Head
tconstruct:kama_head:0, Cobalt Kama Head
tconstruct:kama_head:0, Ardite Kama Head
tconstruct:kama_head:0, Manyullyn Kama Head
tconstruct:kama_head:0, Bloody Bone Kama Head
tconstruct:kama_head:0, Copper Kama Head
tconstruct:kama_head:0, Bronze Kama Head
tconstruct:kama_head:0, Lead Kama Head
tconstruct:kama_head:0, Silver Kama Head
tconstruct:kama_head:0, Electrum Kama Head
tconstruct:kama_head:0, Steel Kama Head
tconstruct:kama_head:0, Magical Wooden Kama Head
tconstruct:kama_head:0, Evil Infused Kama Head
tconstruct:kama_head:0, Enchanted Kama Head
tconstruct:kama_head:0, Demonic Kama Head
tconstruct:kama_head:0, Prosperity Shard Kama Head
tconstruct:kama_head:0, Soulium Kama Head
tconstruct:kama_head:0, Base Essence Kama Head
tconstruct:kama_head:0, Inferium Kama Head
tconstruct:kama_head:0, Prudentium Kama Head
tconstruct:kama_head:0, Intermedium Kama Head
tconstruct:kama_head:0, Superium Kama Head
tconstruct:kama_head:0, Supremium Kama Head
tconstruct:kama_head:0, Boron Kama Head
tconstruct:kama_head:0, Tough Alloy Kama Head
tconstruct:kama_head:0, Hard Carbon Kama Head
tconstruct:kama_head:0, Boron Nitride Kama Head
tconstruct:kama_head:0, Thorium Kama Head
tconstruct:kama_head:0, Uranium Kama Head
tconstruct:kama_head:0, Magnesium Kama Head
tconstruct:kama_head:0, Chocolate Kama Head
tconstruct:scythe_head:0, Electrical Scythe Head
tconstruct:scythe_head:0, Energetic Scythe Head
tconstruct:scythe_head:0, Vibrant Scythe Head
tconstruct:scythe_head:0, Red Scythe Head
tconstruct:scythe_head:0, Conductive Scythe Head
tconstruct:scythe_head:0, Pulsating Scythe Head
tconstruct:scythe_head:0, Dark Scythe Head
tconstruct:scythe_head:0, Souled Scythe Head
tconstruct:scythe_head:0, Scythe Head of the End
tconstruct:scythe_head:0, Fake-Iron Scythe Head
tconstruct:scythe_head:0, Naga Scale Scythe Head
tconstruct:scythe_head:0, Steeleaf Scythe Head
tconstruct:scythe_head:0, Fiery Scythe Head
tconstruct:scythe_head:0, Knightly Scythe Head
tconstruct:scythe_head:0, Wooden Scythe Head
tconstruct:scythe_head:0, Stone Scythe Head
tconstruct:scythe_head:0, Flint Scythe Head
tconstruct:scythe_head:0, Cactus Scythe Head
tconstruct:scythe_head:0, Bone Scythe Head
tconstruct:scythe_head:0, Obsidian Scythe Head
tconstruct:scythe_head:0, Prismarine Scythe Head
tconstruct:scythe_head:0, End Scythe Head
tconstruct:scythe_head:0, Paper Scythe Head
tconstruct:scythe_head:0, Sponge Scythe Head
tconstruct:scythe_head:0, Firewood Scythe Head
tconstruct:scythe_head:0, Iron Scythe Head
tconstruct:scythe_head:0, Pig Iron Scythe Head
tconstruct:scythe_head:0, Knightslime Scythe Head
tconstruct:scythe_head:0, Slime Scythe Head
tconstruct:scythe_head:0, Slime Scythe Head
tconstruct:scythe_head:0, Magma Slime Scythe Head
tconstruct:scythe_head:0, Aluminum Brass Scythe Head
tconstruct:scythe_head:0, Alumite Scythe Head
tconstruct:scythe_head:0, Netherrack Scythe Head
tconstruct:scythe_head:0, Cobalt Scythe Head
tconstruct:scythe_head:0, Ardite Scythe Head
tconstruct:scythe_head:0, Manyullyn Scythe Head
tconstruct:scythe_head:0, Bloody Bone Scythe Head
tconstruct:scythe_head:0, Copper Scythe Head
tconstruct:scythe_head:0, Bronze Scythe Head
tconstruct:scythe_head:0, Lead Scythe Head
tconstruct:scythe_head:0, Silver Scythe Head
tconstruct:scythe_head:0, Electrum Scythe Head
tconstruct:scythe_head:0, Steel Scythe Head
tconstruct:scythe_head:0, Magical Wooden Scythe Head
tconstruct:scythe_head:0, Evil Infused Scythe Head
tconstruct:scythe_head:0, Enchanted Scythe Head
tconstruct:scythe_head:0, Demonic Scythe Head
tconstruct:scythe_head:0, Prosperity Shard Scythe Head
tconstruct:scythe_head:0, Soulium Scythe Head
tconstruct:scythe_head:0, Base Essence Scythe Head
tconstruct:scythe_head:0, Inferium Scythe Head
tconstruct:scythe_head:0, Prudentium Scythe Head
tconstruct:scythe_head:0, Intermedium Scythe Head
tconstruct:scythe_head:0, Superium Scythe Head
tconstruct:scythe_head:0, Supremium Scythe Head
tconstruct:scythe_head:0, Boron Scythe Head
tconstruct:scythe_head:0, Tough Alloy Scythe Head
tconstruct:scythe_head:0, Hard Carbon Scythe Head
tconstruct:scythe_head:0, Boron Nitride Scythe Head
tconstruct:scythe_head:0, Thorium Scythe Head
tconstruct:scythe_head:0, Uranium Scythe Head
tconstruct:scythe_head:0, Magnesium Scythe Head
tconstruct:scythe_head:0, Chocolate Scythe Head
tconstruct:pan_head:0, Electrical Pan
tconstruct:pan_head:0, Energetic Pan
tconstruct:pan_head:0, Vibrant Pan
tconstruct:pan_head:0, Red Pan
tconstruct:pan_head:0, Conductive Pan
tconstruct:pan_head:0, Pulsating Pan
tconstruct:pan_head:0, Dark Pan
tconstruct:pan_head:0, Souled Pan
tconstruct:pan_head:0, Pan of the End
tconstruct:pan_head:0, Fake-Iron Pan
tconstruct:pan_head:0, Naga Scale Pan
tconstruct:pan_head:0, Steeleaf Pan
tconstruct:pan_head:0, Fiery Pan
tconstruct:pan_head:0, Knightly Pan
tconstruct:pan_head:0, Wooden Pan
tconstruct:pan_head:0, Stone Pan
tconstruct:pan_head:0, Flint Pan
tconstruct:pan_head:0, Cactus Pan
tconstruct:pan_head:0, Bone Pan
tconstruct:pan_head:0, Obsidian Pan
tconstruct:pan_head:0, Prismarine Pan
tconstruct:pan_head:0, End Pan
tconstruct:pan_head:0, Paper Pan
tconstruct:pan_head:0, Sponge Pan
tconstruct:pan_head:0, Firewood Pan
tconstruct:pan_head:0, Iron Pan
tconstruct:pan_head:0, Pig Iron Pan
tconstruct:pan_head:0, Knightslime Pan
tconstruct:pan_head:0, Slime Pan
tconstruct:pan_head:0, Slime Pan
tconstruct:pan_head:0, Magma Slime Pan
tconstruct:pan_head:0, Aluminum Brass Pan
tconstruct:pan_head:0, Alumite Pan
tconstruct:pan_head:0, Netherrack Pan
tconstruct:pan_head:0, Cobalt Pan
tconstruct:pan_head:0, Ardite Pan
tconstruct:pan_head:0, Manyullyn Pan
tconstruct:pan_head:0, Bloody Bone Pan
tconstruct:pan_head:0, Copper Pan
tconstruct:pan_head:0, Bronze Pan
tconstruct:pan_head:0, Lead Pan
tconstruct:pan_head:0, Silver Pan
tconstruct:pan_head:0, Electrum Pan
tconstruct:pan_head:0, Steel Pan
tconstruct:pan_head:0, Magical Wooden Pan
tconstruct:pan_head:0, Evil Infused Pan
tconstruct:pan_head:0, Enchanted Pan
tconstruct:pan_head:0, Demonic Pan
tconstruct:pan_head:0, Prosperity Shard Pan
tconstruct:pan_head:0, Soulium Pan
tconstruct:pan_head:0, Base Essence Pan
tconstruct:pan_head:0, Inferium Pan
tconstruct:pan_head:0, Prudentium Pan
tconstruct:pan_head:0, Intermedium Pan
tconstruct:pan_head:0, Superium Pan
tconstruct:pan_head:0, Supremium Pan
tconstruct:pan_head:0, Boron Pan
tconstruct:pan_head:0, Tough Alloy Pan
tconstruct:pan_head:0, Hard Carbon Pan
tconstruct:pan_head:0, Boron Nitride Pan
tconstruct:pan_head:0, Thorium Pan
tconstruct:pan_head:0, Uranium Pan
tconstruct:pan_head:0, Magnesium Pan
tconstruct:pan_head:0, Chocolate Pan
tconstruct:sign_head:0, Electrical Sign Plate
tconstruct:sign_head:0, Energetic Sign Plate
tconstruct:sign_head:0, Vibrant Sign Plate
tconstruct:sign_head:0, Red Sign Plate
tconstruct:sign_head:0, Conductive Sign Plate
tconstruct:sign_head:0, Pulsating Sign Plate
tconstruct:sign_head:0, Dark Sign Plate
tconstruct:sign_head:0, Souled Sign Plate
tconstruct:sign_head:0, Sign Plate of the End
tconstruct:sign_head:0, Fake-Iron Sign Plate
tconstruct:sign_head:0, Naga Scale Sign Plate
tconstruct:sign_head:0, Steeleaf Sign Plate
tconstruct:sign_head:0, Fiery Sign Plate
tconstruct:sign_head:0, Knightly Sign Plate
tconstruct:sign_head:0, Wooden Sign Plate
tconstruct:sign_head:0, Stone Sign Plate
tconstruct:sign_head:0, Flint Sign Plate
tconstruct:sign_head:0, Cactus Sign Plate
tconstruct:sign_head:0, Bone Sign Plate
tconstruct:sign_head:0, Obsidian Sign Plate
tconstruct:sign_head:0, Prismarine Sign Plate
tconstruct:sign_head:0, End Sign Plate
tconstruct:sign_head:0, Paper Sign Plate
tconstruct:sign_head:0, Sponge Sign Plate
tconstruct:sign_head:0, Firewood Sign Plate
tconstruct:sign_head:0, Iron Sign Plate
tconstruct:sign_head:0, Pig Iron Sign Plate
tconstruct:sign_head:0, Knightslime Sign Plate
tconstruct:sign_head:0, Slime Sign Plate
tconstruct:sign_head:0, Slime Sign Plate
tconstruct:sign_head:0, Magma Slime Sign Plate
tconstruct:sign_head:0, Aluminum Brass Sign Plate
tconstruct:sign_head:0, Alumite Sign Plate
tconstruct:sign_head:0, Netherrack Sign Plate
tconstruct:sign_head:0, Cobalt Sign Plate
tconstruct:sign_head:0, Ardite Sign Plate
tconstruct:sign_head:0, Manyullyn Sign Plate
tconstruct:sign_head:0, Bloody Bone Sign Plate
tconstruct:sign_head:0, Copper Sign Plate
tconstruct:sign_head:0, Bronze Sign Plate
tconstruct:sign_head:0, Lead Sign Plate
tconstruct:sign_head:0, Silver Sign Plate
tconstruct:sign_head:0, Electrum Sign Plate
tconstruct:sign_head:0, Steel Sign Plate
tconstruct:sign_head:0, Magical Wooden Sign Plate
tconstruct:sign_head:0, Evil Infused Sign Plate
tconstruct:sign_head:0, Enchanted Sign Plate
tconstruct:sign_head:0, Demonic Sign Plate
tconstruct:sign_head:0, Prosperity Shard Sign Plate
tconstruct:sign_head:0, Soulium Sign Plate
tconstruct:sign_head:0, Base Essence Sign Plate
tconstruct:sign_head:0, Inferium Sign Plate
tconstruct:sign_head:0, Prudentium Sign Plate
tconstruct:sign_head:0, Intermedium Sign Plate
tconstruct:sign_head:0, Superium Sign Plate
tconstruct:sign_head:0, Supremium Sign Plate
tconstruct:sign_head:0, Boron Sign Plate
tconstruct:sign_head:0, Tough Alloy Sign Plate
tconstruct:sign_head:0, Hard Carbon Sign Plate
tconstruct:sign_head:0, Boron Nitride Sign Plate
tconstruct:sign_head:0, Thorium Sign Plate
tconstruct:sign_head:0, Uranium Sign Plate
tconstruct:sign_head:0, Magnesium Sign Plate
tconstruct:sign_head:0, Chocolate Sign Plate
tconstruct:tool_rod:0, Electrical Tool Rod
tconstruct:tool_rod:0, Energetic Tool Rod
tconstruct:tool_rod:0, Vibrant Tool Rod
tconstruct:tool_rod:0, Red Tool Rod
tconstruct:tool_rod:0, Conductive Tool Rod
tconstruct:tool_rod:0, Pulsating Tool Rod
tconstruct:tool_rod:0, Dark Tool Rod
tconstruct:tool_rod:0, Souled Tool Rod
tconstruct:tool_rod:0, Tool Rod of the End
tconstruct:tool_rod:0, Fake-Iron Tool Rod
tconstruct:tool_rod:0, Steeleaf Tool Rod
tconstruct:tool_rod:0, Fiery Tool Rod
tconstruct:tool_rod:0, Knightly Tool Rod
tconstruct:tool_rod:0, Wooden Tool Rod
tconstruct:tool_rod:0, Stone Tool Rod
tconstruct:tool_rod:0, Flint Tool Rod
tconstruct:tool_rod:0, Cactus Tool Rod
tconstruct:tool_rod:0, Bone Tool Rod
tconstruct:tool_rod:0, Obsidian Tool Rod
tconstruct:tool_rod:0, Prismarine Tool Rod
tconstruct:tool_rod:0, End Tool Rod
tconstruct:tool_rod:0, Paper Tool Rod
tconstruct:tool_rod:0, Sponge Tool Rod
tconstruct:tool_rod:0, Firewood Tool Rod
tconstruct:tool_rod:0, Iron Tool Rod
tconstruct:tool_rod:0, Pig Iron Tool Rod
tconstruct:tool_rod:0, Knightslime Tool Rod
tconstruct:tool_rod:0, Slime Tool Rod
tconstruct:tool_rod:0, Slime Tool Rod
tconstruct:tool_rod:0, Magma Slime Tool Rod
tconstruct:tool_rod:0, Aluminum Brass Tool Rod
tconstruct:tool_rod:0, Alumite Tool Rod
tconstruct:tool_rod:0, Netherrack Tool Rod
tconstruct:tool_rod:0, Cobalt Tool Rod
tconstruct:tool_rod:0, Ardite Tool Rod
tconstruct:tool_rod:0, Manyullyn Tool Rod
tconstruct:tool_rod:0, Bloody Bone Tool Rod
tconstruct:tool_rod:0, Copper Tool Rod
tconstruct:tool_rod:0, Bronze Tool Rod
tconstruct:tool_rod:0, Lead Tool Rod
tconstruct:tool_rod:0, Silver Tool Rod
tconstruct:tool_rod:0, Electrum Tool Rod
tconstruct:tool_rod:0, Steel Tool Rod
tconstruct:tool_rod:0, Magical Wooden Tool Rod
tconstruct:tool_rod:0, Evil Infused Tool Rod
tconstruct:tool_rod:0, Enchanted Tool Rod
tconstruct:tool_rod:0, Demonic Tool Rod
tconstruct:tool_rod:0, Prosperity Shard Tool Rod
tconstruct:tool_rod:0, Soulium Tool Rod
tconstruct:tool_rod:0, Base Essence Tool Rod
tconstruct:tool_rod:0, Inferium Tool Rod
tconstruct:tool_rod:0, Prudentium Tool Rod
tconstruct:tool_rod:0, Intermedium Tool Rod
tconstruct:tool_rod:0, Superium Tool Rod
tconstruct:tool_rod:0, Supremium Tool Rod
tconstruct:tool_rod:0, Boron Tool Rod
tconstruct:tool_rod:0, Tough Alloy Tool Rod
tconstruct:tool_rod:0, Hard Carbon Tool Rod
tconstruct:tool_rod:0, Boron Nitride Tool Rod
tconstruct:tool_rod:0, Thorium Tool Rod
tconstruct:tool_rod:0, Uranium Tool Rod
tconstruct:tool_rod:0, Magnesium Tool Rod
tconstruct:tool_rod:0, Chocolate Tool Rod
tconstruct:tough_tool_rod:0, Electrical Tough Tool Rod
tconstruct:tough_tool_rod:0, Energetic Tough Tool Rod
tconstruct:tough_tool_rod:0, Vibrant Tough Tool Rod
tconstruct:tough_tool_rod:0, Red Tough Tool Rod
tconstruct:tough_tool_rod:0, Conductive Tough Tool Rod
tconstruct:tough_tool_rod:0, Pulsating Tough Tool Rod
tconstruct:tough_tool_rod:0, Dark Tough Tool Rod
tconstruct:tough_tool_rod:0, Souled Tough Tool Rod
tconstruct:tough_tool_rod:0, Tough Tool Rod of the End
tconstruct:tough_tool_rod:0, Fake-Iron Tough Tool Rod
tconstruct:tough_tool_rod:0, Steeleaf Tough Tool Rod
tconstruct:tough_tool_rod:0, Fiery Tough Tool Rod
tconstruct:tough_tool_rod:0, Knightly Tough Tool Rod
tconstruct:tough_tool_rod:0, Wooden Tough Tool Rod
tconstruct:tough_tool_rod:0, Stone Tough Tool Rod
tconstruct:tough_tool_rod:0, Flint Tough Tool Rod
tconstruct:tough_tool_rod:0, Cactus Tough Tool Rod
tconstruct:tough_tool_rod:0, Bone Tough Tool Rod
tconstruct:tough_tool_rod:0, Obsidian Tough Tool Rod
tconstruct:tough_tool_rod:0, Prismarine Tough Tool Rod
tconstruct:tough_tool_rod:0, End Tough Tool Rod
tconstruct:tough_tool_rod:0, Paper Tough Tool Rod
tconstruct:tough_tool_rod:0, Sponge Tough Tool Rod
tconstruct:tough_tool_rod:0, Firewood Tough Tool Rod
tconstruct:tough_tool_rod:0, Iron Tough Tool Rod
tconstruct:tough_tool_rod:0, Pig Iron Tough Tool Rod
tconstruct:tough_tool_rod:0, Knightslime Tough Tool Rod
tconstruct:tough_tool_rod:0, Slime Tough Tool Rod
tconstruct:tough_tool_rod:0, Slime Tough Tool Rod
tconstruct:tough_tool_rod:0, Magma Slime Tough Tool Rod
tconstruct:tough_tool_rod:0, Aluminum Brass Tough Tool Rod
tconstruct:tough_tool_rod:0, Alumite Tough Tool Rod
tconstruct:tough_tool_rod:0, Netherrack Tough Tool Rod
tconstruct:tough_tool_rod:0, Cobalt Tough Tool Rod
tconstruct:tough_tool_rod:0, Ardite Tough Tool Rod
tconstruct:tough_tool_rod:0, Manyullyn Tough Tool Rod
tconstruct:tough_tool_rod:0, Bloody Bone Tough Tool Rod
tconstruct:tough_tool_rod:0, Copper Tough Tool Rod
tconstruct:tough_tool_rod:0, Bronze Tough Tool Rod
tconstruct:tough_tool_rod:0, Lead Tough Tool Rod
tconstruct:tough_tool_rod:0, Silver Tough Tool Rod
tconstruct:tough_tool_rod:0, Electrum Tough Tool Rod
tconstruct:tough_tool_rod:0, Steel Tough Tool Rod
tconstruct:tough_tool_rod:0, Magical Wooden Tough Tool Rod
tconstruct:tough_tool_rod:0, Evil Infused Tough Tool Rod
tconstruct:tough_tool_rod:0, Enchanted Tough Tool Rod
tconstruct:tough_tool_rod:0, Demonic Tough Tool Rod
tconstruct:tough_tool_rod:0, Prosperity Shard Tough Tool Rod
tconstruct:tough_tool_rod:0, Soulium Tough Tool Rod
tconstruct:tough_tool_rod:0, Base Essence Tough Tool Rod
tconstruct:tough_tool_rod:0, Inferium Tough Tool Rod
tconstruct:tough_tool_rod:0, Prudentium Tough Tool Rod
tconstruct:tough_tool_rod:0, Intermedium Tough Tool Rod
tconstruct:tough_tool_rod:0, Superium Tough Tool Rod
tconstruct:tough_tool_rod:0, Supremium Tough Tool Rod
tconstruct:tough_tool_rod:0, Boron Tough Tool Rod
tconstruct:tough_tool_rod:0, Tough Alloy Tough Tool Rod
tconstruct:tough_tool_rod:0, Hard Carbon Tough Tool Rod
tconstruct:tough_tool_rod:0, Boron Nitride Tough Tool Rod
tconstruct:tough_tool_rod:0, Thorium Tough Tool Rod
tconstruct:tough_tool_rod:0, Uranium Tough Tool Rod
tconstruct:tough_tool_rod:0, Magnesium Tough Tool Rod
tconstruct:tough_tool_rod:0, Chocolate Tough Tool Rod
tconstruct:binding:0, Electrical Binding
tconstruct:binding:0, Energetic Binding
tconstruct:binding:0, Vibrant Binding
tconstruct:binding:0, Red Binding
tconstruct:binding:0, Conductive Binding
tconstruct:binding:0, Pulsating Binding
tconstruct:binding:0, Dark Binding
tconstruct:binding:0, Souled Binding
tconstruct:binding:0, Binding of the End
tconstruct:binding:0, Fake-Iron Binding
tconstruct:binding:0, Steeleaf Binding
tconstruct:binding:0, Fiery Binding
tconstruct:binding:0, Knightly Binding
tconstruct:binding:0, Wooden Binding
tconstruct:binding:0, Stone Binding
tconstruct:binding:0, Flint Binding
tconstruct:binding:0, Cactus Binding
tconstruct:binding:0, Bone Binding
tconstruct:binding:0, Obsidian Binding
tconstruct:binding:0, Prismarine Binding
tconstruct:binding:0, End Binding
tconstruct:binding:0, Paper Binding
tconstruct:binding:0, Sponge Binding
tconstruct:binding:0, Firewood Binding
tconstruct:binding:0, Iron Binding
tconstruct:binding:0, Pig Iron Binding
tconstruct:binding:0, Knightslime Binding
tconstruct:binding:0, Slime Binding
tconstruct:binding:0, Slime Binding
tconstruct:binding:0, Magma Slime Binding
tconstruct:binding:0, Aluminum Brass Binding
tconstruct:binding:0, Alumite Binding
tconstruct:binding:0, Netherrack Binding
tconstruct:binding:0, Cobalt Binding
tconstruct:binding:0, Ardite Binding
tconstruct:binding:0, Manyullyn Binding
tconstruct:binding:0, Bloody Bone Binding
tconstruct:binding:0, Copper Binding
tconstruct:binding:0, Bronze Binding
tconstruct:binding:0, Lead Binding
tconstruct:binding:0, Silver Binding
tconstruct:binding:0, Electrum Binding
tconstruct:binding:0, Steel Binding
tconstruct:binding:0, Magical Wooden Binding
tconstruct:binding:0, Evil Infused Binding
tconstruct:binding:0, Enchanted Binding
tconstruct:binding:0, Demonic Binding
tconstruct:binding:0, Prosperity Shard Binding
tconstruct:binding:0, Soulium Binding
tconstruct:binding:0, Base Essence Binding
tconstruct:binding:0, Inferium Binding
tconstruct:binding:0, Prudentium Binding
tconstruct:binding:0, Intermedium Binding
tconstruct:binding:0, Superium Binding
tconstruct:binding:0, Supremium Binding
tconstruct:binding:0, Boron Binding
tconstruct:binding:0, Tough Alloy Binding
tconstruct:binding:0, Hard Carbon Binding
tconstruct:binding:0, Boron Nitride Binding
tconstruct:binding:0, Thorium Binding
tconstruct:binding:0, Uranium Binding
tconstruct:binding:0, Magnesium Binding
tconstruct:binding:0, Chocolate Binding
tconstruct:tough_binding:0, Electrical Tough Binding
tconstruct:tough_binding:0, Energetic Tough Binding
tconstruct:tough_binding:0, Vibrant Tough Binding
tconstruct:tough_binding:0, Red Tough Binding
tconstruct:tough_binding:0, Conductive Tough Binding
tconstruct:tough_binding:0, Pulsating Tough Binding
tconstruct:tough_binding:0, Dark Tough Binding
tconstruct:tough_binding:0, Souled Tough Binding
tconstruct:tough_binding:0, Tough Binding of the End
tconstruct:tough_binding:0, Fake-Iron Tough Binding
tconstruct:tough_binding:0, Steeleaf Tough Binding
tconstruct:tough_binding:0, Fiery Tough Binding
tconstruct:tough_binding:0, Knightly Tough Binding
tconstruct:tough_binding:0, Wooden Tough Binding
tconstruct:tough_binding:0, Stone Tough Binding
tconstruct:tough_binding:0, Flint Tough Binding
tconstruct:tough_binding:0, Cactus Tough Binding
tconstruct:tough_binding:0, Bone Tough Binding
tconstruct:tough_binding:0, Obsidian Tough Binding
tconstruct:tough_binding:0, Prismarine Tough Binding
tconstruct:tough_binding:0, End Tough Binding
tconstruct:tough_binding:0, Paper Tough Binding
tconstruct:tough_binding:0, Sponge Tough Binding
tconstruct:tough_binding:0, Firewood Tough Binding
tconstruct:tough_binding:0, Iron Tough Binding
tconstruct:tough_binding:0, Pig Iron Tough Binding
tconstruct:tough_binding:0, Knightslime Tough Binding
tconstruct:tough_binding:0, Slime Tough Binding
tconstruct:tough_binding:0, Slime Tough Binding
tconstruct:tough_binding:0, Magma Slime Tough Binding
tconstruct:tough_binding:0, Aluminum Brass Tough Binding
tconstruct:tough_binding:0, Alumite Tough Binding
tconstruct:tough_binding:0, Netherrack Tough Binding
tconstruct:tough_binding:0, Cobalt Tough Binding
tconstruct:tough_binding:0, Ardite Tough Binding
tconstruct:tough_binding:0, Manyullyn Tough Binding
tconstruct:tough_binding:0, Bloody Bone Tough Binding
tconstruct:tough_binding:0, Copper Tough Binding
tconstruct:tough_binding:0, Bronze Tough Binding
tconstruct:tough_binding:0, Lead Tough Binding
tconstruct:tough_binding:0, Silver Tough Binding
tconstruct:tough_binding:0, Electrum Tough Binding
tconstruct:tough_binding:0, Steel Tough Binding
tconstruct:tough_binding:0, Magical Wooden Tough Binding
tconstruct:tough_binding:0, Evil Infused Tough Binding
tconstruct:tough_binding:0, Enchanted Tough Binding
tconstruct:tough_binding:0, Demonic Tough Binding
tconstruct:tough_binding:0, Prosperity Shard Tough Binding
tconstruct:tough_binding:0, Soulium Tough Binding
tconstruct:tough_binding:0, Base Essence Tough Binding
tconstruct:tough_binding:0, Inferium Tough Binding
tconstruct:tough_binding:0, Prudentium Tough Binding
tconstruct:tough_binding:0, Intermedium Tough Binding
tconstruct:tough_binding:0, Superium Tough Binding
tconstruct:tough_binding:0, Supremium Tough Binding
tconstruct:tough_binding:0, Boron Tough Binding
tconstruct:tough_binding:0, Tough Alloy Tough Binding
tconstruct:tough_binding:0, Hard Carbon Tough Binding
tconstruct:tough_binding:0, Boron Nitride Tough Binding
tconstruct:tough_binding:0, Thorium Tough Binding
tconstruct:tough_binding:0, Uranium Tough Binding
tconstruct:tough_binding:0, Magnesium Tough Binding
tconstruct:tough_binding:0, Chocolate Tough Binding
tconstruct:wide_guard:0, Electrical Wide Guard
tconstruct:wide_guard:0, Energetic Wide Guard
tconstruct:wide_guard:0, Vibrant Wide Guard
tconstruct:wide_guard:0, Red Wide Guard
tconstruct:wide_guard:0, Conductive Wide Guard
tconstruct:wide_guard:0, Pulsating Wide Guard
tconstruct:wide_guard:0, Dark Wide Guard
tconstruct:wide_guard:0, Souled Wide Guard
tconstruct:wide_guard:0, Wide Guard of the End
tconstruct:wide_guard:0, Fake-Iron Wide Guard
tconstruct:wide_guard:0, Steeleaf Wide Guard
tconstruct:wide_guard:0, Fiery Wide Guard
tconstruct:wide_guard:0, Knightly Wide Guard
tconstruct:wide_guard:0, Wooden Wide Guard
tconstruct:wide_guard:0, Stone Wide Guard
tconstruct:wide_guard:0, Flint Wide Guard
tconstruct:wide_guard:0, Cactus Wide Guard
tconstruct:wide_guard:0, Bone Wide Guard
tconstruct:wide_guard:0, Obsidian Wide Guard
tconstruct:wide_guard:0, Prismarine Wide Guard
tconstruct:wide_guard:0, End Wide Guard
tconstruct:wide_guard:0, Paper Wide Guard
tconstruct:wide_guard:0, Sponge Wide Guard
tconstruct:wide_guard:0, Firewood Wide Guard
tconstruct:wide_guard:0, Iron Wide Guard
tconstruct:wide_guard:0, Pig Iron Wide Guard
tconstruct:wide_guard:0, Knightslime Wide Guard
tconstruct:wide_guard:0, Slime Wide Guard
tconstruct:wide_guard:0, Slime Wide Guard
tconstruct:wide_guard:0, Magma Slime Wide Guard
tconstruct:wide_guard:0, Aluminum Brass Wide Guard
tconstruct:wide_guard:0, Alumite Wide Guard
tconstruct:wide_guard:0, Netherrack Wide Guard
tconstruct:wide_guard:0, Cobalt Wide Guard
tconstruct:wide_guard:0, Ardite Wide Guard
tconstruct:wide_guard:0, Manyullyn Wide Guard
tconstruct:wide_guard:0, Bloody Bone Wide Guard
tconstruct:wide_guard:0, Copper Wide Guard
tconstruct:wide_guard:0, Bronze Wide Guard
tconstruct:wide_guard:0, Lead Wide Guard
tconstruct:wide_guard:0, Silver Wide Guard
tconstruct:wide_guard:0, Electrum Wide Guard
tconstruct:wide_guard:0, Steel Wide Guard
tconstruct:wide_guard:0, Magical Wooden Wide Guard
tconstruct:wide_guard:0, Evil Infused Wide Guard
tconstruct:wide_guard:0, Enchanted Wide Guard
tconstruct:wide_guard:0, Demonic Wide Guard
tconstruct:wide_guard:0, Prosperity Shard Wide Guard
tconstruct:wide_guard:0, Soulium Wide Guard
tconstruct:wide_guard:0, Base Essence Wide Guard
tconstruct:wide_guard:0, Inferium Wide Guard
tconstruct:wide_guard:0, Prudentium Wide Guard
tconstruct:wide_guard:0, Intermedium Wide Guard
tconstruct:wide_guard:0, Superium Wide Guard
tconstruct:wide_guard:0, Supremium Wide Guard
tconstruct:wide_guard:0, Boron Wide Guard
tconstruct:wide_guard:0, Tough Alloy Wide Guard
tconstruct:wide_guard:0, Hard Carbon Wide Guard
tconstruct:wide_guard:0, Boron Nitride Wide Guard
tconstruct:wide_guard:0, Thorium Wide Guard
tconstruct:wide_guard:0, Uranium Wide Guard
tconstruct:wide_guard:0, Magnesium Wide Guard
tconstruct:wide_guard:0, Chocolate Wide Guard
tconstruct:hand_guard:0, Electrical Hand Guard
tconstruct:hand_guard:0, Energetic Hand Guard
tconstruct:hand_guard:0, Vibrant Hand Guard
tconstruct:hand_guard:0, Red Hand Guard
tconstruct:hand_guard:0, Conductive Hand Guard
tconstruct:hand_guard:0, Pulsating Hand Guard
tconstruct:hand_guard:0, Dark Hand Guard
tconstruct:hand_guard:0, Souled Hand Guard
tconstruct:hand_guard:0, Hand Guard of the End
tconstruct:hand_guard:0, Fake-Iron Hand Guard
tconstruct:hand_guard:0, Steeleaf Hand Guard
tconstruct:hand_guard:0, Fiery Hand Guard
tconstruct:hand_guard:0, Knightly Hand Guard
tconstruct:hand_guard:0, Wooden Hand Guard
tconstruct:hand_guard:0, Stone Hand Guard
tconstruct:hand_guard:0, Flint Hand Guard
tconstruct:hand_guard:0, Cactus Hand Guard
tconstruct:hand_guard:0, Bone Hand Guard
tconstruct:hand_guard:0, Obsidian Hand Guard
tconstruct:hand_guard:0, Prismarine Hand Guard
tconstruct:hand_guard:0, End Hand Guard
tconstruct:hand_guard:0, Paper Hand Guard
tconstruct:hand_guard:0, Sponge Hand Guard
tconstruct:hand_guard:0, Firewood Hand Guard
tconstruct:hand_guard:0, Iron Hand Guard
tconstruct:hand_guard:0, Pig Iron Hand Guard
tconstruct:hand_guard:0, Knightslime Hand Guard
tconstruct:hand_guard:0, Slime Hand Guard
tconstruct:hand_guard:0, Slime Hand Guard
tconstruct:hand_guard:0, Magma Slime Hand Guard
tconstruct:hand_guard:0, Aluminum Brass Hand Guard
tconstruct:hand_guard:0, Alumite Hand Guard
tconstruct:hand_guard:0, Netherrack Hand Guard
tconstruct:hand_guard:0, Cobalt Hand Guard
tconstruct:hand_guard:0, Ardite Hand Guard
tconstruct:hand_guard:0, Manyullyn Hand Guard
tconstruct:hand_guard:0, Bloody Bone Hand Guard
tconstruct:hand_guard:0, Copper Hand Guard
tconstruct:hand_guard:0, Bronze Hand Guard
tconstruct:hand_guard:0, Lead Hand Guard
tconstruct:hand_guard:0, Silver Hand Guard
tconstruct:hand_guard:0, Electrum Hand Guard
tconstruct:hand_guard:0, Steel Hand Guard
tconstruct:hand_guard:0, Magical Wooden Hand Guard
tconstruct:hand_guard:0, Evil Infused Hand Guard
tconstruct:hand_guard:0, Enchanted Hand Guard
tconstruct:hand_guard:0, Demonic Hand Guard
tconstruct:hand_guard:0, Prosperity Shard Hand Guard
tconstruct:hand_guard:0, Soulium Hand Guard
tconstruct:hand_guard:0, Base Essence Hand Guard
tconstruct:hand_guard:0, Inferium Hand Guard
tconstruct:hand_guard:0, Prudentium Hand Guard
tconstruct:hand_guard:0, Intermedium Hand Guard
tconstruct:hand_guard:0, Superium Hand Guard
tconstruct:hand_guard:0, Supremium Hand Guard
tconstruct:hand_guard:0, Boron Hand Guard
tconstruct:hand_guard:0, Tough Alloy Hand Guard
tconstruct:hand_guard:0, Hard Carbon Hand Guard
tconstruct:hand_guard:0, Boron Nitride Hand Guard
tconstruct:hand_guard:0, Thorium Hand Guard
tconstruct:hand_guard:0, Uranium Hand Guard
tconstruct:hand_guard:0, Magnesium Hand Guard
tconstruct:hand_guard:0, Chocolate Hand Guard
tconstruct:cross_guard:0, Electrical Cross Guard
tconstruct:cross_guard:0, Energetic Cross Guard
tconstruct:cross_guard:0, Vibrant Cross Guard
tconstruct:cross_guard:0, Red Cross Guard
tconstruct:cross_guard:0, Conductive Cross Guard
tconstruct:cross_guard:0, Pulsating Cross Guard
tconstruct:cross_guard:0, Dark Cross Guard
tconstruct:cross_guard:0, Souled Cross Guard
tconstruct:cross_guard:0, Cross Guard of the End
tconstruct:cross_guard:0, Fake-Iron Cross Guard
tconstruct:cross_guard:0, Steeleaf Cross Guard
tconstruct:cross_guard:0, Fiery Cross Guard
tconstruct:cross_guard:0, Knightly Cross Guard
tconstruct:cross_guard:0, Wooden Cross Guard
tconstruct:cross_guard:0, Stone Cross Guard
tconstruct:cross_guard:0, Flint Cross Guard
tconstruct:cross_guard:0, Cactus Cross Guard
tconstruct:cross_guard:0, Bone Cross Guard
tconstruct:cross_guard:0, Obsidian Cross Guard
tconstruct:cross_guard:0, Prismarine Cross Guard
tconstruct:cross_guard:0, End Cross Guard
tconstruct:cross_guard:0, Paper Cross Guard
tconstruct:cross_guard:0, Sponge Cross Guard
tconstruct:cross_guard:0, Firewood Cross Guard
tconstruct:cross_guard:0, Iron Cross Guard
tconstruct:cross_guard:0, Pig Iron Cross Guard
tconstruct:cross_guard:0, Knightslime Cross Guard
tconstruct:cross_guard:0, Slime Cross Guard
tconstruct:cross_guard:0, Slime Cross Guard
tconstruct:cross_guard:0, Magma Slime Cross Guard
tconstruct:cross_guard:0, Aluminum Brass Cross Guard
tconstruct:cross_guard:0, Alumite Cross Guard
tconstruct:cross_guard:0, Netherrack Cross Guard
tconstruct:cross_guard:0, Cobalt Cross Guard
tconstruct:cross_guard:0, Ardite Cross Guard
tconstruct:cross_guard:0, Manyullyn Cross Guard
tconstruct:cross_guard:0, Bloody Bone Cross Guard
tconstruct:cross_guard:0, Copper Cross Guard
tconstruct:cross_guard:0, Bronze Cross Guard
tconstruct:cross_guard:0, Lead Cross Guard
tconstruct:cross_guard:0, Silver Cross Guard
tconstruct:cross_guard:0, Electrum Cross Guard
tconstruct:cross_guard:0, Steel Cross Guard
tconstruct:cross_guard:0, Magical Wooden Cross Guard
tconstruct:cross_guard:0, Evil Infused Cross Guard
tconstruct:cross_guard:0, Enchanted Cross Guard
tconstruct:cross_guard:0, Demonic Cross Guard
tconstruct:cross_guard:0, Prosperity Shard Cross Guard
tconstruct:cross_guard:0, Soulium Cross Guard
tconstruct:cross_guard:0, Base Essence Cross Guard
tconstruct:cross_guard:0, Inferium Cross Guard
tconstruct:cross_guard:0, Prudentium Cross Guard
tconstruct:cross_guard:0, Intermedium Cross Guard
tconstruct:cross_guard:0, Superium Cross Guard
tconstruct:cross_guard:0, Supremium Cross Guard
tconstruct:cross_guard:0, Boron Cross Guard
tconstruct:cross_guard:0, Tough Alloy Cross Guard
tconstruct:cross_guard:0, Hard Carbon Cross Guard
tconstruct:cross_guard:0, Boron Nitride Cross Guard
tconstruct:cross_guard:0, Thorium Cross Guard
tconstruct:cross_guard:0, Uranium Cross Guard
tconstruct:cross_guard:0, Magnesium Cross Guard
tconstruct:cross_guard:0, Chocolate Cross Guard
tconstruct:large_plate:0, Electrical Large Plate
tconstruct:large_plate:0, Energetic Large Plate
tconstruct:large_plate:0, Vibrant Large Plate
tconstruct:large_plate:0, Red Large Plate
tconstruct:large_plate:0, Conductive Large Plate
tconstruct:large_plate:0, Pulsating Large Plate
tconstruct:large_plate:0, Dark Large Plate
tconstruct:large_plate:0, Souled Large Plate
tconstruct:large_plate:0, Large Plate of the End
tconstruct:large_plate:0, Fake-Iron Large Plate
tconstruct:large_plate:0, Naga Scale Large Plate
tconstruct:large_plate:0, Steeleaf Large Plate
tconstruct:large_plate:0, Fiery Large Plate
tconstruct:large_plate:0, Knightly Large Plate
tconstruct:large_plate:0, Wooden Large Plate
tconstruct:large_plate:0, Stone Large Plate
tconstruct:large_plate:0, Flint Large Plate
tconstruct:large_plate:0, Cactus Large Plate
tconstruct:large_plate:0, Bone Large Plate
tconstruct:large_plate:0, Obsidian Large Plate
tconstruct:large_plate:0, Prismarine Large Plate
tconstruct:large_plate:0, End Large Plate
tconstruct:large_plate:0, Paper Large Plate
tconstruct:large_plate:0, Sponge Large Plate
tconstruct:large_plate:0, Firewood Large Plate
tconstruct:large_plate:0, Iron Large Plate
tconstruct:large_plate:0, Pig Iron Large Plate
tconstruct:large_plate:0, Knightslime Large Plate
tconstruct:large_plate:0, Slime Large Plate
tconstruct:large_plate:0, Slime Large Plate
tconstruct:large_plate:0, Magma Slime Large Plate
tconstruct:large_plate:0, Aluminum Brass Large Plate
tconstruct:large_plate:0, Alumite Large Plate
tconstruct:large_plate:0, Netherrack Large Plate
tconstruct:large_plate:0, Cobalt Large Plate
tconstruct:large_plate:0, Ardite Large Plate
tconstruct:large_plate:0, Manyullyn Large Plate
tconstruct:large_plate:0, Bloody Bone Large Plate
tconstruct:large_plate:0, Copper Large Plate
tconstruct:large_plate:0, Bronze Large Plate
tconstruct:large_plate:0, Lead Large Plate
tconstruct:large_plate:0, Silver Large Plate
tconstruct:large_plate:0, Electrum Large Plate
tconstruct:large_plate:0, Steel Large Plate
tconstruct:large_plate:0, Magical Wooden Large Plate
tconstruct:large_plate:0, Evil Infused Large Plate
tconstruct:large_plate:0, Enchanted Large Plate
tconstruct:large_plate:0, Demonic Large Plate
tconstruct:large_plate:0, Prosperity Shard Large Plate
tconstruct:large_plate:0, Soulium Large Plate
tconstruct:large_plate:0, Base Essence Large Plate
tconstruct:large_plate:0, Inferium Large Plate
tconstruct:large_plate:0, Prudentium Large Plate
tconstruct:large_plate:0, Intermedium Large Plate
tconstruct:large_plate:0, Superium Large Plate
tconstruct:large_plate:0, Supremium Large Plate
tconstruct:large_plate:0, Boron Large Plate
tconstruct:large_plate:0, Tough Alloy Large Plate
tconstruct:large_plate:0, Hard Carbon Large Plate
tconstruct:large_plate:0, Boron Nitride Large Plate
tconstruct:large_plate:0, Thorium Large Plate
tconstruct:large_plate:0, Uranium Large Plate
tconstruct:large_plate:0, Magnesium Large Plate
tconstruct:large_plate:0, Chocolate Large Plate
tconstruct:knife_blade:0, Electrical Knife Blade
tconstruct:knife_blade:0, Energetic Knife Blade
tconstruct:knife_blade:0, Vibrant Knife Blade
tconstruct:knife_blade:0, Red Knife Blade
tconstruct:knife_blade:0, Conductive Knife Blade
tconstruct:knife_blade:0, Pulsating Knife Blade
tconstruct:knife_blade:0, Dark Knife Blade
tconstruct:knife_blade:0, Souled Knife Blade
tconstruct:knife_blade:0, Knife Blade of the End
tconstruct:knife_blade:0, Fake-Iron Knife Blade
tconstruct:knife_blade:0, Steeleaf Knife Blade
tconstruct:knife_blade:0, Fiery Knife Blade
tconstruct:knife_blade:0, Knightly Knife Blade
tconstruct:knife_blade:0, Wooden Knife Blade
tconstruct:knife_blade:0, Stone Knife Blade
tconstruct:knife_blade:0, Flint Knife Blade
tconstruct:knife_blade:0, Cactus Knife Blade
tconstruct:knife_blade:0, Bone Knife Blade
tconstruct:knife_blade:0, Obsidian Knife Blade
tconstruct:knife_blade:0, Prismarine Knife Blade
tconstruct:knife_blade:0, End Knife Blade
tconstruct:knife_blade:0, Paper Knife Blade
tconstruct:knife_blade:0, Sponge Knife Blade
tconstruct:knife_blade:0, Firewood Knife Blade
tconstruct:knife_blade:0, Iron Knife Blade
tconstruct:knife_blade:0, Pig Iron Knife Blade
tconstruct:knife_blade:0, Knightslime Knife Blade
tconstruct:knife_blade:0, Slime Knife Blade
tconstruct:knife_blade:0, Slime Knife Blade
tconstruct:knife_blade:0, Magma Slime Knife Blade
tconstruct:knife_blade:0, Aluminum Brass Knife Blade
tconstruct:knife_blade:0, Alumite Knife Blade
tconstruct:knife_blade:0, Netherrack Knife Blade
tconstruct:knife_blade:0, Cobalt Knife Blade
tconstruct:knife_blade:0, Ardite Knife Blade
tconstruct:knife_blade:0, Manyullyn Knife Blade
tconstruct:knife_blade:0, Bloody Bone Knife Blade
tconstruct:knife_blade:0, Copper Knife Blade
tconstruct:knife_blade:0, Bronze Knife Blade
tconstruct:knife_blade:0, Lead Knife Blade
tconstruct:knife_blade:0, Silver Knife Blade
tconstruct:knife_blade:0, Electrum Knife Blade
tconstruct:knife_blade:0, Steel Knife Blade
tconstruct:knife_blade:0, Magical Wooden Knife Blade
tconstruct:knife_blade:0, Evil Infused Knife Blade
tconstruct:knife_blade:0, Enchanted Knife Blade
tconstruct:knife_blade:0, Demonic Knife Blade
tconstruct:knife_blade:0, Prosperity Shard Knife Blade
tconstruct:knife_blade:0, Soulium Knife Blade
tconstruct:knife_blade:0, Base Essence Knife Blade
tconstruct:knife_blade:0, Inferium Knife Blade
tconstruct:knife_blade:0, Prudentium Knife Blade
tconstruct:knife_blade:0, Intermedium Knife Blade
tconstruct:knife_blade:0, Superium Knife Blade
tconstruct:knife_blade:0, Supremium Knife Blade
tconstruct:knife_blade:0, Boron Knife Blade
tconstruct:knife_blade:0, Tough Alloy Knife Blade
tconstruct:knife_blade:0, Hard Carbon Knife Blade
tconstruct:knife_blade:0, Boron Nitride Knife Blade
tconstruct:knife_blade:0, Thorium Knife Blade
tconstruct:knife_blade:0, Uranium Knife Blade
tconstruct:knife_blade:0, Magnesium Knife Blade
tconstruct:knife_blade:0, Chocolate Knife Blade
tconstruct:bow_limb:0, Electrical Bowlimb
tconstruct:bow_limb:0, Energetic Bowlimb
tconstruct:bow_limb:0, Vibrant Bowlimb
tconstruct:bow_limb:0, Red Bowlimb
tconstruct:bow_limb:0, Conductive Bowlimb
tconstruct:bow_limb:0, Pulsating Bowlimb
tconstruct:bow_limb:0, Dark Bowlimb
tconstruct:bow_limb:0, Souled Bowlimb
tconstruct:bow_limb:0, Bowlimb of the End
tconstruct:bow_limb:0, Fake-Iron Bowlimb
tconstruct:bow_limb:0, Naga Scale Bowlimb
tconstruct:bow_limb:0, Steeleaf Bowlimb
tconstruct:bow_limb:0, Fiery Bowlimb
tconstruct:bow_limb:0, Wooden Bowlimb
tconstruct:bow_limb:0, Stone Bowlimb
tconstruct:bow_limb:0, Flint Bowlimb
tconstruct:bow_limb:0, Cactus Bowlimb
tconstruct:bow_limb:0, Bone Bowlimb
tconstruct:bow_limb:0, Obsidian Bowlimb
tconstruct:bow_limb:0, Prismarine Bowlimb
tconstruct:bow_limb:0, End Bowlimb
tconstruct:bow_limb:0, Paper Bowlimb
tconstruct:bow_limb:0, Sponge Bowlimb
tconstruct:bow_limb:0, Firewood Bowlimb
tconstruct:bow_limb:0, Iron Bowlimb
tconstruct:bow_limb:0, Pig Iron Bowlimb
tconstruct:bow_limb:0, Knightslime Bowlimb
tconstruct:bow_limb:0, Slime Bowlimb
tconstruct:bow_limb:0, Slime Bowlimb
tconstruct:bow_limb:0, Magma Slime Bowlimb
tconstruct:bow_limb:0, Aluminum Brass Bowlimb
tconstruct:bow_limb:0, Alumite Bowlimb
tconstruct:bow_limb:0, Netherrack Bowlimb
tconstruct:bow_limb:0, Cobalt Bowlimb
tconstruct:bow_limb:0, Ardite Bowlimb
tconstruct:bow_limb:0, Manyullyn Bowlimb
tconstruct:bow_limb:0, Bloody Bone Bowlimb
tconstruct:bow_limb:0, Copper Bowlimb
tconstruct:bow_limb:0, Bronze Bowlimb
tconstruct:bow_limb:0, Lead Bowlimb
tconstruct:bow_limb:0, Silver Bowlimb
tconstruct:bow_limb:0, Electrum Bowlimb
tconstruct:bow_limb:0, Steel Bowlimb
tconstruct:bow_limb:0, Magical Wooden Bowlimb
tconstruct:bow_limb:0, Demonic Bowlimb
tconstruct:bow_limb:0, Prosperity Shard Bowlimb
tconstruct:bow_limb:0, Soulium Bowlimb
tconstruct:bow_limb:0, Base Essence Bowlimb
tconstruct:bow_limb:0, Inferium Bowlimb
tconstruct:bow_limb:0, Prudentium Bowlimb
tconstruct:bow_limb:0, Intermedium Bowlimb
tconstruct:bow_limb:0, Superium Bowlimb
tconstruct:bow_limb:0, Supremium Bowlimb
tconstruct:bow_limb:0, Boron Bowlimb
tconstruct:bow_limb:0, Tough Alloy Bowlimb
tconstruct:bow_limb:0, Hard Carbon Bowlimb
tconstruct:bow_limb:0, Boron Nitride Bowlimb
tconstruct:bow_limb:0, Thorium Bowlimb
tconstruct:bow_limb:0, Uranium Bowlimb
tconstruct:bow_limb:0, Magnesium Bowlimb
tconstruct:bow_limb:0, Chocolate Bowlimb
tconstruct:bow_string:0, Souled Bowstring
tconstruct:bow_string:0, String Bowstring
tconstruct:bow_string:0, Blue Slimevine Bowstring
tconstruct:bow_string:0, Purple Slimevine Bowstring
tconstruct:bow_string:0, Vines Bowstring
tconstruct:arrow_head:0, Electrical Arrow Head
tconstruct:arrow_head:0, Energetic Arrow Head
tconstruct:arrow_head:0, Vibrant Arrow Head
tconstruct:arrow_head:0, Red Arrow Head
tconstruct:arrow_head:0, Conductive Arrow Head
tconstruct:arrow_head:0, Pulsating Arrow Head
tconstruct:arrow_head:0, Dark Arrow Head
tconstruct:arrow_head:0, Souled Arrow Head
tconstruct:arrow_head:0, Arrow Head of the End
tconstruct:arrow_head:0, Fake-Iron Arrow Head
tconstruct:arrow_head:0, Naga Scale Arrow Head
tconstruct:arrow_head:0, Steeleaf Arrow Head
tconstruct:arrow_head:0, Fiery Arrow Head
tconstruct:arrow_head:0, Knightly Arrow Head
tconstruct:arrow_head:0, Wooden Arrow Head
tconstruct:arrow_head:0, Stone Arrow Head
tconstruct:arrow_head:0, Flint Arrow Head
tconstruct:arrow_head:0, Cactus Arrow Head
tconstruct:arrow_head:0, Bone Arrow Head
tconstruct:arrow_head:0, Obsidian Arrow Head
tconstruct:arrow_head:0, Prismarine Arrow Head
tconstruct:arrow_head:0, End Arrow Head
tconstruct:arrow_head:0, Paper Arrow Head
tconstruct:arrow_head:0, Sponge Arrow Head
tconstruct:arrow_head:0, Firewood Arrow Head
tconstruct:arrow_head:0, Iron Arrow Head
tconstruct:arrow_head:0, Pig Iron Arrow Head
tconstruct:arrow_head:0, Knightslime Arrow Head
tconstruct:arrow_head:0, Slime Arrow Head
tconstruct:arrow_head:0, Slime Arrow Head
tconstruct:arrow_head:0, Magma Slime Arrow Head
tconstruct:arrow_head:0, Aluminum Brass Arrow Head
tconstruct:arrow_head:0, Alumite Arrow Head
tconstruct:arrow_head:0, Netherrack Arrow Head
tconstruct:arrow_head:0, Cobalt Arrow Head
tconstruct:arrow_head:0, Ardite Arrow Head
tconstruct:arrow_head:0, Manyullyn Arrow Head
tconstruct:arrow_head:0, Bloody Bone Arrow Head
tconstruct:arrow_head:0, Copper Arrow Head
tconstruct:arrow_head:0, Bronze Arrow Head
tconstruct:arrow_head:0, Lead Arrow Head
tconstruct:arrow_head:0, Silver Arrow Head
tconstruct:arrow_head:0, Electrum Arrow Head
tconstruct:arrow_head:0, Steel Arrow Head
tconstruct:arrow_head:0, Magical Wooden Arrow Head
tconstruct:arrow_head:0, Evil Infused Arrow Head
tconstruct:arrow_head:0, Enchanted Arrow Head
tconstruct:arrow_head:0, Demonic Arrow Head
tconstruct:arrow_head:0, Prosperity Shard Arrow Head
tconstruct:arrow_head:0, Soulium Arrow Head
tconstruct:arrow_head:0, Base Essence Arrow Head
tconstruct:arrow_head:0, Inferium Arrow Head
tconstruct:arrow_head:0, Prudentium Arrow Head
tconstruct:arrow_head:0, Intermedium Arrow Head
tconstruct:arrow_head:0, Superium Arrow Head
tconstruct:arrow_head:0, Supremium Arrow Head
tconstruct:arrow_head:0, Boron Arrow Head
tconstruct:arrow_head:0, Tough Alloy Arrow Head
tconstruct:arrow_head:0, Hard Carbon Arrow Head
tconstruct:arrow_head:0, Boron Nitride Arrow Head
tconstruct:arrow_head:0, Thorium Arrow Head
tconstruct:arrow_head:0, Uranium Arrow Head
tconstruct:arrow_head:0, Magnesium Arrow Head
tconstruct:arrow_head:0, Chocolate Arrow Head
tconstruct:arrow_shaft:0, Naga Scale Arrow Shaft
tconstruct:arrow_shaft:0, Steeleaf Arrow Shaft
tconstruct:arrow_shaft:0, Fiery Arrow Shaft
tconstruct:arrow_shaft:0, Wooden Arrow Shaft
tconstruct:arrow_shaft:0, Bone Arrow Shaft
tconstruct:arrow_shaft:0, Blazerod Arrow Shaft
tconstruct:arrow_shaft:0, Reeds Arrow Shaft
tconstruct:arrow_shaft:0, Ice Arrow Shaft
tconstruct:arrow_shaft:0, Endrod Arrow Shaft
tconstruct:fletching:0, Steeleaf Fletching
tconstruct:fletching:0, Raven Feather Fletching
tconstruct:fletching:0, Feather Fletching
tconstruct:fletching:0, Blue Slimeleaf Fletching
tconstruct:fletching:0, Magma Slimeleaf Fletching
tconstruct:fletching:0, Purple Slimeleaf Fletching
tconstruct:fletching:0, Leaf Fletching
tconstruct:bolt_core:0, Naga Scale-Iron Bolt Core
tconstruct:bolt_core:0, Steeleaf-Iron Bolt Core
tconstruct:bolt_core:0, Fiery-Iron Bolt Core
tconstruct:bolt_core:0, Wood-Iron Bolt Core
tconstruct:bolt_core:0, Bone-Iron Bolt Core
tconstruct:bolt_core:0, Blazerod-Iron Bolt Core
tconstruct:bolt_core:0, Reeds-Iron Bolt Core
tconstruct:bolt_core:0, Ice-Iron Bolt Core
tconstruct:bolt_core:0, Endrod-Iron Bolt Core
tconstruct:tooltables:0, Crafting Station
tconstruct:tooltables:1, Stencil Table
tconstruct:tooltables:1, Stencil Table
tconstruct:tooltables:1, Stencil Table
tconstruct:tooltables:1, Stencil Table
tconstruct:tooltables:1, Stencil Table
tconstruct:tooltables:1, Stencil Table
tconstruct:tooltables:1, Stencil Table
tconstruct:tooltables:1, Stencil Table
tconstruct:tooltables:1, Stencil Table
tconstruct:tooltables:1, Stencil Table
tconstruct:tooltables:1, Stencil Table
tconstruct:tooltables:1, Stencil Table
tconstruct:tooltables:1, Stencil Table
tconstruct:tooltables:1, Stencil Table
tconstruct:tooltables:1, Stencil Table
tconstruct:tooltables:1, Stencil Table
tconstruct:tooltables:1, Stencil Table
tconstruct:tooltables:1, Stencil Table
tconstruct:tooltables:1, Stencil Table
tconstruct:tooltables:1, Stencil Table
tconstruct:tooltables:1, Stencil Table
tconstruct:tooltables:1, Stencil Table
tconstruct:tooltables:1, Stencil Table
tconstruct:tooltables:1, Stencil Table
tconstruct:tooltables:4, Pattern Chest
tconstruct:tooltables:2, Part Builder
tconstruct:tooltables:2, Part Builder
tconstruct:tooltables:2, Part Builder
tconstruct:tooltables:2, Part Builder
tconstruct:tooltables:2, Part Builder
tconstruct:tooltables:2, Part Builder
tconstruct:tooltables:2, Part Builder
tconstruct:tooltables:2, Part Builder
tconstruct:tooltables:2, Part Builder
tconstruct:tooltables:2, Part Builder
tconstruct:tooltables:2, Part Builder
tconstruct:tooltables:2, Part Builder
tconstruct:tooltables:2, Part Builder
tconstruct:tooltables:2, Part Builder
tconstruct:tooltables:2, Part Builder
tconstruct:tooltables:2, Part Builder
tconstruct:tooltables:2, Part Builder
tconstruct:tooltables:2, Part Builder
tconstruct:tooltables:5, Part Chest
tconstruct:tooltables:3, Tool Station
tconstruct:toolforge:0, Tool Forge
tconstruct:toolforge:0, Tool Forge
tconstruct:toolforge:0, Tool Forge
tconstruct:toolforge:0, Tool Forge
tconstruct:toolforge:0, Tool Forge
tconstruct:toolforge:0, Tool Forge
tconstruct:toolforge:0, Tool Forge
tconstruct:toolforge:0, Tool Forge
tconstruct:toolforge:0, Tool Forge
tconstruct:toolforge:0, Tool Forge
tconstruct:toolforge:0, Tool Forge
tconstruct:toolforge:0, Tool Forge
tconstruct:toolforge:0, Tool Forge
tconstruct:toolforge:0, Tool Forge
tconstruct:toolforge:0, Tool Forge
tconstruct:toolforge:0, Tool Forge
tconstruct:toolforge:0, Tool Forge
tconstruct:toolforge:0, Tool Forge
tconstruct:toolforge:0, Tool Forge
tconstruct:toolforge:0, Tool Forge
tconstruct:toolforge:0, Tool Forge
tconstruct:toolforge:0, Tool Forge
tconstruct:toolforge:0, Tool Forge
tconstruct:toolforge:0, Tool Forge
tconstruct:toolforge:0, Tool Forge
tconstruct:toolforge:0, Tool Forge
tconstruct:toolforge:0, Tool Forge
tconstruct:toolforge:0, Tool Forge
tconstruct:toolforge:0, Tool Forge
tconstruct:toolforge:0, Tool Forge
tconstruct:toolforge:0, Tool Forge
tconstruct:toolforge:0, Tool Forge
tconstruct:toolforge:0, Tool Forge
tconstruct:toolforge:0, Tool Forge
tconstruct:toolforge:0, Tool Forge
tconstruct:toolforge:0, Tool Forge
tconstruct:toolforge:0, Tool Forge
tconstruct:toolforge:0, Tool Forge
tconstruct:toolforge:0, Tool Forge
tconstruct:toolforge:0, Tool Forge
tconstruct:toolforge:0, Tool Forge
tconstruct:toolforge:0, Tool Forge
tconstruct:toolforge:0, Tool Forge
tconstruct:toolforge:0, Tool Forge
tconstruct:toolforge:0, Tool Forge
tconstruct:toolforge:0, Tool Forge
tconstruct:toolforge:0, Tool Forge
tconstruct:toolforge:0, Tool Forge
tconstruct:toolforge:0, Tool Forge
tconstruct:toolforge:0, Tool Forge
tconstruct:toolforge:0, Tool Forge
tconstruct:toolforge:0, Tool Forge
tconstruct:pickaxe, Pickaxe
tconstruct:shovel, Shovel
tconstruct:hatchet, Hatchet
tconstruct:mattock, Mattock
tconstruct:kama, Kama
tconstruct:hammer, Hammer
tconstruct:excavator, Excavator
tconstruct:lumberaxe, Lumberaxe
tconstruct:scythe, Scythe
tconstruct:broadsword, Broadsword
tconstruct:longsword, Longsword
tconstruct:rapier, Rapier
tconstruct:frypan, Frypan
tconstruct:battlesign, Battlesign
tconstruct:cleaver, Cleaver
tconstruct:shortbow, Shortbow
tconstruct:longbow, Longbow
tconstruct:crossbow, Crossbow
tconstruct:arrow, Arrow
tconstruct:bolt, Bolt
tconstruct:shuriken, Shuriken
tconstruct:seared:0, Seared Stone
tconstruct:seared:1, Seared Cobblestone
tconstruct:seared:2, Seared Paver
tconstruct:seared:3, Seared Bricks
tconstruct:seared:4, Cracked Seared Bricks
tconstruct:seared:5, Fancy Seared Bricks
tconstruct:seared:6, Square Seared Bricks
tconstruct:seared:7, Seared Road
tconstruct:seared:8, Seared Creeperface
tconstruct:seared:9, Triangle Seared Bricks
tconstruct:seared:10, Small Seared Bricks
tconstruct:seared:11, Seared Tiles
tconstruct:smeltery_controller:0, Smeltery Controller
tconstruct:seared_tank:0, Seared Tank
tconstruct:seared_tank:1, Seared Gauge
tconstruct:seared_tank:2, Seared Window
tconstruct:faucet:0, Seared Faucet
tconstruct:channel:0, Casting Channel
tconstruct:casting:0, Casting Table
tconstruct:casting:1, Casting Basin
tconstruct:smeltery_io:0, Seared Drain
tconstruct:seared_glass:0, Seared Glass
tconstruct:seared_ladder:0, Seared Ladder
tconstruct:seared_furnace_controller:0, Seared Furnace Controller
tconstruct:tinker_tank_controller:0, Tinker Tank Controller
tconstruct:seared_slab:0, Seared Stone Slab
tconstruct:seared_slab:1, Seared Cobblestone Slab
tconstruct:seared_slab:2, Seared Paver Slab
tconstruct:seared_slab:3, Seared Bricks Slab
tconstruct:seared_slab:4, Cracked Seared Bricks Slab
tconstruct:seared_slab:5, Fancy Seared Bricks Slab
tconstruct:seared_slab:6, Square Seared Bricks Slab
tconstruct:seared_slab:7, Seared Road Slab
tconstruct:seared_slab2:0, Seared Creeperface Slab
tconstruct:seared_slab2:1, Triangle Seared Bricks Slab
tconstruct:seared_slab2:2, Small Seared Bricks Slab
tconstruct:seared_slab2:3, Seared Tile Slab
tconstruct:seared_stairs_stone:0, Seared Stone Stairs
tconstruct:seared_stairs_cobble:0, Seared Cobblestone Stairs
tconstruct:seared_stairs_paver:0, Seared Paver Stairs
tconstruct:seared_stairs_brick:0, Seared Bricks Stairs
tconstruct:seared_stairs_brick_cracked:0, Cracked Seared Bricks Stairs
tconstruct:seared_stairs_brick_fancy:0, Fancy Seared Bricks Stairs
tconstruct:seared_stairs_brick_square:0, Square Seared Bricks Stairs
tconstruct:seared_stairs_brick_triangle:0, Triangle Seared Bricks Stairs
tconstruct:seared_stairs_brick_small:0, Small Seared Bricks Stairs
tconstruct:seared_stairs_road:0, Seared Road Stairs
tconstruct:seared_stairs_tile:0, Seared Tile Stairs
tconstruct:seared_stairs_creeper:0, Seared Creeperface Stairs
tconstruct:cast:0, Blank Cast
tconstruct:cast:0, Wide Guard Cast
tconstruct:cast:0, Arrow Head Cast
tconstruct:cast:0, Shard Cast
tconstruct:cast:0, Pan Cast
tconstruct:cast:0, Bowlimb Cast
tconstruct:cast:0, Arrow Shaft Cast
tconstruct:cast:0, Broad Axe Head Cast
tconstruct:cast:0, Shovel Head Cast
tconstruct:cast:0, Large Plate Cast
tconstruct:cast:0, Tool Rod Cast
tconstruct:cast:0, Sharpening Kit Cast
tconstruct:cast:0, Kama Head Cast
tconstruct:cast:0, Sword Blade Cast
tconstruct:cast:0, Binding Cast
tconstruct:cast:0, Cross Guard Cast
tconstruct:cast:0, Sign Plate Cast
tconstruct:cast:0, Pickaxe Head Cast
tconstruct:cast:0, Excavator Head Cast
tconstruct:cast:0, Hand Guard Cast
tconstruct:cast:0, Large Sword Blade Cast
tconstruct:cast:0, Knife Blade Cast
tconstruct:cast:0, Bowstring Cast
tconstruct:cast:0, Axe Head Cast
tconstruct:cast:0, Hammer Head Cast
tconstruct:cast:0, Scythe Head Cast
tconstruct:cast:0, Tough Binding Cast
tconstruct:cast:0, Tough Tool Rod Cast
tconstruct:cast_custom:0, Ingot Cast
tconstruct:cast_custom:1, Nugget Cast
tconstruct:cast_custom:2, Gem Cast
tconstruct:cast_custom:3, Plate Cast
tconstruct:cast_custom:4, Gear Cast
tconstruct:clay_cast:0, item.tconstruct.clay_cast.blank
tconstruct:clay_cast:0, Wide Guard Clay Cast
tconstruct:clay_cast:0, Arrow Head Clay Cast
tconstruct:clay_cast:0, Shard Clay Cast
tconstruct:clay_cast:0, Pan Clay Cast
tconstruct:clay_cast:0, Bowlimb Clay Cast
tconstruct:clay_cast:0, Arrow Shaft Clay Cast
tconstruct:clay_cast:0, Broad Axe Head Clay Cast
tconstruct:clay_cast:0, Shovel Head Clay Cast
tconstruct:clay_cast:0, Large Plate Clay Cast
tconstruct:clay_cast:0, Tool Rod Clay Cast
tconstruct:clay_cast:0, Sharpening Kit Clay Cast
tconstruct:clay_cast:0, Kama Head Clay Cast
tconstruct:clay_cast:0, Sword Blade Clay Cast
tconstruct:clay_cast:0, Binding Clay Cast
tconstruct:clay_cast:0, Cross Guard Clay Cast
tconstruct:clay_cast:0, Sign Plate Clay Cast
tconstruct:clay_cast:0, Pickaxe Head Clay Cast
tconstruct:clay_cast:0, Excavator Head Clay Cast
tconstruct:clay_cast:0, Hand Guard Clay Cast
tconstruct:clay_cast:0, Large Sword Blade Clay Cast
tconstruct:clay_cast:0, Knife Blade Clay Cast
tconstruct:clay_cast:0, Bowstring Clay Cast
tconstruct:clay_cast:0, Axe Head Clay Cast
tconstruct:clay_cast:0, Hammer Head Clay Cast
tconstruct:clay_cast:0, Scythe Head Clay Cast
tconstruct:clay_cast:0, Tough Binding Clay Cast
tconstruct:clay_cast:0, Tough Tool Rod Clay Cast
tconstruct:stone_torch:0, Stone Torch
tconstruct:stone_ladder:0, Stone Ladder
tconstruct:punji:0, Punji Sticks
tconstruct:rack:0, Item Rack
tconstruct:rack:1, Drying Rack
tconstruct:wood_rail:0, Wooden Rail
tconstruct:wood_rail_trapdoor:0, Wooden Rail with a Trapdoor
tconstruct:wooden_hopper:0, Wooden Hopper
tconstruct:slime_channel:0, Green Slime Channel
tconstruct:slime_channel:1, Blue Slime Channel
tconstruct:slime_channel:2, Purple Slime Channel
tconstruct:slime_channel:3, Blood Channel
tconstruct:slime_channel:4, Magma Slime Channel
tconstruct:dried_clay:0, Dried Clay
tconstruct:dried_clay:1, Dried Bricks
tconstruct:dried_clay_slab:0, Dried Clay Slab
tconstruct:dried_clay_slab:1, Dried Bricks Slab
tconstruct:dried_clay_stairs:0, Dried Clay Stairs
tconstruct:dried_brick_stairs:0, Dried Bricks Stairs
tconstruct:brownstone:0, Smooth Brownstone
tconstruct:brownstone:1, Rough Brownstone
tconstruct:brownstone:2, Brownstone Paver
tconstruct:brownstone:3, Brownstone Bricks
tconstruct:brownstone:4, Cracked Brownstone Bricks
tconstruct:brownstone:5, Fancy Brownstone Bricks
tconstruct:brownstone:6, Square Brownstone Bricks
tconstruct:brownstone:7, Brownstone Road
tconstruct:brownstone:8, Brownstone Creeperface
tconstruct:brownstone:9, Triangle Brownstone Bricks
tconstruct:brownstone:10, Small Brownstone Bricks
tconstruct:brownstone:11, Brownstone Tiles
tconstruct:brownstone_slab:0, Smooth Brownstone Slab
tconstruct:brownstone_slab:1, Rough Brownstone Slab
tconstruct:brownstone_slab:2, Brownstone Paver Slab
tconstruct:brownstone_slab:3, Brownstone Bricks Slab
tconstruct:brownstone_slab:4, Cracked Brownstone Bricks Slab
tconstruct:brownstone_slab:5, Fancy Brownstone Bricks Slab
tconstruct:brownstone_slab:6, Square Brownstone Bricks Slab
tconstruct:brownstone_slab:7, Brownstone Road Slab
tconstruct:brownstone_slab2:0, Brownstone Creeperface Slab
tconstruct:brownstone_slab2:1, Triangle Brownstone Bricks Slab
tconstruct:brownstone_slab2:2, Small Brownstone Bricks Slab
tconstruct:brownstone_slab2:3, Brownstone Tile Slab
tconstruct:brownstone_stairs_smooth:0, Smooth Brownstone Stairs
tconstruct:brownstone_stairs_rough:0, Rough Brownstone Stairs
tconstruct:brownstone_stairs_paver:0, Brownstone Paver Stairs
tconstruct:brownstone_stairs_brick:0, Brownstone Bricks Stairs
tconstruct:brownstone_stairs_brick_cracked:0, Cracked Brownstone Bricks Stairs
tconstruct:brownstone_stairs_brick_fancy:0, Fancy Brownstone Bricks Stairs
tconstruct:brownstone_stairs_brick_square:0, Square Brownstone Bricks Stairs
tconstruct:brownstone_stairs_brick_triangle:0, Triangle Brownstone Bricks Stairs
tconstruct:brownstone_stairs_brick_small:0, Small Brownstone Bricks Stairs
tconstruct:brownstone_stairs_road:0, Brownstone Road Stairs
tconstruct:brownstone_stairs_tile:0, Brownstone Tile Stairs
tconstruct:brownstone_stairs_creeper:0, Brownstone Creeperface Stairs
tconstruct:slimesling:0, Green Slimesling
tconstruct:slimesling:1, Blue Slimesling
tconstruct:slimesling:2, Purple Slimesling
tconstruct:slimesling:3, Coagulated Bloodsling
tconstruct:slimesling:4, Magma Slimesling
tconstruct:slime_boots:0, Green Slime Boots
tconstruct:slime_boots:1, Blue Slime Boots
tconstruct:slime_boots:2, Purple Slime Boots
tconstruct:slime_boots:3, Coagulated Blood Boots
tconstruct:slime_boots:4, Magma Slime Boots
tconstruct:piggybackpack, Piggybackpack
tconstruct:throwball:0, Glowball
tconstruct:throwball:1, EFLN
tconstruct:stone_stick, Stone Rod
tconstruct:fancy_frame:0, Fancy Item Frame
tconstruct:fancy_frame:1, Aluminium Brass Item Frame
tconstruct:fancy_frame:2, Cobalt Item Frame
tconstruct:fancy_frame:3, Ardite Item Frame
tconstruct:fancy_frame:4, Manyullyn Item Frame
tconstruct:fancy_frame:5, Golden Item Frame
tconstruct:fancy_frame:6, Clear Item Frame
tconstruct:moms_spaghetti, Mom's Spaghetti
extendedcrafting:storage:0, Block of Black Iron
extendedcrafting:storage:1, Block of Luminessence
extendedcrafting:storage:2, Block of Nether Stars
extendedcrafting:storage:3, Block of Crystaltine
extendedcrafting:storage:4, Block of The Ultimate
extendedcrafting:storage:5, Block of Ender
extendedcrafting:storage:6, Block of Ender Stars
extendedcrafting:storage:7, Block of Enhanced Ender
extendedcrafting:frame, Black Iron Frame
extendedcrafting:lamp:0, Black Iron Lamp
extendedcrafting:lamp:1, Black Iron Lamp
extendedcrafting:trimmed:0, Block of Black Iron
extendedcrafting:trimmed:1, Block of Black Iron
extendedcrafting:trimmed:2, Block of Black Iron
extendedcrafting:trimmed:3, Block of Black Iron
extendedcrafting:trimmed:4, Block of Black Iron
extendedcrafting:trimmed:5, Block of Black Iron
extendedcrafting:crafting_table, Crafting Table
extendedcrafting:pedestal, Pedestal
extendedcrafting:crafting_core, Crafting Core
extendedcrafting:interface, Automation Interface
extendedcrafting:table_basic, Basic Crafting Table
extendedcrafting:table_advanced, Advanced Crafting Table
extendedcrafting:table_elite, Elite Crafting Table
extendedcrafting:table_ultimate, Ultimate Crafting Table
extendedcrafting:compressor, Quantum Compressor
extendedcrafting:ender_alternator, Ender Alternator
extendedcrafting:ender_crafter, Ender Crafter
extendedcrafting:guide, Extended Crafting Guide
extendedcrafting:material:0, Black Iron Ingot
extendedcrafting:material:1, Black Iron Nugget
extendedcrafting:material:2, Black Iron Slate
extendedcrafting:material:3, Black Iron Rod
extendedcrafting:material:7, Luminessence
extendedcrafting:material:8, Basic Catalyst
extendedcrafting:material:9, Advanced Catalyst
extendedcrafting:material:10, Elite Catalyst
extendedcrafting:material:11, Ultimate Catalyst
extendedcrafting:material:12, Crystaltine Catalyst
extendedcrafting:material:13, The Ultimate Catalyst
extendedcrafting:material:14, Basic Component
extendedcrafting:material:15, Advanced Component
extendedcrafting:material:16, Elite Component
extendedcrafting:material:17, Ultimate Component
extendedcrafting:material:18, Crystaltine Component
extendedcrafting:material:19, The Ultimate Component
extendedcrafting:material:24, Crystaltine Ingot
extendedcrafting:material:25, Crystaltine Nugget
extendedcrafting:material:32, The Ultimate Ingot
extendedcrafting:material:33, The Ultimate Nugget
extendedcrafting:material:36, Ender Ingot
extendedcrafting:material:37, Ender Nugget
extendedcrafting:material:40, Ender Star
extendedcrafting:material:41, Ender Star Nugget
extendedcrafting:material:48, Enhanced Ender Ingot
extendedcrafting:material:49, Enhanced Ender Nugget
extendedcrafting:material:128, Diamond Nugget
extendedcrafting:material:129, Emerald Nugget
extendedcrafting:material:140, Nether Star Nugget
extendedcrafting:handheld_table, Handheld Crafting Table
extendedcrafting:recipe_maker:0, Recipe Maker
extendedcrafting:singularity:0, Coal Singularity
extendedcrafting:singularity:1, Iron Singularity
extendedcrafting:singularity:2, Lapis Lazuli Singularity
extendedcrafting:singularity:3, Redstone Singularity
extendedcrafting:singularity:4, Glowstone Singularity
extendedcrafting:singularity:5, Gold Singularity
extendedcrafting:singularity:6, Diamond Singularity
extendedcrafting:singularity:7, Emerald Singularity
extendedcrafting:singularity:16, Aluminum Singularity
extendedcrafting:singularity:17, Copper Singularity
extendedcrafting:singularity:18, Tin Singularity
extendedcrafting:singularity:19, Bronze Singularity
extendedcrafting:singularity:20, Zinc Singularity
extendedcrafting:singularity:21, Brass Singularity
extendedcrafting:singularity:22, Silver Singularity
extendedcrafting:singularity:23, Lead Singularity
extendedcrafting:singularity:24, Steel Singularity
extendedcrafting:singularity:25, Nickel Singularity
extendedcrafting:singularity:26, Constantan Singularity
extendedcrafting:singularity:27, Electrum Singularity
extendedcrafting:singularity:28, Invar Singularity
extendedcrafting:singularity:29, Mithril Singularity
extendedcrafting:singularity:30, Tungsten Singularity
extendedcrafting:singularity:31, Titanium Singularity
extendedcrafting:singularity:32, Uranium Singularity
extendedcrafting:singularity:33, Chrome Singularity
extendedcrafting:singularity:34, Platinum Singularity
extendedcrafting:singularity:35, Iridium Singularity
extendedcrafting:singularity:48, Signalum Singularity
extendedcrafting:singularity:49, Lumium Singularity
extendedcrafting:singularity:50, Enderium Singularity
extendedcrafting:singularity:64, Ardite Singularity
extendedcrafting:singularity:65, Cobalt Singularity
extendedcrafting:singularity:66, Manyullyn Singularity
extendedcrafting:singularity_ultimate, The Ultimate Singularity
teslacorelib:base_addon, Base Addon
teslacorelib:energy_tier1, Energy Upgrade I
teslacorelib:energy_tier2, Energy Upgrade II
teslacorelib:machine_case, Machine Case
teslacorelib:speed_tier1, Speed Upgrade I
teslacorelib:speed_tier2, Speed Upgrade II
teslacorelib:wrench, Tesla Wrench
modularmachinery:itemblueprint, Machine Blueprint
modularmachinery:itemmodularium, Modularium
modularmachinery:itemconstructtool, Construct Selection Tool
modularmachinery:machine_projector, Machine Projector
modularmachinery:blockcontroller, Machine Controller
modularmachinery:blockfactorycontroller, Factory Controller
modularmachinery:blockcasing:0, Machine Casing
modularmachinery:blockcasing:1, Machine Vent
modularmachinery:blockcasing:2, Firebox Casing
modularmachinery:blockcasing:3, Machine Gearbox
modularmachinery:blockcasing:4, Reinforced Machine Casing
modularmachinery:blockcasing:5, Machine Circuitry
modularmachinery:blockinputbus:0, Tiny Item Input
modularmachinery:blockinputbus:1, Small Item Input
modularmachinery:blockinputbus:2, Normal Item Input
modularmachinery:blockinputbus:3, Reinforced Item Input
modularmachinery:blockinputbus:4, Big Item Input
modularmachinery:blockinputbus:5, Huge Item Input
modularmachinery:blockinputbus:6, Ludicrous Item Input
modularmachinery:blockoutputbus:0, Tiny Item Output
modularmachinery:blockoutputbus:1, Small Item Output
modularmachinery:blockoutputbus:2, Normal Item Output
modularmachinery:blockoutputbus:3, Reinforced Item Output
modularmachinery:blockoutputbus:4, Big Item Output
modularmachinery:blockoutputbus:5, Huge Item Output
modularmachinery:blockoutputbus:6, Ludicrous Item Output
modularmachinery:blockfluidinputhatch:0, Tiny Fluid Input Hatch
modularmachinery:blockfluidinputhatch:1, Small Fluid Input Hatch
modularmachinery:blockfluidinputhatch:2, Normal Fluid Input Hatch
modularmachinery:blockfluidinputhatch:3, Reinforced Fluid Input Hatch
modularmachinery:blockfluidinputhatch:4, Big Fluid Input Hatch
modularmachinery:blockfluidinputhatch:5, Huge Fluid Input Hatch
modularmachinery:blockfluidinputhatch:6, Ludicrous Fluid Input Hatch
modularmachinery:blockfluidinputhatch:7, Vacuum Fluid Input Hatch
modularmachinery:blockfluidoutputhatch:0, Tiny Fluid Output Hatch
modularmachinery:blockfluidoutputhatch:1, Small Fluid Output Hatch
modularmachinery:blockfluidoutputhatch:2, Normal Fluid Output Hatch
modularmachinery:blockfluidoutputhatch:3, Reinforced Fluid Output Hatch
modularmachinery:blockfluidoutputhatch:4, Big Fluid Output Hatch
modularmachinery:blockfluidoutputhatch:5, Huge Fluid Output Hatch
modularmachinery:blockfluidoutputhatch:6, Ludicrous Fluid Output Hatch
modularmachinery:blockfluidoutputhatch:7, Vacuum Fluid Output Hatch
modularmachinery:blockenergyinputhatch:0, Tiny Energy Input Hatch
modularmachinery:blockenergyinputhatch:1, Small Energy Input Hatch
modularmachinery:blockenergyinputhatch:2, Normal Energy Input Hatch
modularmachinery:blockenergyinputhatch:3, Reinforced Energy Input Hatch
modularmachinery:blockenergyinputhatch:4, Big Energy Input Hatch
modularmachinery:blockenergyinputhatch:5, Huge Energy Input Hatch
modularmachinery:blockenergyinputhatch:6, Ludicrous Energy Input Hatch
modularmachinery:blockenergyinputhatch:7, Ultimate Energy Input Hatch
modularmachinery:blockenergyoutputhatch:0, Tiny Energy Output Hatch
modularmachinery:blockenergyoutputhatch:1, Small Energy Output Hatch
modularmachinery:blockenergyoutputhatch:2, Normal Energy Output Hatch
modularmachinery:blockenergyoutputhatch:3, Reinforced Energy Output Hatch
modularmachinery:blockenergyoutputhatch:4, Big Energy Output Hatch
modularmachinery:blockenergyoutputhatch:5, Huge Energy Output Hatch
modularmachinery:blockenergyoutputhatch:6, Ludicrous Energy Output Hatch
modularmachinery:blockenergyoutputhatch:7, Ultimate Energy Output Hatch
modularmachinery:blocksmartinterface:0, Smart Data Interface (Number)
modularmachinery:blockparallelcontroller:0, §aNormal Parallel Controller
modularmachinery:blockparallelcontroller:1, §6Reinforced Parallel Controller
modularmachinery:blockparallelcontroller:2, §bElite Parallel Controller
modularmachinery:blockparallelcontroller:3, §5Super Parallel Controller
modularmachinery:blockparallelcontroller:4, §cUltimate Parallel Controller
modularmachinery:blockupgradebus:0, §aNormal Upgrade Bus
modularmachinery:blockupgradebus:1, §6Reinforced Upgrade Bus
modularmachinery:blockupgradebus:2, §bElite Upgrade Bus
modularmachinery:blockupgradebus:3, §5Super Upgrade Bus
modularmachinery:blockupgradebus:4, §eUltimate Upgrade Bus
modularmachinery:blockmeitemoutputbus, ME Machinery Item Output Bus
modularmachinery:blockmeiteminputbus, ME Machinery Item Input Bus
modularmachinery:blockmefluidoutputbus, ME Machinery Fluid Output Bus
modularmachinery:blockmefluidinputbus, ME Machinery Fluid Input Bus
modularmachinery:blockmepatternprovider, ME Machinery Pattern Provider
modularmachinery:blockmepatternmirrorimage, ME Machinery Pattern Mirror Image
modularmachinery:blockgridproviderinput, Grid Power Input Hatch
modularmachinery:blockgridprovideroutput, Grid Power Output Hatch
modularmachinery:blockrainbowprovider, Rainbow Input Hatch
modularmachinery:blockstarlightproviderinput, Starlight Collector Hatch
modularmachinery:blockstarlightprovideroutput, Starlight Distributor Hatch
modularmachinery:blockconstellationprovider, Constellation Detector Hatch
modularmachinery:blockmanaproviderinput, Mana Input Hatch
modularmachinery:blockmanaprovideroutput, Mana Output Hatch
modularmachinery:iron_centrifuge_controller, tile.null.name
modularmachinery:transformer_controller, tile.null.name
modularmachinery:alloy_furnace_controller, tile.null.name
modularmachinery:assembly_line_controller, tile.null.name
modularmachinery:crushing_wheels:0, Crushing Wheels
mysticalagriculture:storage:0, §eBlock of Inferium Essence
mysticalagriculture:storage:1, §aBlock of Prudentium Essence
mysticalagriculture:storage:2, §6Block of Intermedium Essence
mysticalagriculture:storage:3, §bBlock of Superium Essence
mysticalagriculture:storage:4, §cBlock of Supremium Essence
mysticalagriculture:storage:5, Block of Prosperity
mysticalagriculture:ingot_storage:0, Block of Base Essence
mysticalagriculture:ingot_storage:1, §eBlock of Inferium
mysticalagriculture:ingot_storage:2, §aBlock of Prudentium
mysticalagriculture:ingot_storage:3, §6Block of Intermedium
mysticalagriculture:ingot_storage:4, §bBlock of Superium
mysticalagriculture:ingot_storage:5, §cBlock of Supremium
mysticalagriculture:ingot_storage:6, §dBlock of Soulium
mysticalagriculture:coal_block:0, §eBlock of Inferium Coal
mysticalagriculture:coal_block:1, §aBlock of Prudentium Coal
mysticalagriculture:coal_block:2, §6Block of Intermedium Coal
mysticalagriculture:coal_block:3, §bBlock of Superium Coal
mysticalagriculture:coal_block:4, §cBlock of Supremium Coal
mysticalagriculture:soulstone:0, Soulstone
mysticalagriculture:soulstone:1, Cobbled Soulstone
mysticalagriculture:soulstone:2, Polished Soulstone
mysticalagriculture:soulstone:3, Soulstone Bricks
mysticalagriculture:soulstone:4, Cracked Soulstone Bricks
mysticalagriculture:soulstone:5, Chiseled Soulstone
mysticalagriculture:soulstone:6, Soulstone Slab Block
mysticalagriculture:soulstone_slab:0, Soulstone Slab
mysticalagriculture:cobbled_soulstone_slab:0, Cobbled Soulstone Slab
mysticalagriculture:soulstone_brick_slab:0, Soulstone Brick Slab
mysticalagriculture:cobbled_soulstone_stairs, Cobbled Soulstone Stairs
mysticalagriculture:soulstone_brick_stairs, Soulstone Brick Stairs
mysticalagriculture:cobbled_soulstone_wall, Cobbled Soulstone Wall
mysticalagriculture:soulstone_brick_wall, Soulstone Brick Wall
mysticalagriculture:soul_glass, Soul Glass
mysticalagriculture:soul_glass_pane, Soul Glass Pane
mysticalagriculture:inferium_furnace, §eInferium Furnace
mysticalagriculture:prudentium_furnace, §aPrudentium Furnace
mysticalagriculture:intermedium_furnace, §6Intermedium Furnace
mysticalagriculture:superium_furnace, §bSuperium Furnace
mysticalagriculture:supremium_furnace, §cSupremium Furnace
mysticalagriculture:ultimate_furnace, §8Ultimate Furnace
mysticalagriculture:prosperity_ore, Prosperity Ore
mysticalagriculture:nether_prosperity_ore, Nether Prosperity Ore
mysticalagriculture:end_prosperity_ore, End Prosperity Ore
mysticalagriculture:inferium_ore, §eInferium Ore
mysticalagriculture:nether_inferium_ore, §eNether Inferium Ore
mysticalagriculture:end_inferium_ore, §eEnd Inferium Ore
mysticalagriculture:growth_accelerator, §eGrowth Accelerator
mysticalagriculture:mystical_machine_frame, Mystical Machine Frame
mysticalagriculture:glowstone_lamp, Glowstone Lamp
mysticalagriculture:seed_reprocessor, Seed Reprocessor
mysticalagriculture:inferium_reprocessor, §eInferium Seed Reprocessor
mysticalagriculture:prudentium_reprocessor, §aPrudentium Seed Reprocessor
mysticalagriculture:intermedium_reprocessor, §6Intermedium Seed Reprocessor
mysticalagriculture:superium_reprocessor, §bSuperium Seed Reprocessor
mysticalagriculture:supremium_reprocessor, §cSupremium Seed Reprocessor
mysticalagriculture:ultimate_reprocessor, §8Ultimate Seed Reprocessor
mysticalagriculture:witherproof_block, Witherproof Block
mysticalagriculture:witherproof_glass, Witherproof Glass
mysticalagriculture:tinkering_table:0, Tinkering Table
mysticalagriculture:tinkering_table:1, Tinkering Table
mysticalagriculture:tinkering_table:2, Tinkering Table
mysticalagriculture:tinkering_table:3, Tinkering Table
mysticalagriculture:tinkering_table:4, Tinkering Table
mysticalagriculture:tier1_inferium_crop, Tier 1 Inferium Crop
mysticalagriculture:tier2_inferium_crop, Tier 2 Inferium Crop
mysticalagriculture:tier3_inferium_crop, Tier 3 Inferium Crop
mysticalagriculture:tier4_inferium_crop, Tier 4 Inferium Crop
mysticalagriculture:tier5_inferium_crop, Tier 5 Inferium Crop
mysticalagriculture:stone_crop, Stone Crop
mysticalagriculture:dirt_crop, Dirt Crop
mysticalagriculture:nature_crop, Nature Crop
mysticalagriculture:wood_crop, Wood Crop
mysticalagriculture:water_crop, Water Crop
mysticalagriculture:ice_crop, Ice Crop
mysticalagriculture:fire_crop, Fire Crop
mysticalagriculture:dye_crop, Dye Crop
mysticalagriculture:nether_crop, Nether Crop
mysticalagriculture:coal_crop, Coal Crop
mysticalagriculture:iron_crop, Iron Crop
mysticalagriculture:nether_quartz_crop, Nether Quartz Crop
mysticalagriculture:glowstone_crop, Glowstone Crop
mysticalagriculture:redstone_crop, Redstone Crop
mysticalagriculture:obsidian_crop, Obsidian Crop
mysticalagriculture:gold_crop, Gold Crop
mysticalagriculture:lapis_lazuli_crop, Lapis Lazuli Crop
mysticalagriculture:end_crop, End Crop
mysticalagriculture:experience_crop, Experience Crop
mysticalagriculture:diamond_crop, Diamond Crop
mysticalagriculture:emerald_crop, Emerald Crop
mysticalagriculture:zombie_crop, Zombie Crop
mysticalagriculture:pig_crop, Pig Crop
mysticalagriculture:chicken_crop, Chicken Crop
mysticalagriculture:cow_crop, Cow Crop
mysticalagriculture:sheep_crop, Sheep Crop
mysticalagriculture:slime_crop, Slime Crop
mysticalagriculture:skeleton_crop, Skeleton Crop
mysticalagriculture:creeper_crop, Creeper Crop
mysticalagriculture:spider_crop, Spider Crop
mysticalagriculture:rabbit_crop, Rabbit Crop
mysticalagriculture:guardian_crop, Guardian Crop
mysticalagriculture:blaze_crop, Blaze Crop
mysticalagriculture:ghast_crop, Ghast Crop
mysticalagriculture:enderman_crop, Enderman Crop
mysticalagriculture:wither_skeleton_crop, Wither Skeleton Crop
mysticalagriculture:silicon_crop, Silicon Crop
mysticalagriculture:sulfur_crop, Sulfur Crop
mysticalagriculture:aluminum_crop, Aluminum Crop
mysticalagriculture:copper_crop, Copper Crop
mysticalagriculture:saltpeter_crop, Saltpeter Crop
mysticalagriculture:tin_crop, Tin Crop
mysticalagriculture:bronze_crop, Bronze Crop
mysticalagriculture:silver_crop, Silver Crop
mysticalagriculture:lead_crop, Lead Crop
mysticalagriculture:graphite_crop, Graphite Crop
mysticalagriculture:steel_crop, Steel Crop
mysticalagriculture:nickel_crop, Nickel Crop
mysticalagriculture:constantan_crop, Constantan Crop
mysticalagriculture:electrum_crop, Electrum Crop
mysticalagriculture:invar_crop, Invar Crop
mysticalagriculture:mithril_crop, Mithril Crop
mysticalagriculture:uranium_crop, Uranium Crop
mysticalagriculture:platinum_crop, Platinum Crop
mysticalagriculture:iridium_crop, Iridium Crop
mysticalagriculture:blizz_crop, Blizz Crop
mysticalagriculture:blitz_crop, Blitz Crop
mysticalagriculture:basalz_crop, Basalz Crop
mysticalagriculture:signalum_crop, Signalum Crop
mysticalagriculture:lumium_crop, Lumium Crop
mysticalagriculture:enderium_crop, Enderium Crop
mysticalagriculture:aluminum_brass_crop, Aluminum Brass Crop
mysticalagriculture:knightslime_crop, Knightslime Crop
mysticalagriculture:ardite_crop, Ardite Crop
mysticalagriculture:cobalt_crop, Cobalt Crop
mysticalagriculture:manyullyn_crop, Manyullyn Crop
mysticalagriculture:grains_of_infinity_crop, Grains of Infinity Crop
mysticalagriculture:electrical_steel_crop, Electrical Steel Crop
mysticalagriculture:redstone_alloy_crop, Redstone Alloy Crop
mysticalagriculture:conductive_iron_crop, Conductive Iron Crop
mysticalagriculture:soularium_crop, Soularium Crop
mysticalagriculture:dark_steel_crop, Dark Steel Crop
mysticalagriculture:pulsating_iron_crop, Pulsating Iron Crop
mysticalagriculture:energetic_alloy_crop, Energetic Alloy Crop
mysticalagriculture:vibrant_alloy_crop, Vibrant Alloy Crop
mysticalagriculture:end_steel_crop, End Steel Crop
mysticalagriculture:mystical_flower_crop, Mystical Flower Crop
mysticalagriculture:manasteel_crop, Manasteel Crop
mysticalagriculture:elementium_crop, Elementium Crop
mysticalagriculture:terrasteel_crop, Terrasteel Crop
mysticalagriculture:marble_crop, Marble Crop
mysticalagriculture:steeleaf_crop, Steeleaf Crop
mysticalagriculture:ironwood_crop, Ironwood Crop
mysticalagriculture:knightmetal_crop, Knightmetal Crop
mysticalagriculture:fiery_ingot_crop, Fiery Ingot Crop
mysticalagriculture:thorium_crop, Thorium Crop
mysticalagriculture:boron_crop, Boron Crop
mysticalagriculture:lithium_crop, Lithium Crop
mysticalagriculture:magnesium_crop, Magnesium Crop
mysticalagriculture:black_quartz_crop, Black Quartz Crop
mysticalagriculture:aquamarine_crop, Aquamarine Crop
mysticalagriculture:starmetal_crop, Starmetal Crop
mysticalagriculture:rock_crystal_crop, Rock Crystal Crop
mysticalagriculture:ender_biotite_crop, Ender Biotite Crop
mysticalagriculture:draconium_crop, Draconium Crop
mysticalagriculture:sky_stone_crop, Sky Stone Crop
mysticalagriculture:certus_quartz_crop, Certus Quartz Crop
mysticalagriculture:fluix_crop, Fluix Crop
mysticalagriculture:miners_torch, Miner's Torch
mysticalagriculture:crafting:0, §eInferium Essence
mysticalagriculture:crafting:1, §aPrudentium Essence
mysticalagriculture:crafting:2, §6Intermedium Essence
mysticalagriculture:crafting:3, §bSuperium Essence
mysticalagriculture:crafting:4, §cSupremium Essence
mysticalagriculture:crafting:5, Prosperity Shard
mysticalagriculture:crafting:6, Nature Cluster
mysticalagriculture:crafting:7, Dye Cluster
mysticalagriculture:crafting:8, Nether Cluster
mysticalagriculture:crafting:9, End Cluster
mysticalagriculture:crafting:10, Mystical Flower Cluster
mysticalagriculture:crafting:14, Blank Record
mysticalagriculture:crafting:15, Blank Skull
mysticalagriculture:crafting:16, Base Crafting Seed
mysticalagriculture:crafting:17, Tier 1 Crafting Seed
mysticalagriculture:crafting:18, Tier 2 Crafting Seed
mysticalagriculture:crafting:19, Tier 3 Crafting Seed
mysticalagriculture:crafting:20, Tier 4 Crafting Seed
mysticalagriculture:crafting:21, Tier 5 Crafting Seed
mysticalagriculture:crafting:22, Mystical Stick
mysticalagriculture:crafting:23, Mystical String
mysticalagriculture:crafting:24, Mystical Feather
mysticalagriculture:crafting:28, Soul Dust
mysticalagriculture:crafting:29, §dSoulium Dust
mysticalagriculture:crafting:32, Base Essence Ingot
mysticalagriculture:crafting:33, §eInferium Ingot
mysticalagriculture:crafting:34, §aPrudentium Ingot
mysticalagriculture:crafting:35, §6Intermedium Ingot
mysticalagriculture:crafting:36, §bSuperium Ingot
mysticalagriculture:crafting:37, §cSupremium Ingot
mysticalagriculture:crafting:38, §dSoulium Ingot
mysticalagriculture:crafting:39, Base Essence Nugget
mysticalagriculture:crafting:40, §eInferium Nugget
mysticalagriculture:crafting:41, §aPrudentium Nugget
mysticalagriculture:crafting:42, §6Intermedium Nugget
mysticalagriculture:crafting:43, §bSuperium Nugget
mysticalagriculture:crafting:44, §cSupremium Nugget
mysticalagriculture:crafting:45, §dSoulium Nugget
mysticalagriculture:crafting:48, Theoretical Infinite Water Source
mysticalagriculture:crafting:50, §eInferium Fertilization Core
mysticalagriculture:crafting:51, §aPrudentium Fertilization Core
mysticalagriculture:crafting:52, §6Intermedium Fertilization Core
mysticalagriculture:crafting:53, §bSuperium Fertilization Core
mysticalagriculture:crafting:54, §cSupremium Fertilization Core
mysticalagriculture:infusion_crystal, Infusion Crystal
mysticalagriculture:master_infusion_crystal, §cMaster Infusion Crystal
mysticalagriculture:core_remover, §cCore Remover
mysticalagriculture:fertilized_essence, §dFertilized Essence
mysticalagriculture:mystical_fertilizer, §dMystical Fertilizer
mysticalagriculture:inferium_apple, §eInferium Apple
mysticalagriculture:prudentium_apple, §aPrudentium Apple
mysticalagriculture:intermedium_apple, §6Intermedium Apple
mysticalagriculture:superium_apple, §bSuperium Apple
mysticalagriculture:supremium_apple, §cSupremium Apple
mysticalagriculture:coal:0, §eInferium Coal
mysticalagriculture:coal:1, §aPrudentium Coal
mysticalagriculture:coal:2, §6Intermedium Coal
mysticalagriculture:coal:3, §bSuperium Coal
mysticalagriculture:coal:4, §cSupremium Coal
mysticalagriculture:watering_can:0, §eInferium Watering Can
mysticalagriculture:watering_can:1, §aPrudentium Watering Can
mysticalagriculture:watering_can:2, §6Intermedium Watering Can
mysticalagriculture:watering_can:3, §bSuperium Watering Can
mysticalagriculture:watering_can:4, §cSupremium Watering Can
mysticalagriculture:soulium_dagger, §dSoulium Dagger
mysticalagriculture:xp_droplet, Experience Droplet
mysticalagriculture:chunk:0, Tier 1 Mob Chunk
mysticalagriculture:chunk:1, Tier 2 Mob Chunk
mysticalagriculture:chunk:2, Tier 3 Mob Chunk
mysticalagriculture:chunk:3, Tier 4 Mob Chunk
mysticalagriculture:chunk:4, Tier 5 Mob Chunk
mysticalagriculture:chunk:5, Experience Chunk
mysticalagriculture:chunk:6, Zombie Chunk
mysticalagriculture:chunk:7, Pig Chunk
mysticalagriculture:chunk:8, Chicken Chunk
mysticalagriculture:chunk:9, Cow Chunk
mysticalagriculture:chunk:10, Sheep Chunk
mysticalagriculture:chunk:11, Slime Chunk
mysticalagriculture:chunk:12, Skeleton Chunk
mysticalagriculture:chunk:13, Creeper Chunk
mysticalagriculture:chunk:14, Spider Chunk
mysticalagriculture:chunk:15, Rabbit Chunk
mysticalagriculture:chunk:16, Guardian Chunk
mysticalagriculture:chunk:17, Blaze Chunk
mysticalagriculture:chunk:18, Ghast Chunk
mysticalagriculture:chunk:19, Enderman Chunk
mysticalagriculture:chunk:20, Wither Skeleton Chunk
mysticalagriculture:chunk:21, Blizz Chunk
mysticalagriculture:chunk:22, Blitz Chunk
mysticalagriculture:chunk:23, Basalz Chunk
mysticalagriculture:stone_essence, Stone Essence
mysticalagriculture:dirt_essence, Dirt Essence
mysticalagriculture:nature_essence, Nature Essence
mysticalagriculture:wood_essence, Wood Essence
mysticalagriculture:water_essence, Water Essence
mysticalagriculture:ice_essence, Ice Essence
mysticalagriculture:fire_essence, Fire Essence
mysticalagriculture:dye_essence, Dye Essence
mysticalagriculture:nether_essence, Nether Essence
mysticalagriculture:coal_essence, Coal Essence
mysticalagriculture:iron_essence, Iron Essence
mysticalagriculture:nether_quartz_essence, Nether Quartz Essence
mysticalagriculture:glowstone_essence, Glowstone Essence
mysticalagriculture:redstone_essence, Redstone Essence
mysticalagriculture:obsidian_essence, Obsidian Essence
mysticalagriculture:gold_essence, Gold Essence
mysticalagriculture:lapis_lazuli_essence, Lapis Lazuli Essence
mysticalagriculture:end_essence, End Essence
mysticalagriculture:experience_essence, Experience Essence
mysticalagriculture:diamond_essence, Diamond Essence
mysticalagriculture:emerald_essence, Emerald Essence
mysticalagriculture:zombie_essence, Zombie Essence
mysticalagriculture:pig_essence, Pig Essence
mysticalagriculture:chicken_essence, Chicken Essence
mysticalagriculture:cow_essence, Cow Essence
mysticalagriculture:sheep_essence, Sheep Essence
mysticalagriculture:slime_essence, Slime Essence
mysticalagriculture:skeleton_essence, Skeleton Essence
mysticalagriculture:creeper_essence, Creeper Essence
mysticalagriculture:spider_essence, Spider Essence
mysticalagriculture:rabbit_essence, Rabbit Essence
mysticalagriculture:guardian_essence, Guardian Essence
mysticalagriculture:blaze_essence, Blaze Essence
mysticalagriculture:ghast_essence, Ghast Essence
mysticalagriculture:enderman_essence, Enderman Essence
mysticalagriculture:wither_skeleton_essence, Wither Skeleton Essence
mysticalagriculture:silicon_essence, Silicon Essence
mysticalagriculture:sulfur_essence, Sulfur Essence
mysticalagriculture:aluminum_essence, Aluminum Essence
mysticalagriculture:copper_essence, Copper Essence
mysticalagriculture:saltpeter_essence, Saltpeter Essence
mysticalagriculture:tin_essence, Tin Essence
mysticalagriculture:bronze_essence, Bronze Essence
mysticalagriculture:silver_essence, Silver Essence
mysticalagriculture:lead_essence, Lead Essence
mysticalagriculture:graphite_essence, Graphite Essence
mysticalagriculture:steel_essence, Steel Essence
mysticalagriculture:nickel_essence, Nickel Essence
mysticalagriculture:constantan_essence, Constantan Essence
mysticalagriculture:electrum_essence, Electrum Essence
mysticalagriculture:invar_essence, Invar Essence
mysticalagriculture:mithril_essence, Mithril Essence
mysticalagriculture:uranium_essence, Uranium Essence
mysticalagriculture:platinum_essence, Platinum Essence
mysticalagriculture:iridium_essence, Iridium Essence
mysticalagriculture:blizz_essence, Blizz Essence
mysticalagriculture:blitz_essence, Blitz Essence
mysticalagriculture:basalz_essence, Basalz Essence
mysticalagriculture:signalum_essence, Signalum Essence
mysticalagriculture:lumium_essence, Lumium Essence
mysticalagriculture:enderium_essence, Enderium Essence
mysticalagriculture:aluminum_brass_essence, Aluminum Brass Essence
mysticalagriculture:knightslime_essence, Knightslime Essence
mysticalagriculture:ardite_essence, Ardite Essence
mysticalagriculture:cobalt_essence, Cobalt Essence
mysticalagriculture:manyullyn_essence, Manyullyn Essence
mysticalagriculture:grains_of_infinity_essence, Grains of Infinity Essence
mysticalagriculture:electrical_steel_essence, Electrical Steel Essence
mysticalagriculture:redstone_alloy_essence, Redstone Alloy Essence
mysticalagriculture:conductive_iron_essence, Conductive Iron Essence
mysticalagriculture:soularium_essence, Soularium Essence
mysticalagriculture:dark_steel_essence, Dark Steel Essence
mysticalagriculture:pulsating_iron_essence, Pulsating Iron Essence
mysticalagriculture:energetic_alloy_essence, Energetic Alloy Essence
mysticalagriculture:vibrant_alloy_essence, Vibrant Alloy Essence
mysticalagriculture:end_steel_essence, End Steel Essence
mysticalagriculture:mystical_flower_essence, Mystical Flower Essence
mysticalagriculture:manasteel_essence, Manasteel Essence
mysticalagriculture:elementium_essence, Elementium Essence
mysticalagriculture:terrasteel_essence, Terrasteel Essence
mysticalagriculture:marble_essence, Marble Essence
mysticalagriculture:steeleaf_essence, Steeleaf Essence
mysticalagriculture:ironwood_essence, Ironwood Essence
mysticalagriculture:knightmetal_essence, Knightmetal Essence
mysticalagriculture:fiery_ingot_essence, Fiery Ingot Essence
mysticalagriculture:thorium_essence, Thorium Essence
mysticalagriculture:boron_essence, Boron Essence
mysticalagriculture:lithium_essence, Lithium Essence
mysticalagriculture:magnesium_essence, Magnesium Essence
mysticalagriculture:black_quartz_essence, Black Quartz Essence
mysticalagriculture:aquamarine_essence, Aquamarine Essence
mysticalagriculture:starmetal_essence, Starmetal Essence
mysticalagriculture:rock_crystal_essence, Rock Crystal Essence
mysticalagriculture:ender_biotite_essence, Ender Biotite Essence
mysticalagriculture:draconium_essence, Draconium Essence
mysticalagriculture:sky_stone_essence, Sky Stone Essence
mysticalagriculture:certus_quartz_essence, Certus Quartz Essence
mysticalagriculture:fluix_essence, Fluix Essence
mysticalagriculture:tier1_inferium_seeds, Inferium Seeds
mysticalagriculture:tier2_inferium_seeds, Inferium Seeds
mysticalagriculture:tier3_inferium_seeds, Inferium Seeds
mysticalagriculture:tier4_inferium_seeds, Inferium Seeds
mysticalagriculture:tier5_inferium_seeds, Inferium Seeds
mysticalagriculture:stone_seeds, Stone Seeds
mysticalagriculture:dirt_seeds, Dirt Seeds
mysticalagriculture:nature_seeds, Nature Seeds
mysticalagriculture:wood_seeds, Wood Seeds
mysticalagriculture:water_seeds, Water Seeds
mysticalagriculture:ice_seeds, Ice Seeds
mysticalagriculture:fire_seeds, Fire Seeds
mysticalagriculture:dye_seeds, Dye Seeds
mysticalagriculture:nether_seeds, Nether Seeds
mysticalagriculture:coal_seeds, Coal Seeds
mysticalagriculture:iron_seeds, Iron Seeds
mysticalagriculture:nether_quartz_seeds, Nether Quartz Seeds
mysticalagriculture:glowstone_seeds, Glowstone Seeds
mysticalagriculture:redstone_seeds, Redstone Seeds
mysticalagriculture:obsidian_seeds, Obsidian Seeds
mysticalagriculture:gold_seeds, Gold Seeds
mysticalagriculture:lapis_lazuli_seeds, Lapis Lazuli Seeds
mysticalagriculture:end_seeds, End Seeds
mysticalagriculture:experience_seeds, Experience Seeds
mysticalagriculture:diamond_seeds, Diamond Seeds
mysticalagriculture:emerald_seeds, Emerald Seeds
mysticalagriculture:zombie_seeds, Zombie Seeds
mysticalagriculture:pig_seeds, Pig Seeds
mysticalagriculture:chicken_seeds, Chicken Seeds
mysticalagriculture:cow_seeds, Cow Seeds
mysticalagriculture:sheep_seeds, Sheep Seeds
mysticalagriculture:slime_seeds, Slime Seeds
mysticalagriculture:skeleton_seeds, Skeleton Seeds
mysticalagriculture:creeper_seeds, Creeper Seeds
mysticalagriculture:spider_seeds, Spider Seeds
mysticalagriculture:rabbit_seeds, Rabbit Seeds
mysticalagriculture:guardian_seeds, Guardian Seeds
mysticalagriculture:blaze_seeds, Blaze Seeds
mysticalagriculture:ghast_seeds, Ghast Seeds
mysticalagriculture:enderman_seeds, Enderman Seeds
mysticalagriculture:wither_skeleton_seeds, Wither Skeleton Seeds
mysticalagriculture:silicon_seeds, Silicon Seeds
mysticalagriculture:sulfur_seeds, Sulfur Seeds
mysticalagriculture:aluminum_seeds, Aluminum Seeds
mysticalagriculture:copper_seeds, Copper Seeds
mysticalagriculture:saltpeter_seeds, Saltpeter Seeds
mysticalagriculture:tin_seeds, Tin Seeds
mysticalagriculture:bronze_seeds, Bronze Seeds
mysticalagriculture:silver_seeds, Silver Seeds
mysticalagriculture:lead_seeds, Lead Seeds
mysticalagriculture:graphite_seeds, Graphite Seeds
mysticalagriculture:steel_seeds, Steel Seeds
mysticalagriculture:nickel_seeds, Nickel Seeds
mysticalagriculture:constantan_seeds, Constantan Seeds
mysticalagriculture:electrum_seeds, Electrum Seeds
mysticalagriculture:invar_seeds, Invar Seeds
mysticalagriculture:mithril_seeds, Mithril Seeds
mysticalagriculture:uranium_seeds, Uranium Seeds
mysticalagriculture:platinum_seeds, Platinum Seeds
mysticalagriculture:iridium_seeds, Iridium Seeds
mysticalagriculture:blizz_seeds, Blizz Seeds
mysticalagriculture:blitz_seeds, Blitz Seeds
mysticalagriculture:basalz_seeds, Basalz Seeds
mysticalagriculture:signalum_seeds, Signalum Seeds
mysticalagriculture:lumium_seeds, Lumium Seeds
mysticalagriculture:enderium_seeds, Enderium Seeds
mysticalagriculture:aluminum_brass_seeds, Aluminum Brass Seeds
mysticalagriculture:knightslime_seeds, Knightslime Seeds
mysticalagriculture:ardite_seeds, Ardite Seeds
mysticalagriculture:cobalt_seeds, Cobalt Seeds
mysticalagriculture:manyullyn_seeds, Manyullyn Seeds
mysticalagriculture:grains_of_infinity_seeds, Grains of Infinity Seeds
mysticalagriculture:electrical_steel_seeds, Electrical Steel Seeds
mysticalagriculture:redstone_alloy_seeds, Redstone Alloy Seeds
mysticalagriculture:conductive_iron_seeds, Conductive Iron Seeds
mysticalagriculture:soularium_seeds, Soularium Seeds
mysticalagriculture:dark_steel_seeds, Dark Steel Seeds
mysticalagriculture:pulsating_iron_seeds, Pulsating Iron Seeds
mysticalagriculture:energetic_alloy_seeds, Energetic Alloy Seeds
mysticalagriculture:vibrant_alloy_seeds, Vibrant Alloy Seeds
mysticalagriculture:end_steel_seeds, End Steel Seeds
mysticalagriculture:mystical_flower_seeds, Mystical Flower Seeds
mysticalagriculture:manasteel_seeds, Manasteel Seeds
mysticalagriculture:elementium_seeds, Elementium Seeds
mysticalagriculture:terrasteel_seeds, Terrasteel Seeds
mysticalagriculture:marble_seeds, Marble Seeds
mysticalagriculture:steeleaf_seeds, Steeleaf Seeds
mysticalagriculture:ironwood_seeds, Ironwood Seeds
mysticalagriculture:knightmetal_seeds, Knightmetal Seeds
mysticalagriculture:fiery_ingot_seeds, Fiery Ingot Seeds
mysticalagriculture:thorium_seeds, Thorium Seeds
mysticalagriculture:boron_seeds, Boron Seeds
mysticalagriculture:lithium_seeds, Lithium Seeds
mysticalagriculture:magnesium_seeds, Magnesium Seeds
mysticalagriculture:black_quartz_seeds, Black Quartz Seeds
mysticalagriculture:aquamarine_seeds, Aquamarine Seeds
mysticalagriculture:starmetal_seeds, Starmetal Seeds
mysticalagriculture:rock_crystal_seeds, Rock Crystal Seeds
mysticalagriculture:ender_biotite_seeds, Ender Biotite Seeds
mysticalagriculture:draconium_seeds, Draconium Seeds
mysticalagriculture:sky_stone_seeds, Sky Stone Seeds
mysticalagriculture:certus_quartz_seeds, Certus Quartz Seeds
mysticalagriculture:fluix_seeds, Fluix Seeds
mysticalagriculture:gear:0, §eInferium Tool Core
mysticalagriculture:gear:1, §aPrudentium Tool Core
mysticalagriculture:gear:2, §6Intermedium Tool Core
mysticalagriculture:gear:3, §bSuperium Tool Core
mysticalagriculture:gear:4, §cSupremium Tool Core
mysticalagriculture:gear:5, §eInferium Armor Core
mysticalagriculture:gear:6, §aPrudentium Armor Core
mysticalagriculture:gear:7, §6Intermedium Armor Core
mysticalagriculture:gear:8, §bSuperium Armor Core
mysticalagriculture:gear:9, §cSupremium Armor Core
mysticalagriculture:gear:15, §eInferium Arrow Head
mysticalagriculture:gear:16, §aPrudentium Arrow Head
mysticalagriculture:gear:17, §6Intermedium Arrow Head
mysticalagriculture:gear:18, §bSuperium Arrow Head
mysticalagriculture:gear:19, §cSupremium Arrow Head
mysticalagriculture:charm:0, Blank Charm
mysticalagriculture:charm:1, Charm: Night Vision
mysticalagriculture:charm:2, Charm: Absorption
mysticalagriculture:charm:3, Charm: Wither Resistance
mysticalagriculture:charm:4, Charm: Antivenom
mysticalagriculture:charm:5, Charm: Fire Resistance
mysticalagriculture:charm:6, Charm: Resistance
mysticalagriculture:charm:7, Charm: Strength
mysticalagriculture:charm:8, Charm: Strength 2
mysticalagriculture:charm:9, Charm: Speed
mysticalagriculture:charm:10, Charm: Jump Boost
mysticalagriculture:charm:11, Charm: Miner's Vision
mysticalagriculture:charm:12, Charm: Rainbow
mysticalagriculture:charm:13, Charm: Quick Draw
mysticalagriculture:charm:14, Charm: Triple Shot
mysticalagriculture:charm:15, Charm: Mining AOE
mysticalagriculture:charm:16, Charm: Attack AOE
mysticalagriculture:charm:17, Charm: Tilling AOE
mysticalagriculture:charm:18, Charm: Shearing AOE
mysticalagriculture:charm:19, Charm: Reaping AOE
mysticalagriculture:charm:20, Charm: Scything AOE
mysticalagriculture:inferium_arrow, §eInferium Arrow
mysticalagriculture:prudentium_arrow, §aPrudentium Arrow
mysticalagriculture:intermedium_arrow, §6Intermedium Arrow
mysticalagriculture:superium_arrow, §bSuperium Arrow
mysticalagriculture:supremium_arrow, §cSupremium Arrow
mysticalagriculture:inferium_sword, §eInferium Sword
mysticalagriculture:inferium_pickaxe, §eInferium Pickaxe
mysticalagriculture:inferium_shovel, §eInferium Shovel
mysticalagriculture:inferium_axe, §eInferium Axe
mysticalagriculture:inferium_hoe, §eInferium Hoe
mysticalagriculture:inferium_shears, §eInferium Shears
mysticalagriculture:inferium_bow, §eInferium Bow
mysticalagriculture:inferium_sickle, §eInferium Sickle
mysticalagriculture:inferium_scythe, §eInferium Scythe
mysticalagriculture:inferium_fishing_rod, §eInferium Fishing Rod
mysticalagriculture:prudentium_sword, §aPrudentium Sword
mysticalagriculture:prudentium_pickaxe, §aPrudentium Pickaxe
mysticalagriculture:prudentium_shovel, §aPrudentium Shovel
mysticalagriculture:prudentium_axe, §aPrudentium Axe
mysticalagriculture:prudentium_hoe, §aPrudentium Hoe
mysticalagriculture:prudentium_shears, §aPrudentium Shears
mysticalagriculture:prudentium_bow, §aPrudentium Bow
mysticalagriculture:prudentium_sickle, §aPrudentium Sickle
mysticalagriculture:prudentium_scythe, §aPrudentium Scythe
mysticalagriculture:prudentium_fishing_rod, §aPrudentium Fishing Rod
mysticalagriculture:intermedium_sword, §6Intermedium Sword
mysticalagriculture:intermedium_pickaxe, §6Intermedium Pickaxe
mysticalagriculture:intermedium_shovel, §6Intermedium Shovel
mysticalagriculture:intermedium_axe, §6Intermedium Axe
mysticalagriculture:intermedium_hoe, §6Intermedium Hoe
mysticalagriculture:intermedium_shears, §6Intermedium Shears
mysticalagriculture:intermedium_bow, §6Intermedium Bow
mysticalagriculture:intermedium_sickle, §6Intermedium Sickle
mysticalagriculture:intermedium_scythe, §6Intermedium Scythe
mysticalagriculture:intermedium_fishing_rod, §6Intermedium Fishing Rod
mysticalagriculture:superium_sword, §bSuperium Sword
mysticalagriculture:superium_pickaxe, §bSuperium Pickaxe
mysticalagriculture:superium_shovel, §bSuperium Shovel
mysticalagriculture:superium_axe, §bSuperium Axe
mysticalagriculture:superium_hoe, §bSuperium Hoe
mysticalagriculture:superium_shears, §bSuperium Shears
mysticalagriculture:superium_bow, §bSuperium Bow
mysticalagriculture:superium_sickle, §bSuperium Sickle
mysticalagriculture:superium_scythe, §bSuperium Scythe
mysticalagriculture:superium_fishing_rod, §bSuperium Fishing Rod
mysticalagriculture:supremium_sword, §cSupremium Sword
mysticalagriculture:supremium_pickaxe, §cSupremium Pickaxe
mysticalagriculture:supremium_shovel, §cSupremium Shovel
mysticalagriculture:supremium_axe, §cSupremium Axe
mysticalagriculture:supremium_hoe, §cSupremium Hoe
mysticalagriculture:supremium_shears, §cSupremium Shears
mysticalagriculture:supremium_bow, §cSupremium Bow
mysticalagriculture:supremium_sickle, §cSupremium Sickle
mysticalagriculture:supremium_scythe, §cSupremium Scythe
mysticalagriculture:supremium_fishing_rod, §cSupremium Fishing Rod
mysticalagriculture:inferium_helmet, §eInferium Helmet
mysticalagriculture:inferium_chestplate, §eInferium Chestplate
mysticalagriculture:inferium_leggings, §eInferium Leggings
mysticalagriculture:inferium_boots, §eInferium Boots
mysticalagriculture:prudentium_helmet, §aPrudentium Helmet
mysticalagriculture:prudentium_chestplate, §aPrudentium Chestplate
mysticalagriculture:prudentium_leggings, §aPrudentium Leggings
mysticalagriculture:prudentium_boots, §aPrudentium Boots
mysticalagriculture:intermedium_helmet, §6Intermedium Helmet
mysticalagriculture:intermedium_chestplate, §6Intermedium Chestplate
mysticalagriculture:intermedium_leggings, §6Intermedium Leggings
mysticalagriculture:intermedium_boots, §6Intermedium Boots
mysticalagriculture:superium_helmet, §bSuperium Helmet
mysticalagriculture:superium_chestplate, §bSuperium Chestplate
mysticalagriculture:superium_leggings, §bSuperium Leggings
mysticalagriculture:superium_boots, §bSuperium Boots
mysticalagriculture:supremium_helmet, §cSupremium Helmet
mysticalagriculture:supremium_chestplate, §cSupremium Chestplate
mysticalagriculture:supremium_leggings, §cSupremium Leggings
mysticalagriculture:supremium_boots, §cSupremium Boots
mysticalagradditions:storage:0, §5Block of Insanium Essence
mysticalagradditions:storage:1, §5Block of Insanium
mysticalagradditions:storage:2, §5Block of Insanium Coal
mysticalagradditions:special:0, Nether Star Crux
mysticalagradditions:special:1, Dragon Egg Crux
mysticalagradditions:special:4, Awakened Draconium Crux
mysticalagradditions:tinkering_table, Tinkering Table
mysticalagradditions:tier6_inferium_crop, Tier 6 Inferium Crop
mysticalagradditions:nether_star_crop, Nether Star Crop
mysticalagradditions:dragon_egg_crop, Dragon Egg Crop
mysticalagradditions:awakened_draconium_crop, Awakened Draconium Crop
mysticalagradditions:insanium:0, §5Insanium Essence
mysticalagradditions:insanium:1, Tier 6 Crafting Seed
mysticalagradditions:insanium:2, §5Insanium Ingot
mysticalagradditions:insanium:3, §5Insanium Nugget
mysticalagradditions:insanium:4, Tier 6 Mob Chunk
mysticalagradditions:insanium:5, §5Insanium Coal
mysticalagradditions:stuff:0, Nether Star Shard
mysticalagradditions:stuff:1, Withering Soul
mysticalagradditions:stuff:2, Dragon Egg Chunk
mysticalagradditions:stuff:3, Dragon Scale
mysticalagradditions:stuff:69, Creative Essence
mysticalagradditions:nether_star_essence, Nether Star Essence
mysticalagradditions:dragon_egg_essence, Dragon Egg Essence
mysticalagradditions:awakened_draconium_essence, Awakened Draconium Essence
mysticalagradditions:tier6_inferium_seeds, Inferium Seeds
mysticalagradditions:nether_star_seeds, Nether Star Seeds
mysticalagradditions:dragon_egg_seeds, Dragon Egg Seeds
mysticalagradditions:awakened_draconium_seeds, Awakened Draconium Seeds
mysticalagradditions:charm:0, Charm: Mining AOE
mysticalagradditions:inferium_paxel, §eInferium Paxel
mysticalagradditions:prudentium_paxel, §aPrudentium Paxel
mysticalagradditions:intermedium_paxel, §6Intermedium Paxel
mysticalagradditions:superium_paxel, §bSuperium Paxel
mysticalagradditions:supremium_paxel, §cSupremium Paxel
projecte:alchemical_chest, Alchemical Chest
projecte:collector_mk1, Energy Collector MK1
projecte:collector_mk2, Energy Collector MK2
projecte:collector_mk3, Energy Collector MK3
projecte:condenser_mk1, Energy Condenser
projecte:condenser_mk2, Energy Condenser MK2
projecte:dm_furnace, Dark Matter Furnace
projecte:dm_pedestal, Dark Matter Pedestal
projecte:fuel_block:0, Alchemical Coal Block
projecte:fuel_block:1, Mobius Fuel Block
projecte:fuel_block:2, Aeternalis Fuel Block
projecte:interdiction_torch, Interdiction Torch
projecte:matter_block:0, Dark Matter Block
projecte:matter_block:1, Red Matter Block
projecte:nova_catalyst, Nova Catalyst
projecte:nova_cataclysm, Nova Cataclysm
projecte:relay_mk1, Anti-Matter Relay MK1
projecte:relay_mk2, Anti-Matter Relay MK2
projecte:relay_mk3, Anti-Matter Relay MK3
projecte:rm_furnace, Red Matter Furnace
projecte:transmutation_table, Transmutation Table
projecte:item.pe_philosophers_stone, Philosopher's Stone
projecte:item.pe_alchemical_bag:0, Alchemical Bag (White)
projecte:item.pe_alchemical_bag:1, Alchemical Bag (Orange)
projecte:item.pe_alchemical_bag:2, Alchemical Bag (Magenta)
projecte:item.pe_alchemical_bag:3, Alchemical Bag (Light Blue)
projecte:item.pe_alchemical_bag:4, Alchemical Bag (Yellow)
projecte:item.pe_alchemical_bag:5, Alchemical Bag (Lime)
projecte:item.pe_alchemical_bag:6, Alchemical Bag (Pink)
projecte:item.pe_alchemical_bag:7, Alchemical Bag (Gray)
projecte:item.pe_alchemical_bag:8, Alchemical Bag (Light Gray)
projecte:item.pe_alchemical_bag:9, Alchemical Bag (Cyan)
projecte:item.pe_alchemical_bag:10, Alchemical Bag (Purple)
projecte:item.pe_alchemical_bag:11, Alchemical Bag (Blue)
projecte:item.pe_alchemical_bag:12, Alchemical Bag (Brown)
projecte:item.pe_alchemical_bag:13, Alchemical Bag (Green)
projecte:item.pe_alchemical_bag:14, Alchemical Bag (Red)
projecte:item.pe_alchemical_bag:15, Alchemical Bag (Black)
projecte:item.pe_repair_talisman, Repair Talisman
projecte:item.pe_klein_star:0, Klein Star Ein
projecte:item.pe_klein_star:1, Klein Star Zwei
projecte:item.pe_klein_star:2, Klein Star Drei
projecte:item.pe_klein_star:3, Klein Star Vier
projecte:item.pe_klein_star:4, Klein Star Sphere
projecte:item.pe_klein_star:5, Klein Star Omega
projecte:item.pe_fuel:0, Alchemical Coal
projecte:item.pe_fuel:1, Mobius Fuel
projecte:item.pe_fuel:2, Aeternalis Fuel
projecte:item.pe_covalence_dust:0, Low Covalence Dust
projecte:item.pe_covalence_dust:1, Medium Covalence Dust
projecte:item.pe_covalence_dust:2, High Covalence Dust
projecte:item.pe_matter:0, Dark Matter
projecte:item.pe_matter:1, Red Matter
projecte:item.pe_dm_pick, Dark Matter Pickaxe
projecte:item.pe_dm_axe, Dark Matter Axe
projecte:item.pe_dm_shovel, Dark Matter Shovel
projecte:item.pe_dm_sword, Dark Matter Sword
projecte:item.pe_dm_hoe, Dark Matter Hoe
projecte:item.pe_dm_shears, Dark Matter Shears
projecte:item.pe_dm_hammer, Dark Matter Hammer
projecte:item.pe_rm_pick, Red Matter Pickaxe
projecte:item.pe_rm_axe, Red Matter Axe
projecte:item.pe_rm_shovel, Red Matter Shovel
projecte:item.pe_rm_sword, Red Matter Sword
projecte:item.pe_rm_hoe, Red Matter Hoe
projecte:item.pe_rm_shears, Red Matter Shears
projecte:item.pe_rm_hammer, Red Matter Hammer
projecte:item.pe_rm_katar, Red Katar
projecte:item.pe_rm_morning_star, Red Morningstar
projecte:item.pe_dm_armor_3, Dark Matter Helmet
projecte:item.pe_dm_armor_2, Dark Matter Chestplate
projecte:item.pe_dm_armor_1, Dark Matter Leggings
projecte:item.pe_dm_armor_0, Dark Matter Boots
projecte:item.pe_rm_armor_3, Red Matter Helmet
projecte:item.pe_rm_armor_2, Red Matter Chestplate
projecte:item.pe_rm_armor_1, Red Matter Leggings
projecte:item.pe_rm_armor_0, Red Matter Boots
projecte:item.pe_gem_armor_3, Gem Helmet
projecte:item.pe_gem_armor_2, Gem Chestplate
projecte:item.pe_gem_armor_1, Gem Leggings
projecte:item.pe_gem_armor_0, Gem Boots
projecte:item.pe_ring_iron_band, Iron Band
projecte:item.pe_black_hole, Black Hole Band
projecte:item.pe_archangel_smite, Archangel's Smite
projecte:item.pe_harvest_god, Harvest Goddess Band
projecte:item.pe_ignition, Ignition Ring
projecte:item.pe_zero_ring, Zero Ring
projecte:item.pe_swrg, Swiftwolf's Rending Gale
projecte:item.pe_time_watch, Watch of Flowing Time
projecte:item.pe_gem_density, Gem of Eternal Density
projecte:item.pe_divining_rod_1, Divining Rod (low)
projecte:item.pe_divining_rod_2, Divining Rod (medium)
projecte:item.pe_divining_rod_3, Divining Rod (high)
projecte:item.pe_mercurial_eye, Mercurial Eye
projecte:item.pe_void_ring, Void Ring
projecte:item.pe_arcana_ring, Ring of Arcana
projecte:item.pe_body_stone, Body Stone
projecte:item.pe_soul_stone, Soul Stone
projecte:item.pe_mind_stone, Mind Stone
projecte:item.pe_life_stone, Life Stone
projecte:item.pe_evertide_amulet, Evertide Amulet
projecte:item.pe_volcanite_amulet, Volcanite Amulet
projecte:item.pe_water_orb, Water Orb
projecte:item.pe_lava_orb, Lava Orb
projecte:item.pe_randomizer, Randomizer Orb
projecte:item.pe_lens_explosive, Explosive Lens
projecte:item.pe_fire_projectile, item.pe_fire_projectile.name
projecte:item.pe_wind_projectile, item.pe_wind_projectile.name
projecte:item.pe_destruction_catalyst, Destruction Catalyst
projecte:item.pe_hyperkinetic_lens, Hyperkinetic Lens
projecte:item.pe_catalitic_lens, Catalytic Lens
projecte:item.pe_tome, Tome of Knowledge
projecte:item.pe_transmutation_tablet, Transmutation Tablet
projecte:item.pe_manual, Book of the Alchemist [WIP]
rftools:smartwrench, Smart Wrench
rftools:rftools_manual, RFTools Manual
rftools:rftools_shape_manual, RFTools Shape Manual
rftools:dimensional_shard, Dimensional Shard
rftools:shard_wand, Shard Wand
rftools:infused_diamond, Infused Diamond
rftools:infused_enderpearl, Infused Enderpearl
rftools:syringe, Syringe
rftools:peace_essence, Peace Essence
rftools:developers_delight, Developers Delight
rftools:network_monitor, RF Network Monitor
rftools:modifier_module, Modifier
rftools:storage_module_tablet, Storage Tablet
rftools:storage_module:0, Tier 1 Storage Module
rftools:storage_module:1, Tier 2 Storage Module
rftools:storage_module:2, Tier 3 Storage Module
rftools:storage_module:6, Remote Storage Module
rftools:oredict_module, Ore Dictionary Type Module
rftools:generic_module, Generic Type Module
rftools:filter_module, Filter Module
rftools:teleport_probe, Teleporter Probe
rftools:charged_porter, Charged Porter
rftools:advanced_charged_porter, Advanced Charged Porter
rftools:text_module, Text Screen Module
rftools:inventory_module, Inventory Screen Module
rftools:inventoryplus_module, Inventory Plus Screen Module
rftools:energy_module, Energy Screen Module
rftools:energyplus_module, Energy Plus Screen Module
rftools:clock_module, Clock Screen Module
rftools:fluid_module, Fluid Screen Module
rftools:fluidplus_module, Fluid Plus Screen Module
rftools:machineinformation_module, Machine Information Screen Module
rftools:computer_module, Computer Screen Module
rftools:button_module, Button Screen Module
rftools:elevator_button_module, Elevator Button Screen Module
rftools:redstone_module, Redstone Screen Module
rftools:counter_module, Counter Screen Module
rftools:counterplus_module, Counter Plus Screen Module
rftools:storage_control_module, Storage Control Screen Module
rftools:dump_module, Dump Screen Module
rftools:space_chamber_card, Space Chamber Card
rftools:shape_card:0, Shape Card
rftools:shape_card:1, Shape Card (Void)
rftools:shape_card:2, Shape Card (Quarry)
rftools:shape_card:3, Shape Card (Silk Quarry)
rftools:shape_card:4, Shape Card (Fortune Quarry)
rftools:shape_card:5, Shape Card (Clearing Quarry)
rftools:shape_card:6, Shape Card (Clearing Silk Quarry)
rftools:shape_card:7, Shape Card (Clearing Fortune Quarry)
rftools:shape_card:8, Shape Card (Pump)
rftools:shape_card:9, Shape Card (Clearing Pump)
rftools:shape_card:10, Shape Card (Placing Liquids)
rftools:powercell_card, Powercell Card
rftools:regeneration_module, Regeneration Environmental Module
rftools:regenerationplus_module, Regeneration Plus Environmental Module
rftools:speed_module, Speed Environmental Module
rftools:speedplus_module, Speed Plus Environmental Module
rftools:haste_module, Haste Environmental Module
rftools:hasteplus_module, Haste Plus Environmental Module
rftools:saturation_module, Saturation Environmental Module
rftools:saturationplus_module, Saturation Plus Environmental Module
rftools:featherfalling_module, Feather Falling Environmental Module
rftools:featherfallingplus_module, Feather Falling Plus Environmental Module
rftools:flight_module, Flight Environmental Module
rftools:peaceful_module, Peaceful Environmental Module
rftools:waterbreathing_module, Water Breathing Environmental Module
rftools:nightvision_module, Night Vision Environmental Module
rftools:blindness_module, Blindness Environmental Module
rftools:weakness_module, Weakness Environmental Module
rftools:poison_module, Poison Environmental Module
rftools:slowness_module, Slowness Environmental Module
rftools:glowing_module, Glowing Environmental Module
rftools:luck_module, Luck Environmental Module
rftools:noteleport_module, No Teleport Environmental Module
rftools:orphaning_card, Orphaning Card
rftools:security_card, Security Card
rftools:machine_frame, Machine Frame
rftools:machine_base, Machine Base
rftools:dimensional_shard_ore:0, Dimensional Shard Ore
rftools:dimensional_shard_ore:1, Dimensional Shard Ore
rftools:dimensional_shard_ore:2, Dimensional Shard Ore
rftools:coalgenerator, Coal Generator
rftools:crafter1, Crafter Tier 1
rftools:crafter2, Crafter Tier 2
rftools:crafter3, Crafter Tier 3
rftools:modular_storage, Modular Storage
rftools:remote_storage, Remote Storage
rftools:storage_terminal, Storage Terminal
rftools:level_emitter, Level Emitter
rftools:matter_transmitter, Matter Transmitter
rftools:matter_receiver, Matter Receiver
rftools:dialing_device, Dialing Device
rftools:simple_dialer, Simple Dialer
rftools:destination_analyzer, Destination Analyzer
rftools:matter_booster, Matter Booster
rftools:screen, Screen
rftools:creative_screen, Creative Screen
rftools:screen_controller, Screen Controller
rftools:redstone_transmitter_block, Redstone Transmitter
rftools:redstone_receiver_block, Redstone Receiver
rftools:sequencer_block, Sequencer
rftools:counter_block, Counter
rftools:logic_block, Logic Gate
rftools:invchecker_block, Inventory Checker
rftools:sensor_block, Sensor
rftools:analog_block, Analog
rftools:digit_block, Digit
rftools:wire_block, Wire
rftools:timer_block, Timer
rftools:machine_infuser, Machine Infuser
rftools:space_chamber, Space Chamber Corner Block
rftools:space_chamber_controller, Space Chamber Controller Block
rftools:support_block, Support Block
rftools:builder, Builder
rftools:composer, Composer
rftools:locator, Locator
rftools:projector, Projector
rftools:scanner, Scanner
rftools:remote_scanner, Remote Scanner
rftools:powercell, Powercell
rftools:powercell_advanced, Advanced Powercell
rftools:powercell_creative, Creative Powercell
rftools:powercell_simple, Simple Powercell
rftools:relay, Power Relay
rftools:rf_monitor, RF Monitor
rftools:liquid_monitor, Liquid Monitor
rftools:shield_block1, Shield Projector Tier 1
rftools:shield_block2, Shield Projector Tier 2
rftools:shield_block3, Shield Projector Tier 3
rftools:shield_block4, Shield Projector Tier 4
rftools:invisible_shield_block, Invisible Shield Block
rftools:notick_invisible_shield_block, Invisible Shield Block
rftools:invisible_shield_block_opaque, Invisible Shield Block
rftools:notick_invisible_shield_block_opaque, Invisible Shield Block
rftools:shield_template_block:0, Shield Template
rftools:shield_template_block:1, Shield Template
rftools:shield_template_block:2, Shield Template
rftools:shield_template_block:3, Shield Template
rftools:solid_shield_block, Solid Shield Block
rftools:notick_solid_shield_block, Solid Shield Block
rftools:camo_shield_block, Camo Shield Block
rftools:notick_camo_shield_block, Camo Shield Block
rftools:solid_shield_block_opaque, Solid Shield Block
rftools:notick_solid_shield_block_opaque, Solid Shield Block
rftools:camo_shield_block_opaque, Camo Shield Block
rftools:notick_camo_shield_block_opaque, Camo Shield Block
rftools:environmental_controller, Environmental Controller
rftools:spawner, Spawner
rftools:matter_beamer, Matter Beamer
rftools:block_protector, Block Protector
rftools:item_filter, Item Filter
rftools:security_manager, Security Manager
rftools:endergenic, Endergenic Generator
rftools:pearl_injector, Pearl Injector
rftools:ender_monitor, Ender Monitor
rftools:storage_scanner, Storage Scanner
rftools:elevator, Elevator
rftools:booster, Booster
rftoolsdim:dimlet_base, Dimlet Base Part
rftoolsdim:dimlet_control_circuit:0, Dimlet Control Circuit Rarity 0
rftoolsdim:dimlet_control_circuit:1, Dimlet Control Circuit Rarity 1
rftoolsdim:dimlet_control_circuit:2, Dimlet Control Circuit Rarity 2
rftoolsdim:dimlet_control_circuit:3, Dimlet Control Circuit Rarity 3
rftoolsdim:dimlet_control_circuit:4, Dimlet Control Circuit Rarity 4
rftoolsdim:dimlet_control_circuit:5, Dimlet Control Circuit Rarity 5
rftoolsdim:dimlet_control_circuit:6, Dimlet Control Circuit Rarity 6
rftoolsdim:dimlet_energy_module:0, Dimlet Basic Energy Module
rftoolsdim:dimlet_energy_module:1, Dimlet Regular Energy Module
rftoolsdim:dimlet_energy_module:2, Dimlet Advanced Energy Module
rftoolsdim:dimlet_memory_unit:0, Dimlet Basic Memory Unit
rftoolsdim:dimlet_memory_unit:1, Dimlet Regular Memory Unit
rftoolsdim:dimlet_memory_unit:2, Dimlet Advanced Memory Unit
rftoolsdim:dimlet_type_controller:0, Dimlet Biome Type Controller
rftoolsdim:dimlet_type_controller:1, Dimlet Liquid Type Controller
rftoolsdim:dimlet_type_controller:2, Dimlet Material Type Controller
rftoolsdim:dimlet_type_controller:3, Dimlet Mob Type Controller
rftoolsdim:dimlet_type_controller:4, Dimlet Sky Type Controller
rftoolsdim:dimlet_type_controller:5, Dimlet Structure Type Controller
rftoolsdim:dimlet_type_controller:6, Dimlet Terrain Type Controller
rftoolsdim:dimlet_type_controller:7, Dimlet Feature Type Controller
rftoolsdim:dimlet_type_controller:8, Dimlet Time Type Controller
rftoolsdim:dimlet_type_controller:9, Dimlet Digit Type Controller
rftoolsdim:dimlet_type_controller:10, Dimlet Effect Type Controller
rftoolsdim:dimlet_type_controller:11, Dimlet Special Type Controller
rftoolsdim:dimlet_type_controller:12, Dimlet Controller Type Controller
rftoolsdim:dimlet_type_controller:13, Dimlet Weather Type Controller
rftoolsdim:dimlet_type_controller:14, Dimlet Patreon Type Controller
rftoolsdim:structure_essence:0, Structure None Essence
rftoolsdim:structure_essence:1, Structure Village Essence
rftoolsdim:structure_essence:2, Structure Stronghold Essence
rftoolsdim:structure_essence:3, Structure Dungeon Essence
rftoolsdim:structure_essence:4, Structure Fortress Essence
rftoolsdim:structure_essence:5, Structure Mineshaft Essence
rftoolsdim:structure_essence:6, Structure Scattered Essence
rftoolsdim:structure_essence:7, Structure Ocean Monument Essence
rftoolsdim:structure_essence:8, Structure Swamp Hut Essence
rftoolsdim:structure_essence:9, Structure Desert Temple Essence
rftoolsdim:structure_essence:10, Structure Jungle Temple Essence
rftoolsdim:structure_essence:11, Structure Igloo Essence
rftoolsdim:known_dimlet:9, Digit Dimlet (8)
rftoolsdim:known_dimlet:1, Liquid Dimlet (Water)
rftoolsdim:known_dimlet:9, Digit Dimlet (7)
rftoolsdim:known_dimlet:9, Digit Dimlet (6)
rftoolsdim:known_dimlet:9, Digit Dimlet (5)
rftoolsdim:known_dimlet:9, Digit Dimlet (4)
rftoolsdim:known_dimlet:9, Digit Dimlet (3)
rftoolsdim:known_dimlet:9, Digit Dimlet (2)
rftoolsdim:known_dimlet:9, Digit Dimlet (1)
rftoolsdim:known_dimlet:9, Digit Dimlet (0)
rftoolsdim:known_dimlet:4, Sky Dimlet (Normal)
rftoolsdim:known_dimlet:10, Effect Dimlet (None)
rftoolsdim:known_dimlet:13, Weather Dimlet (Default)
rftoolsdim:known_dimlet:4, Sky Dimlet (Normal night)
rftoolsdim:known_dimlet:12, Controller Dimlet (Default)
rftoolsdim:known_dimlet:6, Terrain Dimlet (Void)
rftoolsdim:known_dimlet:2, Material Dimlet (Stone)
rftoolsdim:known_dimlet:9, Digit Dimlet (9)
rftoolsdim:known_dimlet:4, Sky Dimlet (Normal day)
rftoolsdim:known_dimlet:3, Mob Dimlet (Default)
rftoolsdim:known_dimlet:8, Time Dimlet (Normal)
rftoolsdim:known_dimlet:5, Structure Dimlet (None)
rftoolsdim:known_dimlet:12, Controller Dimlet (Single)
rftoolsdim:known_dimlet:7, Feature Dimlet (None)
rftoolsdim:known_dimlet:6, Terrain Dimlet (Flat)
rftoolsdim:efficiency_essence, Efficiency Essence
rftoolsdim:mediocre_efficiency_essence, Mediocre Efficiency Essence
rftoolsdim:empty_dimension_tab, Empty Dimension Tab
rftoolsdim:realized_dimension_tab, Realized Dimension Tab
rftoolsdim:dimlet_template, Dimlet Template
rftoolsdim:dimlet_parcel, Dimlet Parcel
rftoolsdim:rftoolsdim_manual, RFTools Dimension Manual
rftoolsdim:dimension_monitor, Dimension Monitor
rftoolsdim:dimension_module, Dimension Screen Module
rftoolsdim:phased_field_generator, Phased Field Generator
rftoolsdim:dimensional_blank_block, Dimensional Blank Block
rftoolsdim:dimensional_block, Dimensional Block
rftoolsdim:dimensional_cross2_block, Dimensional Cross 2 Block
rftoolsdim:dimensional_cross_block, Dimensional Cross Block
rftoolsdim:dimensional_pattern1_block, Dimensional Pattern 1 Block
rftoolsdim:dimensional_pattern2_block, Dimensional Pattern 2 Block
rftoolsdim:dimensional_small_blocks, Dimensional Small Blocks
rftoolsdim:dimension_enscriber, Dimension Enscriber
rftoolsdim:dimension_builder, Dimension Builder
rftoolsdim:dimension_editor, Dimension Editor
rftoolsdim:dimlet_workbench, Dimlet Workbench
rftoolsdim:activity_probe, Activity Probe
rftoolsdim:energy_extractor, Energy Extractor
rftoolsdim:material_absorber, Material Absorber
rftoolsdim:liquid_absorber, Liquid Absorber
rftoolsdim:biome_absorber, Biome Absorber
rftoolsdim:terrain_absorber, Terrain Absorber
rftoolsdim:feature_absorber, Feature Absorber
rftoolsdim:time_absorber, Time Absorber
rftoolsdim:fake_water, retaW
rftoolsdim:fake_gravel, levarG
rftoolsdim:fake_sand, dnaS
woot:die:0, Mesh Die
woot:die:1, Plate Die
woot:die:2, Core Die
woot:die:3, Shard Die
woot:factorycore:0, Heart Core
woot:factorycore:1, Controller Core
woot:factorycore:2, Tier I Upgrade Core
woot:factorycore:3, Tier II Upgrade Core
woot:factorycore:4, Tier III Upgrade Core
woot:factorycore:5, Power Core
woot:factorycore:6, Cap Core
woot:factorybase, Factory Base
woot:stygianironingot, Stygian Iron Ingot
woot:stygianironplate, Stygian Iron Plate
woot:endershard, Ender Shard
woot:prism, Prism
woot:soulsanddust, Soul Dust
woot:stygianirondust, Stygian Iron Dust
woot:shard:0, Diamond Shard
woot:shard:1, Emerald Shard
woot:shard:2, Quartz Shard
woot:shard:3, Nether Star Shard
woot:shard:4, Tier II Shard
woot:shard:5, Tier III Shard
woot:shard:6, Tier IV Shard
woot:yahhammer, Ya Hammer
woot:xpshard, XP Shard (16XP)
woot:fakemanual, Readme
woot:builder, The Intern
woot:anvil, Stygian Iron Anvil
woot:layout, Factory Layout
woot:factory, Factory Heart
woot:soulstone, Soul Stone
woot:stygianiron, Stygian Iron Block
woot:stygianironore, Stygian Iron Ore
woot:importer, Factory Importer
woot:exporter, Factory Exporter
woot:controller, Factory Controller
woot:structure:0, Factory Flesh Casing
woot:structure:1, Factory Bone Casing
woot:structure:2, Factory Blaze Casing
woot:structure:3, Factory Ender Casing
woot:structure:4, Factory Nether Casing
woot:structure:5, Factory Upgrade Base
woot:structure:6, Factory Tier I Cap
woot:structure:7, Factory Tier II Cap
woot:structure:8, Factory Tier III Cap
woot:structure:9, Factory Tier IV Cap
woot:cell:0, Basic Power Cell
woot:cell:1, Advanced Power Cell
woot:cell:2, Premium Power Cell
woot:upgrade:0, Rate I Upgrade
woot:upgrade:1, Rate II Upgrade
woot:upgrade:2, Rate III Upgrade
woot:upgrade:3, Looting I Upgrade
woot:upgrade:4, Looting II Upgrade
woot:upgrade:5, Looting III Upgrade
woot:upgrade:6, XP I Upgrade
woot:upgrade:7, XP II Upgrade
woot:upgrade:8, XP III Upgrade
woot:upgrade:9, Mass I Upgrade
woot:upgrade:10, Mass II Upgrade
woot:upgrade:11, Mass III Upgrade
woot:upgrade:12, Decapitate I Upgrade
woot:upgrade:13, Decapitate II Upgrade
woot:upgrade:14, Decapitate III Upgrade
woot:upgradeb:0, Efficiency I Upgrade
woot:upgradeb:1, Efficiency II Upgrade
woot:upgradeb:2, Efficiency III Upgrade
woot:upgradeb:3, Blood Magic Life Essence Tank I Upgrade
woot:upgradeb:4, Blood Magic Life Essence Tank II Upgrade
woot:upgradeb:5, Blood Magic Life Essence Tank III Upgrade
woot:upgradeb:6, Blood Magic Life Essence Altar I Upgrade
woot:upgradeb:7, Blood Magic Life Essence Altar II Upgrade
woot:upgradeb:8, Blood Magic Life Essence Altar III Upgrade
woot:upgradeb:9, EvilCraft Blood Tank I Upgrade
woot:upgradeb:10, EvilCraft Blood Tank II Upgrade
woot:upgradeb:11, EvilCraft Blood Tank III Upgrade
woot:upgradeb:12, Blood Magic Crystal I Upgrade
woot:upgradeb:13, Blood Magic Crystal II Upgrade
woot:upgradeb:14, Blood Magic Crystal III Upgrade
xnet:xnet_manual, XNet Manual
xnet:connector_upgrade, Connector Upgrade Kit
xnet:facade, Facade
xnet:redstone_proxy, Redstone Proxy
xnet:redstone_proxy_upd, Redstone Proxy (update)
xnet:netcable:0, Blue Network Cable
xnet:netcable:1, Red Network Cable
xnet:netcable:2, Yellow Network Cable
xnet:netcable:3, Green Network Cable
xnet:netcable:4, Routing Network Cable
xnet:connector:0, Blue Connector
xnet:connector:1, Red Connector
xnet:connector:2, Yellow Connector
xnet:connector:3, Green Connector
xnet:connector:4, Routing Connector
xnet:advanced_connector:0, Advanced Blue Connector
xnet:advanced_connector:1, Advanced Red Connector
xnet:advanced_connector:2, Advanced Yellow Connector
xnet:advanced_connector:3, Advanced Green Connector
xnet:controller, Controller
xnet:router, Router
xnet:wireless_router, Wireless Router
xnet:antenna, Antenna
xnet:antenna_base, Antenna Base
xnet:antenna_dish, Antenna Dish
actuallyadditions:block_canola_oil, Canola Oil
actuallyadditions:block_refined_canola_oil, Refined Canola Oil
actuallyadditions:block_crystal_oil, Crystallized Oil
actuallyadditions:block_empowered_oil, Empowered Oil
actuallyadditions:block_crystal_cluster_redstone, Red Crystal Cluster
actuallyadditions:block_crystal_cluster_lapis, Blue Crystal Cluster
actuallyadditions:block_crystal_cluster_diamond, Light Blue Crystal Cluster
actuallyadditions:block_crystal_cluster_coal, Black Crystal Cluster
actuallyadditions:block_crystal_cluster_emerald, Green Crystal Cluster
actuallyadditions:block_crystal_cluster_iron, White Crystal Cluster
actuallyadditions:block_battery_box, Battery Box
actuallyadditions:block_item_viewer_hopping, Hopping Item Interface
actuallyadditions:block_farmer, Farmer
actuallyadditions:block_bio_reactor, Bio Reactor
actuallyadditions:block_empowerer, Empowerer
actuallyadditions:block_tiny_torch, Tiny Torch
actuallyadditions:block_shock_suppressor, Shock Absorber
actuallyadditions:block_display_stand, Display Stand
actuallyadditions:block_player_interface, Player Interface
actuallyadditions:block_item_viewer, Item Interface
actuallyadditions:block_firework_box, Firework Box
actuallyadditions:block_miner, Vertical Digger
actuallyadditions:block_atomic_reconstructor, Atomic Reconstructor
actuallyadditions:block_crystal:0, Restonia Crystal Block
actuallyadditions:block_crystal:1, Palis Crystal Block
actuallyadditions:block_crystal:2, Diamatine Crystal Block
actuallyadditions:block_crystal:3, Void Crystal Block
actuallyadditions:block_crystal:4, Emeradic Crystal Block
actuallyadditions:block_crystal:5, Enori Crystal Block
actuallyadditions:block_crystal_empowered:0, Empowered Restonia Crystal Block
actuallyadditions:block_crystal_empowered:1, Empowered Palis Crystal Block
actuallyadditions:block_crystal_empowered:2, Empowered Diamatine Crystal Block
actuallyadditions:block_crystal_empowered:3, Empowered Void Crystal Block
actuallyadditions:block_crystal_empowered:4, Empowered Emeradic Crystal Block
actuallyadditions:block_crystal_empowered:5, Empowered Enori Crystal Block
actuallyadditions:block_black_lotus, Black Lotus
actuallyadditions:block_laser_relay, Energy Laser Relay
actuallyadditions:block_laser_relay_advanced, Advanced Energy Laser Relay
actuallyadditions:block_laser_relay_extreme, Extreme Energy Laser Relay
actuallyadditions:block_laser_relay_fluids, Fluid Laser Relay
actuallyadditions:block_laser_relay_item, Item Laser Relay
actuallyadditions:block_laser_relay_item_whitelist, Advanced Item Laser Relay
actuallyadditions:block_ranged_collector, Ranged Collector
actuallyadditions:block_directional_breaker, Long-Range Breaker
actuallyadditions:block_leaf_generator, Leaf-Eating Generator
actuallyadditions:block_smiley_cloud, Smiley Cloud
actuallyadditions:block_xp_solidifier, Experience Solidifier
actuallyadditions:block_testifi_bucks_green_wall, Ethetic Green Block
actuallyadditions:block_testifi_bucks_white_wall, Ethetic Quartz
actuallyadditions:block_testifi_bucks_green_stairs, Ethetic Green Stairs
actuallyadditions:block_testifi_bucks_white_stairs, Ethetic Quartz Stairs
actuallyadditions:block_testifi_bucks_green_slab, Ethetic Green Slab
actuallyadditions:block_testifi_bucks_white_slab, Ethetic Quartz Slab
actuallyadditions:block_testifi_bucks_green_fence, Ethetic Green Wall
actuallyadditions:block_testifi_bucks_white_fence, Ethetic Quartz Wall
actuallyadditions:block_colored_lamp:0, White Lamp
actuallyadditions:block_colored_lamp:1, Orange Lamp
actuallyadditions:block_colored_lamp:2, Magenta Lamp
actuallyadditions:block_colored_lamp:3, Light Blue Lamp
actuallyadditions:block_colored_lamp:4, Yellow Lamp
actuallyadditions:block_colored_lamp:5, Lime Lamp
actuallyadditions:block_colored_lamp:6, Pink Lamp
actuallyadditions:block_colored_lamp:7, Gray Lamp
actuallyadditions:block_colored_lamp:8, Light Gray Lamp
actuallyadditions:block_colored_lamp:9, Cyan Lamp
actuallyadditions:block_colored_lamp:10, Purple Lamp
actuallyadditions:block_colored_lamp:11, Blue Lamp
actuallyadditions:block_colored_lamp:12, Brown Lamp
actuallyadditions:block_colored_lamp:13, Green Lamp
actuallyadditions:block_colored_lamp:14, Red Lamp
actuallyadditions:block_colored_lamp:15, Black Lamp
actuallyadditions:block_colored_lamp_on:0, White Lamp (On)
actuallyadditions:block_colored_lamp_on:1, Orange Lamp (On)
actuallyadditions:block_colored_lamp_on:2, Magenta Lamp (On)
actuallyadditions:block_colored_lamp_on:3, Light Blue Lamp (On)
actuallyadditions:block_colored_lamp_on:4, Yellow Lamp (On)
actuallyadditions:block_colored_lamp_on:5, Lime Lamp (On)
actuallyadditions:block_colored_lamp_on:6, Pink Lamp (On)
actuallyadditions:block_colored_lamp_on:7, Gray Lamp (On)
actuallyadditions:block_colored_lamp_on:8, Light Gray Lamp (On)
actuallyadditions:block_colored_lamp_on:9, Cyan Lamp (On)
actuallyadditions:block_colored_lamp_on:10, Purple Lamp (On)
actuallyadditions:block_colored_lamp_on:11, Blue Lamp (On)
actuallyadditions:block_colored_lamp_on:12, Brown Lamp (On)
actuallyadditions:block_colored_lamp_on:13, Green Lamp (On)
actuallyadditions:block_colored_lamp_on:14, Red Lamp (On)
actuallyadditions:block_colored_lamp_on:15, Black Lamp (On)
actuallyadditions:block_lamp_powerer, Lamp Controller
actuallyadditions:block_treasure_chest, Treasure Chest
actuallyadditions:block_energizer, Energizer
actuallyadditions:block_enervator, Enervator
actuallyadditions:block_lava_factory_controller, Lava Factory Controller
actuallyadditions:block_canola_press, Canola Press
actuallyadditions:block_phantomface, Phantomface
actuallyadditions:block_phantom_placer, Phantom Placer
actuallyadditions:block_phantom_liquiface, Phantom Liquiface
actuallyadditions:block_phantom_energyface, Phantom Energyface
actuallyadditions:block_phantom_redstoneface, Phantom Redstoneface
actuallyadditions:block_phantom_breaker, Phantom Breaker
actuallyadditions:block_coal_generator, Coal Generator
actuallyadditions:block_oil_generator, Oil Generator
actuallyadditions:block_fermenting_barrel, Fermenting Barrel
actuallyadditions:block_rice, Rice Plant
actuallyadditions:block_canola, Canola Plant
actuallyadditions:block_flax, Flax Plant
actuallyadditions:block_coffee, Coffee Plant
actuallyadditions:block_compost, Compost
actuallyadditions:block_misc:0, Pillar of Black Quartz
actuallyadditions:block_misc:1, Chiseled Block of Black Quartz
actuallyadditions:block_misc:2, Block of Black Quartz
actuallyadditions:block_misc:3, Black Quartz Ore
actuallyadditions:block_misc:4, Wood Casing
actuallyadditions:block_misc:5, Block of Charcoal
actuallyadditions:block_misc:6, Block of Enderpearl
actuallyadditions:block_misc:7, Casing
actuallyadditions:block_misc:8, Ender Casing
actuallyadditions:block_misc:9, Iron Casing
actuallyadditions:block_feeder, Automatic Feeder
actuallyadditions:block_giant_chest, Small Storage Crate
actuallyadditions:block_giant_chest_medium, Medium Storage Crate
actuallyadditions:block_giant_chest_large, Large Storage Crate
actuallyadditions:block_grinder, Crusher
actuallyadditions:block_grinder_double, Double Crusher
actuallyadditions:block_furnace_double, Powered Furnace
actuallyadditions:block_inputter, ESD
actuallyadditions:block_inputter_advanced, Advanced ESD
actuallyadditions:block_fishing_net, Fishing Net
actuallyadditions:block_furnace_solar, Solar Panel
actuallyadditions:block_heat_collector, Heat Collector
actuallyadditions:block_item_repairer, Item Repairer
actuallyadditions:block_greenhouse_glass, Greenhouse Glass
actuallyadditions:block_breaker, Auto-Breaker
actuallyadditions:block_placer, Auto-Placer
actuallyadditions:block_dropper, Automatic Precision Dropper
actuallyadditions:block_fluid_placer, Fluid Placer
actuallyadditions:block_fluid_collector, Fluid Collector
actuallyadditions:block_coffee_machine, Coffee Maker
actuallyadditions:block_phantom_booster, Phantom Booster
actuallyadditions:block_wild:0, Wild Canola
actuallyadditions:block_wild:1, Wild Flax
actuallyadditions:block_wild:2, Wild Rice
actuallyadditions:block_wild:3, Wild Coffee
actuallyadditions:block_quartz_wall, Black Quartz Wall
actuallyadditions:block_chiseled_quartz_wall, Chiseled Black Quartz Wall
actuallyadditions:block_pillar_quartz_wall, Black Quartz Pillar Wall
actuallyadditions:block_quartz_stair, Black Quartz Stairs
actuallyadditions:block_chiseled_quartz_stair, Chiseled Black Quartz Stairs
actuallyadditions:block_pillar_quartz_stair, Black Quartz Pillar Stairs
actuallyadditions:block_quartz_slab, Black Quartz Slab
actuallyadditions:block_chiseled_quartz_slab, Chiseled Black Quartz Slab
actuallyadditions:block_pillar_quartz_slab, Black Quartz Pillar Slab
actuallyadditions:item_crystal_shard:0, Red Crystal Shard
actuallyadditions:item_crystal_shard:1, Blue Crystal Shard
actuallyadditions:item_crystal_shard:2, Light Blue Crystal Shard
actuallyadditions:item_crystal_shard:3, Black Crystal Shard
actuallyadditions:item_crystal_shard:4, Green Crystal Shard
actuallyadditions:item_crystal_shard:5, White Crystal Shard
actuallyadditions:item_engineer_goggles_advanced, Engineer's Infrared Goggles
actuallyadditions:item_engineer_goggles, Engineer's Goggles
actuallyadditions:item_laser_upgrade_range, Laser Relay Modifier: Range
actuallyadditions:item_laser_upgrade_invisibility, Laser Relay Modifier: Invisibility
actuallyadditions:item_filling_wand:0, Handheld Filler
actuallyadditions:item_filling_wand:0, Handheld Filler
actuallyadditions:item_bag, Traveler's Sack
actuallyadditions:item_void_bag, Void Sack
actuallyadditions:item_worm, Worm
actuallyadditions:item_player_probe, Player Probe
actuallyadditions:item_filter, Item Filter
actuallyadditions:item_water_bowl, Bowl of Water
actuallyadditions:item_spawner_changer, Spawner Changer
actuallyadditions:item_misc:0, Paper Cone
actuallyadditions:item_misc:1, Bio-Mash
actuallyadditions:item_misc:2, Knife Blade
actuallyadditions:item_misc:3, Knife Handle
actuallyadditions:item_misc:4, Dough
actuallyadditions:item_misc:5, Black Quartz
actuallyadditions:item_misc:6, Ring
actuallyadditions:item_misc:7, Basic Coil
actuallyadditions:item_misc:8, Advanced Coil
actuallyadditions:item_misc:9, Rice Dough
actuallyadditions:item_misc:10, Tiny Coal
actuallyadditions:item_misc:11, Tiny Charcoal
actuallyadditions:item_misc:12, Rice Slimeball
actuallyadditions:item_misc:13, Canola
actuallyadditions:item_misc:14, Empty Cup
actuallyadditions:item_misc:15, Bat's Wing
actuallyadditions:item_misc:16, Drill Core
actuallyadditions:item_misc:17, Black Dye
actuallyadditions:item_misc:18, Lens
actuallyadditions:item_misc:19, Ender Star
actuallyadditions:item_misc:20, Spawner Shards
actuallyadditions:item_misc:21, Biomass
actuallyadditions:item_misc:22, Bio Coal
actuallyadditions:item_misc:23, Crystallized Canola Seed
actuallyadditions:item_misc:24, Empowered Canola Seed
actuallyadditions:item_crate_keeper, Storage Crate Keeper
actuallyadditions:item_color_lens, Lens of Color
actuallyadditions:item_explosion_lens, Lens of Detonation
actuallyadditions:item_damage_lens, Lens of Certain Death
actuallyadditions:item_more_damage_lens, Lens of the Killer
actuallyadditions:item_disenchanting_lens, Lens of Disenchanting
actuallyadditions:item_mining_lens, Lens of the Miner
actuallyadditions:item_crystal:0, Restonia Crystal
actuallyadditions:item_crystal:1, Palis Crystal
actuallyadditions:item_crystal:2, Diamatine Crystal
actuallyadditions:item_crystal:3, Void Crystal
actuallyadditions:item_crystal:4, Emeradic Crystal
actuallyadditions:item_crystal:5, Enori Crystal
actuallyadditions:item_crystal_empowered:0, Empowered Restonia Crystal
actuallyadditions:item_crystal_empowered:1, Empowered Palis Crystal
actuallyadditions:item_crystal_empowered:2, Empowered Diamatine Crystal
actuallyadditions:item_crystal_empowered:3, Empowered Void Crystal
actuallyadditions:item_crystal_empowered:4, Empowered Emeradic Crystal
actuallyadditions:item_crystal_empowered:5, Empowered Enori Crystal
actuallyadditions:item_laser_wrench, Laser Wrench
actuallyadditions:item_chest_to_crate_upgrade, Chest To Storage Crate Upgrade
actuallyadditions:item_small_to_medium_crate_upgrade, Small To Medium Storage Crate Upgrade
actuallyadditions:item_medium_to_large_crate_upgrade, Medium To Large Storage Crate Upgrade
actuallyadditions:item_booklet, Actually Additions Manual
actuallyadditions:item_growth_ring:0, Ring of Growth
actuallyadditions:item_growth_ring:0, Ring of Growth
actuallyadditions:item_suction_ring:0, Ring of Magnetizing
actuallyadditions:item_suction_ring:0, Ring of Magnetizing
actuallyadditions:item_water_removal_ring:0, Ring of Liquid Banning
actuallyadditions:item_water_removal_ring:0, Ring of Liquid Banning
actuallyadditions:item_helm_emerald, Emerald Helmet
actuallyadditions:item_chest_emerald, Emerald Chestplate
actuallyadditions:item_pants_emerald, Emerald Pants
actuallyadditions:item_boots_emerald, Emerald Boots
actuallyadditions:item_helm_obsidian, Obsidian Helmet
actuallyadditions:item_chest_obsidian, Obsidian Chestplate
actuallyadditions:item_pants_obsidian, Obsidian Pants
actuallyadditions:item_boots_obsidian, Obsidian Boots
actuallyadditions:item_helm_quartz, Black Quartz Helmet
actuallyadditions:item_chest_quartz, Black Quartz Chestplate
actuallyadditions:item_pants_quartz, Black Quartz Pants
actuallyadditions:item_boots_quartz, Black Quartz Boots
actuallyadditions:item_tele_staff:0, Teleport Staff
actuallyadditions:item_tele_staff:0, Teleport Staff
actuallyadditions:item_wings_of_the_bats, Wings Of The Bats
actuallyadditions:item_drill:0, Drill
actuallyadditions:item_drill:0, Drill
actuallyadditions:item_drill:1, Drill
actuallyadditions:item_drill:1, Drill
actuallyadditions:item_drill:2, Drill
actuallyadditions:item_drill:2, Drill
actuallyadditions:item_drill:3, Drill
actuallyadditions:item_drill:3, Drill
actuallyadditions:item_drill:4, Drill
actuallyadditions:item_drill:4, Drill
actuallyadditions:item_drill:5, Drill
actuallyadditions:item_drill:5, Drill
actuallyadditions:item_drill:6, Drill
actuallyadditions:item_drill:6, Drill
actuallyadditions:item_drill:7, Drill
actuallyadditions:item_drill:7, Drill
actuallyadditions:item_drill:8, Drill
actuallyadditions:item_drill:8, Drill
actuallyadditions:item_drill:9, Drill
actuallyadditions:item_drill:9, Drill
actuallyadditions:item_drill:10, Drill
actuallyadditions:item_drill:10, Drill
actuallyadditions:item_drill:11, Drill
actuallyadditions:item_drill:11, Drill
actuallyadditions:item_drill:12, Drill
actuallyadditions:item_drill:12, Drill
actuallyadditions:item_drill:13, Drill
actuallyadditions:item_drill:13, Drill
actuallyadditions:item_drill:14, Drill
actuallyadditions:item_drill:14, Drill
actuallyadditions:item_drill:15, Drill
actuallyadditions:item_drill:15, Drill
actuallyadditions:item_battery:0, Single Battery
actuallyadditions:item_battery:0, Single Battery
actuallyadditions:item_battery_double:0, Double Battery
actuallyadditions:item_battery_double:0, Double Battery
actuallyadditions:item_battery_triple:0, Triple Battery
actuallyadditions:item_battery_triple:0, Triple Battery
actuallyadditions:item_battery_quadruple:0, Quadruple Battery
actuallyadditions:item_battery_quadruple:0, Quadruple Battery
actuallyadditions:item_battery_quintuple:0, Quintuple Battery
actuallyadditions:item_battery_quintuple:0, Quintuple Battery
actuallyadditions:item_drill_upgrade_speed, Drill Speed Augment I
actuallyadditions:item_drill_upgrade_speed_ii, Drill Speed Augment II
actuallyadditions:item_drill_upgrade_speed_iii, Drill Speed Augment III
actuallyadditions:item_drill_upgrade_silk_touch, Drill Silk Touch Augment
actuallyadditions:item_drill_upgrade_fortune, Drill Fortune Augment I
actuallyadditions:item_drill_upgrade_fortune_ii, Drill Fortune Augment II (Gives Fortune III!)
actuallyadditions:item_drill_upgrade_three_by_three, Drill Mining Augment I
actuallyadditions:item_drill_upgrade_five_by_five, Drill Mining Augment II
actuallyadditions:item_drill_upgrade_block_placing, Drill Block Placing Augment
actuallyadditions:item_fertilizer, Fertilizer
actuallyadditions:item_coffee, Cup with Coffee
actuallyadditions:item_phantom_connector, Phantom Connector
actuallyadditions:item_resonant_rice, Resonant Rice
actuallyadditions:item_food:0, Cheese
actuallyadditions:item_food:1, Pumpkin Stew
actuallyadditions:item_food:2, Carrot Juice
actuallyadditions:item_food:3, Fish 'N' Chips
actuallyadditions:item_food:4, French Fries
actuallyadditions:item_food:5, French Fry
actuallyadditions:item_food:6, Spaghetti
actuallyadditions:item_food:7, Noodle
actuallyadditions:item_food:8, Chocolate Cake
actuallyadditions:item_food:9, Chocolate
actuallyadditions:item_food:10, Toast
actuallyadditions:item_food:11, Submarine Sandwich
actuallyadditions:item_food:12, Big Cookie
actuallyadditions:item_food:13, Hamburger
actuallyadditions:item_food:14, Pizza
actuallyadditions:item_food:15, Baguette
actuallyadditions:item_food:16, Rice
actuallyadditions:item_food:17, Rice Bread
actuallyadditions:item_food:18, Doughnut
actuallyadditions:item_food:19, Toast o' Chocolate
actuallyadditions:item_food:20, Bacon
actuallyadditions:item_jam:0, CuBaRa-Jam
actuallyadditions:item_jam:1, GraKiBa-Jam
actuallyadditions:item_jam:2, PlApLe-Jam
actuallyadditions:item_jam:3, ChApCi-Jam
actuallyadditions:item_jam:4, HoMeKi-Jam
actuallyadditions:item_jam:5, PiCo-Jam
actuallyadditions:item_jam:6, HoMeCo-Jam
actuallyadditions:item_knife, Knife
actuallyadditions:item_crafter_on_a_stick, Crafting Table On A Stick
actuallyadditions:item_dust:0, Crushed Iron
actuallyadditions:item_dust:1, Crushed Gold
actuallyadditions:item_dust:2, Crushed Diamond
actuallyadditions:item_dust:3, Crushed Emerald
actuallyadditions:item_dust:4, Crushed Lapis
actuallyadditions:item_dust:5, Crushed Quartz
actuallyadditions:item_dust:6, Crushed Coal
actuallyadditions:item_dust:7, Crushed Black Quartz
actuallyadditions:item_solidified_experience, Solidified Experience
actuallyadditions:item_leaf_blower, Leaf Blower
actuallyadditions:item_leaf_blower_advanced, Advanced Leaf Blower
actuallyadditions:item_potion_ring:0, Ring of Speed
actuallyadditions:item_potion_ring:0, Ring of Speed
actuallyadditions:item_potion_ring:1, Ring of Haste
actuallyadditions:item_potion_ring:1, Ring of Haste
actuallyadditions:item_potion_ring:2, Ring of Strength
actuallyadditions:item_potion_ring:2, Ring of Strength
actuallyadditions:item_potion_ring:3, Ring of Jump Boost
actuallyadditions:item_potion_ring:3, Ring of Jump Boost
actuallyadditions:item_potion_ring:4, Ring of Regeneration
actuallyadditions:item_potion_ring:4, Ring of Regeneration
actuallyadditions:item_potion_ring:5, Ring of Resistance
actuallyadditions:item_potion_ring:5, Ring of Resistance
actuallyadditions:item_potion_ring:6, Ring of Fire Resistance
actuallyadditions:item_potion_ring:6, Ring of Fire Resistance
actuallyadditions:item_potion_ring:7, Ring of Water Breathing
actuallyadditions:item_potion_ring:7, Ring of Water Breathing
actuallyadditions:item_potion_ring:8, Ring of Invisibility
actuallyadditions:item_potion_ring:8, Ring of Invisibility
actuallyadditions:item_potion_ring:9, Ring of Night Vision
actuallyadditions:item_potion_ring:9, Ring of Night Vision
actuallyadditions:item_potion_ring_advanced:0, Advanced Ring of Speed
actuallyadditions:item_potion_ring_advanced:0, Advanced Ring of Speed
actuallyadditions:item_potion_ring_advanced:1, Advanced Ring of Haste
actuallyadditions:item_potion_ring_advanced:1, Advanced Ring of Haste
actuallyadditions:item_potion_ring_advanced:2, Advanced Ring of Strength
actuallyadditions:item_potion_ring_advanced:2, Advanced Ring of Strength
actuallyadditions:item_potion_ring_advanced:3, Advanced Ring of Jump Boost
actuallyadditions:item_potion_ring_advanced:3, Advanced Ring of Jump Boost
actuallyadditions:item_potion_ring_advanced:4, Advanced Ring of Regeneration
actuallyadditions:item_potion_ring_advanced:4, Advanced Ring of Regeneration
actuallyadditions:item_potion_ring_advanced:5, Advanced Ring of Resistance
actuallyadditions:item_potion_ring_advanced:5, Advanced Ring of Resistance
actuallyadditions:item_potion_ring_advanced:6, Advanced Ring of Fire Resistance
actuallyadditions:item_potion_ring_advanced:6, Advanced Ring of Fire Resistance
actuallyadditions:item_potion_ring_advanced:7, Advanced Ring of Water Breathing
actuallyadditions:item_potion_ring_advanced:7, Advanced Ring of Water Breathing
actuallyadditions:item_potion_ring_advanced:8, Advanced Ring of Invisibility
actuallyadditions:item_potion_ring_advanced:8, Advanced Ring of Invisibility
actuallyadditions:item_potion_ring_advanced:9, Advanced Ring of Night Vision
actuallyadditions:item_potion_ring_advanced:9, Advanced Ring of Night Vision
actuallyadditions:item_hairy_ball, Ball of Fur
actuallyadditions:item_coffee_beans, Coffee Beans
actuallyadditions:item_rice_seed, Rice Seeds
actuallyadditions:item_canola_seed, Canola Seeds
actuallyadditions:item_flax_seed, Flax Seeds
actuallyadditions:item_coffee_seed, Coffee Seeds
actuallyadditions:item_pickaxe_emerald, Emerald Pickaxe
actuallyadditions:item_axe_emerald, Emerald Axe
actuallyadditions:item_shovel_emerald, Emerald Shovel
actuallyadditions:item_sword_emerald, Emerald Sword
actuallyadditions:item_hoe_emerald, Emerald Hoe
actuallyadditions:item_pickaxe_obsidian, Obsidian Pickaxe
actuallyadditions:item_axe_obsidian, Obsidian Axe
actuallyadditions:item_shovel_obsidian, Obsidian Shovel
actuallyadditions:item_sword_obsidian, Obsidian Sword
actuallyadditions:item_hoe_obsidian, Obsidian Hoe
actuallyadditions:item_pickaxe_quartz, Black Quartz Pickaxe
actuallyadditions:item_axe_quartz, Black Quartz Axe
actuallyadditions:item_shovel_quartz, Black Quartz Shovel
actuallyadditions:item_sword_quartz, Black Quartz Sword
actuallyadditions:item_hoe_quartz, Black Quartz Hoe
actuallyadditions:wooden_paxel, Wooden AIOT
actuallyadditions:stone_paxel, Stone AIOT
actuallyadditions:iron_paxel, Iron AIOT
actuallyadditions:gold_paxel, Golden AIOT
actuallyadditions:diamond_paxel, Diamond AIOT
actuallyadditions:emerald_paxel, Emerald AIOT
actuallyadditions:obsidian_paxel, Obsidian AIOT
actuallyadditions:quartz_paxel, Black Quartz AIOT
actuallyadditions:item_pickaxe_crystal_red, Restonia Crystal Pickaxe
actuallyadditions:item_axe_crystal_red, Restonia Crystal Axe
actuallyadditions:item_shovel_crystal_red, Restonia Crystal Shovel
actuallyadditions:item_sword_crystal_red, Restonia Crystal Sword
actuallyadditions:item_hoe_crystal_red, Restonia Crystal Hoe
actuallyadditions:item_helm_crystal_red, Restonia Crystal Helmet
actuallyadditions:item_chest_crystal_red, Restonia Crystal Chestplate
actuallyadditions:item_pants_crystal_red, Restonia Crystal Pants
actuallyadditions:item_boots_crystal_red, Restonia Crystal Boots
actuallyadditions:item_paxel_crystal_red, Restonia Crystal AIOT
actuallyadditions:item_pickaxe_crystal_blue, Palis Crystal Pickaxe
actuallyadditions:item_axe_crystal_blue, Palis Crystal Axe
actuallyadditions:item_shovel_crystal_blue, Palis Crystal Shovel
actuallyadditions:item_sword_crystal_blue, Palis Crystal Sword
actuallyadditions:item_hoe_crystal_blue, Palis Crystal Hoe
actuallyadditions:item_helm_crystal_blue, Palis Crystal Helmet
actuallyadditions:item_chest_crystal_blue, Palis Crystal Chestplate
actuallyadditions:item_pants_crystal_blue, Palis Crystal Pants
actuallyadditions:item_boots_crystal_blue, Palis Crystal Boots
actuallyadditions:item_paxel_crystal_blue, Palis Crystal AIOT
actuallyadditions:item_pickaxe_crystal_light_blue, Diamatine Crystal Pickaxe
actuallyadditions:item_axe_crystal_light_blue, Diamatine Crystal Axe
actuallyadditions:item_shovel_crystal_light_blue, Diamatine Crystal Shovel
actuallyadditions:item_sword_crystal_light_blue, Diamatine Crystal Sword
actuallyadditions:item_hoe_crystal_light_blue, Diamatine Crystal Hoe
actuallyadditions:item_helm_crystal_light_blue, Diamatine Crystal Helmet
actuallyadditions:item_chest_crystal_light_blue, Diamatine Crystal Chestplate
actuallyadditions:item_pants_crystal_light_blue, Diamatine Crystal Pants
actuallyadditions:item_boots_crystal_light_blue, Diamatine Crystal Boots
actuallyadditions:item_paxel_crystal_light_blue, Diamatine Crystal AIOT
actuallyadditions:item_pickaxe_crystal_black, Void Crystal Pickaxe
actuallyadditions:item_axe_crystal_black, Void Crystal Axe
actuallyadditions:item_shovel_crystal_black, Void Crystal Shovel
actuallyadditions:item_sword_crystal_black, Void Crystal Sword
actuallyadditions:item_hoe_crystal_black, Void Crystal Hoe
actuallyadditions:item_helm_crystal_black, Void Crystal Helmet
actuallyadditions:item_chest_crystal_black, Void Crystal Chestplate
actuallyadditions:item_pants_crystal_black, Void Crystal Pants
actuallyadditions:item_boots_crystal_black, Void Crystal Boots
actuallyadditions:item_paxel_crystal_black, Void Crystal AIOT
actuallyadditions:item_pickaxe_crystal_green, Emeradic Crystal Pickaxe
actuallyadditions:item_axe_crystal_green, Emeradic Crystal Axe
actuallyadditions:item_shovel_crystal_green, Emeradic Crystal Shovel
actuallyadditions:item_sword_crystal_green, Emeradic Crystal Sword
actuallyadditions:item_hoe_crystal_green, Emeradic Crystal Hoe
actuallyadditions:item_helm_crystal_green, Emeradic Crystal Helmet
actuallyadditions:item_chest_crystal_green, Emeradic Crystal Chest
actuallyadditions:item_pants_crystal_green, Emeradic Crystal Pants
actuallyadditions:item_boots_crystal_green, Emeradic Crystal Boots
actuallyadditions:item_paxel_crystal_green, Emeradic Crystal AIOT
actuallyadditions:item_pickaxe_crystal_white, Enori Crystal Pickaxe
actuallyadditions:item_axe_crystal_white, Enori Crystal Axe
actuallyadditions:item_shovel_crystal_white, Enori Crystal Shovel
actuallyadditions:item_sword_crystal_white, Enori Crystal Sword
actuallyadditions:item_hoe_crystal_white, Enori Crystal Hoe
actuallyadditions:item_helm_crystal_white, Enori Crystal Helmet
actuallyadditions:item_chest_crystal_white, Enori Crystal Chest
actuallyadditions:item_pants_crystal_white, Enori Crystal Pants
actuallyadditions:item_boots_crystal_white, Enori Crystal Boots
actuallyadditions:item_paxel_crystal_white, Enori Crystal AIOT
aether_legacy:aether_grass, Aether Grass
aether_legacy:enchanted_aether_grass, Enchanted Aether Grass
aether_legacy:aether_dirt, Aether Dirt
aether_legacy:holystone, Holystone
aether_legacy:mossy_holystone, Mossy Holystone
aether_legacy:holystone_brick, Holystone Brick
aether_legacy:aercloud:0, Cold Aercloud
aether_legacy:aercloud:1, Blue Aercloud
aether_legacy:aercloud:2, Golden Aercloud
aether_legacy:aercloud:3, Pink Aercloud
aether_legacy:quicksoil, Quicksoil
aether_legacy:icestone, Icestone
aether_legacy:ambrosium_ore, Ambrosium Ore
aether_legacy:zanite_ore, Zanite Ore
aether_legacy:gravitite_ore, Gravitite Ore
aether_legacy:aether_leaves:0, Skyroot Leaves
aether_legacy:aether_leaves:1, Golden Oak Leaves
aether_legacy:aether_log:0, Skyroot Log
aether_legacy:aether_log:1, Golden Oak Log
aether_legacy:skyroot_plank, Skyroot Plank
aether_legacy:quicksoil_glass, Quicksoil Glass
aether_legacy:aerogel, Aerogel
aether_legacy:enchanted_gravitite, Enchanted Gravitite
aether_legacy:zanite_block, Zanite Block
aether_legacy:berry_bush, Berry Bush
aether_legacy:berry_bush_stem, Berry Bush Stem
aether_legacy:enchanter, Altar
aether_legacy:freezer, Freezer
aether_legacy:incubator, Incubator
aether_legacy:dungeon_block:0, Carved Stone
aether_legacy:dungeon_block:1, Sentry Stone
aether_legacy:dungeon_block:2, Angelic Stone
aether_legacy:dungeon_block:3, Light Angelic Stone
aether_legacy:dungeon_block:4, Hellfire Stone
aether_legacy:dungeon_block:5, Light Hellfire Stone
aether_legacy:locked_dungeon_block:0, Carved Stone
aether_legacy:locked_dungeon_block:1, Sentry Stone
aether_legacy:locked_dungeon_block:2, Angelic Stone
aether_legacy:locked_dungeon_block:3, Light Angelic Stone
aether_legacy:locked_dungeon_block:4, Hellfire Stone
aether_legacy:locked_dungeon_block:5, Light Hellfire Stone
aether_legacy:dungeon_trap:0, Carved Stone
aether_legacy:dungeon_trap:1, Sentry Stone
aether_legacy:dungeon_trap:2, Angelic Stone
aether_legacy:dungeon_trap:3, Light Angelic Stone
aether_legacy:dungeon_trap:4, Hellfire Stone
aether_legacy:dungeon_trap:5, Light Hellfire Stone
aether_legacy:aether_portal, Aether Portal
aether_legacy:ambrosium_torch, Ambrosium Torch
aether_legacy:chest_mimic, Chest Mimic
aether_legacy:treasure_chest, Treasure Chest
aether_legacy:purple_flower, Purple Flower
aether_legacy:white_flower, White Flower
aether_legacy:skyroot_sapling, Skyroot Sapling
aether_legacy:golden_oak_sapling, Golden Oak Sapling
aether_legacy:crystal_leaves:0, Crystal Leaves
aether_legacy:crystal_leaves:1, Crystal Fruit Leaves
aether_legacy:holiday_leaves:0, Holiday Leaves
aether_legacy:holiday_leaves:1, Decorated Holiday Leaves
aether_legacy:present, Present
aether_legacy:pillar, Pillar
aether_legacy:pillar_top, Pillar Top
aether_legacy:skyroot_fence, Skyroot Fence
aether_legacy:skyroot_fence_gate, Skyroot Fence Gate
aether_legacy:carved_wall, Carved Wall
aether_legacy:angelic_wall, Angelic Wall
aether_legacy:hellfire_wall, Hellfire Wall
aether_legacy:holystone_wall, Holystone Wall
aether_legacy:holystone_brick_wall, Holystone Brick Wall
aether_legacy:mossy_holystone_wall, Mossy Holystone Wall
aether_legacy:aerogel_wall, Aerogel Wall
aether_legacy:carved_stairs, Carved Stairs
aether_legacy:angelic_stairs, Angelic Stairs
aether_legacy:hellfire_stairs, Hellfire Stairs
aether_legacy:skyroot_stairs, Skyroot Stairs
aether_legacy:mossy_holystone_stairs, Mossy Holystone Stairs
aether_legacy:holystone_stairs, Holystone Stairs
aether_legacy:holystone_brick_stairs, Holystone Brick Stairs
aether_legacy:aerogel_stairs, Aerogel Stairs
aether_legacy:skyroot_double_slab, Skyroot Double Slab
aether_legacy:carved_double_slab, Carved Double Slab
aether_legacy:angelic_double_slab, Angelic Double Slab
aether_legacy:hellfire_double_slab, Hellfire Double Slab
aether_legacy:holystone_double_slab, Holystone Double Slab
aether_legacy:mossy_holystone_double_slab, Mossy Holystone Double Slab
aether_legacy:holystone_brick_double_slab, Holystone Brick Double Slab
aether_legacy:aerogel_double_slab, Aerogel Double Slab
aether_legacy:skyroot_slab:0, Skyroot Slab
aether_legacy:carved_slab:0, Carved Slab
aether_legacy:angelic_slab:0, Angelic Slab
aether_legacy:hellfire_slab:0, Hellfire Slab
aether_legacy:holystone_slab:0, Holystone Slab
aether_legacy:mossy_holystone_slab:0, Mossy Holystone Slab
aether_legacy:holystone_brick_slab:0, Holystone Brick Slab
aether_legacy:aerogel_slab:0, Aerogel Slab
aether_legacy:sun_altar, Sun Altar
aether_legacy:skyroot_bookshelf, Skyroot Bookshelf
aether_legacy:zanite_gemstone, Zanite Gemstone
aether_legacy:ambrosium_shard, Ambrosium Shard
aether_legacy:golden_amber, Golden Amber
aether_legacy:aechor_petal, Aechor Petal
aether_legacy:swetty_ball, Swet Ball
aether_legacy:skyroot_pickaxe, Skyroot Pickaxe
aether_legacy:skyroot_axe, Skyroot Axe
aether_legacy:skyroot_shovel, Skyroot Shovel
aether_legacy:holystone_pickaxe, Holystone Pickaxe
aether_legacy:holystone_axe, Holystone Axe
aether_legacy:holystone_shovel, Holystone Shovel
aether_legacy:zanite_pickaxe, Zanite Pickaxe
aether_legacy:zanite_axe, Zanite Axe
aether_legacy:zanite_shovel, Zanite Shovel
aether_legacy:gravitite_pickaxe, Gravitite Pickaxe
aether_legacy:gravitite_axe, Gravitite Axe
aether_legacy:gravitite_shovel, Gravitite Shovel
aether_legacy:valkyrie_pickaxe, Valkyrie Pickaxe
aether_legacy:valkyrie_axe, Valkyrie Axe
aether_legacy:valkyrie_shovel, Valkyrie Shovel
aether_legacy:zanite_helmet, Zanite Helmet
aether_legacy:zanite_chestplate, Zanite Chestplate
aether_legacy:zanite_leggings, Zanite Leggings
aether_legacy:zanite_boots, Zanite Boots
aether_legacy:gravitite_helmet, Gravitite Helmet
aether_legacy:gravitite_chestplate, Gravitite Chestplate
aether_legacy:gravitite_leggings, Gravitite Leggings
aether_legacy:gravitite_boots, Gravitite Boots
aether_legacy:neptune_helmet, Neptune Helmet
aether_legacy:neptune_chestplate, Neptune Chestplate
aether_legacy:neptune_leggings, Neptune Leggings
aether_legacy:neptune_boots, Neptune Boots
aether_legacy:phoenix_helmet, Phoenix Helmet
aether_legacy:phoenix_chestplate, Phoenix Chestplate
aether_legacy:phoenix_leggings, Phoenix Leggings
aether_legacy:phoenix_boots, Phoenix Boots
aether_legacy:obsidian_helmet, Obsidian Helmet
aether_legacy:obsidian_chestplate, Obsidian Chestplate
aether_legacy:obsidian_leggings, Obsidian Leggings
aether_legacy:obsidian_boots, Obsidian Boots
aether_legacy:valkyrie_helmet, Valkyrie Helmet
aether_legacy:valkyrie_chestplate, Valkyrie Chestplate
aether_legacy:valkyrie_leggings, Valkyrie Leggings
aether_legacy:valkyrie_boots, Valkyrie Boots
aether_legacy:blue_berry, Blue Berry
aether_legacy:enchanted_blueberry, Enchanted Berry
aether_legacy:white_apple, White Apple
aether_legacy:gummy_swet:0, Blue Gummy Swet
aether_legacy:gummy_swet:1, Golden Gummy Swet
aether_legacy:healing_stone, Healing Stone
aether_legacy:candy_cane, Candy Cane
aether_legacy:ginger_bread_man, Ginger Bread Man
aether_legacy:skyroot_stick, Skyroot Stick
aether_legacy:victory_medal, Victory Medal
aether_legacy:dungeon_key:0, Bronze Key
aether_legacy:dungeon_key:1, Silver Key
aether_legacy:dungeon_key:2, Golden Key
aether_legacy:skyroot_bucket:0, Skyroot Bucket
aether_legacy:skyroot_bucket:1, Skyroot Water Bucket
aether_legacy:skyroot_bucket:2, Skyroot Poison Bucket
aether_legacy:skyroot_bucket:3, Skyroot Remedy Bucket
aether_legacy:skyroot_bucket:4, Skyroot Milk Bucket
aether_legacy:cold_parachute, Cold Parachute
aether_legacy:golden_parachute, Golden Parachute
aether_legacy:moa_egg, item.moa_egg.name
aether_legacy:dart_shooter:0, Golden Dart Shooter
aether_legacy:dart_shooter:1, Poison Dart Shooter
aether_legacy:dart_shooter:2, Enchanted Dart Shooter
aether_legacy:phoenix_bow, Phoenix Bow
aether_legacy:dart:0, Golden Dart
aether_legacy:dart:1, Poison Dart
aether_legacy:dart:2, Enchanted Dart
aether_legacy:skyroot_sword, Skyroot Sword
aether_legacy:holystone_sword, Holystone Sword
aether_legacy:zanite_sword, Zanite Sword
aether_legacy:gravitite_sword, Gravitite Sword
aether_legacy:flaming_sword, Flaming Sword
aether_legacy:lightning_sword, Lightning Sword
aether_legacy:holy_sword, Holy Sword
aether_legacy:vampire_blade, Vampire Blade
aether_legacy:pig_slayer, Pig Slayer
aether_legacy:candy_cane_sword, Candy Cane Sword
aether_legacy:notch_hammer, Hammer of Notch
aether_legacy:leather_gloves, Leather Gloves
aether_legacy:iron_gloves, Iron Gloves
aether_legacy:golden_gloves, Golden Gloves
aether_legacy:chain_gloves, Chain Gloves
aether_legacy:diamond_gloves, Diamond Gloves
aether_legacy:zanite_gloves, Zanite Gloves
aether_legacy:gravitite_gloves, Gravitite Gloves
aether_legacy:neptune_gloves, Neptune Gloves
aether_legacy:phoenix_gloves, Phoenix Gloves
aether_legacy:obsidian_gloves, Obsidian Gloves
aether_legacy:valkyrie_gloves, Valkyrie Gloves
aether_legacy:iron_ring, Iron Ring
aether_legacy:golden_ring, Golden Ring
aether_legacy:zanite_ring, Zanite Ring
aether_legacy:ice_ring, Ice Ring
aether_legacy:iron_pendant, Iron Pendant
aether_legacy:golden_pendant, Golden Pendant
aether_legacy:zanite_pendant, Zanite Pendant
aether_legacy:ice_pendant, Ice Pendant
aether_legacy:red_cape, Red Cape
aether_legacy:blue_cape, Blue Cape
aether_legacy:yellow_cape, Yellow Cape
aether_legacy:white_cape, White Cape
aether_legacy:swet_cape, Swet Cape
aether_legacy:invisibility_cape, Invisibility Cloak
aether_legacy:agility_cape, Agility Cape
aether_legacy:valkyrie_cape, Valkyrie Cape
aether_legacy:golden_feather, Golden Feather
aether_legacy:regeneration_stone, Regeneration Stone
aether_legacy:iron_bubble, Iron Bubble
aether_legacy:life_shard, Life Shard
aether_legacy:cloud_staff, Cloud Staff
aether_legacy:nature_staff, Nature Staff
aether_legacy:lightning_knife, Lightning Knife
aether_legacy:valkyrie_lance, Valkyrie Lance
aether_legacy:sentry_boots, Sentry Boots
aether_legacy:aether_tune, Blue Music Disc
aether_legacy:ascending_dawn, Valkyrie Music Disc
aether_legacy:welcoming_skies, Welcoming Skies
aether_legacy:legacy, Legacy
aether_legacy:repulsion_shield, Shield of Repulsion
aether_legacy:lore_book, Book of Lore
aether_legacy:developer_stick, Developer Stick
aether_legacy:skyroot_bed_item, Skyroot Bed
aether_legacy:aether_portal_frame, Aether Portal Frame
astralsorcery:itemcraftingcomponent:0, Aquamarine
astralsorcery:itemcraftingcomponent:1, Starmetal Ingot
astralsorcery:itemcraftingcomponent:2, Stardust
astralsorcery:itemcraftingcomponent:3, Glass Lens
astralsorcery:itemcraftingcomponent:4, Resonating Gem
astralsorcery:itemcraftingcomponent:5, Parchment
astralsorcery:itemconstellationpaper:0, Constellation Paper
astralsorcery:itemconstellationpaper:0, Constellation Paper
astralsorcery:itemconstellationpaper:0, Constellation Paper
astralsorcery:itemconstellationpaper:0, Constellation Paper
astralsorcery:itemconstellationpaper:0, Constellation Paper
astralsorcery:itemconstellationpaper:0, Constellation Paper
astralsorcery:itemconstellationpaper:0, Constellation Paper
astralsorcery:itemconstellationpaper:0, Constellation Paper
astralsorcery:itemconstellationpaper:0, Constellation Paper
astralsorcery:itemconstellationpaper:0, Constellation Paper
astralsorcery:itemconstellationpaper:0, Constellation Paper
astralsorcery:itemconstellationpaper:0, Constellation Paper
astralsorcery:itemconstellationpaper:0, Constellation Paper
astralsorcery:itemconstellationpaper:0, Constellation Paper
astralsorcery:itemconstellationpaper:0, Constellation Paper
astralsorcery:itemconstellationpaper:0, Constellation Paper
astralsorcery:itemconstellationpaper:0, Constellation Paper
astralsorcery:iteminfusedglass, Infused Glass
astralsorcery:itemrockcrystalsimple:0, Rock Crystal
astralsorcery:itemtunedrockcrystal:0, Attuned Rock Crystal
astralsorcery:itemtunedrockcrystal:0, Attuned Rock Crystal
astralsorcery:itemtunedrockcrystal:0, Attuned Rock Crystal
astralsorcery:itemtunedrockcrystal:0, Attuned Rock Crystal
astralsorcery:itemtunedrockcrystal:0, Attuned Rock Crystal
astralsorcery:itemtunedrockcrystal:0, Attuned Rock Crystal
astralsorcery:itemtunedrockcrystal:0, Attuned Rock Crystal
astralsorcery:itemtunedrockcrystal:0, Attuned Rock Crystal
astralsorcery:itemtunedrockcrystal:0, Attuned Rock Crystal
astralsorcery:itemtunedrockcrystal:0, Attuned Rock Crystal
astralsorcery:itemtunedrockcrystal:0, Attuned Rock Crystal
astralsorcery:itemtunedrockcrystal:0, Attuned Rock Crystal
astralsorcery:itemcelestialcrystal:0, Celestial Crystal
astralsorcery:itemtunedcelestialcrystal:0, Attuned Celestial Crystal
astralsorcery:itemtunedcelestialcrystal:0, Attuned Celestial Crystal
astralsorcery:itemtunedcelestialcrystal:0, Attuned Celestial Crystal
astralsorcery:itemtunedcelestialcrystal:0, Attuned Celestial Crystal
astralsorcery:itemtunedcelestialcrystal:0, Attuned Celestial Crystal
astralsorcery:itemtunedcelestialcrystal:0, Attuned Celestial Crystal
astralsorcery:itemtunedcelestialcrystal:0, Attuned Celestial Crystal
astralsorcery:itemtunedcelestialcrystal:0, Attuned Celestial Crystal
astralsorcery:itemtunedcelestialcrystal:0, Attuned Celestial Crystal
astralsorcery:itemtunedcelestialcrystal:0, Attuned Celestial Crystal
astralsorcery:itemtunedcelestialcrystal:0, Attuned Celestial Crystal
astralsorcery:itemtunedcelestialcrystal:0, Attuned Celestial Crystal
astralsorcery:itemjournal, Astral Tome
astralsorcery:itemhandtelescope, Looking Glass
astralsorcery:itemlinkingtool, Linking Tool
astralsorcery:itemwand, Resonating Wand
astralsorcery:itemsextant, Sextant
astralsorcery:itemilluminationwand, Illumination Wand
astralsorcery:itemcoloredlens:0, Colored Lens
astralsorcery:itemcoloredlens:1, Colored Lens
astralsorcery:itemcoloredlens:2, Colored Lens
astralsorcery:itemcoloredlens:3, Colored Lens
astralsorcery:itemcoloredlens:4, Colored Lens
astralsorcery:itemcoloredlens:5, Colored Lens
astralsorcery:itemcoloredlens:6, Colored Lens
astralsorcery:itemskyresonator, Fosic Resonator
astralsorcery:itemshiftingstar, Shifting Star
astralsorcery:itemarchitectwand, Formation Wand
astralsorcery:itemexchangewand, Conversion Wand
astralsorcery:itemgrapplewand, Impulsion Wand
astralsorcery:itemusabledust:0, Illumination Powder
astralsorcery:itemusabledust:1, Nocturnal Powder
astralsorcery:itemknowledgeshare, Scroll of Written Expertise
astralsorcery:itemperkseal, Sealing Sigil
astralsorcery:itemknowledgefragment, Lucent Scroll
astralsorcery:itemfragmentcapsule, Shining Casing
astralsorcery:itemperkgem:0, Ourium Gem
astralsorcery:itemperkgem:1, Ilium Gem
astralsorcery:itemperkgem:2, Fengarum Gem
astralsorcery:itemcrystalpickaxe, Crystal Pickaxe
astralsorcery:itemcrystalshovel, Crystal Shovel
astralsorcery:itemcrystalaxe, Crystal Axe
astralsorcery:itemcrystalsword, Crystal Sword
astralsorcery:itemchargedcrystalaxe, Infused Crystal Axe
astralsorcery:itemchargedcrystalsword, Infused Crystal Sword
astralsorcery:itemchargedcrystalpickaxe, Infused Crystal Pickaxe
astralsorcery:itemchargedcrystalshovel, Infused Crystal Shovel
astralsorcery:itemcape, Mantle of Stars
astralsorcery:itemenchantmentamulet, Resplendent Prism
astralsorcery:blockmarblestairs, Marble Stairs
astralsorcery:blockflarelight, Volatile Flare
astralsorcery:blockvanishing, tile.blockvanishing.name
astralsorcery:blockchalice, Containment Chalice
astralsorcery:blockbore, Evershifting Fountain
astralsorcery:blockattunementaltar, Attunement Altar
astralsorcery:blockattunementrelay, Spectral Relay
astralsorcery:blockwell, Lightwell
astralsorcery:blockworldilluminator, Cave Illuminator
astralsorcery:blockfaketree, 
astralsorcery:blockstarlightinfuser, Starlight Infuser
astralsorcery:blockrituallink, Ritual Anchor
astralsorcery:blockportalnode, 
astralsorcery:blocktreebeacon, Tree Beacon
astralsorcery:blocktranslucentblock, Translucent Block
astralsorcery:blockmapdrawingtable, Stellar Refraction Table
astralsorcery:blockcelestialgateway, Celestial Gateway
astralsorcery:blockobservatory, Observatory
astralsorcery:blocklens, Lens
astralsorcery:blockprism, PrismLens
astralsorcery:blockmarbleslab:0, Marble Slab
astralsorcery:blockcustomore:0, Rock Crystal Ore
astralsorcery:blockcustomore:1, Starmetal Ore
astralsorcery:blockcustomsandore:0, Aquamarine Shale
astralsorcery:blockcustomflower:0, Faint Amaranth
astralsorcery:blockmarble:0, Marble
astralsorcery:blockmarble:1, Marble Bricks
astralsorcery:blockmarble:2, Marble Pillar
astralsorcery:blockmarble:3, Marble Arch
astralsorcery:blockmarble:4, Chiseled Marble
astralsorcery:blockmarble:5, Engraved Marble
astralsorcery:blockmarble:6, Runed Marble
astralsorcery:blockblackmarble:0, Sooty Marble
astralsorcery:blockblackmarble:1, Sooty Marble Bricks
astralsorcery:blockblackmarble:2, Sooty Marble Pillar
astralsorcery:blockblackmarble:3, Sooty Marble Arch
astralsorcery:blockblackmarble:4, Chiseled Sooty Marble
astralsorcery:blockblackmarble:5, Engraved Sooty Marble
astralsorcery:blockblackmarble:6, Runed Sooty Marble
astralsorcery:blockinfusedwood:0, Infused Wood
astralsorcery:blockinfusedwood:1, Infused Wood Planks
astralsorcery:blockinfusedwood:2, Infused Wood Column
astralsorcery:blockinfusedwood:3, Infused Wood Arch
astralsorcery:blockinfusedwood:4, Engraved Infused Wood
astralsorcery:blockinfusedwood:5, Enriched Infused Wood
astralsorcery:blockinfusedwood:6, Vibrant Infused Wood
astralsorcery:blockborehead:0, Neromantic Prime
astralsorcery:blockborehead:1, Fysallidic Prime
astralsorcery:blockmachine:0, Telescope
astralsorcery:blockmachine:1, Grindstone
astralsorcery:blockcelestialcrystals:0, Celestial Crystal Cluster
astralsorcery:blockcelestialcrystals:1, Celestial Crystal Cluster
astralsorcery:blockcelestialcrystals:2, Celestial Crystal Cluster
astralsorcery:blockcelestialcrystals:3, Celestial Crystal Cluster
astralsorcery:blockcelestialcrystals:4, Celestial Crystal Cluster
astralsorcery:blockgemcrystals:0, Gem Crystal Cluster
astralsorcery:blockgemcrystals:1, Gem Crystal Cluster
astralsorcery:blockgemcrystals:2, Gem Crystal Cluster
astralsorcery:blockgemcrystals:3, Gem Crystal Cluster
astralsorcery:blockgemcrystals:4, Gem Crystal Cluster
astralsorcery:blockstructural:0, Telescope
astralsorcery:blockritualpedestal, Ritual Pedestal
astralsorcery:blockaltar:0, Luminous Crafting Table
astralsorcery:blockaltar:1, Starlight Crafting Altar
astralsorcery:blockaltar:2, Celestial Altar
astralsorcery:blockaltar:3, Iridescent Altar
astralsorcery:blockcollectorcrystal:0, Floating Crystal
astralsorcery:blockcollectorcrystal:0, Floating Crystal
astralsorcery:blockcollectorcrystal:0, Floating Crystal
astralsorcery:blockcollectorcrystal:0, Floating Crystal
astralsorcery:blockcollectorcrystal:0, Floating Crystal
astralsorcery:blockcollectorcrystal:0, Floating Crystal
astralsorcery:blockcollectorcrystal:0, Floating Crystal
astralsorcery:blockcollectorcrystal:0, Floating Crystal
astralsorcery:blockcollectorcrystal:0, Floating Crystal
astralsorcery:blockcollectorcrystal:0, Floating Crystal
astralsorcery:blockcollectorcrystal:0, Floating Crystal
astralsorcery:blockcollectorcrystal:0, Floating Crystal
astralsorcery:blockcelestialcollectorcrystal:0, Floating Crystal
astralsorcery:blockcelestialcollectorcrystal:0, Floating Crystal
astralsorcery:blockcelestialcollectorcrystal:0, Floating Crystal
astralsorcery:blockcelestialcollectorcrystal:0, Floating Crystal
astralsorcery:blockcelestialcollectorcrystal:0, Floating Crystal
astralsorcery:blockcelestialcollectorcrystal:0, Floating Crystal
astralsorcery:blockcelestialcollectorcrystal:0, Floating Crystal
astralsorcery:blockcelestialcollectorcrystal:0, Floating Crystal
astralsorcery:blockcelestialcollectorcrystal:0, Floating Crystal
astralsorcery:blockcelestialcollectorcrystal:0, Floating Crystal
astralsorcery:blockcelestialcollectorcrystal:0, Floating Crystal
astralsorcery:blockcelestialcollectorcrystal:0, Floating Crystal
dimdoors:quartz_door, Quartz Door
dimdoors:quartz_dimensional_door, Quartz Dimensional Door
dimdoors:gold_door, Golden Door
dimdoors:gold_dimensional_door, Golden Dimensional Door
dimdoors:iron_dimensional_door, Iron Dimensional Door
dimdoors:oak_dimensional_door, Wood Dimensional Door
dimdoors:stable_fabric, Stable Fabric
dimdoors:unstable_dimensional_door, Unstable Dimensional Door
dimdoors:world_thread, World Thread
dimdoors:rift_configuration_tool, Rift Configuration Tool
dimdoors:rift_blade, Rift Blade
dimdoors:rift_remover, Rift Remover
dimdoors:rift_signature, Rift Signature
dimdoors:stabilized_rift_signature, Stabilized Rift Signature
dimdoors:rift_stabilizer, Rift Stabilizer
dimdoors:woven_world_thread_helmet, Woven World Thread Helmet
dimdoors:woven_world_thread_chestplate, Woven World Thread Chestplate
dimdoors:woven_world_thread_leggings, Woven World Thread Leggings
dimdoors:woven_world_thread_boots, Woven World Thread Boots
dimdoors:fabric:0, Altered Fabric
dimdoors:fabric:1, Orange Altered Fabric
dimdoors:fabric:2, Magenta Altered Fabric
dimdoors:fabric:3, Light Blue Altered Fabric
dimdoors:fabric:4, Yellow Altered Fabric
dimdoors:fabric:5, Lime Altered Fabric
dimdoors:fabric:6, Pink Altered Fabric
dimdoors:fabric:7, Gray Altered Fabric
dimdoors:fabric:8, Light Gray Altered Fabric
dimdoors:fabric:9, Cyan Altered Fabric
dimdoors:fabric:10, Purple Altered Fabric
dimdoors:fabric:11, Blue Altered Fabric
dimdoors:fabric:12, Brown Altered Fabric
dimdoors:fabric:13, Green Altered Fabric
dimdoors:fabric:14, Red Altered Fabric
dimdoors:fabric:15, Fabric of Reality
dimdoors:ancient_fabric:0, Altered Ancient Fabric
dimdoors:ancient_fabric:1, Orange Altered Ancient Fabric
dimdoors:ancient_fabric:2, Magenta Altered Ancient Fabric
dimdoors:ancient_fabric:3, Light Blue Altered Ancient Fabric
dimdoors:ancient_fabric:4, Yellow Altered Ancient Fabric
dimdoors:ancient_fabric:5, Lime Altered Ancient Fabric
dimdoors:ancient_fabric:6, Pink Altered Ancient Fabric
dimdoors:ancient_fabric:7, Gray Altered Ancient Fabric
dimdoors:ancient_fabric:8, Light Gray Altered Ancient Fabric
dimdoors:ancient_fabric:9, Cyan Altered Ancient Fabric
dimdoors:ancient_fabric:10, Purple Altered Ancient Fabric
dimdoors:ancient_fabric:11, Blue Altered Ancient Fabric
dimdoors:ancient_fabric:12, Brown Altered Ancient Fabric
dimdoors:ancient_fabric:13, Green Altered Ancient Fabric
dimdoors:ancient_fabric:14, Red Altered Ancient Fabric
dimdoors:ancient_fabric:15, Ancient Fabric
dimdoors:unravelled_fabric, Unraveled Fabric
dimdoors:eternal_fabric, Eternal Fabric
dimdoors:dimensional_trapdoor, Oak Dimensional Trapdoor
dimdoors:record_creepy, Music Disc
dimdoors:marking_plate, Marking Plate
valkyrielib:guide, Digital Guide
valkyrielib:modifier_component, Modifier Component
valkyrielib:modifier_speed, Speed Modifier
environmentaltech:litherite, Litherite
environmentaltech:litherite_paver, Litherite Paver
environmentaltech:litherite_bricks, Litherite Bricks
environmentaltech:litherite_tiles, Litherite Tiles
environmentaltech:litherite_stairs, Litherite Stairs
environmentaltech:litherite_brick_stairs, Litherite Brick Stairs
environmentaltech:litherite_tile_stairs, Litherite Tile Stairs
environmentaltech:litherite_slab:0, Litherite Slab
environmentaltech:litherite_paver_slab:0, Litherite Paver Slab
environmentaltech:litherite_brick_slab:0, Litherite Brick Slab
environmentaltech:litherite_tile_slab:0, Litherite Tile Slab
environmentaltech:erodium, Erodium
environmentaltech:erodium_paver, Erodium Paver
environmentaltech:erodium_bricks, Erodium Bricks
environmentaltech:erodium_tiles, Erodium Tiles
environmentaltech:erodium_stairs, Erodium Stairs
environmentaltech:erodium_brick_stairs, Erodium Brick Stairs
environmentaltech:erodium_tile_stairs, Erodium Tile Stairs
environmentaltech:erodium_slab:0, Erodium Slab
environmentaltech:erodium_paver_slab:0, Erodium Paver Slab
environmentaltech:erodium_brick_slab:0, Erodium Brick Slab
environmentaltech:erodium_tile_slab:0, Erodium Tile Slab
environmentaltech:kyronite, Kyronite
environmentaltech:kyronite_paver, Kyronite Paver
environmentaltech:kyronite_bricks, Kyronite Bricks
environmentaltech:kyronite_tiles, Kyronite Tiles
environmentaltech:kyronite_stairs, Kyronite Stairs
environmentaltech:kyronite_brick_stairs, Kyronite Brick Stairs
environmentaltech:kyronite_tile_stairs, Kyronite Tile Stairs
environmentaltech:kyronite_slab:0, Kyronite Slab
environmentaltech:kyronite_paver_slab:0, Kyronite Paver Slab
environmentaltech:kyronite_brick_slab:0, Kyronite Brick Slab
environmentaltech:kyronite_tile_slab:0, Kyronite Tile Slab
environmentaltech:pladium, Pladium
environmentaltech:pladium_paver, Pladium Paver
environmentaltech:pladium_bricks, Pladium Bricks
environmentaltech:pladium_tiles, Pladium Tiles
environmentaltech:pladium_stairs, Pladium Stairs
environmentaltech:pladium_brick_stairs, Pladium Brick Stairs
environmentaltech:pladium_tile_stairs, Pladium Tile Stairs
environmentaltech:pladium_slab:0, Pladium Slab
environmentaltech:pladium_paver_slab:0, Pladium Paver Slab
environmentaltech:pladium_brick_slab:0, Pladium Brick Slab
environmentaltech:pladium_tile_slab:0, Pladium Tile Slab
environmentaltech:ionite, Ionite
environmentaltech:ionite_paver, Ionite Paver
environmentaltech:ionite_bricks, Ionite Bricks
environmentaltech:ionite_tiles, Ionite Tiles
environmentaltech:ionite_stairs, Ionite Stairs
environmentaltech:ionite_brick_stairs, Ionite Brick Stairs
environmentaltech:ionite_tile_stairs, Ionite Tile Stairs
environmentaltech:ionite_slab:0, Ionite Slab
environmentaltech:ionite_paver_slab:0, Ionite Paver Slab
environmentaltech:ionite_brick_slab:0, Ionite Brick Slab
environmentaltech:ionite_tile_slab:0, Ionite Tile Slab
environmentaltech:aethium, Aethium
environmentaltech:aethium_paver, Aethium Paver
environmentaltech:aethium_bricks, Aethium Bricks
environmentaltech:aethium_tiles, Aethium Tiles
environmentaltech:aethium_stairs, Aethium Stairs
environmentaltech:aethium_brick_stairs, Aethium Brick Stairs
environmentaltech:aethium_tile_stairs, Aethium Tile Stairs
environmentaltech:aethium_slab:0, Aethium Slab
environmentaltech:aethium_paver_slab:0, Aethium Paver Slab
environmentaltech:aethium_brick_slab:0, Aethium Brick Slab
environmentaltech:aethium_tile_slab:0, Aethium Tile Slab
environmentaltech:lonsdaleite, Lonsdaleite
environmentaltech:lonsdaleite_paver, Lonsdaleite Paver
environmentaltech:lonsdaleite_bricks, Lonsdaleite Bricks
environmentaltech:lonsdaleite_tiles, Lonsdaleite Tiles
environmentaltech:lonsdaleite_stairs, Lonsdaleite Stairs
environmentaltech:lonsdaleite_brick_stairs, Lonsdaleite Brick Stairs
environmentaltech:lonsdaleite_tile_stairs, Lonsdaleite Tile Stairs
environmentaltech:lonsdaleite_slab:0, Lonsdaleite Slab
environmentaltech:lonsdaleite_paver_slab:0, Lonsdaleite Paver Slab
environmentaltech:lonsdaleite_brick_slab:0, Lonsdaleite Brick Slab
environmentaltech:lonsdaleite_tile_slab:0, Lonsdaleite Tile Slab
environmentaltech:mica, Mica
environmentaltech:litherite_crystal, Litherite Crystal
environmentaltech:erodium_crystal, Erodium Crystal
environmentaltech:kyronite_crystal, Kyronite Crystal
environmentaltech:pladium_crystal, Pladium Crystal
environmentaltech:ionite_crystal, Ionite Crystal
environmentaltech:aethium_crystal, Aethium Crystal
environmentaltech:lonsdaleite_crystal, Lonsdaleite Crystal
environmentaltech:interconnect, Interconnect
environmentaltech:tool_multiblock_assembler, Assembler
environmentaltech:connector, Connector
environmentaltech:modifier_null, Null Modifier
environmentaltech:modifier_speed, Speed Modifier
environmentaltech:modifier_luck, Luck Modifier
environmentaltech:structure_frame_1, Structure Frame Tier 1
environmentaltech:structure_frame_2, Structure Frame Tier 2
environmentaltech:structure_frame_3, Structure Frame Tier 3
environmentaltech:structure_frame_4, Structure Frame Tier 4
environmentaltech:structure_frame_5, Structure Frame Tier 5
environmentaltech:structure_frame_6, Structure Frame Tier 6
environmentaltech:structure_panel, Structure Panel
environmentaltech:structure_panel_clear, Clear Structure Panel
environmentaltech:lightning_rod, Lightning Rod
environmentaltech:lightning_rod_insulated, Insulated Lightning Rod
environmentaltech:lightning_cont_1, Lightning Controller Tier 1
environmentaltech:lightning_cont_2, Lightning Controller Tier 2
environmentaltech:lightning_cont_3, Lightning Controller Tier 3
environmentaltech:lightning_cont_4, Lightning Controller Tier 4
environmentaltech:lightning_cont_5, Lightning Controller Tier 5
environmentaltech:lightning_cont_6, Lightning Controller Tier 6
environmentaltech:solar_cont_1, Solar Array Controller Tier 1
environmentaltech:solar_cont_2, Solar Array Controller Tier 2
environmentaltech:solar_cont_3, Solar Array Controller Tier 3
environmentaltech:solar_cont_4, Solar Array Controller Tier 4
environmentaltech:solar_cont_5, Solar Array Controller Tier 5
environmentaltech:solar_cont_6, Solar Array Controller Tier 6
environmentaltech:solar_cell_litherite, Litherite Solar Cell
environmentaltech:solar_cell_erodium, Erodium Solar Cell
environmentaltech:solar_cell_kyronite, Kyronite Solar Cell
environmentaltech:solar_cell_pladium, Pladium Solar Cell
environmentaltech:solar_cell_ionite, Ionite Solar Cell
environmentaltech:solar_cell_aethium, Aethium Solar Cell
environmentaltech:modifier_piezo, Piezo Modifier
environmentaltech:photovoltaic_cell, Photovoltaic Cell
environmentaltech:thermal_cell, Thermal Cell
environmentaltech:laser_core, Laser Core
environmentaltech:laser_lens, Clear Laser Lens
environmentaltech:laser_lens_crystal, Crystal Laser Lens
environmentaltech:laser_lens_colored:0, White Laser Lens
environmentaltech:laser_lens_colored:1, Orange Laser Lens
environmentaltech:laser_lens_colored:2, Magenta Laser Lens
environmentaltech:laser_lens_colored:3, Light Blue Laser Lens
environmentaltech:laser_lens_colored:4, Yellow Laser Lens
environmentaltech:laser_lens_colored:5, Lime Laser Lens
environmentaltech:laser_lens_colored:6, Pink Laser Lens
environmentaltech:laser_lens_colored:7, Gray Laser Lens
environmentaltech:laser_lens_colored:8, Light Gray Laser Lens
environmentaltech:laser_lens_colored:9, Cyan Laser Lens
environmentaltech:laser_lens_colored:10, Purple Laser Lens
environmentaltech:laser_lens_colored:11, Blue Laser Lens
environmentaltech:laser_lens_colored:12, Brown Laser Lens
environmentaltech:laser_lens_colored:13, Green Laser Lens
environmentaltech:laser_lens_colored:14, Red Laser Lens
environmentaltech:laser_lens_colored:15, Black Laser Lens
environmentaltech:modifier_accuracy, Accuracy Modifier
environmentaltech:diode, Diode
environmentaltech:void_ore_miner_cont_1, Void Ore Miner Controller Tier 1
environmentaltech:void_ore_miner_cont_2, Void Ore Miner Controller Tier 2
environmentaltech:void_ore_miner_cont_3, Void Ore Miner Controller Tier 3
environmentaltech:void_ore_miner_cont_4, Void Ore Miner Controller Tier 4
environmentaltech:void_ore_miner_cont_5, Void Ore Miner Controller Tier 5
environmentaltech:void_ore_miner_cont_6, Void Ore Miner Controller Tier 6
environmentaltech:void_res_miner_cont_1, Void Resource Miner Controller Tier 1
environmentaltech:void_res_miner_cont_2, Void Resource Miner Controller Tier 2
environmentaltech:void_res_miner_cont_3, Void Resource Miner Controller Tier 3
environmentaltech:void_res_miner_cont_4, Void Resource Miner Controller Tier 4
environmentaltech:void_res_miner_cont_5, Void Resource Miner Controller Tier 5
environmentaltech:void_res_miner_cont_6, Void Resource Miner Controller Tier 6
environmentaltech:void_botanic_miner_cont_1, Void Botanic Miner Controller Tier 1
environmentaltech:void_botanic_miner_cont_2, Void Botanic Miner Controller Tier 2
environmentaltech:void_botanic_miner_cont_3, Void Botanic Miner Controller Tier 3
environmentaltech:void_botanic_miner_cont_4, Void Botanic Miner Controller Tier 4
environmentaltech:void_botanic_miner_cont_5, Void Botanic Miner Controller Tier 5
environmentaltech:void_botanic_miner_cont_6, Void Botanic Miner Controller Tier 6
environmentaltech:modifier_creative_flight, Creative Flight Modifier
environmentaltech:modifier_flight_speed, Flight Speed Modifier
environmentaltech:modifier_haste, Haste Modifier
environmentaltech:modifier_strength, Strength Modifier
environmentaltech:modifier_jump_boost, Jump Boost Modifier
environmentaltech:modifier_regeneration, Regen Modifier
environmentaltech:modifier_resistance, Resistance Modifier
environmentaltech:modifier_fire_resistance, Fire Resistance Modifier
environmentaltech:modifier_water_breathing, Water Breathing Modifier
environmentaltech:modifier_invisibility, Invisibility Modifier
environmentaltech:modifier_night_vision, Night Vision Modifier
environmentaltech:modifier_health_boost, Health Boost Modifier
environmentaltech:modifier_absorption, Absoption Modifier
environmentaltech:modifier_saturation, Saturation Modifier
environmentaltech:modifier_glowing, Glowing Modifier
environmentaltech:nano_cont_ranged_1, Ranged Nano Bot Beacon Tier 1
environmentaltech:nano_cont_ranged_2, Ranged Nano Bot Beacon Tier 2
environmentaltech:nano_cont_ranged_3, Ranged Nano Bot Beacon Tier 3
environmentaltech:nano_cont_ranged_4, Ranged Nano Bot Beacon Tier 4
environmentaltech:nano_cont_ranged_5, Ranged Nano Bot Beacon Tier 5
environmentaltech:nano_cont_ranged_6, Ranged Nano Bot Beacon Tier 6
environmentaltech:nano_cont_personal_1, Personal Nano Bot Beacon Tier 1
environmentaltech:nano_cont_personal_2, Personal Nano Bot Beacon Tier 2
environmentaltech:nano_cont_personal_3, Personal Nano Bot Beacon Tier 3
environmentaltech:nano_cont_personal_4, Personal Nano Bot Beacon Tier 4
environmentaltech:nano_cont_personal_5, Personal Nano Bot Beacon Tier 5
environmentaltech:nano_cont_personal_6, Personal Nano Bot Beacon Tier 6
ae2fc:fluid_discretizer, ME Fluid Discretizer
ae2fc:fluid_pattern_encoder, Fluid Pattern Encoder
ae2fc:fluid_packet_decoder, ME Fluid Packet Decoder
ae2fc:ingredient_buffer, Ingredient Buffer
ae2fc:large_ingredient_buffer, Large Ingredient Buffer
ae2fc:burette, Precision Burette
ae2fc:dual_interface, ME Dual Interface
ae2fc:fluid_level_maintainer, ME Fluid Level Maintainer
ae2fc:fluid_assembler, ME Fluid Assembler
ae2fc:ultimate_encoder, ME Ultimate Encoder
ae2fc:fluid_drop, Drop of %s
ae2fc:fluid_packet, Fluid Packet
ae2fc:dense_encoded_pattern, Encoded Pattern
ae2fc:dense_craft_encoded_pattern, Encoded Pattern
ae2fc:part_dual_interface, ME Dual Interface
ae2fc:part_fluid_pattern_terminal, ME Fluid Pattern Terminal
ae2fc:part_fluid_pattern_ex_terminal, ME Extended Processing Fluid Pattern Terminal
ae2fc:large_item_encoded_pattern, Encoded Pattern
ae2fc:wireless_fluid_pattern_terminal, Wireless Fluid Pattern Terminal
industrialforegoing:petrified_fuel_generator, Petrified Fuel Generator
industrialforegoing:enchantment_refiner, Enchantment Sorter
industrialforegoing:enchantment_extractor, Enchantment Extractor
industrialforegoing:enchantment_aplicator, Enchantment Applicator
industrialforegoing:mob_relocator, Mob Crusher
industrialforegoing:potion_enervator, Potion Brewer
industrialforegoing:animal_independence_selector, Animal Baby Separator
industrialforegoing:animal_stock_increaser, Animal Feeder
industrialforegoing:crop_sower, Plant Sower
industrialforegoing:crop_enrich_material_injector, Plant Fertilizer
industrialforegoing:crop_recolector, Plant Gatherer
industrialforegoing:black_hole_unit, Black Hole Unit
industrialforegoing:water_condensator, Water Condensator
industrialforegoing:water_resources_collector, Resources Fisher
industrialforegoing:animal_resource_harvester, Animal Rancher
industrialforegoing:mob_slaughter_factory, Mob Slaughter Factory
industrialforegoing:mob_duplicator, Mob Duplicator
industrialforegoing:block_destroyer, Block Breaker
industrialforegoing:block_placer, Block Placer
industrialforegoing:tree_fluid_extractor, Tree Fluid Extractor
industrialforegoing:latex_processing_unit, Latex Processing Unit
industrialforegoing:sewage_composter_solidifier, Sewage Composter
industrialforegoing:animal_byproduct_recolector, Animal Sewer
industrialforegoing:sludge_refiner, Sludge Refiner
industrialforegoing:mob_detector, Mob Detector
industrialforegoing:lava_fabricator, Lava Fabricator
industrialforegoing:bioreactor, Bioreactor
industrialforegoing:biofuel_generator, Biofuel Generator
industrialforegoing:laser_base, Laser Base
industrialforegoing:laser_drill, Laser Drill
industrialforegoing:ore_processor, Ore Processor
industrialforegoing:black_hole_controller, Black Hole Controller (DEPRECATED)
industrialforegoing:black_hole_controller_reworked, Black Hole Controller v2.0
industrialforegoing:dye_mixer, Dye Mixer
industrialforegoing:enchantment_invoker, Enchantment Factory
industrialforegoing:spores_recreator, Spores Recreator
industrialforegoing:animal_growth_increaser, Animal Grower
industrialforegoing:material_stonework_factory, Material StoneWork Factory
industrialforegoing:black_hole_tank, Black Hole Tank
industrialforegoing:resourceful_furnace, Resourceful Furnace
industrialforegoing:villager_trade_exchanger, Villager Trade Exchanger
industrialforegoing:energy_field_provider, Energy Field Provider
industrialforegoing:oredictionary_converter, Ore Dictionary Converter
industrialforegoing:protein_reactor, Protein Reactor
industrialforegoing:protein_generator, Protein Generator
industrialforegoing:hydrator, Hydrator
industrialforegoing:wither_builder, Wither Builder
industrialforegoing:fluid_pump, Fluid Pump
industrialforegoing:fluid_crafter, Fluid Crafter
industrialforegoing:plant_interactor, Plant Interactor
industrialforegoing:item_splitter, Item Splitter
industrialforegoing:fluiddictionary_converter, Fluid Dictionary Converter
industrialforegoing:froster, Froster
industrialforegoing:ore_washer, Washing Factory
industrialforegoing:ore_fermenter, Fermentation Station
industrialforegoing:ore_sieve, Fluid Sieving Machine
industrialforegoing:pitiful_fuel_generator, Pitiful Fuel Generator
industrialforegoing:tinydryrubber, Tiny Dry Rubber
industrialforegoing:dryrubber, Dry Rubber
industrialforegoing:plastic, Plastic
industrialforegoing:fertilizer, Fertilizer
industrialforegoing:meat_feeder, Meat Feeder
industrialforegoing:mob_imprisonment_tool, Mob Imprisonment Tool
industrialforegoing:laser_lens:0, White§r Laser Lens
industrialforegoing:laser_lens:1, Orange§r Laser Lens
industrialforegoing:laser_lens:2, Magenta§r Laser Lens
industrialforegoing:laser_lens:3, Light Blue§r Laser Lens
industrialforegoing:laser_lens:4, Yellow§r Laser Lens
industrialforegoing:laser_lens:5, Lime§r Laser Lens
industrialforegoing:laser_lens:6, Pink§r Laser Lens
industrialforegoing:laser_lens:7, Gray§r Laser Lens
industrialforegoing:laser_lens:8, Light Gray§r Laser Lens
industrialforegoing:laser_lens:9, Cyan§r Laser Lens
industrialforegoing:laser_lens:10, Purple§r Laser Lens
industrialforegoing:laser_lens:11, Blue§r Laser Lens
industrialforegoing:laser_lens:12, Brown§r Laser Lens
industrialforegoing:laser_lens:13, Green§r Laser Lens
industrialforegoing:laser_lens:14, Red§r Laser Lens
industrialforegoing:laser_lens:15, Black§r Laser Lens
industrialforegoing:laser_lens_inverted:0, White§r Laser Lens (Inverted)
industrialforegoing:laser_lens_inverted:1, Orange§r Laser Lens (Inverted)
industrialforegoing:laser_lens_inverted:2, Magenta§r Laser Lens (Inverted)
industrialforegoing:laser_lens_inverted:3, Light Blue§r Laser Lens (Inverted)
industrialforegoing:laser_lens_inverted:4, Yellow§r Laser Lens (Inverted)
industrialforegoing:laser_lens_inverted:5, Lime§r Laser Lens (Inverted)
industrialforegoing:laser_lens_inverted:6, Pink§r Laser Lens (Inverted)
industrialforegoing:laser_lens_inverted:7, Gray§r Laser Lens (Inverted)
industrialforegoing:laser_lens_inverted:8, Light Gray§r Laser Lens (Inverted)
industrialforegoing:laser_lens_inverted:9, Cyan§r Laser Lens (Inverted)
industrialforegoing:laser_lens_inverted:10, Purple§r Laser Lens (Inverted)
industrialforegoing:laser_lens_inverted:11, Blue§r Laser Lens (Inverted)
industrialforegoing:laser_lens_inverted:12, Brown§r Laser Lens (Inverted)
industrialforegoing:laser_lens_inverted:13, Green§r Laser Lens (Inverted)
industrialforegoing:laser_lens_inverted:14, Red§r Laser Lens (Inverted)
industrialforegoing:laser_lens_inverted:15, Black§r Laser Lens (Inverted)
industrialforegoing:straw, Straw
industrialforegoing:conveyor_upgrade:0, Extraction Conveyor Upgrade
industrialforegoing:conveyor_upgrade:1, Insertion Conveyor Upgrade
industrialforegoing:conveyor_upgrade:2, Detection Conveyor Upgrade
industrialforegoing:conveyor_upgrade:3, Bouncing Conveyor Upgrade
industrialforegoing:conveyor_upgrade:4, Dropping Conveyor Upgrade
industrialforegoing:conveyor_upgrade:5, Blinking Conveyor Upgrade
industrialforegoing:conveyor_upgrade:6, Splitting Conveyor Upgrade
industrialforegoing:pink_slime, Pink Slime
industrialforegoing:book_manual, Industrial Foregoing's Manual
industrialforegoing:pink_slime_ingot, Pink Slime Ingot
industrialforegoing:infinity_drill:0, Infinity Drill
industrialforegoing:infinity_drill:0, Infinity Drill
industrialforegoing:infinity_drill:0, Infinity Drill
industrialforegoing:infinity_drill:0, Infinity Drill
industrialforegoing:infinity_drill:0, Infinity Drill
industrialforegoing:infinity_drill:0, Infinity Drill
industrialforegoing:infinity_drill:0, Infinity Drill
industrialforegoing:infinity_drill:0, Infinity Drill
industrialforegoing:adult_filter, Adult Filter
industrialforegoing:range_addon:0, Range Addon
industrialforegoing:range_addon:1, Range Addon
industrialforegoing:range_addon:2, Range Addon
industrialforegoing:range_addon:3, Range Addon
industrialforegoing:range_addon:4, Range Addon
industrialforegoing:range_addon:5, Range Addon
industrialforegoing:range_addon:6, Range Addon
industrialforegoing:range_addon:7, Range Addon
industrialforegoing:range_addon:8, Range Addon
industrialforegoing:range_addon:9, Range Addon
industrialforegoing:range_addon:10, Range Addon
industrialforegoing:range_addon:11, Range Addon
industrialforegoing:energy_field_addon, Energy Field Addon
industrialforegoing:leaf_shearing, Leaf Shearing Addon
industrialforegoing:itemstack_transfer_addon_pull:0, Itemstack Transfer Addon (Pull/Down)
industrialforegoing:itemstack_transfer_addon_push:0, Itemstack Transfer Addon (Push/Down)
industrialforegoing:fluid_transfer_addon_pull:0, Fluid Transfer Addon (Pull/Down)
industrialforegoing:fluid_transfer_addon_push:0, Fluid Transfer Addon (Push/Down)
industrialforegoing:fortune_addon, Fortune Addon
industrialforegoing:artificial_dye:0, White§r Artificial Dye
industrialforegoing:artificial_dye:1, Orange§r Artificial Dye
industrialforegoing:artificial_dye:2, Magenta§r Artificial Dye
industrialforegoing:artificial_dye:3, Light Blue§r Artificial Dye
industrialforegoing:artificial_dye:4, Yellow§r Artificial Dye
industrialforegoing:artificial_dye:5, Lime§r Artificial Dye
industrialforegoing:artificial_dye:6, Pink§r Artificial Dye
industrialforegoing:artificial_dye:7, Gray§r Artificial Dye
industrialforegoing:artificial_dye:8, Light Gray§r Artificial Dye
industrialforegoing:artificial_dye:9, Cyan§r Artificial Dye
industrialforegoing:artificial_dye:10, Purple§r Artificial Dye
industrialforegoing:artificial_dye:11, Blue§r Artificial Dye
industrialforegoing:artificial_dye:12, Brown§r Artificial Dye
industrialforegoing:artificial_dye:13, Green§r Artificial Dye
industrialforegoing:artificial_dye:14, Red§r Artificial Dye
industrialforegoing:artificial_dye:15, Black§r Artificial Dye
industrialforegoing:conveyor:0, White§r Conveyor Belt
industrialforegoing:conveyor:1, Orange§r Conveyor Belt
industrialforegoing:conveyor:2, Magenta§r Conveyor Belt
industrialforegoing:conveyor:3, Light Blue§r Conveyor Belt
industrialforegoing:conveyor:4, Yellow§r Conveyor Belt
industrialforegoing:conveyor:5, Lime§r Conveyor Belt
industrialforegoing:conveyor:6, Pink§r Conveyor Belt
industrialforegoing:conveyor:7, Gray§r Conveyor Belt
industrialforegoing:conveyor:8, Light Gray§r Conveyor Belt
industrialforegoing:conveyor:9, Cyan§r Conveyor Belt
industrialforegoing:conveyor:10, Purple§r Conveyor Belt
industrialforegoing:conveyor:11, Blue§r Conveyor Belt
industrialforegoing:conveyor:12, Brown§r Conveyor Belt
industrialforegoing:conveyor:13, Green§r Conveyor Belt
industrialforegoing:conveyor:14, Red§r Conveyor Belt
industrialforegoing:conveyor:15, Black§r Conveyor Belt
industrialforegoing:black_hole_label, Black Hole Label
mcjtylib_ng:multipart, tile.mcjtylib_ng.multipart.name
guideapi:woot-guide, item.guideapi.book.woot.guide.name