#
# A fatal error has been detected by the Java Runtime Environment:
#
#  SIGSEGV (0xb) at pc=0x0000000135d99b90, pid=4287, tid=259
#
# JRE version: OpenJDK Runtime Environment Zulu25.32+21-CA (25.0.2+10) (build 25.0.2+10-LTS)
# Java VM: OpenJDK 64-Bit Server VM Zulu25.32+21-CA (25.0.2+10-LTS, mixed mode, sharing, tiered, compressed oops, compressed class ptrs, g1 gc, bsd-aarch64)
# Problematic frame:
# C  [liblwjgl.dylib+0x5b90]
#
# No core dump will be written. Core dumps have been disabled. To enable core dumping, try "ulimit -c unlimited" before starting Java again
#
# If you would like to submit a bug report, please visit:
#   http://www.azul.com/support/
# The crash happened outside the Java Virtual Machine in native code.
# See problematic frame for where to report the bug.
#

---------------  S U M M A R Y ------------

Command Line: -Duser.language=en -Dfile.encoding=UTF-8 -Xms512m -Xmx10240m -Djava.library.path=/Users/gottfrid.nordstrom@live.vasteras.se/Library/Application Support/PrismLauncher/instances/Emergent-Engineering/natives org.prismlauncher.EntryPoint

Host: "Mac14,2" arm64, 8 cores, 16G, Darwin 24.6.0, macOS 15.7.3 (24G419)
Time: Sat May  2 00:53:38 2026 CEST elapsed time: 20.859770 seconds (0d 0h 0m 20s)

---------------  T H R E A D  ---------------

Current thread (0x0000000143ea0e00):  JavaThread "AppKit Thread" daemon [_thread_in_native, id=259, stack(0x000000016f378000,0x000000016fb74000) (8176K)]

Stack: [0x000000016f378000,0x000000016fb74000],  sp=0x000000016fb6c390,  free space=8144k
Native frames: (J=compiled Java code, j=interpreted, Vv=VM code, C=native code)
C  [liblwjgl.dylib+0x5b90]
C  [liblwjgl.dylib+0x82e8]
C  [libglfw_async.dylib+0x177b8]
C  [AppKit+0xbff9a4]  _routeMouseMovedEvent+0x120
C  [AppKit+0x160c94]  -[NSWindow(NSEventRouting) _reallySendEvent:isDelayedEvent:]+0x22c
C  [AppKit+0x1608a0]  -[NSWindow(NSEventRouting) sendEvent:]+0x120
C  [AppKit+0x9d8d90]  routeMouseMovedEvent+0x78
C  [AppKit+0x9d8588]  -[NSApplication(NSEventRouting) sendEvent:]+0x4a8
C  [libosxapp.dylib+0x384c]  -[NSApplicationAWT sendEvent:]+0x158
C  [AppKit+0x5d742c]  -[NSApplication _handleEvent:]+0x3c
C  [AppKit+0x2dc0c]  -[NSApplication run]+0x208
C  [libosxapp.dylib+0x34f8]  +[NSApplicationAWT runAWTLoopWithApp:]+0x84
C  [libawt_lwawt.dylib+0x62590]  +[AWTStarter starter:headless:]+0x178
C  [libosxapp.dylib+0x4d48]  +[ThreadUtilities invokeBlockCopy:]+0x1c
C  [Foundation+0x77f78]  __NSThreadPerformPerform+0x108
C  [CoreFoundation+0x7ca64]  __CFRUNLOOP_IS_CALLING_OUT_TO_A_SOURCE0_PERFORM_FUNCTION__+0x1c
C  [CoreFoundation+0x7c9f8]  __CFRunLoopDoSource0+0xac
C  [CoreFoundation+0x7c764]  __CFRunLoopDoSources0+0xe8
C  [CoreFoundation+0x7b3b8]  __CFRunLoopRun+0x348
C  [CoreFoundation+0x7a9e8]  CFRunLoopRunSpecific+0x23c
C  [libjli.dylib+0xcd84]  CreateExecutionEnvironment+0x19c
C  [libjli.dylib+0x7ebc]  JLI_Launch+0x230
C  [java+0x3bb4]  main+0x194
C  [dyld+0x6b98]  start+0x17bc

siginfo: si_signo: 11 (SIGSEGV), si_code: 2 (SEGV_ACCERR), si_addr: 0x0000000000000004

Registers:
 x0=0x0000000000000000  x1=0x0000000000000000  x2=0x0000000000000000  x3=0x000000016fb6c470
 x4=0x000000016fb6c570  x5=0x000000016fb6c530  x6=0x0000000135ea99a0  x7=0x0000000000000184
 x8=0x0000000000000000  x9=0x0000000206c2d3e2 x10=0x00000002cbb812ba x11=0x000000000000003f
x12=0x0000000000000022 x13=0x0000000134899a10 x14=0x05000001f9f35959 x15=0x00000001f9f35958
x16=0x0000000135d9c290 x17=0x0000600002643120 x18=0x0000000000000000 x19=0x0000000135ea9950
x20=0x0000600001fdec40 x21=0x0000000000000228 x22=0x0000000000000000 x23=0x0000000000000001
x24=0x0000000000000001 x25=0x0000000000000000 x26=0x00000001f3a79000 x27=0x000000002bd80025
x28=0x000000001fffeffd  fp=0x000000016fb6c450  lr=0x0000000135d9c2e8  sp=0x000000016fb6c390
pc=0x0000000135d99b90 cpsr=0x0000000080001000

Register to memory mapping:

x0 =0x0 is null
x1 =0x0 is null
x2 =0x0 is null
x3 =0x000000016fb6c470 is pointing into the stack for thread: 0x0000000143ea0e00
x4 =0x000000016fb6c570 is pointing into the stack for thread: 0x0000000143ea0e00
x5 =0x000000016fb6c530 is pointing into the stack for thread: 0x0000000143ea0e00
x6 =0x0000000135ea99a0 points into unknown readable memory: 0x0000000000000000 | 00 00 00 00 00 00 00 00
x7 =0x0000000000000184 is an unknown value
x8 =0x0 is null
x9 =0x0000000206c2d3e2 points into unknown readable memory: 6c 6f 63 61 74 69
x10=0x00000002cbb812ba is an unknown value
x11=0x000000000000003f is an unknown value
x12=0x0000000000000022 is an unknown value
x13=0x0000000134899a10 points into unknown readable memory: 0x0000000000000000 | 00 00 00 00 00 00 00 00
x14=0x05000001f9f35959: OBJC_CLASS_$_NSEvent+0x1 in /System/Library/Frameworks/AppKit.framework/Versions/C/AppKit at 0x000000018ff3f000
x15=0x00000001f9f35958: OBJC_CLASS_$_NSEvent+0 in /System/Library/Frameworks/AppKit.framework/Versions/C/AppKit at 0x000000018ff3f000
x16=0x0000000135d9c290: <offset 0x8290> in /private/var/folders/9t/cxbxd1216db1g5brjglfds9r0000gn/T/lwjgl_gottfrid.nordstrom@live.vasteras.se/3.3.6-snapshot/arm64/liblwjgl.dylib at 0x0000000135d94000
x17=0x0000600002643120 points into unknown readable memory: 0x0000f6435bd93120 | 20 31 d9 5b 43 f6 00 00
x18=0x0 is null
x19=0x0000000135ea9950 points into unknown readable memory: 0x0800000135f3ddb7 | b7 dd f3 35 01 00 00 08
x20=0x0000600001fdec40 points into unknown readable memory: 0x05000001f9f35959 | 59 59 f3 f9 01 00 00 05
x21=0x0000000000000228 is an unknown value
x22=0x0 is null
x23=0x0000000000000001 is an unknown value
x24=0x0000000000000001 is an unknown value
x25=0x0 is null
x26=0x00000001f3a79000 points into unknown readable memory: 0x000000018ddff6b0 | b0 f6 df 8d 01 00 00 00
x27=0x000000002bd80025 is an unknown value
x28=0x000000001fffeffd is an unknown value
 fp=0x000000016fb6c450 is pointing into the stack for thread: 0x0000000143ea0e00
 lr=0x0000000135d9c2e8: <offset 0x82e8> in /private/var/folders/9t/cxbxd1216db1g5brjglfds9r0000gn/T/lwjgl_gottfrid.nordstrom@live.vasteras.se/3.3.6-snapshot/arm64/liblwjgl.dylib at 0x0000000135d94000
 sp=0x000000016fb6c390 is pointing into the stack for thread: 0x0000000143ea0e00

Top of Stack: (sp=0x000000016fb6c390)
0x000000016fb6c390:   0000000000000000 0000000000000001   ................
0x000000016fb6c3a0:   0000000000000001 0000000000000001   ................
0x000000016fb6c3b0:   0000600002ec0160 0000600001fdec40   `....`..@....`..
0x000000016fb6c3c0:   000000016fb6c5a0 000000019080ffd8   ...o............
0x000000016fb6c3d0:   ffffffffffffffff 000000016fb6c458   ........X..o....
0x000000016fb6c3e0:   000000016fb6c3e8 0000000000000001   ...o............
0x000000016fb6c3f0:   0000000000000000 0000000000000000   ................
0x000000016fb6c400:   0000000000000000 0000000000000000   ................
0x000000016fb6c410:   0000000135ea99a0 000000016fb6c530   ...5....0..o....
0x000000016fb6c420:   000000016fb6c570 000000016fb6c470   p..o....p..o....
0x000000016fb6c430:   0000000000000000 0000000000000000   ................
0x000000016fb6c440:   0000000000000000 af2f3dfa7a8c0001   ...........z.=/.
0x000000016fb6c450:   000000016fb6c460 0000000135d9c2e8   `..o.......5....
0x000000016fb6c460:   000000016fb6c5a0 0000000135f177b8   ...o.....w.5....
0x000000016fb6c470:   4042bb8000000000 0000000000000000   ......B@........
0x000000016fb6c480:   bff3c00000000000 0000000000000000   ................
0x000000016fb6c490:   403d670000000000 0000000000000000   .....g=@........
0x000000016fb6c4a0:   408bd80000000000 0000000000000000   .......@........
0x000000016fb6c4b0:   4096f80000000000 0000000000000000   .......@........
0x000000016fb6c4c0:   403c000000000000 0000000000000000   ......<@........
0x000000016fb6c4d0:   4096f80000000000 0000000000000000   .......@........
0x000000016fb6c4e0:   403c000000000000 0000000000000000   ......<@........
0x000000016fb6c4f0:   0000000144235c00 0000000137918030   .\#D....0..7....
0x000000016fb6c500:   0000600001fdec40 000000016fb6c5f8   @....`.....o....
0x000000016fb6c510:   0000000000000010 00000000fba01184   ................
0x000000016fb6c520:   0000000000003060 0000000000000184   `0..............
0x000000016fb6c530:   0000600001fdec40 0000000135ea9950   @....`..P..5....
0x000000016fb6c540:   000000016fb6c560 000000018ffa80a0   `..o............
0x000000016fb6c550:   0000600001fdec40 0000000135ea9950   @....`..P..5....
0x000000016fb6c560:   000000016fb6c5a0 0000000135f177a0   ...o.....w.5....
0x000000016fb6c570:   0000000000000000 41c7d2b32ee1e261   ........a......A
0x000000016fb6c580:   0000000000000000 00006000029d0770   ........p....`..

Instructions: (pc=0x0000000135d99b90)
  0x0000000135d99a90:   e8 17 9f 1a 68 01 00 37 01 00 00 14 e8 17 40 f9
  0x0000000135d99aa0:   08 01 40 b9 08 09 00 71 e8 17 9f 1a a8 00 00 37
  0x0000000135d99ab0:   01 00 00 14 48 00 80 52 e8 3f 00 b9 23 00 00 14
  0x0000000135d99ac0:   e8 17 40 f9 08 1d 40 b9 08 01 19 72 e8 17 9f 1a
  0x0000000135d99ad0:   c8 00 00 37 01 00 00 14 08 00 00 f0 08 41 0a 91
  0x0000000135d99ae0:   e8 07 00 f9 05 00 00 14 08 00 00 f0 08 c1 0a 91
  0x0000000135d99af0:   e8 07 00 f9 01 00 00 14 e8 0b 40 f9 08 11 40 f1
  0x0000000135d99b00:   e8 03 00 f9 e8 1b 40 f9 e9 03 40 f9 28 01 00 f9
  0x0000000135d99b10:   e8 07 40 f9 e9 03 40 f9 28 05 00 f9 e8 17 40 f9
  0x0000000135d99b20:   e9 1b 40 f9 28 09 00 f9 e8 13 40 f9 e9 1b 40 f9
  0x0000000135d99b30:   28 0d 00 f9 e8 0f 40 f9 e9 1b 40 f9 28 11 00 f9
  0x0000000135d99b40:   ff 3f 00 b9 01 00 00 14 e0 3f 40 b9 ff 03 01 91
  0x0000000135d99b50:   c0 03 5f d6 fd 7b bf a9 fd 03 00 91 ff 03 03 d1
  0x0000000135d99b60:   88 01 00 f0 08 05 40 f9 08 01 40 f9 a8 83 1f f8
  0x0000000135d99b70:   a0 03 1f f8 a1 83 1e f8 a2 03 1e f8 a3 83 1d f8
  0x0000000135d99b80:   a4 03 1d f8 a5 83 1c f8 a6 03 1c f8 a8 03 5f f8
=>0x0000000135d99b90:   08 05 40 b9 08 f1 7d d3 08 fd 40 d3 08 3d 00 91
  0x0000000135d99ba0:   09 ed 7c 92 a9 83 14 f8 90 01 00 f0 10 02 40 f9
  0x0000000135d99bb0:   00 02 3f d6 a9 83 54 f8 e8 03 00 91 08 01 09 eb
  0x0000000135d99bc0:   1f 01 00 91 a8 83 1b f8 bf 43 1a b8 a8 03 5f f8
  0x0000000135d99bd0:   08 19 40 b9 e1 03 08 aa a0 03 02 d1 27 01 00 94
  0x0000000135d99be0:   a8 03 5f f8 08 1d 40 b9 a8 83 1a b8 a8 83 5a b8
  0x0000000135d99bf0:   08 01 18 72 e8 17 9f 1a 08 01 00 37 01 00 00 14
  0x0000000135d99c00:   28 00 80 52 a8 43 1a b8 a8 83 5a b8 08 79 17 12
  0x0000000135d99c10:   a8 83 1a b8 01 00 00 14 bf 43 1b b8 a8 03 5f f8
  0x0000000135d99c20:   08 05 40 b9 a8 c3 1a b8 01 00 00 14 a8 43 5b b8
  0x0000000135d99c30:   a9 c3 5a b8 08 01 09 6b e8 b7 9f 1a 48 1e 00 37
  0x0000000135d99c40:   01 00 00 14 a8 03 5f f8 08 05 40 f9 a9 43 9b b8
  0x0000000135d99c50:   08 79 69 f8 a8 83 17 f8 a8 83 57 f8 08 15 40 79
  0x0000000135d99c60:   a8 43 17 b8 a8 83 57 f8 08 01 40 f9 a8 03 16 f8
  0x0000000135d99c70:   a8 43 57 b8 a8 43 14 b8 08 01 00 71 e8 17 9f 1a
  0x0000000135d99c80:   48 04 00 37 01 00 00 14 a8 43 54 b8 08 05 00 71


Stack slot to memory mapping:

stack at sp + 0 slots: 0x0 is null
stack at sp + 1 slots: 0x0000000000000001 is an unknown value
stack at sp + 2 slots: 0x0000000000000001 is an unknown value
stack at sp + 3 slots: 0x0000000000000001 is an unknown value
stack at sp + 4 slots: 0x0000600002ec0160 points into unknown readable memory: 0x01000001f9f20c39 | 39 0c f2 f9 01 00 00 01
stack at sp + 5 slots: 0x0000600001fdec40 points into unknown readable memory: 0x05000001f9f35959 | 59 59 f3 f9 01 00 00 05
stack at sp + 6 slots: 0x000000016fb6c5a0 is pointing into the stack for thread: 0x0000000143ea0e00
stack at sp + 7 slots: 0x000000019080ffd8: -[_NSTrackingAreaAKManager _mouseMoved:]+0x1d8 in /System/Library/Frameworks/AppKit.framework/Versions/C/AppKit at 0x000000018ff3f000

Lock stack of current Java thread (top to bottom):


---------------  P R O C E S S  ---------------

Threads class SMR info:
_java_thread_list=0x0000600002ef1d00, length=29, elements={
0x0000000143015600, 0x0000000143060800, 0x0000000143061200, 0x000000013300d000,
0x0000000143061c00, 0x0000000143059000, 0x000000013300f800, 0x0000000143858e00,
0x000000014305ec00, 0x0000000143859800, 0x00000001312b1800, 0x00000001312d5000,
0x00000001343c0200, 0x000000013189bc00, 0x0000000143ea0e00, 0x00000001347cfc00,
0x00000001347e3600, 0x0000000131e5ea00, 0x0000000144178800, 0x0000000131a4b400,
0x000000014401b800, 0x000000013163b200, 0x00000001430e7600, 0x0000000133547800,
0x000000013489a400, 0x000000013481f000, 0x000000013481fa00, 0x000000013006a000,
0x00000001348c6c00
}

Java Threads: ( => current thread )
  0x0000000143015600 JavaThread "Client thread"                     [_thread_in_native, id=4611, stack(0x000000016fc00000,0x000000016fe03000) (2060K)]
  0x0000000143060800 JavaThread "Reference Handler"          daemon [_thread_blocked, id=29443, stack(0x0000000170d78000,0x0000000170f7b000) (2060K)]
  0x0000000143061200 JavaThread "Finalizer"                  daemon [_thread_blocked, id=24579, stack(0x0000000170f84000,0x0000000171187000) (2060K)]
  0x000000013300d000 JavaThread "Signal Dispatcher"          daemon [_thread_blocked, id=25091, stack(0x0000000171190000,0x0000000171393000) (2060K)]
  0x0000000143061c00 JavaThread "Service Thread"             daemon [_thread_blocked, id=25603, stack(0x000000017139c000,0x000000017159f000) (2060K)]
  0x0000000143059000 JavaThread "Monitor Deflation Thread"   daemon [_thread_blocked, id=28675, stack(0x00000001715a8000,0x00000001717ab000) (2060K)]
  0x000000013300f800 JavaThread "C2 CompilerThread0"         daemon [_thread_blocked, id=25859, stack(0x00000001717b4000,0x00000001719b7000) (2060K)]
  0x0000000143858e00 JavaThread "C1 CompilerThread0"         daemon [_thread_blocked, id=26371, stack(0x00000001719c0000,0x0000000171bc3000) (2060K)]
  0x000000014305ec00 JavaThread "Notification Thread"        daemon [_thread_blocked, id=28163, stack(0x0000000171bcc000,0x0000000171dcf000) (2060K)]
  0x0000000143859800 JavaThread "Common-Cleaner"             daemon [_thread_blocked, id=27651, stack(0x0000000171dd8000,0x0000000171fdb000) (2060K)]
  0x00000001312b1800 JavaThread "LauncherLogger-Worker"      daemon [_thread_blocked, id=34563, stack(0x0000000172e38000,0x000000017303b000) (2060K)]
  0x00000001312d5000 JavaThread "JNA Cleaner"                daemon [_thread_blocked, id=41475, stack(0x000000017345c000,0x000000017365f000) (2060K)]
  0x00000001343c0200 JavaThread "process reaper"             daemon [_thread_blocked, id=35591, stack(0x0000000173668000,0x000000017369f000) (220K)]
  0x000000013189bc00 JavaThread "spark-monitoring-thread"    daemon [_thread_blocked, id=36103, stack(0x00000001738b4000,0x0000000173ab7000) (2060K)]
=>0x0000000143ea0e00 JavaThread "AppKit Thread"              daemon [_thread_in_native, id=259, stack(0x000000016f378000,0x000000016fb74000) (8176K)]
  0x00000001347cfc00 JavaThread "Java2D Queue Flusher"       daemon [_thread_blocked, id=74511, stack(0x0000000173ff0000,0x00000001741f3000) (2060K)]
  0x00000001347e3600 JavaThread "Java2D Disposer"            daemon [_thread_blocked, id=80131, stack(0x00000001741fc000,0x00000001743ff000) (2060K)]
  0x0000000131e5ea00 JavaThread "StellarCore-LowerCaseStringPool-CanonicalizeWorker"        [_thread_blocked, id=56583, stack(0x0000000173044000,0x0000000173247000) (2060K)]
  0x0000000144178800 JavaThread "Snooper Timer"              daemon [_thread_blocked, id=63247, stack(0x0000000173ccc000,0x0000000173ecf000) (2060K)]
  0x0000000131a4b400 JavaThread "AWT-Shutdown"                      [_thread_blocked, id=67339, stack(0x0000000173ac0000,0x0000000173cc3000) (2060K)]
  0x000000014401b800 JavaThread "StellarCore-BlockFaceUVsPool-CanonicalizeWorker"        [_thread_blocked, id=121867, stack(0x000000034561c000,0x000000034581f000) (2060K)]
  0x000000013163b200 JavaThread "ForkJoinPool-1-worker-1"    daemon [_thread_blocked, id=95755, stack(0x0000000345828000,0x0000000345a2b000) (2060K)]
  0x00000001430e7600 JavaThread "ForkJoinPool-1-worker-2"    daemon [_thread_blocked, id=127783, stack(0x0000000345a34000,0x0000000345c37000) (2060K)]
  0x0000000133547800 JavaThread "ForkJoinPool-1-worker-3"    daemon [_thread_blocked, id=122123, stack(0x0000000345c40000,0x0000000345e43000) (2060K)]
  0x000000013489a400 JavaThread "ForkJoinPool-1-worker-4"    daemon [_thread_blocked, id=124683, stack(0x0000000346a10000,0x0000000346c13000) (2060K)]
  0x000000013481f000 JavaThread "ForkJoinPool-1-worker-5"    daemon [_thread_blocked, id=124427, stack(0x0000000346c1c000,0x0000000346e1f000) (2060K)]
  0x000000013481fa00 JavaThread "ForkJoinPool-1-worker-6"    daemon [_thread_blocked, id=123147, stack(0x0000000346e28000,0x000000034702b000) (2060K)]
  0x000000013006a000 JavaThread "ForkJoinPool-1-worker-7"    daemon [_thread_blocked, id=123915, stack(0x0000000347034000,0x0000000347237000) (2060K)]
  0x00000001348c6c00 JavaThread "ForkJoinPool-1-worker-8"    daemon [_thread_blocked, id=122635, stack(0x0000000347240000,0x0000000347443000) (2060K)]
Total: 29

Other Threads:
  0x0000000143856e00 VMThread "VM Thread"                           [id=20227, stack(0x0000000170a54000,0x0000000170c57000) (2060K)]
  0x0000000142e0be80 WatcherThread "VM Periodic Task Thread"        [id=18183, stack(0x0000000170848000,0x0000000170a4b000) (2060K)]
  0x0000000143050c00 WorkerThread "GC Thread#0"                     [id=14083, stack(0x000000016fe0c000,0x000000017000f000) (2060K)]
  0x0000000143dadc00 WorkerThread "GC Thread#1"                     [id=26891, stack(0x0000000171fe4000,0x00000001721e7000) (2060K)]
  0x0000000143daa200 WorkerThread "GC Thread#2"                     [id=32771, stack(0x00000001721f0000,0x00000001723f3000) (2060K)]
  0x0000000143daa800 WorkerThread "GC Thread#3"                     [id=33283, stack(0x00000001723fc000,0x00000001725ff000) (2060K)]
  0x0000000143ea0200 WorkerThread "GC Thread#4"                     [id=33795, stack(0x0000000172608000,0x000000017280b000) (2060K)]
  0x0000000143ea0800 WorkerThread "GC Thread#5"                     [id=43267, stack(0x0000000172814000,0x0000000172a17000) (2060K)]
  0x0000000143eadc00 WorkerThread "GC Thread#6"                     [id=42755, stack(0x0000000172a20000,0x0000000172c23000) (2060K)]
  0x0000000143eae200 WorkerThread "GC Thread#7"                     [id=34307, stack(0x0000000172c2c000,0x0000000172e2f000) (2060K)]
  0x000000014380c400 ConcurrentGCThread "G1 Main Marker"            [id=13827, stack(0x0000000170018000,0x000000017021b000) (2060K)]
  0x000000014380ca00 WorkerThread "G1 Conc#0"                       [id=13059, stack(0x0000000170224000,0x0000000170427000) (2060K)]
  0x00000001312c1600 WorkerThread "G1 Conc#1"                       [id=35075, stack(0x0000000173250000,0x0000000173453000) (2060K)]
  0x000000014384f000 ConcurrentGCThread "G1 Refine#0"               [id=16643, stack(0x0000000170430000,0x0000000170633000) (2060K)]
  0x000000014384f600 ConcurrentGCThread "G1 Service"                [id=17155, stack(0x000000017063c000,0x000000017083f000) (2060K)]
Total: 15

Threads with active compile tasks:
Total: 0

VM state: not at safepoint (normal execution)

VM Mutex/Monitor currently owned by a thread: None

Heap address: 0x0000000580000000, size: 10240 MB, Compressed Oops mode: Zero based, Oop shift amount: 3

CDS archive(s) mapped at: [0x00000ff000000000-0x00000ff000dfc000-0x00000ff000dfc000), size 14663680, SharedBaseAddress: 0x00000ff000000000, ArchiveRelocationMode: 1.
Compressed class space mapped at: 0x00000ff001000000-0x00000ff041000000, reserved size: 1073741824
UseCompressedClassPointers 1, UseCompactObjectHeaders 0
Narrow klass pointer bits 32, Max shift 3
Narrow klass base: 0x00000ff000000000, Narrow klass shift: 0
Encoding Range: [0x00000ff000000000 - 0x00000ff100000000), (4294967296 bytes)
Klass Range:    [0x00000ff000004000 - 0x00000ff041000000), (1090502656 bytes)
Klass ID Range:  [16384 - 1090519033) (1090502649)
Protection zone: [0x00000ff000000000 - 0x00000ff000004000), (16384 bytes)

GC Precious Log:
 CardTable entry size: 512
 Card Set container configuration: InlinePtr #cards 4 size 8 Array Of Cards #cards 64 size 144 Howl #buckets 8 coarsen threshold 14745 Howl Bitmap #cards 2048 size 272 coarsen threshold 1843 Card regions per heap region 1 cards per card region 16384
 CPUs: 8 total, 8 available
 Memory: 16384M
 Large Page Support: Disabled
 NUMA Support: Disabled
 Compressed Oops: Enabled (Zero based)
 Heap Region Size: 8M
 Heap Min Capacity: 512M
 Heap Initial Capacity: 512M
 Heap Max Capacity: 10G
 Pre-touch: Disabled
 Parallel Workers: 8
 Concurrent Workers: 2
 Concurrent Refinement Workers: 8
 Periodic GC: Disabled

Heap:
 garbage-first heap   total reserved 10485760K, committed 1622016K, used 1515407K [0x0000000580000000, 0x0000000800000000)
  region size 8192K, 101 young (827392K), 5 survivors (40960K)

Heap Regions: E=young(eden), S=young(survivor), O=old, HS=humongous(starts), HC=humongous(continues), CS=collection set, F=free, TAMS=top-at-mark-start, PB=parsable bottom
|   0|0x0000000580000000, 0x0000000580800000, 0x0000000580800000|100%| O|  |TAMS 0x0000000580000000| PB 0x0000000580000000| Untracked |  0
|   1|0x0000000580800000, 0x0000000581000000, 0x0000000581000000|100%| O|  |TAMS 0x0000000580800000| PB 0x0000000580800000| Untracked |  0
|   2|0x0000000581000000, 0x0000000581800000, 0x0000000581800000|100%| O|  |TAMS 0x0000000581000000| PB 0x0000000581000000| Untracked |  0
|   3|0x0000000581800000, 0x0000000582000000, 0x0000000582000000|100%| O|  |TAMS 0x0000000581800000| PB 0x0000000581800000| Untracked |  0
|   4|0x0000000582000000, 0x0000000582800000, 0x0000000582800000|100%| O|  |TAMS 0x0000000582000000| PB 0x0000000582000000| Untracked |  0
|   5|0x0000000582800000, 0x0000000583000000, 0x0000000583000000|100%| O|  |TAMS 0x0000000582800000| PB 0x0000000582800000| Untracked |  0
|   6|0x0000000583000000, 0x0000000583800000, 0x0000000583800000|100%| O|  |TAMS 0x0000000583000000| PB 0x0000000583000000| Untracked |  0
|   7|0x0000000583800000, 0x0000000584000000, 0x0000000584000000|100%| O|  |TAMS 0x0000000583800000| PB 0x0000000583800000| Untracked |  0
|   8|0x0000000584000000, 0x0000000584800000, 0x0000000584800000|100%| O|  |TAMS 0x0000000584000000| PB 0x0000000584000000| Untracked |  0
|   9|0x0000000584800000, 0x0000000585000000, 0x0000000585000000|100%| O|  |TAMS 0x0000000584800000| PB 0x0000000584800000| Untracked |  0
|  10|0x0000000585000000, 0x0000000585800000, 0x0000000585800000|100%| O|  |TAMS 0x0000000585000000| PB 0x0000000585000000| Untracked |  0
|  11|0x0000000585800000, 0x0000000586000000, 0x0000000586000000|100%| O|  |TAMS 0x0000000585800000| PB 0x0000000585800000| Untracked |  0
|  12|0x0000000586000000, 0x0000000586800000, 0x0000000586800000|100%| O|  |TAMS 0x0000000586000000| PB 0x0000000586000000| Untracked |  0
|  13|0x0000000586800000, 0x0000000587000000, 0x0000000587000000|100%| O|  |TAMS 0x0000000586800000| PB 0x0000000586800000| Untracked |  0
|  14|0x0000000587000000, 0x0000000587800000, 0x0000000587800000|100%| O|  |TAMS 0x0000000587000000| PB 0x0000000587000000| Untracked |  0
|  15|0x0000000587800000, 0x0000000588000000, 0x0000000588000000|100%| O|  |TAMS 0x0000000587800000| PB 0x0000000587800000| Untracked |  0
|  16|0x0000000588000000, 0x0000000588800000, 0x0000000588800000|100%| O|  |TAMS 0x0000000588000000| PB 0x0000000588000000| Untracked |  0
|  17|0x0000000588800000, 0x0000000589000000, 0x0000000589000000|100%| O|  |TAMS 0x0000000588800000| PB 0x0000000588800000| Untracked |  0
|  18|0x0000000589000000, 0x0000000589800000, 0x0000000589800000|100%| O|  |TAMS 0x0000000589000000| PB 0x0000000589000000| Untracked |  0
|  19|0x0000000589800000, 0x000000058a000000, 0x000000058a000000|100%| O|  |TAMS 0x0000000589800000| PB 0x0000000589800000| Untracked |  0
|  20|0x000000058a000000, 0x000000058a800000, 0x000000058a800000|100%| O|  |TAMS 0x000000058a000000| PB 0x000000058a000000| Untracked |  0
|  21|0x000000058a800000, 0x000000058b000000, 0x000000058b000000|100%| O|  |TAMS 0x000000058a800000| PB 0x000000058a800000| Untracked |  0
|  22|0x000000058b000000, 0x000000058b800000, 0x000000058b800000|100%| O|  |TAMS 0x000000058b000000| PB 0x000000058b000000| Untracked |  0
|  23|0x000000058b800000, 0x000000058c000000, 0x000000058c000000|100%| O|  |TAMS 0x000000058b800000| PB 0x000000058b800000| Untracked |  0
|  24|0x000000058c000000, 0x000000058c800000, 0x000000058c800000|100%| O|Cm|TAMS 0x000000058c000000| PB 0x000000058c000000| Complete |  0
|  25|0x000000058c800000, 0x000000058d000000, 0x000000058d000000|100%| O|  |TAMS 0x000000058c800000| PB 0x000000058c800000| Untracked |  0
|  26|0x000000058d000000, 0x000000058d800000, 0x000000058d800000|100%| O|  |TAMS 0x000000058d000000| PB 0x000000058d000000| Untracked |  0
|  27|0x000000058d800000, 0x000000058e000000, 0x000000058e000000|100%| O|  |TAMS 0x000000058d800000| PB 0x000000058d800000| Untracked |  0
|  28|0x000000058e000000, 0x000000058e800000, 0x000000058e800000|100%| O|  |TAMS 0x000000058e000000| PB 0x000000058e000000| Untracked |  0
|  29|0x000000058e800000, 0x000000058f000000, 0x000000058f000000|100%| O|  |TAMS 0x000000058e800000| PB 0x000000058e800000| Untracked |  0
|  30|0x000000058f000000, 0x000000058f800000, 0x000000058f800000|100%| O|  |TAMS 0x000000058f000000| PB 0x000000058f000000| Untracked |  0
|  31|0x000000058f800000, 0x0000000590000000, 0x0000000590000000|100%| O|  |TAMS 0x000000058f800000| PB 0x000000058f800000| Untracked |  0
|  32|0x0000000590000000, 0x0000000590800000, 0x0000000590800000|100%| O|  |TAMS 0x0000000590000000| PB 0x0000000590000000| Untracked |  0
|  33|0x0000000590800000, 0x0000000591000000, 0x0000000591000000|100%| O|  |TAMS 0x0000000590800000| PB 0x0000000590800000| Untracked |  0
|  34|0x0000000591000000, 0x0000000591800000, 0x0000000591800000|100%| O|  |TAMS 0x0000000591000000| PB 0x0000000591000000| Untracked |  0
|  35|0x0000000591800000, 0x0000000592000000, 0x0000000592000000|100%| O|  |TAMS 0x0000000591800000| PB 0x0000000591800000| Untracked |  0
|  36|0x0000000592000000, 0x0000000592800000, 0x0000000592800000|100%| O|  |TAMS 0x0000000592000000| PB 0x0000000592000000| Untracked |  0
|  37|0x0000000592800000, 0x0000000593000000, 0x0000000593000000|100%| O|  |TAMS 0x0000000592800000| PB 0x0000000592800000| Untracked |  0
|  38|0x0000000593000000, 0x0000000593800000, 0x0000000593800000|100%| O|  |TAMS 0x0000000593000000| PB 0x0000000593000000| Untracked |  0
|  39|0x0000000593800000, 0x0000000594000000, 0x0000000594000000|100%| O|  |TAMS 0x0000000593800000| PB 0x0000000593800000| Untracked |  0
|  40|0x0000000594000000, 0x0000000594800000, 0x0000000594800000|100%| O|  |TAMS 0x0000000594000000| PB 0x0000000594000000| Untracked |  0
|  41|0x0000000594800000, 0x0000000595000000, 0x0000000595000000|100%| O|  |TAMS 0x0000000594800000| PB 0x0000000594800000| Untracked |  0
|  42|0x0000000595000000, 0x0000000595800000, 0x0000000595800000|100%| O|  |TAMS 0x0000000595000000| PB 0x0000000595000000| Untracked |  0
|  43|0x0000000595800000, 0x0000000596000000, 0x0000000596000000|100%| O|  |TAMS 0x0000000595800000| PB 0x0000000595800000| Untracked |  0
|  44|0x0000000596000000, 0x0000000596800000, 0x0000000596800000|100%| O|  |TAMS 0x0000000596000000| PB 0x0000000596000000| Untracked |  0
|  45|0x0000000596800000, 0x0000000597000000, 0x0000000597000000|100%| O|  |TAMS 0x0000000596800000| PB 0x0000000596800000| Untracked |  0
|  46|0x0000000597000000, 0x0000000597800000, 0x0000000597800000|100%| O|  |TAMS 0x0000000597000000| PB 0x0000000597000000| Untracked |  0
|  47|0x0000000597800000, 0x0000000598000000, 0x0000000598000000|100%|HS|  |TAMS 0x0000000597800000| PB 0x0000000597800000| Complete |  0
|  48|0x0000000598000000, 0x0000000598800000, 0x0000000598800000|100%|HC|  |TAMS 0x0000000598000000| PB 0x0000000598000000| Complete |  0
|  49|0x0000000598800000, 0x0000000599000000, 0x0000000599000000|100%| O|  |TAMS 0x0000000598800000| PB 0x0000000598800000| Untracked |  0
|  50|0x0000000599000000, 0x0000000599800000, 0x0000000599800000|100%| O|  |TAMS 0x0000000599000000| PB 0x0000000599000000| Untracked |  0
|  51|0x0000000599800000, 0x000000059a000000, 0x000000059a000000|100%| O|  |TAMS 0x0000000599800000| PB 0x0000000599800000| Untracked |  0
|  52|0x000000059a000000, 0x000000059a800000, 0x000000059a800000|100%| O|  |TAMS 0x000000059a000000| PB 0x000000059a000000| Untracked |  0
|  53|0x000000059a800000, 0x000000059b000000, 0x000000059b000000|100%| O|  |TAMS 0x000000059a800000| PB 0x000000059a800000| Untracked |  0
|  54|0x000000059b000000, 0x000000059b800000, 0x000000059b800000|100%| O|  |TAMS 0x000000059b000000| PB 0x000000059b000000| Untracked |  0
|  55|0x000000059b800000, 0x000000059c000000, 0x000000059c000000|100%| O|  |TAMS 0x000000059b800000| PB 0x000000059b800000| Untracked |  0
|  56|0x000000059c000000, 0x000000059c800000, 0x000000059c800000|100%| O|  |TAMS 0x000000059c000000| PB 0x000000059c000000| Untracked |  0
|  57|0x000000059c800000, 0x000000059d000000, 0x000000059d000000|100%| O|  |TAMS 0x000000059c800000| PB 0x000000059c800000| Untracked |  0
|  58|0x000000059d000000, 0x000000059d800000, 0x000000059d800000|100%| O|  |TAMS 0x000000059d000000| PB 0x000000059d000000| Untracked |  0
|  59|0x000000059d800000, 0x000000059e000000, 0x000000059e000000|100%| O|  |TAMS 0x000000059d800000| PB 0x000000059d800000| Untracked |  0
|  60|0x000000059e000000, 0x000000059e800000, 0x000000059e800000|100%| O|  |TAMS 0x000000059e000000| PB 0x000000059e000000| Untracked |  0
|  61|0x000000059e800000, 0x000000059f000000, 0x000000059f000000|100%| O|  |TAMS 0x000000059e800000| PB 0x000000059e800000| Untracked |  0
|  62|0x000000059f000000, 0x000000059f7e3e00, 0x000000059f800000| 98%| O|  |TAMS 0x000000059f000000| PB 0x000000059f000000| Untracked |  0
|  63|0x000000059f800000, 0x00000005a0000000, 0x00000005a0000000|100%|HS|  |TAMS 0x000000059f800000| PB 0x000000059f800000| Complete |  0
|  64|0x00000005a0000000, 0x00000005a0800000, 0x00000005a0800000|100%|HC|  |TAMS 0x00000005a0000000| PB 0x00000005a0000000| Complete |  0
|  65|0x00000005a0800000, 0x00000005a1000000, 0x00000005a1000000|100%|HC|  |TAMS 0x00000005a0800000| PB 0x00000005a0800000| Complete |  0
|  66|0x00000005a1000000, 0x00000005a1800000, 0x00000005a1800000|100%|HS|  |TAMS 0x00000005a1000000| PB 0x00000005a1000000| Complete |  0
|  67|0x00000005a1800000, 0x00000005a2000000, 0x00000005a2000000|100%|HC|  |TAMS 0x00000005a1800000| PB 0x00000005a1800000| Complete |  0
|  68|0x00000005a2000000, 0x00000005a2800000, 0x00000005a2800000|100%|HC|  |TAMS 0x00000005a2000000| PB 0x00000005a2000000| Complete |  0
|  69|0x00000005a2800000, 0x00000005a3000000, 0x00000005a3000000|100%|HS|  |TAMS 0x00000005a2800000| PB 0x00000005a2800000| Complete |  0
|  70|0x00000005a3000000, 0x00000005a3800000, 0x00000005a3800000|100%|HC|  |TAMS 0x00000005a3000000| PB 0x00000005a3000000| Complete |  0
|  71|0x00000005a3800000, 0x00000005a4000000, 0x00000005a4000000|100%|HC|  |TAMS 0x00000005a3800000| PB 0x00000005a3800000| Complete |  0
|  72|0x00000005a4000000, 0x00000005a4800000, 0x00000005a4800000|100%|HS|  |TAMS 0x00000005a4000000| PB 0x00000005a4000000| Complete |  0
|  73|0x00000005a4800000, 0x00000005a5000000, 0x00000005a5000000|100%|HC|  |TAMS 0x00000005a4800000| PB 0x00000005a4800000| Complete |  0
|  74|0x00000005a5000000, 0x00000005a5800000, 0x00000005a5800000|100%|HC|  |TAMS 0x00000005a5000000| PB 0x00000005a5000000| Complete |  0
|  75|0x00000005a5800000, 0x00000005a6000000, 0x00000005a6000000|100%|HS|  |TAMS 0x00000005a5800000| PB 0x00000005a5800000| Complete |  0
|  76|0x00000005a6000000, 0x00000005a6800000, 0x00000005a6800000|100%|HC|  |TAMS 0x00000005a6000000| PB 0x00000005a6000000| Complete |  0
|  77|0x00000005a6800000, 0x00000005a7000000, 0x00000005a7000000|100%|HC|  |TAMS 0x00000005a6800000| PB 0x00000005a6800000| Complete |  0
|  78|0x00000005a7000000, 0x00000005a7000000, 0x00000005a7800000|  0%| F|  |TAMS 0x00000005a7000000| PB 0x00000005a7000000| Untracked |  0
|  79|0x00000005a7800000, 0x00000005a7800000, 0x00000005a8000000|  0%| F|  |TAMS 0x00000005a7800000| PB 0x00000005a7800000| Untracked |  0
|  80|0x00000005a8000000, 0x00000005a8000000, 0x00000005a8800000|  0%| F|  |TAMS 0x00000005a8000000| PB 0x00000005a8000000| Untracked |  0
|  81|0x00000005a8800000, 0x00000005a8800000, 0x00000005a9000000|  0%| F|  |TAMS 0x00000005a8800000| PB 0x00000005a8800000| Untracked |  0
|  82|0x00000005a9000000, 0x00000005a9000000, 0x00000005a9800000|  0%| F|  |TAMS 0x00000005a9000000| PB 0x00000005a9000000| Untracked |  0
|  83|0x00000005a9800000, 0x00000005a9800000, 0x00000005aa000000|  0%| F|  |TAMS 0x00000005a9800000| PB 0x00000005a9800000| Untracked |  0
|  84|0x00000005aa000000, 0x00000005aa000000, 0x00000005aa800000|  0%| F|  |TAMS 0x00000005aa000000| PB 0x00000005aa000000| Untracked |  0
|  85|0x00000005aa800000, 0x00000005aa800000, 0x00000005ab000000|  0%| F|  |TAMS 0x00000005aa800000| PB 0x00000005aa800000| Untracked |  0
|  86|0x00000005ab000000, 0x00000005ab000000, 0x00000005ab800000|  0%| F|  |TAMS 0x00000005ab000000| PB 0x00000005ab000000| Untracked |  0
|  87|0x00000005ab800000, 0x00000005ab800000, 0x00000005ac000000|  0%| F|  |TAMS 0x00000005ab800000| PB 0x00000005ab800000| Untracked |  0
|  88|0x00000005ac000000, 0x00000005ac000000, 0x00000005ac800000|  0%| F|  |TAMS 0x00000005ac000000| PB 0x00000005ac000000| Untracked |  0
|  89|0x00000005ac800000, 0x00000005acd5c080, 0x00000005ad000000| 66%| E|  |TAMS 0x00000005ac800000| PB 0x00000005ac800000| Complete |  0
|  90|0x00000005ad000000, 0x00000005ad800000, 0x00000005ad800000|100%| E|CS|TAMS 0x00000005ad000000| PB 0x00000005ad000000| Complete |  1
|  91|0x00000005ad800000, 0x00000005ae000000, 0x00000005ae000000|100%| E|CS|TAMS 0x00000005ad800000| PB 0x00000005ad800000| Complete |  0
|  92|0x00000005ae000000, 0x00000005ae800000, 0x00000005ae800000|100%| S|CS|TAMS 0x00000005ae000000| PB 0x00000005ae000000| Complete |  0
|  93|0x00000005ae800000, 0x00000005af000000, 0x00000005af000000|100%| S|CS|TAMS 0x00000005ae800000| PB 0x00000005ae800000| Complete |  0
|  94|0x00000005af000000, 0x00000005af800000, 0x00000005af800000|100%| S|CS|TAMS 0x00000005af000000| PB 0x00000005af000000| Complete |  0
|  95|0x00000005af800000, 0x00000005b0000000, 0x00000005b0000000|100%| S|CS|TAMS 0x00000005af800000| PB 0x00000005af800000| Complete |  0
|  96|0x00000005b0000000, 0x00000005b0800000, 0x00000005b0800000|100%| S|CS|TAMS 0x00000005b0000000| PB 0x00000005b0000000| Complete |  0
|  97|0x00000005b0800000, 0x00000005b1000000, 0x00000005b1000000|100%| E|CS|TAMS 0x00000005b0800000| PB 0x00000005b0800000| Complete |  0
|  98|0x00000005b1000000, 0x00000005b1800000, 0x00000005b1800000|100%| E|CS|TAMS 0x00000005b1000000| PB 0x00000005b1000000| Complete |  0
|  99|0x00000005b1800000, 0x00000005b2000000, 0x00000005b2000000|100%| E|CS|TAMS 0x00000005b1800000| PB 0x00000005b1800000| Complete |  0
| 100|0x00000005b2000000, 0x00000005b2800000, 0x00000005b2800000|100%| E|CS|TAMS 0x00000005b2000000| PB 0x00000005b2000000| Complete |  0
| 101|0x00000005b2800000, 0x00000005b3000000, 0x00000005b3000000|100%| E|CS|TAMS 0x00000005b2800000| PB 0x00000005b2800000| Complete |  0
| 102|0x00000005b3000000, 0x00000005b3800000, 0x00000005b3800000|100%| E|CS|TAMS 0x00000005b3000000| PB 0x00000005b3000000| Complete |  0
| 103|0x00000005b3800000, 0x00000005b4000000, 0x00000005b4000000|100%| E|CS|TAMS 0x00000005b3800000| PB 0x00000005b3800000| Complete |  0
| 104|0x00000005b4000000, 0x00000005b4800000, 0x00000005b4800000|100%| E|CS|TAMS 0x00000005b4000000| PB 0x00000005b4000000| Complete |  0
| 105|0x00000005b4800000, 0x00000005b5000000, 0x00000005b5000000|100%| E|CS|TAMS 0x00000005b4800000| PB 0x00000005b4800000| Complete |  0
| 106|0x00000005b5000000, 0x00000005b5800000, 0x00000005b5800000|100%| E|CS|TAMS 0x00000005b5000000| PB 0x00000005b5000000| Complete |  0
| 107|0x00000005b5800000, 0x00000005b6000000, 0x00000005b6000000|100%| E|CS|TAMS 0x00000005b5800000| PB 0x00000005b5800000| Complete |  0
| 108|0x00000005b6000000, 0x00000005b6800000, 0x00000005b6800000|100%| E|CS|TAMS 0x00000005b6000000| PB 0x00000005b6000000| Complete |  0
| 109|0x00000005b6800000, 0x00000005b7000000, 0x00000005b7000000|100%| E|CS|TAMS 0x00000005b6800000| PB 0x00000005b6800000| Complete |  0
| 110|0x00000005b7000000, 0x00000005b7800000, 0x00000005b7800000|100%| E|CS|TAMS 0x00000005b7000000| PB 0x00000005b7000000| Complete |  0
| 111|0x00000005b7800000, 0x00000005b8000000, 0x00000005b8000000|100%| E|  |TAMS 0x00000005b7800000| PB 0x00000005b7800000| Complete |  0
| 112|0x00000005b8000000, 0x00000005b8800000, 0x00000005b8800000|100%| E|CS|TAMS 0x00000005b8000000| PB 0x00000005b8000000| Complete |  0
| 113|0x00000005b8800000, 0x00000005b9000000, 0x00000005b9000000|100%| E|CS|TAMS 0x00000005b8800000| PB 0x00000005b8800000| Complete |  0
| 114|0x00000005b9000000, 0x00000005b9800000, 0x00000005b9800000|100%| E|CS|TAMS 0x00000005b9000000| PB 0x00000005b9000000| Complete |  0
| 115|0x00000005b9800000, 0x00000005ba000000, 0x00000005ba000000|100%| E|CS|TAMS 0x00000005b9800000| PB 0x00000005b9800000| Complete |  0
| 116|0x00000005ba000000, 0x00000005ba800000, 0x00000005ba800000|100%| E|CS|TAMS 0x00000005ba000000| PB 0x00000005ba000000| Complete |  0
| 117|0x00000005ba800000, 0x00000005bb000000, 0x00000005bb000000|100%| E|CS|TAMS 0x00000005ba800000| PB 0x00000005ba800000| Complete |  0
| 118|0x00000005bb000000, 0x00000005bb800000, 0x00000005bb800000|100%| E|CS|TAMS 0x00000005bb000000| PB 0x00000005bb000000| Complete |  0
| 119|0x00000005bb800000, 0x00000005bc000000, 0x00000005bc000000|100%| E|CS|TAMS 0x00000005bb800000| PB 0x00000005bb800000| Complete |  0
| 120|0x00000005bc000000, 0x00000005bc800000, 0x00000005bc800000|100%| E|CS|TAMS 0x00000005bc000000| PB 0x00000005bc000000| Complete |  0
| 121|0x00000005bc800000, 0x00000005bd000000, 0x00000005bd000000|100%| E|CS|TAMS 0x00000005bc800000| PB 0x00000005bc800000| Complete |  0
| 122|0x00000005bd000000, 0x00000005bd800000, 0x00000005bd800000|100%| E|CS|TAMS 0x00000005bd000000| PB 0x00000005bd000000| Complete |  0
| 123|0x00000005bd800000, 0x00000005be000000, 0x00000005be000000|100%| E|CS|TAMS 0x00000005bd800000| PB 0x00000005bd800000| Complete |  0
| 124|0x00000005be000000, 0x00000005be800000, 0x00000005be800000|100%| E|CS|TAMS 0x00000005be000000| PB 0x00000005be000000| Complete |  0
| 125|0x00000005be800000, 0x00000005bf000000, 0x00000005bf000000|100%| E|CS|TAMS 0x00000005be800000| PB 0x00000005be800000| Complete |  0
| 126|0x00000005bf000000, 0x00000005bf800000, 0x00000005bf800000|100%| E|CS|TAMS 0x00000005bf000000| PB 0x00000005bf000000| Complete |  0
| 127|0x00000005bf800000, 0x00000005c0000000, 0x00000005c0000000|100%| E|CS|TAMS 0x00000005bf800000| PB 0x00000005bf800000| Complete |  0
| 128|0x00000005c0000000, 0x00000005c0800000, 0x00000005c0800000|100%| E|CS|TAMS 0x00000005c0000000| PB 0x00000005c0000000| Complete |  0
| 129|0x00000005c0800000, 0x00000005c1000000, 0x00000005c1000000|100%| E|CS|TAMS 0x00000005c0800000| PB 0x00000005c0800000| Complete |  0
| 130|0x00000005c1000000, 0x00000005c1800000, 0x00000005c1800000|100%| E|CS|TAMS 0x00000005c1000000| PB 0x00000005c1000000| Complete |  0
| 131|0x00000005c1800000, 0x00000005c2000000, 0x00000005c2000000|100%| E|CS|TAMS 0x00000005c1800000| PB 0x00000005c1800000| Complete |  0
| 132|0x00000005c2000000, 0x00000005c2800000, 0x00000005c2800000|100%| E|CS|TAMS 0x00000005c2000000| PB 0x00000005c2000000| Complete |  0
| 133|0x00000005c2800000, 0x00000005c3000000, 0x00000005c3000000|100%| E|CS|TAMS 0x00000005c2800000| PB 0x00000005c2800000| Complete |  0
| 134|0x00000005c3000000, 0x00000005c3800000, 0x00000005c3800000|100%| E|CS|TAMS 0x00000005c3000000| PB 0x00000005c3000000| Complete |  0
| 135|0x00000005c3800000, 0x00000005c4000000, 0x00000005c4000000|100%| E|CS|TAMS 0x00000005c3800000| PB 0x00000005c3800000| Complete |  0
| 136|0x00000005c4000000, 0x00000005c4800000, 0x00000005c4800000|100%| E|CS|TAMS 0x00000005c4000000| PB 0x00000005c4000000| Complete |  0
| 137|0x00000005c4800000, 0x00000005c5000000, 0x00000005c5000000|100%| E|CS|TAMS 0x00000005c4800000| PB 0x00000005c4800000| Complete |  0
| 138|0x00000005c5000000, 0x00000005c5800000, 0x00000005c5800000|100%| E|CS|TAMS 0x00000005c5000000| PB 0x00000005c5000000| Complete |  0
| 139|0x00000005c5800000, 0x00000005c6000000, 0x00000005c6000000|100%| E|CS|TAMS 0x00000005c5800000| PB 0x00000005c5800000| Complete |  0
| 140|0x00000005c6000000, 0x00000005c6800000, 0x00000005c6800000|100%| E|CS|TAMS 0x00000005c6000000| PB 0x00000005c6000000| Complete |  0
| 141|0x00000005c6800000, 0x00000005c7000000, 0x00000005c7000000|100%| E|CS|TAMS 0x00000005c6800000| PB 0x00000005c6800000| Complete |  0
| 142|0x00000005c7000000, 0x00000005c7800000, 0x00000005c7800000|100%| E|CS|TAMS 0x00000005c7000000| PB 0x00000005c7000000| Complete |  0
| 143|0x00000005c7800000, 0x00000005c8000000, 0x00000005c8000000|100%| E|CS|TAMS 0x00000005c7800000| PB 0x00000005c7800000| Complete |  0
| 144|0x00000005c8000000, 0x00000005c8800000, 0x00000005c8800000|100%| E|CS|TAMS 0x00000005c8000000| PB 0x00000005c8000000| Complete |  0
| 145|0x00000005c8800000, 0x00000005c9000000, 0x00000005c9000000|100%| E|CS|TAMS 0x00000005c8800000| PB 0x00000005c8800000| Complete |  0
| 146|0x00000005c9000000, 0x00000005c9800000, 0x00000005c9800000|100%| E|CS|TAMS 0x00000005c9000000| PB 0x00000005c9000000| Complete |  0
| 147|0x00000005c9800000, 0x00000005ca000000, 0x00000005ca000000|100%| E|CS|TAMS 0x00000005c9800000| PB 0x00000005c9800000| Complete |  0
| 148|0x00000005ca000000, 0x00000005ca800000, 0x00000005ca800000|100%| E|CS|TAMS 0x00000005ca000000| PB 0x00000005ca000000| Complete |  0
| 149|0x00000005ca800000, 0x00000005cb000000, 0x00000005cb000000|100%| E|CS|TAMS 0x00000005ca800000| PB 0x00000005ca800000| Complete |  0
| 150|0x00000005cb000000, 0x00000005cb800000, 0x00000005cb800000|100%| E|CS|TAMS 0x00000005cb000000| PB 0x00000005cb000000| Complete |  0
| 151|0x00000005cb800000, 0x00000005cc000000, 0x00000005cc000000|100%| E|CS|TAMS 0x00000005cb800000| PB 0x00000005cb800000| Complete |  0
| 152|0x00000005cc000000, 0x00000005cc800000, 0x00000005cc800000|100%| E|CS|TAMS 0x00000005cc000000| PB 0x00000005cc000000| Complete |  0
| 153|0x00000005cc800000, 0x00000005cd000000, 0x00000005cd000000|100%| E|CS|TAMS 0x00000005cc800000| PB 0x00000005cc800000| Complete |  0
| 154|0x00000005cd000000, 0x00000005cd800000, 0x00000005cd800000|100%| E|CS|TAMS 0x00000005cd000000| PB 0x00000005cd000000| Complete |  0
| 155|0x00000005cd800000, 0x00000005ce000000, 0x00000005ce000000|100%| E|CS|TAMS 0x00000005cd800000| PB 0x00000005cd800000| Complete |  0
| 156|0x00000005ce000000, 0x00000005ce800000, 0x00000005ce800000|100%| E|CS|TAMS 0x00000005ce000000| PB 0x00000005ce000000| Complete |  0
| 157|0x00000005ce800000, 0x00000005cf000000, 0x00000005cf000000|100%| E|CS|TAMS 0x00000005ce800000| PB 0x00000005ce800000| Complete |  0
| 158|0x00000005cf000000, 0x00000005cf800000, 0x00000005cf800000|100%| E|CS|TAMS 0x00000005cf000000| PB 0x00000005cf000000| Complete |  0
| 159|0x00000005cf800000, 0x00000005d0000000, 0x00000005d0000000|100%| E|CS|TAMS 0x00000005cf800000| PB 0x00000005cf800000| Complete |  0
| 160|0x00000005d0000000, 0x00000005d0800000, 0x00000005d0800000|100%| E|CS|TAMS 0x00000005d0000000| PB 0x00000005d0000000| Complete |  0
| 161|0x00000005d0800000, 0x00000005d1000000, 0x00000005d1000000|100%| E|CS|TAMS 0x00000005d0800000| PB 0x00000005d0800000| Complete |  0
| 162|0x00000005d1000000, 0x00000005d1800000, 0x00000005d1800000|100%| E|CS|TAMS 0x00000005d1000000| PB 0x00000005d1000000| Complete |  0
| 163|0x00000005d1800000, 0x00000005d2000000, 0x00000005d2000000|100%| E|CS|TAMS 0x00000005d1800000| PB 0x00000005d1800000| Complete |  0
| 164|0x00000005d2000000, 0x00000005d2800000, 0x00000005d2800000|100%| E|CS|TAMS 0x00000005d2000000| PB 0x00000005d2000000| Complete |  0
| 165|0x00000005d2800000, 0x00000005d3000000, 0x00000005d3000000|100%| E|CS|TAMS 0x00000005d2800000| PB 0x00000005d2800000| Complete |  0
| 166|0x00000005d3000000, 0x00000005d3800000, 0x00000005d3800000|100%| E|CS|TAMS 0x00000005d3000000| PB 0x00000005d3000000| Complete |  0
| 167|0x00000005d3800000, 0x00000005d4000000, 0x00000005d4000000|100%| E|CS|TAMS 0x00000005d3800000| PB 0x00000005d3800000| Complete |  0
| 168|0x00000005d4000000, 0x00000005d4800000, 0x00000005d4800000|100%| E|CS|TAMS 0x00000005d4000000| PB 0x00000005d4000000| Complete |  0
| 169|0x00000005d4800000, 0x00000005d5000000, 0x00000005d5000000|100%| E|CS|TAMS 0x00000005d4800000| PB 0x00000005d4800000| Complete |  0
| 170|0x00000005d5000000, 0x00000005d5800000, 0x00000005d5800000|100%| E|CS|TAMS 0x00000005d5000000| PB 0x00000005d5000000| Complete |  0
| 171|0x00000005d5800000, 0x00000005d6000000, 0x00000005d6000000|100%| E|CS|TAMS 0x00000005d5800000| PB 0x00000005d5800000| Complete |  0
| 172|0x00000005d6000000, 0x00000005d6800000, 0x00000005d6800000|100%| E|CS|TAMS 0x00000005d6000000| PB 0x00000005d6000000| Complete |  0
| 173|0x00000005d6800000, 0x00000005d7000000, 0x00000005d7000000|100%| E|CS|TAMS 0x00000005d6800000| PB 0x00000005d6800000| Complete |  0
| 174|0x00000005d7000000, 0x00000005d7800000, 0x00000005d7800000|100%| E|CS|TAMS 0x00000005d7000000| PB 0x00000005d7000000| Complete |  0
| 175|0x00000005d7800000, 0x00000005d8000000, 0x00000005d8000000|100%| E|CS|TAMS 0x00000005d7800000| PB 0x00000005d7800000| Complete |  0
| 176|0x00000005d8000000, 0x00000005d8800000, 0x00000005d8800000|100%| E|CS|TAMS 0x00000005d8000000| PB 0x00000005d8000000| Complete |  0
| 177|0x00000005d8800000, 0x00000005d9000000, 0x00000005d9000000|100%| E|CS|TAMS 0x00000005d8800000| PB 0x00000005d8800000| Complete |  0
| 178|0x00000005d9000000, 0x00000005d9800000, 0x00000005d9800000|100%| E|CS|TAMS 0x00000005d9000000| PB 0x00000005d9000000| Complete |  0
| 179|0x00000005d9800000, 0x00000005da000000, 0x00000005da000000|100%| E|CS|TAMS 0x00000005d9800000| PB 0x00000005d9800000| Complete |  0
| 180|0x00000005da000000, 0x00000005da800000, 0x00000005da800000|100%| E|CS|TAMS 0x00000005da000000| PB 0x00000005da000000| Complete |  0
| 181|0x00000005da800000, 0x00000005db000000, 0x00000005db000000|100%| E|CS|TAMS 0x00000005da800000| PB 0x00000005da800000| Complete |  0
| 182|0x00000005db000000, 0x00000005db800000, 0x00000005db800000|100%| E|CS|TAMS 0x00000005db000000| PB 0x00000005db000000| Complete |  0
| 183|0x00000005db800000, 0x00000005dc000000, 0x00000005dc000000|100%| E|CS|TAMS 0x00000005db800000| PB 0x00000005db800000| Complete |  0
| 184|0x00000005dc000000, 0x00000005dc800000, 0x00000005dc800000|100%| E|CS|TAMS 0x00000005dc000000| PB 0x00000005dc000000| Complete |  0
| 185|0x00000005dc800000, 0x00000005dd000000, 0x00000005dd000000|100%| E|CS|TAMS 0x00000005dc800000| PB 0x00000005dc800000| Complete |  0
| 186|0x00000005dd000000, 0x00000005dd800000, 0x00000005dd800000|100%| E|CS|TAMS 0x00000005dd000000| PB 0x00000005dd000000| Complete |  0
| 187|0x00000005dd800000, 0x00000005de000000, 0x00000005de000000|100%| E|CS|TAMS 0x00000005dd800000| PB 0x00000005dd800000| Complete |  0
|1270|0x00000007fb000000, 0x00000007fb800000, 0x00000007fb800000|100%| O|Cm|TAMS 0x00000007fb000000| PB 0x00000007fb000000| Complete |  0
|1271|0x00000007fb800000, 0x00000007fc000000, 0x00000007fc000000|100%| E|CS|TAMS 0x00000007fb800000| PB 0x00000007fb800000| Complete |  0
|1272|0x00000007fc000000, 0x00000007fc800000, 0x00000007fc800000|100%| O|  |TAMS 0x00000007fc000000| PB 0x00000007fc000000| Untracked |  0
|1273|0x00000007fc800000, 0x00000007fd000000, 0x00000007fd000000|100%| O|  |TAMS 0x00000007fc800000| PB 0x00000007fc800000| Untracked |  0
|1274|0x00000007fd000000, 0x00000007fd800000, 0x00000007fd800000|100%| O|  |TAMS 0x00000007fd000000| PB 0x00000007fd000000| Untracked |  0
|1275|0x00000007fd800000, 0x00000007fe000000, 0x00000007fe000000|100%| O|  |TAMS 0x00000007fd800000| PB 0x00000007fd800000| Untracked |  0
|1276|0x00000007fe000000, 0x00000007fe800000, 0x00000007fe800000|100%| O|  |TAMS 0x00000007fe000000| PB 0x00000007fe000000| Untracked |  0
|1277|0x00000007fe800000, 0x00000007ff000000, 0x00000007ff000000|100%| O|  |TAMS 0x00000007fe800000| PB 0x00000007fe800000| Untracked |  0
|1278|0x00000007ff000000, 0x00000007ff800000, 0x00000007ff800000|100%| O|  |TAMS 0x00000007ff000000| PB 0x00000007ff000000| Untracked |  0
|1279|0x00000007ff800000, 0x0000000800000000, 0x0000000800000000|100%| E|CS|TAMS 0x00000007ff800000| PB 0x00000007ff800000| Complete |  0

Card table byte_map: [0x000000011b944000,0x000000011cd44000] _byte_map_base: 0x0000000118d44000

Marking Bits: (CMBitMap*) 0x000000014380d810
 Bits: [0x000000011cd44000, 0x0000000126d44000)

Polling page: 0x0000000100320000

Metaspace:
Metaspace        used 91666K, committed 92544K, reserved 1179648K
 class space     used 11904K, committed 12288K, reserved 1048576K

Usage:
  Non-class:     77.89 MB used.
      Class:     11.63 MB used.
       Both:     89.52 MB used.

Virtual space:
  Non-class space:      128.00 MB reserved,      78.38 MB ( 61%) committed,  2 nodes.
      Class space:        1.00 GB reserved,      12.00 MB (  1%) committed,  1 nodes.
             Both:        1.12 GB reserved,      90.38 MB (  8%) committed. 

Chunk freelists:
   Non-Class:  1.56 MB
       Class:  3.95 MB
        Both:  5.52 MB

MaxMetaspaceSize: unlimited
CompressedClassSpaceSize: 1.00 GB
Initial GC threshold: 21.00 MB
Current GC threshold: 139.81 MB
CDS: on
 - commit_granule_bytes: 65536.
 - commit_granule_words: 8192.
 - virtual_space_node_default_size: 8388608.
 - enlarge_chunks_in_place: 1.
UseCompressedClassPointers 1, UseCompactObjectHeaders 0
Narrow klass pointer bits 32, Max shift 3
Narrow klass base: 0x00000ff000000000, Narrow klass shift: 0
Encoding Range: [0x00000ff000000000 - 0x00000ff100000000), (4294967296 bytes)
Klass Range:    [0x00000ff000004000 - 0x00000ff041000000), (1090502656 bytes)
Klass ID Range:  [16384 - 1090519033) (1090502649)
Protection zone: [0x00000ff000000000 - 0x00000ff000004000), (16384 bytes)


Internal statistics:

num_allocs_failed_limit: 21.
num_arena_births: 1226.
num_arena_deaths: 0.
num_vsnodes_births: 3.
num_vsnodes_deaths: 0.
num_space_committed: 1445.
num_space_uncommitted: 0.
num_chunks_returned_to_freelist: 21.
num_chunks_taken_from_freelist: 4064.
num_chunk_merges: 21.
num_chunk_splits: 2926.
num_chunks_enlarged: 2187.
num_inconsistent_stats: 0.

CodeHeap 'non-profiled nmethods': size=120048Kb used=6937Kb max_used=6937Kb free=113110Kb
 bounds [0x0000000113008000, 0x00000001136d8000, 0x000000011a544000]
CodeHeap 'profiled nmethods': size=120016Kb used=22494Kb max_used=22494Kb free=97521Kb
 bounds [0x000000010b544000, 0x000000010cb44000, 0x0000000112a78000]
CodeHeap 'non-nmethods': size=5696Kb used=2445Kb max_used=2565Kb free=3251Kb
 bounds [0x0000000112a78000, 0x0000000112d18000, 0x0000000113008000]
CodeCache: size=245760Kb, used=31876Kb, max_used=31996Kb, free=213882Kb
 total_blobs=15350, nmethods=13523, adapters=1735, full_count=0
Compilation: enabled, stopped_count=0, restarted_count=0

Compilation events (20 events):
Event: 20.380 Thread 0x0000000143858e00 16425  s    3       org.lwjgl.input.EventQueue::add (133 bytes)
Event: 20.381 Thread 0x0000000143858e00 nmethod 16425 0x000000010cb3c648 code [0x000000010cb3c740, 0x000000010cb3cc00]
Event: 20.412 Thread 0x0000000143858e00 16426       3       net.minecraftforge.client.event.GuiScreenEvent$MouseInputEvent$Pre::<init> (6 bytes)
Event: 20.412 Thread 0x0000000143858e00 nmethod 16426 0x000000010cb3cc48 code [0x000000010cb3cd40, 0x000000010cb3d110]
Event: 20.412 Thread 0x0000000143858e00 16427       3       net.minecraftforge.client.event.GuiScreenEvent$MouseInputEvent$Pre::setup (26 bytes)
Event: 20.413 Thread 0x0000000143858e00 nmethod 16427 0x000000010cb3d148 code [0x000000010cb3d240, 0x000000010cb3edb8]
Event: 20.413 Thread 0x0000000143858e00 16428       3       net.minecraft.client.gui.GuiScreen::func_146274_d (192 bytes)
Event: 20.414 Thread 0x0000000143858e00 nmethod 16428 0x000000010cb3ee08 code [0x000000010cb3ef40, 0x000000010cb3fe38]
Event: 20.618 Thread 0x000000013300f800 16429       4       com.google.common.collect.AbstractMapBasedMultimap::get (31 bytes)
Event: 20.629 Thread 0x000000013300f800 nmethod 16429 0x00000001136cd108 code [0x00000001136cd200, 0x00000001136cdbe8]
Event: 20.756 Thread 0x0000000143858e00 16430       3       sun.java2d.pipe.RenderQueue::unlock (4 bytes)
Event: 20.757 Thread 0x0000000143858e00 nmethod 16430 0x000000010cb3fe88 code [0x000000010cb3ff80, 0x000000010cb40448]
Event: 20.757 Thread 0x0000000143858e00 16431       3       sun.awt.SunToolkit::awtUnlock (7 bytes)
Event: 20.757 Thread 0x0000000143858e00 nmethod 16431 0x000000010cb40488 code [0x000000010cb40580, 0x000000010cb409b0]
Event: 20.832 Thread 0x0000000143858e00 16433       3       org.lwjgl.openal.AL10::alGetError (12 bytes)
Event: 20.833 Thread 0x0000000143858e00 nmethod 16433 0x000000010cb409c8 code [0x000000010cb40ac0, 0x000000010cb40d80]
Event: 20.834 Thread 0x000000013300f800 16434       4       github.kasuminova.stellarcore.common.pool.CanonicalizeWorker::park (81 bytes)
Event: 20.840 Thread 0x000000013300f800 nmethod 16434 0x00000001136cde88 code [0x00000001136cdf80, 0x00000001136ce168]
Event: 20.857 Thread 0x000000013300f800 16435       4       org.lwjgl.system.Checks::check (16 bytes)
Event: 20.857 Thread 0x000000013300f800 nmethod 16435 0x00000001136ce188 code [0x00000001136ce280, 0x00000001136ce318]

GC Heap Usage History (20 events):
Event: 5.154 {heap Before GC invocations=11 (full 0):
 garbage-first heap   total reserved 10485760K, committed 1196032K, used 727360K [0x0000000580000000, 0x0000000800000000)
  region size 8192K, 48 young (393216K), 3 survivors (24576K)
}
Event: 5.217 {heap After GC invocations=12 (full 0):
 garbage-first heap   total reserved 10485760K, committed 1196032K, used 363937K [0x0000000580000000, 0x0000000800000000)
  region size 8192K, 4 young (32768K), 4 survivors (32768K)
}
Event: 5.632 {heap Before GC invocations=12 (full 0):
 garbage-first heap   total reserved 10485760K, committed 1196032K, used 593313K [0x0000000580000000, 0x0000000800000000)
  region size 8192K, 32 young (262144K), 4 survivors (32768K)
}
Event: 5.636 {heap After GC invocations=13 (full 0):
 garbage-first heap   total reserved 10485760K, committed 1196032K, used 357226K [0x0000000580000000, 0x0000000800000000)
  region size 8192K, 1 young (8192K), 1 survivors (8192K)
}
Event: 6.125 {heap Before GC invocations=13 (full 0):
 garbage-first heap   total reserved 10485760K, committed 1196032K, used 668522K [0x0000000580000000, 0x0000000800000000)
  region size 8192K, 39 young (319488K), 1 survivors (8192K)
}
Event: 6.127 {heap After GC invocations=14 (full 0):
 garbage-first heap   total reserved 10485760K, committed 1196032K, used 359557K [0x0000000580000000, 0x0000000800000000)
  region size 8192K, 2 young (16384K), 2 survivors (16384K)
}
Event: 6.874 {heap Before GC invocations=14 (full 0):
 garbage-first heap   total reserved 10485760K, committed 1196032K, used 769157K [0x0000000580000000, 0x0000000800000000)
  region size 8192K, 52 young (425984K), 2 survivors (16384K)
}
Event: 6.879 {heap After GC invocations=15 (full 0):
 garbage-first heap   total reserved 10485760K, committed 1196032K, used 366607K [0x0000000580000000, 0x0000000800000000)
  region size 8192K, 2 young (16384K), 2 survivors (16384K)
}
Event: 7.641 {heap Before GC invocations=15 (full 0):
 garbage-first heap   total reserved 10485760K, committed 1196032K, used 940047K [0x0000000580000000, 0x0000000800000000)
  region size 8192K, 72 young (589824K), 2 survivors (16384K)
}
Event: 7.678 {heap After GC invocations=16 (full 0):
 garbage-first heap   total reserved 10485760K, committed 1196032K, used 446410K [0x0000000580000000, 0x0000000800000000)
  region size 8192K, 9 young (73728K), 9 survivors (73728K)
}
Event: 8.513 {heap Before GC invocations=16 (full 0):
 garbage-first heap   total reserved 10485760K, committed 1196032K, used 937930K [0x0000000580000000, 0x0000000800000000)
  region size 8192K, 69 young (565248K), 9 survivors (73728K)
}
Event: 8.545 {heap After GC invocations=17 (full 0):
 garbage-first heap   total reserved 10485760K, committed 1196032K, used 481388K [0x0000000580000000, 0x0000000800000000)
  region size 8192K, 4 young (32768K), 4 survivors (32768K)
}
Event: 9.513 {heap Before GC invocations=17 (full 0):
 garbage-first heap   total reserved 10485760K, committed 1196032K, used 989292K [0x0000000580000000, 0x0000000800000000)
  region size 8192K, 64 young (524288K), 4 survivors (32768K)
}
Event: 9.532 {heap After GC invocations=18 (full 0):
 garbage-first heap   total reserved 10485760K, committed 1196032K, used 512063K [0x0000000580000000, 0x0000000800000000)
  region size 8192K, 6 young (49152K), 6 survivors (49152K)
}
Event: 10.369 {heap Before GC invocations=18 (full 0):
 garbage-first heap   total reserved 10485760K, committed 1196032K, used 1011775K [0x0000000580000000, 0x0000000800000000)
  region size 8192K, 67 young (548864K), 6 survivors (49152K)
}
Event: 10.383 {heap After GC invocations=19 (full 0):
 garbage-first heap   total reserved 10485760K, committed 1622016K, used 536818K [0x0000000580000000, 0x0000000800000000)
  region size 8192K, 6 young (49152K), 6 survivors (49152K)
}
Event: 12.000 {heap Before GC invocations=19 (full 0):
 garbage-first heap   total reserved 10485760K, committed 1622016K, used 1372402K [0x0000000580000000, 0x0000000800000000)
  region size 8192K, 108 young (884736K), 6 survivors (49152K)
}
Event: 12.040 {heap After GC invocations=20 (full 0):
 garbage-first heap   total reserved 10485760K, committed 1622016K, used 587853K [0x0000000580000000, 0x0000000800000000)
  region size 8192K, 12 young (98304K), 12 survivors (98304K)
}
Event: 13.363 {heap Before GC invocations=20 (full 0):
 garbage-first heap   total reserved 10485760K, committed 1622016K, used 1333325K [0x0000000580000000, 0x0000000800000000)
  region size 8192K, 105 young (860160K), 12 survivors (98304K)
}
Event: 13.440 {heap After GC invocations=21 (full 0):
 garbage-first heap   total reserved 10485760K, committed 1622016K, used 622479K [0x0000000580000000, 0x0000000800000000)
  region size 8192K, 5 young (40960K), 5 survivors (40960K)
}

Metaspace Usage History (20 events):
Event: 5.154 {metaspace Before GC invocations=11 (full 0):
 Metaspace       used 50370K, committed 51072K, reserved 1114112K
  class space    used 6138K, committed 6464K, reserved 1048576K
}
Event: 5.217 {metaspace After GC invocations=12 (full 0):
 Metaspace       used 50370K, committed 51072K, reserved 1114112K
  class space    used 6138K, committed 6464K, reserved 1048576K
}
Event: 5.632 {metaspace Before GC invocations=12 (full 0):
 Metaspace       used 50370K, committed 51072K, reserved 1114112K
  class space    used 6138K, committed 6464K, reserved 1048576K
}
Event: 5.636 {metaspace After GC invocations=13 (full 0):
 Metaspace       used 50370K, committed 51072K, reserved 1114112K
  class space    used 6138K, committed 6464K, reserved 1048576K
}
Event: 6.125 {metaspace Before GC invocations=13 (full 0):
 Metaspace       used 50370K, committed 51072K, reserved 1114112K
  class space    used 6138K, committed 6464K, reserved 1048576K
}
Event: 6.127 {metaspace After GC invocations=14 (full 0):
 Metaspace       used 50370K, committed 51072K, reserved 1114112K
  class space    used 6138K, committed 6464K, reserved 1048576K
}
Event: 6.874 {metaspace Before GC invocations=14 (full 0):
 Metaspace       used 53070K, committed 53760K, reserved 1114112K
  class space    used 6520K, committed 6848K, reserved 1048576K
}
Event: 6.879 {metaspace After GC invocations=15 (full 0):
 Metaspace       used 53070K, committed 53760K, reserved 1114112K
  class space    used 6520K, committed 6848K, reserved 1048576K
}
Event: 7.641 {metaspace Before GC invocations=15 (full 0):
 Metaspace       used 56928K, committed 57664K, reserved 1114112K
  class space    used 7055K, committed 7360K, reserved 1048576K
}
Event: 7.678 {metaspace After GC invocations=16 (full 0):
 Metaspace       used 56928K, committed 57664K, reserved 1114112K
  class space    used 7055K, committed 7360K, reserved 1048576K
}
Event: 8.513 {metaspace Before GC invocations=16 (full 0):
 Metaspace       used 57523K, committed 58240K, reserved 1114112K
  class space    used 7130K, committed 7424K, reserved 1048576K
}
Event: 8.545 {metaspace After GC invocations=17 (full 0):
 Metaspace       used 57523K, committed 58240K, reserved 1114112K
  class space    used 7130K, committed 7424K, reserved 1048576K
}
Event: 9.513 {metaspace Before GC invocations=17 (full 0):
 Metaspace       used 61715K, committed 62528K, reserved 1114112K
  class space    used 7523K, committed 7872K, reserved 1048576K
}
Event: 9.532 {metaspace After GC invocations=18 (full 0):
 Metaspace       used 61715K, committed 62528K, reserved 1114112K
  class space    used 7523K, committed 7872K, reserved 1048576K
}
Event: 10.369 {metaspace Before GC invocations=18 (full 0):
 Metaspace       used 70037K, committed 70848K, reserved 1114112K
  class space    used 8952K, committed 9280K, reserved 1048576K
}
Event: 10.383 {metaspace After GC invocations=19 (full 0):
 Metaspace       used 70037K, committed 70848K, reserved 1114112K
  class space    used 8952K, committed 9280K, reserved 1048576K
}
Event: 12.000 {metaspace Before GC invocations=19 (full 0):
 Metaspace       used 78970K, committed 79808K, reserved 1179648K
  class space    used 10175K, committed 10496K, reserved 1048576K
}
Event: 12.040 {metaspace After GC invocations=20 (full 0):
 Metaspace       used 78970K, committed 79808K, reserved 1179648K
  class space    used 10175K, committed 10496K, reserved 1048576K
}
Event: 13.363 {metaspace Before GC invocations=20 (full 0):
 Metaspace       used 84302K, committed 85120K, reserved 1179648K
  class space    used 11020K, committed 11392K, reserved 1048576K
}
Event: 13.440 {metaspace After GC invocations=21 (full 0):
 Metaspace       used 84302K, committed 85120K, reserved 1179648K
  class space    used 11020K, committed 11392K, reserved 1048576K
}

Dll operation events (17 events):
Event: 0.004 Loaded shared library /Library/Java/JavaVirtualMachines/zulu-25.jdk/Contents/Home/lib/libjava.dylib
Event: 0.024 Loaded shared library /Library/Java/JavaVirtualMachines/zulu-25.jdk/Contents/Home/lib/libnio.dylib
Event: 0.027 Loaded shared library /Library/Java/JavaVirtualMachines/zulu-25.jdk/Contents/Home/lib/libzip.dylib
Event: 0.129 Loaded shared library /Library/Java/JavaVirtualMachines/zulu-25.jdk/Contents/Home/lib/libjimage.dylib
Event: 0.214 Loaded shared library /Library/Java/JavaVirtualMachines/zulu-25.jdk/Contents/Home/lib/libmanagement.dylib
Event: 0.215 Loaded shared library /Library/Java/JavaVirtualMachines/zulu-25.jdk/Contents/Home/lib/libmanagement_ext.dylib
Event: 0.255 Loaded shared library /Library/Java/JavaVirtualMachines/zulu-25.jdk/Contents/Home/lib/libnet.dylib
Event: 0.518 Loaded shared library /Library/Java/JavaVirtualMachines/zulu-25.jdk/Contents/Home/lib/libverify.dylib
Event: 1.418 Loaded shared library /Users/gottfrid.nordstrom@live.vasteras.se/Library/Caches/JNA/temp/jna3572360526848488554.tmp
Event: 1.855 Loaded shared library /Library/Java/JavaVirtualMachines/zulu-25.jdk/Contents/Home/lib/libextnet.dylib
Event: 2.472 Loaded shared library /Library/Java/JavaVirtualMachines/zulu-25.jdk/Contents/Home/lib/libawt.dylib
Event: 2.474 Loaded shared library /Library/Java/JavaVirtualMachines/zulu-25.jdk/Contents/Home/lib/libawt_lwawt.dylib
Event: 2.483 Loaded shared library /Library/Java/JavaVirtualMachines/zulu-25.jdk/Contents/Home/lib/libfontmanager.dylib
Event: 2.655 Loaded shared library /Library/Java/JavaVirtualMachines/zulu-25.jdk/Contents/Home/lib/libosxui.dylib
Event: 9.425 Loaded shared library /private/var/folders/9t/cxbxd1216db1g5brjglfds9r0000gn/T/lwjgl_gottfrid.nordstrom@live.vasteras.se/3.3.6-snapshot/arm64/liblwjgl.dylib
Event: 11.027 Loaded shared library /private/var/folders/9t/cxbxd1216db1g5brjglfds9r0000gn/T/lwjgl_gottfrid.nordstrom@live.vasteras.se/3.3.6-snapshot/arm64/liblwjgl_opengl.dylib
Event: 14.852 Loaded shared library /private/var/folders/9t/cxbxd1216db1g5brjglfds9r0000gn/T/libjcocoa17558906979448058616.dylib

Deoptimization events (20 events):
Event: 19.000 Thread 0x0000000143015600 DEOPT PACKING pc=0x000000010c8cf618 sp=0x000000016fe01d60
Event: 19.000 Thread 0x0000000143015600 DEOPT UNPACKING pc=0x0000000112ab50bc sp=0x000000016fe01a60 mode 0
Event: 19.622 Thread 0x0000000143015600 Uncommon trap: trap_request=0xffffffd6 fr.pc=0x00000001136b1bb4 relative=0x0000000000001234
Event: 19.622 Thread 0x0000000143015600 Uncommon trap: reason=array_check action=maybe_recompile pc=0x00000001136b1bb4 method=org.objectweb.asm.tree.MethodNode.visitParameterAnnotation(ILjava/lang/String;Z)Lorg/objectweb/asm/AnnotationVisitor; @ 55 c2
Event: 19.622 Thread 0x0000000143015600 DEOPT PACKING pc=0x00000001136b1bb4 sp=0x000000016fdfd7a0
Event: 19.622 Thread 0x0000000143015600 DEOPT UNPACKING pc=0x0000000112b8b2dc sp=0x000000016fdfd740 mode 2
Event: 19.622 Thread 0x0000000143015600 Uncommon trap: trap_request=0xffffffd6 fr.pc=0x00000001136b1bb4 relative=0x0000000000001234
Event: 19.622 Thread 0x0000000143015600 Uncommon trap: reason=array_check action=maybe_recompile pc=0x00000001136b1bb4 method=org.objectweb.asm.tree.MethodNode.visitParameterAnnotation(ILjava/lang/String;Z)Lorg/objectweb/asm/AnnotationVisitor; @ 55 c2
Event: 19.622 Thread 0x0000000143015600 DEOPT PACKING pc=0x00000001136b1bb4 sp=0x000000016fdfd7a0
Event: 19.622 Thread 0x0000000143015600 DEOPT UNPACKING pc=0x0000000112b8b2dc sp=0x000000016fdfd740 mode 2
Event: 19.632 Thread 0x0000000143015600 DEOPT PACKING pc=0x000000010b9c880c sp=0x000000016fe00f00
Event: 19.632 Thread 0x0000000143015600 DEOPT UNPACKING pc=0x0000000112ab50bc sp=0x000000016fe00bf0 mode 3
Event: 19.632 Thread 0x0000000143015600 Uncommon trap: trap_request=0xffffff45 fr.pc=0x00000001135dbc4c relative=0x000000000000008c
Event: 19.632 Thread 0x0000000143015600 Uncommon trap: reason=unstable_if action=reinterpret pc=0x00000001135dbc4c method=org.apache.logging.log4j.core.impl.MutableLogEvent.getMessage()Lorg/apache/logging/log4j/message/Message; @ 4 c2
Event: 19.632 Thread 0x0000000143015600 DEOPT PACKING pc=0x00000001135dbc4c sp=0x000000016fe00ab0
Event: 19.632 Thread 0x0000000143015600 DEOPT UNPACKING pc=0x0000000112b8b2dc sp=0x000000016fe00a50 mode 2
Event: 19.656 Thread 0x0000000143015600 Uncommon trap: trap_request=0xffffff45 fr.pc=0x0000000113654bd4 relative=0x0000000000000254
Event: 19.656 Thread 0x0000000143015600 Uncommon trap: reason=unstable_if action=reinterpret pc=0x0000000113654bd4 method=net.minecraft.util.ResourceLocation.equals(Ljava/lang/Object;)Z @ 2 c2
Event: 19.656 Thread 0x0000000143015600 DEOPT PACKING pc=0x0000000113654bd4 sp=0x000000016fe01fb0
Event: 19.656 Thread 0x0000000143015600 DEOPT UNPACKING pc=0x0000000112b8b2dc sp=0x000000016fe01f50 mode 2

Classes loaded (20 events):
Event: 13.790 Loading class java/util/concurrent/CompletableFuture$Signaller
Event: 13.790 Loading class java/util/concurrent/CompletableFuture$Signaller done
Event: 13.888 Loading class javax/sound/sampled/AudioFormat
Event: 13.888 Loading class javax/sound/sampled/AudioFormat done
Event: 13.896 Loading class java/util/concurrent/CompletableFuture$AsyncSupply
Event: 13.896 Loading class java/util/concurrent/CompletableFuture$AsyncSupply done
Event: 13.898 Loading class java/util/concurrent/CompletableFuture$BiRelay
Event: 13.898 Loading class java/util/concurrent/CompletableFuture$BiRelay done
Event: 13.898 Loading class java/util/concurrent/CompletableFuture$CoCompletion
Event: 13.898 Loading class java/util/concurrent/CompletableFuture$CoCompletion done
Event: 14.084 Loading class java/nio/file/Path$1
Event: 14.084 Loading class java/nio/file/Path$1 done
Event: 14.271 Loading class java/util/concurrent/locks/StampedLock
Event: 14.271 Loading class java/util/concurrent/locks/StampedLock done
Event: 14.487 Loading class java/lang/FdLibm$Atan2
Event: 14.487 Loading class java/lang/FdLibm$Atan2 done
Event: 14.487 Loading class java/lang/FdLibm$Atan
Event: 14.487 Loading class java/lang/FdLibm$Atan done
Event: 19.655 Loading class javax/sound/sampled/AudioFormat$Encoding
Event: 19.655 Loading class javax/sound/sampled/AudioFormat$Encoding done

Classes unloaded (0 events):
No events

Classes redefined (0 events):
No events

Internal exceptions (20 events):
Event: 13.309 Thread 0x0000000143015600 Exception <a 'java/lang/NoSuchMethodError'{0x00000005b3574268}: 'void java.lang.invoke.DelegatingMethodHandle$Holder.delegate(java.lang.Object, java.lang.Object, java.lang.Object, int)'> (0x00000005b3574268) 
thrown [src/hotspot/share/interpreter/linkResolver.cpp, line 804]
Event: 13.355 Thread 0x0000000143015600 Exception <a 'java/lang/NoSuchMethodError'{0x00000005b159a358}: 'java.lang.Object java.lang.invoke.DirectMethodHandle$Holder.newInvokeSpecial(java.lang.Object, java.lang.Object, java.lang.Object, java.lang.Object, int, int)'> (0x00000005b159a358) 
thrown [src/hotspot/share/interpreter/linkResolver.cpp, line 804]
Event: 13.356 Thread 0x0000000143015600 Exception <a 'java/lang/NoSuchMethodError'{0x00000005b15aa818}: 'java.lang.Object java.lang.invoke.Invokers$Holder.invokeExact_MT(java.lang.Object, java.lang.Object, java.lang.Object, java.lang.Object, int, int, java.lang.Object)'> (0x00000005b15aa818) 
thrown [src/hotspot/share/interpreter/linkResolver.cpp, line 804]
Event: 13.778 Thread 0x000000014401b800 Implicit null exception at 0x00000001132cdc24 to 0x00000001132cdef8
Event: 13.837 Thread 0x000000013163b200 Implicit null exception at 0x00000001132cdc24 to 0x00000001132cdef8
Event: 13.883 Thread 0x0000000144148a00 Exception <a 'java/lang/InterruptedException'{0x00000005d869d0c8}: sleep interrupted> (0x00000005d869d0c8) 
thrown [src/hotspot/share/prims/jvm.cpp, line 2904]
Event: 13.896 Thread 0x0000000143015600 Implicit null exception at 0x00000001135dea10 to 0x00000001135e074c
Event: 14.095 Thread 0x000000013163b200 Exception <a 'sun/nio/fs/UnixException'{0x00000005c3017d60}> (0x00000005c3017d60) 
thrown [src/hotspot/share/prims/jni.cpp, line 516]
Event: 15.024 Thread 0x0000000143015600 Exception <a 'sun/nio/fs/UnixException'{0x00000005b34516a0}> (0x00000005b34516a0) 
thrown [src/hotspot/share/prims/jni.cpp, line 516]
Event: 15.048 Thread 0x0000000143015600 Implicit null exception at 0x000000011364b270 to 0x000000011364e39c
Event: 15.149 Thread 0x0000000144148a00 Exception <a 'java/lang/InterruptedException'{0x00000005b0bd83b8}: sleep interrupted> (0x00000005b0bd83b8) 
thrown [src/hotspot/share/prims/jvm.cpp, line 2882]
Event: 15.149 Thread 0x0000000144148a00 Exception <a 'java/lang/InterruptedException'{0x00000005b0bd86f8}: sleep interrupted> (0x00000005b0bd86f8) 
thrown [src/hotspot/share/prims/jvm.cpp, line 2904]
Event: 19.637 Thread 0x0000000144148a00 Exception <a 'java/lang/InterruptedException'{0x00000005b0bd8ba8}: sleep interrupted> (0x00000005b0bd8ba8) 
thrown [src/hotspot/share/prims/jvm.cpp, line 2904]
Event: 19.642 Thread 0x0000000144148a00 Exception <a 'java/lang/InterruptedException'{0x00000005b0c02c78}: sleep interrupted> (0x00000005b0c02c78) 
thrown [src/hotspot/share/prims/jvm.cpp, line 2904]
Event: 19.655 Thread 0x0000000144148a00 Exception <a 'java/lang/InterruptedException'{0x00000005b0cfc0b0}: sleep interrupted> (0x00000005b0cfc0b0) 
thrown [src/hotspot/share/prims/jvm.cpp, line 2882]
Event: 19.655 Thread 0x00000001333b5600 Exception <a 'java/lang/InterruptedException'{0x00000005d069d0d0}: sleep interrupted> (0x00000005d069d0d0) 
thrown [src/hotspot/share/prims/jvm.cpp, line 2904]
Event: 20.620 Thread 0x0000000143015600 Exception <a 'java/lang/NoClassDefFoundError'{0x00000005ad282a38}: vazkii/botania/common/core/handler/ManaNetworkHandler> (0x00000005ad282a38) 
thrown [src/hotspot/share/classfile/systemDictionary.cpp, line 319]
Event: 20.621 Thread 0x0000000144148a00 Exception <a 'java/lang/InterruptedException'{0x00000005b0cfc3f0}: sleep interrupted> (0x00000005b0cfc3f0) 
thrown [src/hotspot/share/prims/jvm.cpp, line 2904]
Event: 20.621 Thread 0x0000000144148a00 Exception <a 'java/lang/InterruptedException'{0x00000005b0cfc730}: sleep interrupted> (0x00000005b0cfc730) 
thrown [src/hotspot/share/prims/jvm.cpp, line 2904]
Event: 20.726 Thread 0x00000001333b5600 Exception <a 'java/lang/InterruptedException'{0x00000005acb6ee80}: sleep interrupted> (0x00000005acb6ee80) 
thrown [src/hotspot/share/prims/jvm.cpp, line 2904]

VM Operations (20 events):
Event: 13.075 Executing non-safepoint VM operation: HandshakeAllThreads (Deoptimize)
Event: 13.075 Executing non-safepoint VM operation: HandshakeAllThreads (Deoptimize) done
Event: 13.086 Executing non-safepoint VM operation: HandshakeAllThreads (Deoptimize)
Event: 13.086 Executing non-safepoint VM operation: HandshakeAllThreads (Deoptimize) done
Event: 13.363 Executing safepoint VM operation: CollectForMetadataAllocation (Metadata GC Threshold)
Event: 13.440 Executing safepoint VM operation: CollectForMetadataAllocation (Metadata GC Threshold) done
Event: 13.489 Executing safepoint VM operation: CollectForMetadataAllocation (Metadata GC Threshold)
Event: 13.489 Executing safepoint VM operation: CollectForMetadataAllocation (Metadata GC Threshold) done
Event: 13.523 Executing safepoint VM operation: CollectForMetadataAllocation (Metadata GC Threshold)
Event: 13.523 Executing safepoint VM operation: CollectForMetadataAllocation (Metadata GC Threshold) done
Event: 13.649 Executing safepoint VM operation: G1PauseRemark
Event: 13.659 Executing safepoint VM operation: G1PauseRemark done
Event: 13.727 Executing non-safepoint VM operation: HandshakeAllThreads (Deoptimize)
Event: 13.727 Executing non-safepoint VM operation: HandshakeAllThreads (Deoptimize) done
Event: 13.737 Executing safepoint VM operation: G1PauseCleanup
Event: 13.737 Executing safepoint VM operation: G1PauseCleanup done
Event: 13.767 Executing non-safepoint VM operation: HandshakeAllThreads (Deoptimize)
Event: 13.767 Executing non-safepoint VM operation: HandshakeAllThreads (Deoptimize) done
Event: 15.161 Executing non-safepoint VM operation: HandshakeAllThreads (Deoptimize)
Event: 15.161 Executing non-safepoint VM operation: HandshakeAllThreads (Deoptimize) done

Memory protections (20 events):
Event: 13.269 Protecting memory [0x0000000345004000,0x0000000345010000] with protection modes 3
Event: 13.269 Protecting memory [0x0000000346aa0000,0x0000000346aac000] with protection modes 3
Event: 13.269 Protecting memory [0x0000000346688000,0x0000000346694000] with protection modes 3
Event: 13.269 Protecting memory [0x0000000345e58000,0x0000000345e64000] with protection modes 3
Event: 13.666 Protecting memory [0x0000000345204000,0x0000000345210000] with protection modes 0
Event: 13.677 Protecting memory [0x0000000345410000,0x000000034541c000] with protection modes 0
Event: 13.778 Protecting memory [0x000000034561c000,0x0000000345628000] with protection modes 0
Event: 13.785 Protecting memory [0x0000000345828000,0x0000000345834000] with protection modes 0
Event: 13.786 Protecting memory [0x0000000345a34000,0x0000000345a40000] with protection modes 0
Event: 13.791 Protecting memory [0x0000000345c40000,0x0000000345c4c000] with protection modes 0
Event: 13.890 Protecting memory [0x0000000346804000,0x0000000346810000] with protection modes 0
Event: 13.896 Protecting memory [0x0000000346a10000,0x0000000346a1c000] with protection modes 0
Event: 13.896 Protecting memory [0x0000000346c1c000,0x0000000346c28000] with protection modes 0
Event: 13.896 Protecting memory [0x0000000346e28000,0x0000000346e34000] with protection modes 0
Event: 13.896 Protecting memory [0x0000000347034000,0x0000000347040000] with protection modes 0
Event: 13.897 Protecting memory [0x0000000347240000,0x000000034724c000] with protection modes 0
Event: 14.632 Protecting memory [0x0000000343c28000,0x0000000343c34000] with protection modes 3
Event: 15.150 Protecting memory [0x0000000345204000,0x0000000345210000] with protection modes 3
Event: 20.621 Protecting memory [0x0000000345410000,0x000000034541c000] with protection modes 3
Event: 20.727 Protecting memory [0x0000000346804000,0x0000000346810000] with protection modes 3

Nmethod flushes (20 events):
Event: 13.658 Thread 0x0000000143856e00 flushing  nmethod 0x000000010befa288
Event: 13.658 Thread 0x0000000143856e00 flushing  nmethod 0x000000010befa508
Event: 13.658 Thread 0x0000000143856e00 flushing  nmethod 0x000000010befad48
Event: 13.658 Thread 0x0000000143856e00 flushing  nmethod 0x000000010befb708
Event: 13.658 Thread 0x0000000143856e00 flushing  nmethod 0x000000010befbc88
Event: 13.658 Thread 0x0000000143856e00 flushing  nmethod 0x000000010befc0c8
Event: 13.658 Thread 0x0000000143856e00 flushing  nmethod 0x000000010befc348
Event: 13.658 Thread 0x0000000143856e00 flushing  nmethod 0x000000010bf04f48
Event: 13.658 Thread 0x0000000143856e00 flushing  nmethod 0x000000010bf07208
Event: 13.658 Thread 0x0000000143856e00 flushing osr nmethod 0x000000010bf0ad08
Event: 13.658 Thread 0x0000000143856e00 flushing  nmethod 0x000000010bf0b748
Event: 13.658 Thread 0x0000000143856e00 flushing  nmethod 0x000000010bf0bec8
Event: 13.658 Thread 0x0000000143856e00 flushing  nmethod 0x000000010bf0c388
Event: 13.658 Thread 0x0000000143856e00 flushing  nmethod 0x000000010bf0d108
Event: 13.658 Thread 0x0000000143856e00 flushing  nmethod 0x000000010bf0e0c8
Event: 13.658 Thread 0x0000000143856e00 flushing  nmethod 0x000000010bf0e688
Event: 13.658 Thread 0x0000000143856e00 flushing  nmethod 0x000000010bf0f008
Event: 13.658 Thread 0x0000000143856e00 flushing  nmethod 0x000000010bf0f608
Event: 13.658 Thread 0x0000000143856e00 flushing  nmethod 0x000000010bf0fe88
Event: 13.658 Thread 0x0000000143856e00 flushing  nmethod 0x000000010bf11a08

Events (20 events):
Event: 13.269 Thread 0x00000001447b4c00 Thread exited: 0x00000001447b4c00
Event: 13.269 Thread 0x000000012f80b000 Thread exited: 0x000000012f80b000
Event: 13.269 Thread 0x000000012f861e00 Thread exited: 0x000000012f861e00
Event: 13.269 Thread 0x0000000133667a00 Thread exited: 0x0000000133667a00
Event: 13.666 Thread 0x0000000143015600 Thread added: 0x00000001317db200
Event: 13.677 Thread 0x00000001317db200 Thread added: 0x0000000144148a00
Event: 13.778 Thread 0x0000000143015600 Thread added: 0x000000014401b800
Event: 13.785 Thread 0x0000000143015600 Thread added: 0x000000013163b200
Event: 13.786 Thread 0x000000013163b200 Thread added: 0x00000001430e7600
Event: 13.791 Thread 0x00000001430e7600 Thread added: 0x0000000133547800
Event: 13.890 Thread 0x0000000144148a00 Thread added: 0x00000001333b5600
Event: 13.896 Thread 0x0000000133547800 Thread added: 0x000000013489a400
Event: 13.896 Thread 0x00000001430e7600 Thread added: 0x000000013481f000
Event: 13.896 Thread 0x000000013489a400 Thread added: 0x000000013481fa00
Event: 13.896 Thread 0x000000013481f000 Thread added: 0x000000013006a000
Event: 13.897 Thread 0x000000013481fa00 Thread added: 0x00000001348c6c00
Event: 14.632 Thread 0x0000000144499800 Thread exited: 0x0000000144499800
Event: 15.150 Thread 0x00000001317db200 Thread exited: 0x00000001317db200
Event: 20.621 Thread 0x0000000144148a00 Thread exited: 0x0000000144148a00
Event: 20.727 Thread 0x00000001333b5600 Thread exited: 0x00000001333b5600


Dynamic libraries:
0x00000001002cc000 	/Library/Java/JavaVirtualMachines/zulu-25.jdk/Contents/Home/lib/libjli.dylib
0x00000001a5db3000 	/System/Library/Frameworks/ApplicationServices.framework/Versions/A/ApplicationServices
0x00000001924ce000 	/System/Library/Frameworks/CoreGraphics.framework/Versions/A/CoreGraphics
0x000000018ea4d000 	/System/Library/Frameworks/CoreText.framework/Versions/A/CoreText
0x0000000197d93000 	/System/Library/Frameworks/ImageIO.framework/Versions/A/ImageIO
0x0000000192bff000 	/System/Library/Frameworks/ColorSync.framework/Versions/A/ColorSync
0x000000019dff7000 	/System/Library/Frameworks/ApplicationServices.framework/Versions/A/Frameworks/ATS.framework/Versions/A/ATS
0x00000001a1bf2000 	/System/Library/Frameworks/CoreServices.framework/Versions/A/CoreServices
0x0000000192db5000 	/System/Library/Frameworks/ApplicationServices.framework/Versions/A/Frameworks/HIServices.framework/Versions/A/HIServices
0x000000019c8b0000 	/System/Library/Frameworks/ApplicationServices.framework/Versions/A/Frameworks/PrintCore.framework/Versions/A/PrintCore
0x000000019e3b4000 	/System/Library/Frameworks/ApplicationServices.framework/Versions/A/Frameworks/QD.framework/Versions/A/QD
0x000000019e3ab000 	/System/Library/Frameworks/ApplicationServices.framework/Versions/A/Frameworks/ColorSyncLegacy.framework/Versions/A/ColorSyncLegacy
0x000000019dfc9000 	/System/Library/Frameworks/ApplicationServices.framework/Versions/A/Frameworks/SpeechSynthesis.framework/Versions/A/SpeechSynthesis
0x000000019a1cd000 	/usr/lib/libSystem.B.dylib
0x0000000191fa7000 	/System/Library/PrivateFrameworks/SkyLight.framework/Versions/A/SkyLight
0x000000019368a000 	/System/Library/PrivateFrameworks/ProtocolBuffer.framework/Versions/A/ProtocolBuffer
0x000000019a1d2000 	/System/Library/PrivateFrameworks/SoftLinking.framework/Versions/A/SoftLinking
0x000000018f7a4000 	/usr/lib/libicucore.A.dylib
0x0000000194b7b000 	/System/Library/PrivateFrameworks/CoreAnalytics.framework/Versions/A/CoreAnalytics
0x0000000197763000 	/System/Library/PrivateFrameworks/FontServices.framework/libFontParser.dylib
0x00000001a1e9e000 	/System/Library/Frameworks/Accelerate.framework/Versions/A/Accelerate
0x0000000197349000 	/System/Library/Frameworks/IOSurface.framework/Versions/A/IOSurface
0x0000000195821000 	/usr/lib/libxml2.2.dylib
0x0000000191b0b000 	/System/Library/Frameworks/CFNetwork.framework/Versions/A/CFNetwork
0x000000018bfde000 	/System/Library/Frameworks/CoreFoundation.framework/Versions/A/CoreFoundation
0x000000018d5cf000 	/System/Library/Frameworks/Foundation.framework/Versions/C/Foundation
0x000000019a117000 	/usr/lib/libz.1.dylib
0x000000018bb74000 	/usr/lib/libobjc.A.dylib
0x000000018be82000 	/usr/lib/libc++.1.dylib
0x000000018f39f000 	/System/Library/Frameworks/Security.framework/Versions/A/Security
0x0000000239faa000 	/System/Library/PrivateFrameworks/CollectionsInternal.framework/Versions/A/CollectionsInternal
0x000000019d73c000 	/usr/lib/swift/libswiftCore.dylib
0x00000001b4ee0000 	/usr/lib/swift/libswiftCoreFoundation.dylib
0x00000001b2249000 	/usr/lib/swift/libswiftDarwin.dylib
0x00000001a36eb000 	/usr/lib/swift/libswiftDispatch.dylib
0x00000001b4f3b000 	/usr/lib/swift/libswiftIOKit.dylib
0x00000001a636d000 	/usr/lib/swift/libswiftObjectiveC.dylib
0x00000001b4ef2000 	/usr/lib/swift/libswiftXPC.dylib
0x00000002746c4000 	/usr/lib/swift/libswift_Builtin_float.dylib
0x00000002748b9000 	/usr/lib/swift/libswift_errno.dylib
0x00000002748bb000 	/usr/lib/swift/libswift_math.dylib
0x00000002748be000 	/usr/lib/swift/libswift_signal.dylib
0x00000002748bf000 	/usr/lib/swift/libswift_stdio.dylib
0x00000002748c0000 	/usr/lib/swift/libswift_time.dylib
0x00000002748c1000 	/usr/lib/swift/libswiftsys_time.dylib
0x00000002748c2000 	/usr/lib/swift/libswiftunistd.dylib
0x00000001939db000 	/System/Library/PrivateFrameworks/RunningBoardServices.framework/Versions/A/RunningBoardServices
0x0000000191ef2000 	/usr/lib/libMobileGestalt.dylib
0x0000000191f84000 	/System/Library/PrivateFrameworks/TCC.framework/Versions/A/TCC
0x00000001a909b000 	/System/Library/PrivateFrameworks/IOSurfaceAccelerator.framework/Versions/A/IOSurfaceAccelerator
0x000000019c263000 	/System/Library/PrivateFrameworks/WatchdogClient.framework/Versions/A/WatchdogClient
0x000000019a3fb000 	/usr/lib/libcompression.dylib
0x0000000194bac000 	/usr/lib/libDiagnosticMessagesClient.dylib
0x000000018d232000 	/System/Library/Frameworks/SystemConfiguration.framework/Versions/A/SystemConfiguration
0x000000018e574000 	/System/Library/Frameworks/CoreDisplay.framework/Versions/A/CoreDisplay
0x000000019928d000 	/System/Library/PrivateFrameworks/IOMobileFramebuffer.framework/Versions/A/IOMobileFramebuffer
0x0000000197607000 	/System/Library/Frameworks/CoreMedia.framework/Versions/A/CoreMedia
0x0000000197362000 	/System/Library/PrivateFrameworks/IOAccelerator.framework/Versions/A/IOAccelerator
0x000000018fdef000 	/System/Library/Frameworks/IOKit.framework/Versions/A/IOKit
0x000000019736c000 	/System/Library/Frameworks/Metal.framework/Versions/A/Metal
0x000000019590b000 	/System/Library/Frameworks/CoreVideo.framework/Versions/A/CoreVideo
0x000000019a3f3000 	/System/Library/Frameworks/MetalPerformanceShaders.framework/Versions/A/MetalPerformanceShaders
0x000000019c265000 	/System/Library/PrivateFrameworks/MultitouchSupport.framework/Versions/A/MultitouchSupport
0x00000001950b4000 	/System/Library/Frameworks/QuartzCore.framework/Versions/A/QuartzCore
0x00000001995b9000 	/usr/lib/libbsm.0.dylib
0x0000000259198000 	/System/Library/PrivateFrameworks/ProDisplayLibrary.framework/Versions/A/ProDisplayLibrary
0x000000019c2ab000 	/System/Library/Frameworks/VideoToolbox.framework/Versions/A/VideoToolbox
0x00000001c1aab000 	/usr/lib/swift/libswiftMetal.dylib
0x00000001d0a50000 	/usr/lib/swift/libswiftOSLog.dylib
0x00000001c6e4d000 	/usr/lib/swift/libswiftQuartzCore.dylib
0x00000001cb4a8000 	/usr/lib/swift/libswiftUniformTypeIdentifiers.dylib
0x00000001a6371000 	/usr/lib/swift/libswiftos.dylib
0x00000001b8794000 	/usr/lib/swift/libswiftsimd.dylib
0x00000001959ac000 	/System/Library/PrivateFrameworks/UserManagement.framework/Versions/A/UserManagement
0x00000001938f6000 	/System/Library/PrivateFrameworks/BaseBoard.framework/Versions/A/BaseBoard
0x000000019579b000 	/System/Library/Frameworks/CoreServices.framework/Versions/A/Frameworks/FSEvents.framework/Versions/A/FSEvents
0x000000018fa7b000 	/System/Library/Frameworks/CoreServices.framework/Versions/A/Frameworks/CarbonCore.framework/Versions/A/CarbonCore
0x0000000194c0f000 	/System/Library/Frameworks/CoreServices.framework/Versions/A/Frameworks/Metadata.framework/Versions/A/Metadata
0x0000000199caf000 	/System/Library/Frameworks/CoreServices.framework/Versions/A/Frameworks/OSServices.framework/Versions/A/OSServices
0x000000019a31c000 	/System/Library/Frameworks/CoreServices.framework/Versions/A/Frameworks/SearchKit.framework/Versions/A/SearchKit
0x0000000193a44000 	/System/Library/Frameworks/CoreServices.framework/Versions/A/Frameworks/AE.framework/Versions/A/AE
0x000000018c51d000 	/System/Library/Frameworks/CoreServices.framework/Versions/A/Frameworks/LaunchServices.framework/Versions/A/LaunchServices
0x000000019b733000 	/System/Library/Frameworks/CoreServices.framework/Versions/A/Frameworks/DictionaryServices.framework/Versions/A/DictionaryServices
0x00000001957a9000 	/System/Library/Frameworks/CoreServices.framework/Versions/A/Frameworks/SharedFileList.framework/Versions/A/SharedFileList
0x000000019a3b2000 	/usr/lib/libapple_nghttp2.dylib
0x00000001936a5000 	/usr/lib/libsqlite3.dylib
0x000000019e3ea000 	/System/Library/Frameworks/GSS.framework/Versions/A/GSS
0x000000019c9c7000 	/System/Library/PrivateFrameworks/InternationalSupport.framework/Versions/A/InternationalSupport
0x0000000191ef0000 	/usr/lib/libenergytrace.dylib
0x0000000193ad2000 	/System/Library/Frameworks/Network.framework/Versions/A/Network
0x000000018fd6e000 	/System/Library/PrivateFrameworks/CoreServicesInternal.framework/Versions/A/CoreServicesInternal
0x000000019a19a000 	/usr/lib/liboah.dylib
0x000000019a1cf000 	/usr/lib/libfakelink.dylib
0x000000018bf0f000 	/usr/lib/libc++abi.dylib
0x00000002735ce000 	/usr/lib/libRosetta.dylib
0x00000001957d7000 	/System/Library/PrivateFrameworks/CoreAutoLayout.framework/Versions/A/CoreAutoLayout
0x0000000194c9a000 	/System/Library/Frameworks/DiskArbitration.framework/Versions/A/DiskArbitration
0x000000019a224000 	/usr/lib/libarchive.2.dylib
0x0000000198595000 	/usr/lib/liblangid.dylib
0x000000019faed000 	/System/Library/Frameworks/Combine.framework/Versions/A/Combine
0x0000000259e5a000 	/System/Library/PrivateFrameworks/ReflectionInternal.framework/Versions/A/ReflectionInternal
0x000000025ab31000 	/System/Library/PrivateFrameworks/RuntimeInternal.framework/Versions/A/RuntimeInternal
0x0000000274655000 	/usr/lib/swift/libswiftSystem.dylib
0x00000002746c7000 	/usr/lib/swift/libswift_Concurrency.dylib
0x0000000274826000 	/usr/lib/swift/libswift_StringProcessing.dylib
0x000000019a1c7000 	/usr/lib/system/libcache.dylib
0x000000019a182000 	/usr/lib/system/libcommonCrypto.dylib
0x000000019a1ad000 	/usr/lib/system/libcompiler_rt.dylib
0x000000019a1a2000 	/usr/lib/system/libcopyfile.dylib
0x000000018bccf000 	/usr/lib/system/libcorecrypto.dylib
0x000000018bdb6000 	/usr/lib/system/libdispatch.dylib
0x000000018bf76000 	/usr/lib/system/libdyld.dylib
0x000000019a1bd000 	/usr/lib/system/libkeymgr.dylib
0x000000019a165000 	/usr/lib/system/libmacho.dylib
0x0000000199592000 	/usr/lib/system/libquarantine.dylib
0x000000019a1ba000 	/usr/lib/system/libremovefile.dylib
0x0000000191f6c000 	/usr/lib/system/libsystem_asl.dylib
0x000000018bc64000 	/usr/lib/system/libsystem_blocks.dylib
0x000000018be00000 	/usr/lib/system/libsystem_c.dylib
0x000000019a1b1000 	/usr/lib/system/libsystem_collections.dylib
0x0000000198582000 	/usr/lib/system/libsystem_configuration.dylib
0x0000000197318000 	/usr/lib/system/libsystem_containermanager.dylib
0x0000000199ca8000 	/usr/lib/system/libsystem_coreservices.dylib
0x000000018fa70000 	/usr/lib/system/libsystem_darwin.dylib
0x00000002749f9000 	/usr/lib/system/libsystem_darwindirectory.dylib
0x000000019a1be000 	/usr/lib/system/libsystem_dnssd.dylib
0x00000002749fd000 	/usr/lib/system/libsystem_eligibility.dylib
0x000000018bdfd000 	/usr/lib/system/libsystem_featureflags.dylib
0x000000018bfae000 	/usr/lib/system/libsystem_info.dylib
0x000000019a126000 	/usr/lib/system/libsystem_m.dylib
0x000000018bd6e000 	/usr/lib/system/libsystem_malloc.dylib
0x0000000191ed5000 	/usr/lib/system/libsystem_networkextension.dylib
0x000000018fed2000 	/usr/lib/system/libsystem_notify.dylib
0x0000000198587000 	/usr/lib/system/libsystem_sandbox.dylib
0x0000000274a05000 	/usr/lib/system/libsystem_sanitizers.dylib
0x000000019a1b6000 	/usr/lib/system/libsystem_secinit.dylib
0x000000018bf2d000 	/usr/lib/system/libsystem_kernel.dylib
0x000000018bfa6000 	/usr/lib/system/libsystem_platform.dylib
0x000000018bf69000 	/usr/lib/system/libsystem_pthread.dylib
0x0000000193ac9000 	/usr/lib/system/libsystem_symptoms.dylib
0x000000018bcb3000 	/usr/lib/system/libsystem_trace.dylib
0x000000019a190000 	/usr/lib/system/libunwind.dylib
0x000000018bc68000 	/usr/lib/system/libxpc.dylib
0x0000000199558000 	/System/Library/PrivateFrameworks/BackgroundTaskManagement.framework/Versions/A/BackgroundTaskManagement
0x0000000235e11000 	/System/Library/PrivateFrameworks/AppleKeyStore.framework/Versions/A/AppleKeyStore
0x0000000273426000 	/usr/lib/libCoreEntitlements.dylib
0x0000000250dff000 	/System/Library/PrivateFrameworks/MessageSecurity.framework/Versions/A/MessageSecurity
0x0000000199c8f000 	/System/Library/PrivateFrameworks/AppleFSCompression.framework/Versions/A/AppleFSCompression
0x00000001995a1000 	/usr/lib/libcoretls.dylib
0x000000019b7a9000 	/usr/lib/libcoretls_cfhelpers.dylib
0x000000019a3f5000 	/usr/lib/libpam.2.dylib
0x000000019b81d000 	/usr/lib/libxar.1.dylib
0x000000019b7ab000 	/System/Library/PrivateFrameworks/APFS.framework/Versions/A/APFS
0x00000002640bd000 	/System/Library/PrivateFrameworks/SwiftASN1Internal.framework/Versions/A/SwiftASN1Internal
0x000000019b82c000 	/usr/lib/libutil.dylib
0x000000019a169000 	/usr/lib/system/libkxld.dylib
0x0000000198590000 	/System/Library/PrivateFrameworks/AppleSystemInfo.framework/Versions/A/AppleSystemInfo
0x00000001b4dcb000 	/System/Library/PrivateFrameworks/LoggingSupport.framework/Versions/A/LoggingSupport
0x00000001a2bac000 	/System/Library/PrivateFrameworks/PowerLog.framework/Versions/A/PowerLog
0x00000001f2956000 	/System/Library/Frameworks/SwiftData.framework/Versions/A/SwiftData
0x0000000191582000 	/System/Library/Frameworks/UniformTypeIdentifiers.framework/Versions/A/UniformTypeIdentifiers
0x0000000191a39000 	/usr/lib/libboringssl.dylib
0x0000000193ab8000 	/usr/lib/libdns_services.dylib
0x00000001b3f7a000 	/usr/lib/libquic.dylib
0x000000019d6cb000 	/usr/lib/libusrtcp.dylib
0x00000001d88c5000 	/System/Library/PrivateFrameworks/InternalSwiftProtobuf.framework/Versions/A/InternalSwiftProtobuf
0x00000002745b2000 	/usr/lib/swift/libswiftDistributed.dylib
0x00000002745de000 	/usr/lib/swift/libswiftObservation.dylib
0x000000027464b000 	/usr/lib/swift/libswiftSynchronization.dylib
0x0000000191b0a000 	/usr/lib/libnetwork.dylib
0x00000001c5a81000 	/System/Library/PrivateFrameworks/OSAnalytics.framework/Versions/A/OSAnalytics
0x000000019a38d000 	/System/Library/PrivateFrameworks/AppleSauce.framework/Versions/A/AppleSauce
0x00000001a3e81000 	/System/Library/PrivateFrameworks/CoreSymbolication.framework/Versions/A/CoreSymbolication
0x00000001d458e000 	/System/Library/PrivateFrameworks/Symbolication.framework/Versions/A/Symbolication
0x00000001a3e5d000 	/System/Library/PrivateFrameworks/DebugSymbols.framework/Versions/A/DebugSymbols
0x00000002732f1000 	/usr/lib/libAppleArchive.dylib
0x0000000199c9b000 	/usr/lib/libbz2.1.0.dylib
0x000000019b78a000 	/usr/lib/liblzma.5.dylib
0x00000001b4e54000 	/System/Library/PrivateFrameworks/MallocStackLogging.framework/Versions/A/MallocStackLogging
0x000000019b978000 	/System/Library/PrivateFrameworks/CrashReporterSupport.framework/Versions/A/CrashReporterSupport
0x000000018d029000 	/System/Library/PrivateFrameworks/Lexicon.framework/Versions/A/Lexicon
0x000000024913e000 	/System/Library/PrivateFrameworks/IO80211.framework/Versions/A/IO80211
0x00000001a3983000 	/System/Library/PrivateFrameworks/FrontBoardServices.framework/Versions/A/FrontBoardServices
0x00000001994c9000 	/System/Library/Frameworks/SecurityFoundation.framework/Versions/A/SecurityFoundation
0x000000019962b000 	/usr/lib/libgermantok.dylib
0x00000001986b4000 	/System/Library/PrivateFrameworks/LinguisticData.framework/Versions/A/LinguisticData
0x00000001a3a50000 	/System/Library/PrivateFrameworks/BoardServices.framework/Versions/A/BoardServices
0x00000001994ba000 	/System/Library/PrivateFrameworks/AssertionServices.framework/Versions/A/AssertionServices
0x00000001a56a0000 	/System/Library/PrivateFrameworks/BackBoardServices.framework/Versions/A/BackBoardServices
0x000000019c12c000 	/System/Library/PrivateFrameworks/AppleJPEG.framework/Versions/A/AppleJPEG
0x000000019bbcd000 	/usr/lib/libexpat.1.dylib
0x000000019c786000 	/System/Library/Frameworks/ImageIO.framework/Versions/A/Resources/libPng.dylib
0x000000019c7b1000 	/System/Library/Frameworks/ImageIO.framework/Versions/A/Resources/libTIFF.dylib
0x000000019c89b000 	/System/Library/Frameworks/ImageIO.framework/Versions/A/Resources/libGIF.dylib
0x000000019c172000 	/System/Library/Frameworks/ImageIO.framework/Versions/A/Resources/libJP2.dylib
0x000000019b8de000 	/usr/lib/libate.dylib
0x000000019c842000 	/System/Library/Frameworks/ImageIO.framework/Versions/A/Resources/libJPEG.dylib
0x000000019c839000 	/System/Library/Frameworks/ImageIO.framework/Versions/A/Resources/libRadiance.dylib
0x0000000194ca4000 	/System/Library/Frameworks/Accelerate.framework/Versions/A/Frameworks/vImage.framework/Versions/A/vImage
0x00000001a1bcd000 	/System/Library/Frameworks/Accelerate.framework/Versions/A/Frameworks/vecLib.framework/Versions/A/vecLib
0x000000019b864000 	/System/Library/Frameworks/Accelerate.framework/Versions/A/Frameworks/vecLib.framework/Versions/A/libvMisc.dylib
0x000000018c995000 	/System/Library/Frameworks/Accelerate.framework/Versions/A/Frameworks/vecLib.framework/Versions/A/libBLAS.dylib
0x00000001ec452000 	/System/Library/Frameworks/OpenGL.framework/Versions/A/OpenGL
0x0000000244ed2000 	/System/Library/PrivateFrameworks/GPUCompiler.framework/Versions/32023/Libraries/libllvm-flatbuffers.dylib
0x00000002402ce000 	/System/Library/PrivateFrameworks/FramePacing.framework/Versions/A/FramePacing
0x00000001ec444000 	/System/Library/Frameworks/OpenGL.framework/Versions/A/Libraries/libCoreFSCache.dylib
0x0000000240e43000 	/System/Library/PrivateFrameworks/GPUCompiler.framework/Versions/32023/Libraries/libGPUCompilerUtils.dylib
0x00000001ec4a2000 	/System/Library/Frameworks/OpenGL.framework/Versions/A/Libraries/libGLU.dylib
0x00000001ec466000 	/System/Library/Frameworks/OpenGL.framework/Versions/A/Libraries/libGFXShared.dylib
0x00000001ec62e000 	/System/Library/Frameworks/OpenGL.framework/Versions/A/Libraries/libGL.dylib
0x00000001ec46f000 	/System/Library/Frameworks/OpenGL.framework/Versions/A/Libraries/libGLImage.dylib
0x00000001ec463000 	/System/Library/Frameworks/OpenGL.framework/Versions/A/Libraries/libCVMSPluginSupport.dylib
0x00000001ec44c000 	/System/Library/Frameworks/OpenGL.framework/Versions/A/Libraries/libCoreVMClient.dylib
0x0000000198117000 	/System/Library/Frameworks/CoreImage.framework/Versions/A/CoreImage
0x00000001a74b0000 	/System/Library/PrivateFrameworks/ASEProcessing.framework/Versions/A/ASEProcessing
0x0000000258305000 	/System/Library/PrivateFrameworks/PhotosensitivityProcessing.framework/Versions/A/PhotosensitivityProcessing
0x000000019bda5000 	/System/Library/PrivateFrameworks/GraphVisualizer.framework/Versions/A/GraphVisualizer
0x000000019925a000 	/System/Library/PrivateFrameworks/CoreEmoji.framework/Versions/A/CoreEmoji
0x0000000240203000 	/System/Library/PrivateFrameworks/FontServices.framework/Versions/A/FontServices
0x000000019bdb1000 	/System/Library/PrivateFrameworks/OTSVG.framework/Versions/A/OTSVG
0x0000000195488000 	/System/Library/Frameworks/ApplicationServices.framework/Versions/A/Frameworks/ATS.framework/Versions/A/Resources/libFontRegistry.dylib
0x000000019949d000 	/System/Library/PrivateFrameworks/MobileKeyBag.framework/Versions/A/MobileKeyBag
0x000000019858e000 	/System/Library/PrivateFrameworks/AggregateDictionary.framework/Versions/A/AggregateDictionary
0x00000002739b3000 	/usr/lib/libhvf.dylib
0x000000025509c000 	/System/Library/PrivateFrameworks/ParsingInternal.framework/Versions/A/ParsingInternal
0x00000002745fb000 	/usr/lib/swift/libswiftRegexBuilder.dylib
0x0000000274783000 	/usr/lib/swift/libswift_RegexParser.dylib
0x0000000240204000 	/System/Library/PrivateFrameworks/FontServices.framework/libXTFontStaticRegistryData.dylib
0x00000001984d2000 	/System/Library/Frameworks/MetalPerformanceShaders.framework/Versions/A/Frameworks/MPSCore.framework/Versions/A/MPSCore
0x0000000199bfa000 	/System/Library/Frameworks/MetalPerformanceShaders.framework/Versions/A/Frameworks/MPSImage.framework/Versions/A/MPSImage
0x0000000199643000 	/System/Library/Frameworks/MetalPerformanceShaders.framework/Versions/A/Frameworks/MPSNeuralNetwork.framework/Versions/A/MPSNeuralNetwork
0x0000000199a7a000 	/System/Library/Frameworks/MetalPerformanceShaders.framework/Versions/A/Frameworks/MPSMatrix.framework/Versions/A/MPSMatrix
0x000000019988f000 	/System/Library/Frameworks/MetalPerformanceShaders.framework/Versions/A/Frameworks/MPSRayIntersector.framework/Versions/A/MPSRayIntersector
0x0000000199aac000 	/System/Library/Frameworks/MetalPerformanceShaders.framework/Versions/A/Frameworks/MPSNDArray.framework/Versions/A/MPSNDArray
0x00000001efd44000 	/System/Library/Frameworks/MetalPerformanceShaders.framework/Versions/A/Frameworks/MPSFunctions.framework/Versions/A/MPSFunctions
0x00000001efd26000 	/System/Library/Frameworks/MetalPerformanceShaders.framework/Versions/A/Frameworks/MPSBenchmarkLoop.framework/Versions/A/MPSBenchmarkLoop
0x000000018c810000 	/System/Library/PrivateFrameworks/MetalTools.framework/Versions/A/MetalTools
0x00000001b9b3d000 	/System/Library/PrivateFrameworks/IOAccelMemoryInfo.framework/Versions/A/IOAccelMemoryInfo
0x00000001c7242000 	/System/Library/PrivateFrameworks/kperf.framework/Versions/A/kperf
0x00000001b4ebb000 	/System/Library/PrivateFrameworks/GPURawCounter.framework/Versions/A/GPURawCounter
0x0000000199168000 	/System/Library/Frameworks/Accelerate.framework/Versions/A/Frameworks/vecLib.framework/Versions/A/libvDSP.dylib
0x000000019a4d1000 	/System/Library/Frameworks/Accelerate.framework/Versions/A/Frameworks/vecLib.framework/Versions/A/libLAPACK.dylib
0x000000019962e000 	/System/Library/Frameworks/Accelerate.framework/Versions/A/Frameworks/vecLib.framework/Versions/A/libLinearAlgebra.dylib
0x000000019a3cc000 	/System/Library/Frameworks/Accelerate.framework/Versions/A/Frameworks/vecLib.framework/Versions/A/libSparseBLAS.dylib
0x000000019a4cc000 	/System/Library/Frameworks/Accelerate.framework/Versions/A/Frameworks/vecLib.framework/Versions/A/libQuadrature.dylib
0x00000001986bb000 	/System/Library/Frameworks/Accelerate.framework/Versions/A/Frameworks/vecLib.framework/Versions/A/libBNNS.dylib
0x000000018d136000 	/System/Library/Frameworks/Accelerate.framework/Versions/A/Frameworks/vecLib.framework/Versions/A/libSparse.dylib
0x000000024e1ee000 	/System/Library/PrivateFrameworks/MIL.framework/Versions/A/MIL
0x00000001a3afd000 	/System/Library/PrivateFrameworks/GraphicsServices.framework/Versions/A/GraphicsServices
0x000000019a209000 	/usr/lib/libiconv.2.dylib
0x000000019a164000 	/usr/lib/libcharset.1.dylib
0x000000019931e000 	/System/Library/PrivateFrameworks/CoreUtils.framework/Versions/A/CoreUtils
0x00000001ee073000 	/System/Library/Frameworks/ExtensionFoundation.framework/Versions/A/ExtensionFoundation
0x00000001b4ebf000 	/usr/lib/swift/libswiftCoreAudio.dylib
0x000000023da1b000 	/System/Library/PrivateFrameworks/CoreUtilsExtras.framework/Versions/A/CoreUtilsExtras
0x000000019bacc000 	/System/Library/PrivateFrameworks/PlugInKit.framework/Versions/A/PlugInKit
0x000000019576e000 	/System/Library/Frameworks/OpenDirectory.framework/Versions/A/OpenDirectory
0x000000019577c000 	/System/Library/Frameworks/OpenDirectory.framework/Versions/A/Frameworks/CFOpenDirectory.framework/Versions/A/CFOpenDirectory
0x000000018ec6c000 	/System/Library/Frameworks/CoreAudio.framework/Versions/A/CoreAudio
0x000000019bdf2000 	/System/Library/PrivateFrameworks/AppServerSupport.framework/Versions/A/AppServerSupport
0x000000019e3bd000 	/System/Library/PrivateFrameworks/perfdata.framework/Versions/A/perfdata
0x000000018e695000 	/System/Library/PrivateFrameworks/AudioToolboxCore.framework/Versions/A/AudioToolboxCore
0x00000001975df000 	/System/Library/PrivateFrameworks/caulk.framework/Versions/A/caulk
0x000000019dfb0000 	/usr/lib/libAudioStatistics.dylib
0x00000001b4073000 	/System/Library/PrivateFrameworks/SystemPolicy.framework/Versions/A/SystemPolicy
0x000000019e25e000 	/usr/lib/libSMC.dylib
0x00000001a85ba000 	/System/Library/Frameworks/CoreMIDI.framework/Versions/A/CoreMIDI
0x000000019c750000 	/usr/lib/libAudioToolboxUtility.dylib
0x000000019e3cb000 	/usr/lib/libperfcheck.dylib
0x000000023698f000 	/System/Library/PrivateFrameworks/AudioAnalytics.framework/Versions/A/AudioAnalytics
0x00000001dfbfe000 	/System/Library/PrivateFrameworks/FeatureFlags.framework/Versions/A/FeatureFlags
0x00000001d868c000 	/System/Library/Frameworks/OSLog.framework/Versions/A/OSLog
0x00000001b4e86000 	/usr/lib/libmis.dylib
0x000000019322f000 	/System/Library/Frameworks/CoreData.framework/Versions/A/CoreData
0x000000019bbe8000 	/usr/lib/libheimdal-asn1.dylib
0x0000000273631000 	/usr/lib/libTLE.dylib
0x00000001a5866000 	/System/Library/PrivateFrameworks/DiskImages.framework/Versions/A/DiskImages
0x00000001b1d72000 	/System/Library/Frameworks/NetFS.framework/Versions/A/NetFS
0x000000019bc3f000 	/System/Library/PrivateFrameworks/IconServices.framework/Versions/A/IconServices
0x00000001ed99e000 	/System/Library/Frameworks/CoreTransferable.framework/Versions/A/CoreTransferable
0x000000019bbf2000 	/System/Library/PrivateFrameworks/IconFoundation.framework/Versions/A/IconFoundation
0x00000001954da000 	/System/Library/PrivateFrameworks/CoreUI.framework/Versions/A/CoreUI
0x000000019c927000 	/System/Library/PrivateFrameworks/TextureIO.framework/Versions/A/TextureIO
0x0000000197d58000 	/System/Library/PrivateFrameworks/CoreSVG.framework/Versions/A/CoreSVG
0x00000001cb4b7000 	/usr/lib/swift/libswiftAccelerate.dylib
0x000000019dda7000 	/System/Library/Frameworks/AudioToolbox.framework/Versions/A/AudioToolbox
0x000000019df52000 	/System/Library/PrivateFrameworks/AudioSession.framework/Versions/A/AudioSession
0x000000019bcd2000 	/System/Library/PrivateFrameworks/MediaExperience.framework/Versions/A/MediaExperience
0x000000019dd60000 	/System/Library/PrivateFrameworks/AudioSession.framework/libSessionUtility.dylib
0x000000019c8a1000 	/System/Library/PrivateFrameworks/CMCaptureCore.framework/Versions/A/CMCaptureCore
0x000000019bdfc000 	/usr/lib/libspindump.dylib
0x00000001a3f8e000 	/System/Library/PrivateFrameworks/CoreTime.framework/Versions/A/CoreTime
0x00000001ae863000 	/usr/lib/libAccessibility.dylib
0x00000001a1eee000 	/System/Library/Frameworks/MediaAccessibility.framework/Versions/A/MediaAccessibility
0x000000026a3c3000 	/System/Library/PrivateFrameworks/VideoToolboxParavirtualizationSupport.framework/Versions/A/VideoToolboxParavirtualizationSupport
0x000000019bb84000 	/System/Library/PrivateFrameworks/AppleVA.framework/Versions/A/AppleVA
0x00000001a2ab5000 	/System/Library/Frameworks/CoreBluetooth.framework/Versions/A/CoreBluetooth
0x000000019e5af000 	/System/Library/PrivateFrameworks/CorePhoneNumbers.framework/Versions/A/CorePhoneNumbers
0x00000001ec9ca000 	/System/Library/Frameworks/AVFAudio.framework/Versions/A/AVFAudio
0x000000019b96f000 	/usr/lib/libIOReport.dylib
0x000000023659f000 	/System/Library/PrivateFrameworks/AppleMobileFileIntegrity.framework/Versions/A/AppleMobileFileIntegrity
0x00000001e94a0000 	/System/Library/PrivateFrameworks/ConfigProfileHelper.framework/Versions/A/ConfigProfileHelper
0x00000001995cb000 	/usr/lib/libmecab.dylib
0x000000024ca77000 	/System/Library/PrivateFrameworks/IsolatedCoreAudioClient.framework/Versions/A/IsolatedCoreAudioClient
0x000000019f855000 	/System/Library/Frameworks/IOBluetooth.framework/Versions/A/IOBluetooth
0x0000000266b81000 	/System/Library/PrivateFrameworks/Tightbeam.framework/Versions/A/Tightbeam
0x000000023aa68000 	/System/Library/PrivateFrameworks/CoreAudioOrchestration.framework/Versions/A/CoreAudioOrchestration
0x00000001cbb7a000 	/System/Library/PrivateFrameworks/AFKUser.framework/Versions/A/AFKUser
0x00000001a62c5000 	/System/Library/Frameworks/AudioUnit.framework/Versions/A/AudioUnit
0x000000019c834000 	/System/Library/PrivateFrameworks/GPUWrangler.framework/Versions/A/GPUWrangler
0x000000019c814000 	/System/Library/PrivateFrameworks/IOPresentment.framework/Versions/A/IOPresentment
0x000000019c83c000 	/System/Library/PrivateFrameworks/DSExternalDisplay.framework/Versions/A/DSExternalDisplay
0x000000018d2c6000 	/usr/lib/libCRFSuite.dylib
0x0000000198597000 	/System/Library/PrivateFrameworks/CoreNLP.framework/Versions/A/CoreNLP
0x000000019a384000 	/usr/lib/libThaiTokenizer.dylib
0x00000001b4f3a000 	/usr/lib/swift/libswiftCoreImage.dylib
0x00000001a2c9d000 	/System/Library/PrivateFrameworks/MediaKit.framework/Versions/A/MediaKit
0x00000001a2be8000 	/System/Library/Frameworks/DiscRecording.framework/Versions/A/DiscRecording
0x000000019cccf000 	/System/Library/PrivateFrameworks/DataDetectorsCore.framework/Versions/A/DataDetectorsCore
0x00000001b883d000 	/System/Library/PrivateFrameworks/TextInput.framework/Versions/A/TextInput
0x00000001913d0000 	/System/Library/PrivateFrameworks/UIFoundation.framework/Versions/A/UIFoundation
0x000000019e39e000 	/System/Library/PrivateFrameworks/NetAuth.framework/Versions/A/NetAuth
0x000000019596c000 	/System/Library/PrivateFrameworks/login.framework/Versions/A/Frameworks/loginsupport.framework/Versions/A/loginsupport
0x00000001a5a24000 	/usr/lib/libcurl.4.dylib
0x0000000273865000 	/usr/lib/libcrypto.46.dylib
0x000000027438f000 	/usr/lib/libssl.48.dylib
0x00000001a56fc000 	/System/Library/Frameworks/LDAP.framework/Versions/A/LDAP
0x000000019e3d9000 	/System/Library/Frameworks/Kerberos.framework/Versions/A/Kerberos
0x00000001a5738000 	/System/Library/PrivateFrameworks/TrustEvaluationAgent.framework/Versions/A/TrustEvaluationAgent
0x000000019e05c000 	/usr/lib/libsasl2.2.dylib
0x000000019e03f000 	/usr/lib/libresolv.9.dylib
0x000000019be03000 	/System/Library/PrivateFrameworks/Heimdal.framework/Versions/A/Heimdal
0x00000001a62c4000 	/System/Library/Frameworks/Kerberos.framework/Versions/A/Libraries/libHeimdalProxy.dylib
0x000000019e43c000 	/System/Library/PrivateFrameworks/CommonAuth.framework/Versions/A/CommonAuth
0x0000000199595000 	/usr/lib/libCheckFix.dylib
0x0000000194bae000 	/System/Library/PrivateFrameworks/MetadataUtilities.framework/Versions/A/MetadataUtilities
0x0000000249a22000 	/System/Library/PrivateFrameworks/InstalledContentLibrary.framework/Versions/A/InstalledContentLibrary
0x000000018fdae000 	/System/Library/PrivateFrameworks/CoreServicesStore.framework/Versions/A/CoreServicesStore
0x00000001957d3000 	/usr/lib/libapp_launch_measurement.dylib
0x00000001c734c000 	/System/Library/PrivateFrameworks/MobileSystemServices.framework/Versions/A/MobileSystemServices
0x000000019b830000 	/usr/lib/libxslt.1.dylib
0x00000001d8a93000 	/System/Library/PrivateFrameworks/HIDDisplay.framework/Versions/A/HIDDisplay
0x00000001ada81000 	/System/Library/PrivateFrameworks/HID.framework/Versions/A/HID
0x000000019c86d000 	/System/Library/Frameworks/ApplicationServices.framework/Versions/A/Frameworks/ATSUI.framework/Versions/A/ATSUI
0x000000019e33f000 	/usr/lib/libcups.2.dylib
0x00000001ae7a7000 	/System/Library/PrivateFrameworks/AXCoreUtilities.framework/Versions/A/AXCoreUtilities
0x00000001bd4dd000 	/System/Library/PrivateFrameworks/AttributeGraph.framework/Versions/A/AttributeGraph
0x000000027326f000 	/usr/lib/libAXSafeCategoryBundle.dylib
0x00000001a878d000 	/System/Library/Frameworks/Cocoa.framework/Versions/A/Cocoa
0x000000018ff3f000 	/System/Library/Frameworks/AppKit.framework/Versions/C/AppKit
0x0000000239f86000 	/System/Library/PrivateFrameworks/CollectionViewCore.framework/Versions/A/CollectionViewCore
0x0000000197d52000 	/System/Library/PrivateFrameworks/XCTTargetBootstrap.framework/Versions/A/XCTTargetBootstrap
0x000000019cd1e000 	/System/Library/PrivateFrameworks/UserActivity.framework/Versions/A/UserActivity
0x000000026890e000 	/System/Library/PrivateFrameworks/UIIntelligenceSupport.framework/Versions/A/UIIntelligenceSupport
0x00000001f2a91000 	/System/Library/Frameworks/SwiftUICore.framework/Versions/A/SwiftUICore
0x000000026d994000 	/System/Library/PrivateFrameworks/WritingTools.framework/Versions/A/WritingTools
0x000000026c9d8000 	/System/Library/PrivateFrameworks/WindowManagement.framework/Versions/A/WindowManagement
0x0000000197d3d000 	/System/Library/PrivateFrameworks/DFRFoundation.framework/Versions/A/DFRFoundation
0x0000000197a36000 	/System/Library/Frameworks/Carbon.framework/Versions/A/Frameworks/HIToolbox.framework/Versions/A/HIToolbox
0x00000001a17fb000 	/System/Library/Frameworks/Carbon.framework/Versions/A/Frameworks/SpeechRecognition.framework/Versions/A/SpeechRecognition
0x00000001acde1000 	/System/Library/PrivateFrameworks/RenderBox.framework/Versions/A/RenderBox
0x0000000195764000 	/System/Library/PrivateFrameworks/PerformanceAnalysis.framework/Versions/A/PerformanceAnalysis
0x00000001a1b73000 	/System/Library/Frameworks/Accessibility.framework/Versions/A/Accessibility
0x00000001edf23000 	/System/Library/Frameworks/DataDetection.framework/Versions/A/DataDetection
0x00000001edf26000 	/System/Library/Frameworks/DeveloperToolsSupport.framework/Versions/A/DeveloperToolsSupport
0x00000001f3654000 	/System/Library/Frameworks/Symbols.framework/Versions/A/Symbols
0x00000002745b1000 	/usr/lib/swift/libswiftDataDetection.dylib
0x00000001b2248000 	/usr/lib/swift/libswiftCoreGraphics.dylib
0x00000001a251d000 	/usr/lib/swift/libswiftFoundation.dylib
0x00000001e8f2a000 	/usr/lib/swift/libswiftSwiftOnoneSupport.dylib
0x00000001d4d3f000 	/System/Library/PrivateFrameworks/CoreMaterial.framework/Versions/A/CoreMaterial
0x000000025ac28000 	/System/Library/PrivateFrameworks/SFSymbols.framework/Versions/A/SFSymbols
0x00000001a17e8000 	/System/Library/PrivateFrameworks/SpeechRecognitionCore.framework/Versions/A/SpeechRecognitionCore
0x0000000101760000 	/Library/Java/JavaVirtualMachines/zulu-25.jdk/Contents/Home/lib/server/libjvm.dylib
0x0000000100334000 	/Library/Java/JavaVirtualMachines/zulu-25.jdk/Contents/Home/lib/libjimage.dylib
0x00000001003b8000 	/Library/Java/JavaVirtualMachines/zulu-25.jdk/Contents/Home/lib/libjava.dylib
0x0000000100888000 	/Library/Java/JavaVirtualMachines/zulu-25.jdk/Contents/Home/lib/libnio.dylib
0x0000000100458000 	/Library/Java/JavaVirtualMachines/zulu-25.jdk/Contents/Home/lib/libnet.dylib
0x00000001008d0000 	/Library/Java/JavaVirtualMachines/zulu-25.jdk/Contents/Home/lib/libzip.dylib
0x00000001008a8000 	/Library/Java/JavaVirtualMachines/zulu-25.jdk/Contents/Home/lib/libmanagement.dylib
0x00000001008bc000 	/Library/Java/JavaVirtualMachines/zulu-25.jdk/Contents/Home/lib/libmanagement_ext.dylib
0x0000000100a1c000 	/Library/Java/JavaVirtualMachines/zulu-25.jdk/Contents/Home/lib/libverify.dylib
0x0000000100a60000 	/Users/gottfrid.nordstrom@live.vasteras.se/Library/Caches/JNA/temp/jna3572360526848488554.tmp
0x0000000100a00000 	/Library/Java/JavaVirtualMachines/zulu-25.jdk/Contents/Home/lib/libextnet.dylib
0x0000000100b14000 	/Library/Java/JavaVirtualMachines/zulu-25.jdk/Contents/Home/lib/libawt.dylib
0x00000001eefad000 	/System/Library/Frameworks/JavaRuntimeSupport.framework/Versions/A/JavaRuntimeSupport
0x00000001b3a96000 	/System/Library/Frameworks/Carbon.framework/Versions/A/Carbon
0x00000001aaacc000 	/System/Library/Frameworks/Carbon.framework/Versions/A/Frameworks/CommonPanels.framework/Versions/A/CommonPanels
0x00000001a5a0f000 	/System/Library/Frameworks/Carbon.framework/Versions/A/Frameworks/Help.framework/Versions/A/Help
0x00000001aaad0000 	/System/Library/Frameworks/Carbon.framework/Versions/A/Frameworks/ImageCapture.framework/Versions/A/ImageCapture
0x00000001aaaac000 	/System/Library/Frameworks/Carbon.framework/Versions/A/Frameworks/OpenScripting.framework/Versions/A/OpenScripting
0x00000001aaacb000 	/System/Library/Frameworks/Carbon.framework/Versions/A/Frameworks/Ink.framework/Versions/A/Ink
0x00000001aaac8000 	/System/Library/Frameworks/Carbon.framework/Versions/A/Frameworks/SecurityHI.framework/Versions/A/SecurityHI
0x0000000100cf8000 	/Library/Java/JavaVirtualMachines/zulu-25.jdk/Contents/Home/lib/libawt_lwawt.dylib
0x0000000100ab8000 	/Library/Java/JavaVirtualMachines/zulu-25.jdk/Contents/Home/lib/libosxapp.dylib
0x00000001b22ad000 	/System/Library/Frameworks/ExceptionHandling.framework/Versions/A/ExceptionHandling
0x0000000100f78000 	/Library/Java/JavaVirtualMachines/zulu-25.jdk/Contents/Home/lib/libfontmanager.dylib
0x0000000100e28000 	/Library/Java/JavaVirtualMachines/zulu-25.jdk/Contents/Home/lib/libfreetype.dylib
0x0000000195633000 	/System/Library/PrivateFrameworks/ViewBridge.framework/Versions/A/ViewBridge
0x0000000100f34000 	/usr/lib/libobjc-trampolines.dylib
0x00000001be26c000 	/System/Library/CoreServices/RawCamera.bundle/Contents/MacOS/RawCamera
0x00000001a62e8000 	/System/Library/PrivateFrameworks/StreamingZip.framework/Versions/A/StreamingZip
0x00000001a53d8000 	/System/Library/PrivateFrameworks/CoreWiFi.framework/Versions/A/CoreWiFi
0x000000019e44d000 	/System/Library/PrivateFrameworks/MobileAsset.framework/Versions/A/MobileAsset
0x0000000273e73000 	/usr/lib/libmrc.dylib
0x000000024919b000 	/System/Library/PrivateFrameworks/IPConfiguration.framework/Versions/A/IPConfiguration
0x00000001d4d03000 	/System/Library/PrivateFrameworks/Netrb.framework/Versions/A/Netrb
0x00000001dfc86000 	/System/Library/PrivateFrameworks/WiFiPeerToPeer.framework/Versions/A/WiFiPeerToPeer
0x00000001bb929000 	/System/Library/PrivateFrameworks/SoftwareUpdateCoreSupport.framework/Versions/A/SoftwareUpdateCoreSupport
0x00000001c32ca000 	/System/Library/PrivateFrameworks/SoftwareUpdateCoreConnect.framework/Versions/A/SoftwareUpdateCoreConnect
0x00000001a5964000 	/System/Library/PrivateFrameworks/RemoteServiceDiscovery.framework/Versions/A/RemoteServiceDiscovery
0x00000001bb5af000 	/System/Library/PrivateFrameworks/MSUDataAccessor.framework/Versions/A/MSUDataAccessor
0x00000001b6da4000 	/usr/lib/libbootpolicy.dylib
0x00000001a597a000 	/System/Library/PrivateFrameworks/RemoteXPC.framework/Versions/A/RemoteXPC
0x00000001c2718000 	/usr/lib/libFDR.dylib
0x00000001c87c2000 	/usr/lib/libamsupport.dylib
0x00000002735c6000 	/usr/lib/libReverseProxyDevice.dylib
0x00000002357fb000 	/System/Library/PrivateFrameworks/AppleDeviceQuerySupport.framework/Versions/A/AppleDeviceQuerySupport
0x00000001cb6af000 	/usr/lib/libpartition2_dynamic.dylib
0x0000000199f86000 	/System/Library/Frameworks/UserNotifications.framework/Versions/A/UserNotifications
0x000000019e5b9000 	/usr/lib/libTelephonyUtilDynamic.dylib
0x000000019cd8c000 	/System/Library/Frameworks/MediaToolbox.framework/Versions/A/MediaToolbox
0x00000001a2dc4000 	/System/Library/PrivateFrameworks/CoreAVCHD.framework/Versions/A/CoreAVCHD
0x00000001a2dc0000 	/System/Library/PrivateFrameworks/Mangrove.framework/Versions/A/Mangrove
0x00000002382f1000 	/System/Library/PrivateFrameworks/CMPhoto.framework/Versions/A/CMPhoto
0x00000001a351f000 	/System/Library/Frameworks/CoreTelephony.framework/Versions/A/CoreTelephony
0x00000001a2db3000 	/System/Library/PrivateFrameworks/CoreAUC.framework/Versions/A/CoreAUC
0x0000000235c3d000 	/System/Library/PrivateFrameworks/AppleJPEGXL.framework/Versions/A/AppleJPEGXL
0x00000001baf55000 	/System/Library/Frameworks/Accelerate.framework/Versions/A/Frameworks/vImage.framework/Versions/A/Libraries/libCGInterfaces.dylib
0x0000000273273000 	/usr/lib/libAccessibilityBaseImplementations.dylib
0x000000026d999000 	/System/Library/PrivateFrameworks/WritingToolsUI.framework/Versions/A/WritingToolsUI
0x000000024602d000 	/System/Library/PrivateFrameworks/GenerativeAssistantSettings.framework/Versions/A/GenerativeAssistantSettings
0x0000000264dc3000 	/System/Library/PrivateFrameworks/TextComposer.framework/Versions/A/TextComposer
0x00000001b4ee7000 	/usr/lib/swift/libswiftIntents.dylib
0x000000027460d000 	/usr/lib/swift/libswiftSpatial.dylib
0x00000001ecb23000 	/System/Library/Frameworks/AppIntents.framework/Versions/A/AppIntents
0x00000001bbdb5000 	/System/Library/Frameworks/SwiftUI.framework/Versions/A/SwiftUI
0x00000001b2324000 	/System/Library/Frameworks/WebKit.framework/Versions/A/WebKit
0x0000000231ab6000 	/System/Library/Frameworks/_AuthenticationServices_SwiftUI.framework/Versions/A/_AuthenticationServices_SwiftUI
0x0000000234696000 	/System/Library/PrivateFrameworks/Anvil.framework/Versions/A/Anvil
0x00000001bb42a000 	/System/Library/PrivateFrameworks/AppStoreDaemon.framework/Versions/A/AppStoreDaemon
0x00000001a87d5000 	/System/Library/PrivateFrameworks/AppleMediaServices.framework/Versions/A/AppleMediaServices
0x00000001b7ea9000 	/System/Library/PrivateFrameworks/AppleMediaServicesUI.framework/Versions/A/AppleMediaServicesUI
0x0000000246007000 	/System/Library/PrivateFrameworks/GenerativeAssistantCommon.framework/Versions/A/GenerativeAssistantCommon
0x00000001e8541000 	/System/Library/PrivateFrameworks/JetEngine.framework/Versions/A/JetEngine
0x000000024db4f000 	/System/Library/PrivateFrameworks/LinkMetadata.framework/Versions/A/LinkMetadata
0x00000001b5769000 	/System/Library/PrivateFrameworks/OnBoardingKit.framework/Versions/A/OnBoardingKit
0x000000025baa3000 	/System/Library/PrivateFrameworks/Settings.framework/Versions/A/Settings
0x0000000199fd4000 	/System/Library/Frameworks/CoreSpotlight.framework/Versions/A/CoreSpotlight
0x000000024dd90000 	/System/Library/PrivateFrameworks/LinkServices.framework/Versions/A/LinkServices
0x000000023e6ac000 	/System/Library/PrivateFrameworks/DoNotDisturb.framework/Versions/A/DoNotDisturb
0x00000001b9c4d000 	/System/Library/PrivateFrameworks/IntentsCore.framework/Versions/A/IntentsCore
0x0000000236d7c000 	/System/Library/PrivateFrameworks/AvailabilityKit.framework/Versions/A/AvailabilityKit
0x00000002348e6000 	/System/Library/PrivateFrameworks/AppIntentSchemas.framework/Versions/A/AppIntentSchemas
0x00000002638d9000 	/System/Library/PrivateFrameworks/StatusKit.framework/Versions/A/StatusKit
0x0000000259dd5000 	/System/Library/PrivateFrameworks/RecapPerformanceTesting.framework/Versions/A/RecapPerformanceTesting
0x00000001b5759000 	/System/Library/PrivateFrameworks/SignpostCollection.framework/Versions/A/SignpostCollection
0x0000000273630000 	/usr/lib/libSpatial.dylib
0x00000001a81cb000 	/System/Library/Frameworks/WebKit.framework/Versions/A/Frameworks/WebKitLegacy.framework/Versions/A/WebKitLegacy
0x00000001a6111000 	/System/Library/PrivateFrameworks/CorePrediction.framework/Versions/A/CorePrediction
0x0000000196626000 	/System/Library/Frameworks/WebKit.framework/Versions/A/Frameworks/WebCore.framework/Versions/A/Frameworks/libwebrtc.dylib
0x00000001b22b0000 	/System/Library/PrivateFrameworks/SafariSafeBrowsing.framework/Versions/A/SafariSafeBrowsing
0x000000019e0e5000 	/System/Library/Frameworks/SecurityInterface.framework/Versions/A/SecurityInterface
0x00000001b5768000 	/System/Library/PrivateFrameworks/WebInspectorUI.framework/Versions/A/WebInspectorUI
0x00000001aaad3000 	/System/Library/Frameworks/JavaScriptCore.framework/Versions/A/JavaScriptCore
0x00000001ae894000 	/System/Library/Frameworks/WebKit.framework/Versions/A/Frameworks/WebCore.framework/Versions/A/WebCore
0x00000001ed501000 	/System/Library/Frameworks/BrowserEngineCore.framework/Versions/A/BrowserEngineCore
0x0000000231614000 	/System/Library/Frameworks/WebKit.framework/Versions/A/Frameworks/WebCore.framework/Versions/A/Frameworks/libANGLE-shared.dylib
0x000000026c590000 	/System/Library/PrivateFrameworks/WebGPU.framework/Versions/A/WebGPU
0x00000001b753b000 	/System/Library/Frameworks/SceneKit.framework/Versions/A/SceneKit
0x00000001c7b73000 	/System/Library/Frameworks/ModelIO.framework/Versions/A/ModelIO
0x000000019fa20000 	/System/Library/Frameworks/MetalKit.framework/Versions/A/MetalKit
0x00000001a1aff000 	/System/Library/Frameworks/GLKit.framework/Versions/A/GLKit
0x0000000274b46000 	/usr/lib/usd/libusd_ms.dylib
0x0000000268bd8000 	/System/Library/PrivateFrameworks/USDLib_FormatLoaderProxy.framework/Versions/A/USDLib_FormatLoaderProxy
0x00000001b496f000 	/System/Library/PrivateFrameworks/CoreOptimization.framework/Versions/A/CoreOptimization
0x0000000236c4f000 	/System/Library/PrivateFrameworks/AuthenticationServicesCore.framework/Versions/A/AuthenticationServicesCore
0x00000001be6d2000 	/System/Library/Frameworks/AuthenticationServices.framework/Versions/A/AuthenticationServices
0x000000019baa8000 	/System/Library/PrivateFrameworks/SharedWebCredentials.framework/Versions/A/SharedWebCredentials
0x00000001b65a5000 	/System/Library/PrivateFrameworks/SafariCore.framework/Versions/A/SafariCore
0x00000001be224000 	/System/Library/PrivateFrameworks/SafariFoundation.framework/Versions/A/SafariFoundation
0x0000000237cd9000 	/System/Library/PrivateFrameworks/CBORLibrary.framework/Versions/A/CBORLibrary
0x0000000238a81000 	/System/Library/PrivateFrameworks/Chirp.framework/Versions/A/Chirp
0x00000001e97d5000 	/System/Library/PrivateFrameworks/RemoteManagement.framework/Versions/A/RemoteManagement
0x000000025a12b000 	/System/Library/PrivateFrameworks/RemoteManagementModel.framework/Versions/A/RemoteManagementModel
0x000000025a1b8000 	/System/Library/PrivateFrameworks/RemoteManagementStore.framework/Versions/A/RemoteManagementStore
0x000000019fa3e000 	/usr/lib/libxcselect.dylib
0x00000001be193000 	/System/Library/PrivateFrameworks/DifferentialPrivacy.framework/Versions/A/DifferentialPrivacy
0x00000001a27ce000 	/System/Library/Frameworks/Contacts.framework/Versions/A/Contacts
0x00000002693fc000 	/System/Library/PrivateFrameworks/VDAF.framework/Versions/A/VDAF
0x00000001a25eb000 	/System/Library/PrivateFrameworks/ContactsPersistence.framework/Versions/A/ContactsPersistence
0x00000001a1802000 	/System/Library/PrivateFrameworks/AppleLDAP.framework/Versions/A/AppleLDAP
0x00000001a5db8000 	/System/Library/Frameworks/ClassKit.framework/Versions/A/ClassKit
0x00000001a7ef7000 	/System/Library/PrivateFrameworks/CoreSuggestions.framework/Versions/A/CoreSuggestions
0x00000001a251e000 	/System/Library/PrivateFrameworks/ContactsFoundation.framework/Versions/A/ContactsFoundation
0x00000001a3abf000 	/System/Library/PrivateFrameworks/vCard.framework/Versions/A/vCard
0x000000023a2a4000 	/System/Library/PrivateFrameworks/ContactsMetrics.framework/Versions/A/ContactsMetrics
0x000000019bec4000 	/System/Library/PrivateFrameworks/login.framework/Versions/A/login
0x000000024fed8000 	/System/Library/PrivateFrameworks/ManagedOrganizationContacts.framework/Versions/A/ManagedOrganizationContacts
0x0000000195d92000 	/System/Library/PrivateFrameworks/CloudDocs.framework/Versions/A/CloudDocs
0x00000001a74e6000 	/System/Library/PrivateFrameworks/ConfigurationProfiles.framework/Versions/A/ConfigurationProfiles
0x000000023dc2b000 	/System/Library/PrivateFrameworks/DMCUtilities.framework/Versions/A/DMCUtilities
0x000000024e16b000 	/System/Library/PrivateFrameworks/MDMClientLibrary.framework/Versions/A/MDMClientLibrary
0x000000025a1ac000 	/System/Library/PrivateFrameworks/RemoteManagementProtocol.framework/Versions/A/RemoteManagementProtocol
0x000000027343c000 	/usr/lib/libEndpointSecuritySystem.dylib
0x00000001a1f28000 	/System/Library/PrivateFrameworks/SystemAdministration.framework/Versions/A/SystemAdministration
0x00000001ac3d9000 	/System/Library/PrivateFrameworks/PowerlogControl.framework/Versions/A/PowerlogControl
0x0000000199587000 	/System/Library/Frameworks/ServiceManagement.framework/Versions/A/ServiceManagement
0x00000001ac3db000 	/usr/lib/libUniversalAccess.dylib
0x00000001a90a6000 	/System/Library/PrivateFrameworks/FamilyControls.framework/Versions/A/FamilyControls
0x00000001a17b3000 	/System/Library/Frameworks/DirectoryService.framework/Versions/A/DirectoryService
0x00000001a5aa6000 	/System/Library/PrivateFrameworks/LoginUIKit.framework/Versions/A/Frameworks/LoginUICore.framework/Versions/A/LoginUICore
0x000000019c0b4000 	/usr/lib/libodfde.dylib
0x00000001a90a0000 	/System/Library/PrivateFrameworks/UniversalAccess.framework/Versions/A/Libraries/libUAPreferences.dylib
0x00000001a90ca000 	/System/Library/PrivateFrameworks/CommerceKit.framework/Versions/A/Frameworks/CommerceCore.framework/Versions/A/CommerceCore
0x000000023dbd9000 	/System/Library/PrivateFrameworks/DEPClientLibrary.framework/Versions/A/DEPClientLibrary
0x000000023dbf9000 	/System/Library/PrivateFrameworks/DMCEnrollmentLibrary.framework/Versions/A/DMCEnrollmentLibrary
0x00000001ac4bf000 	/System/Library/PrivateFrameworks/SetupAssistantFramework.framework/Versions/A/SetupAssistantFramework
0x00000001a616b000 	/System/Library/PrivateFrameworks/AuthKitUI.framework/Versions/A/AuthKitUI
0x00000001a5af0000 	/System/Library/PrivateFrameworks/AppSSO.framework/Versions/A/AppSSO
0x00000001bb190000 	/System/Library/PrivateFrameworks/LocalAuthenticationUI.framework/Versions/A/LocalAuthenticationUI
0x000000025836a000 	/System/Library/PrivateFrameworks/PlatformSSO.framework/Versions/A/PlatformSSO
0x00000001bbb7d000 	/System/Library/PrivateFrameworks/AOSUI.framework/Versions/A/AOSUI
0x00000001adf50000 	/System/Library/Frameworks/ContactsUI.framework/Versions/A/ContactsUI
0x00000001a2a05000 	/System/Library/PrivateFrameworks/FamilyCircle.framework/Versions/A/FamilyCircle
0x00000001c9222000 	/System/Library/Frameworks/LinkPresentation.framework/Versions/A/LinkPresentation
0x0000000258436000 	/System/Library/PrivateFrameworks/PlatformSSOCore.framework/Versions/A/PlatformSSOCore
0x00000001adc62000 	/System/Library/PrivateFrameworks/IASUtilities.framework/Versions/A/IASUtilities
0x000000024906e000 	/System/Library/PrivateFrameworks/IASUtilitiesCore.framework/Versions/A/IASUtilitiesCore
0x000000024e053000 	/System/Library/PrivateFrameworks/LocalAuthenticationCoreUI.framework/Versions/A/LocalAuthenticationCoreUI
0x00000001b4c04000 	/System/Library/Frameworks/LocalAuthentication.framework/Support/DaemonUtils.framework/Versions/A/DaemonUtils
0x00000001b7e70000 	/System/Library/PrivateFrameworks/BridgeXPC.framework/Versions/A/BridgeXPC
0x000000019bee8000 	/System/Library/PrivateFrameworks/CoreBrightness.framework/Versions/A/CoreBrightness
0x00000001b5842000 	/System/Library/PrivateFrameworks/CoreKDL.framework/Versions/A/CoreKDL
0x00000001b406c000 	/System/Library/PrivateFrameworks/EmbeddedOSSupportHost.framework/Versions/A/EmbeddedOSSupportHost
0x00000002645ec000 	/System/Library/PrivateFrameworks/SystemStatus.framework/Versions/A/SystemStatus
0x00000001c32f9000 	/System/Library/PrivateFrameworks/StorageKit.framework/Versions/A/StorageKit
0x00000001eae4f000 	/System/Library/Frameworks/DeviceCheck.framework/Versions/A/DeviceCheck
0x00000001ee17a000 	/System/Library/Frameworks/FSKit.framework/Versions/A/FSKit
0x000000023e3c9000 	/System/Library/PrivateFrameworks/DiskImages2.framework/Versions/A/DiskImages2
0x000000024dee0000 	/System/Library/PrivateFrameworks/LiveFS.framework/Versions/A/LiveFS
0x0000000270cdb000 	/System/Library/PrivateFrameworks/icloudMCCKit.framework/Versions/A/icloudMCCKit
0x00000002355e4000 	/System/Library/PrivateFrameworks/AppleAccountUI.framework/Versions/A/AppleAccountUI
0x00000002395a7000 	/System/Library/PrivateFrameworks/CloudSubscriptionFeatures.framework/Versions/A/CloudSubscriptionFeatures
0x00000001d4d0b000 	/System/Library/PrivateFrameworks/PreferencePanesSupport.framework/Versions/A/PreferencePanesSupport
0x00000001bbd2d000 	/System/Library/PrivateFrameworks/FindMyDeviceUI.framework/Versions/A/FindMyDeviceUI
0x000000026e913000 	/System/Library/PrivateFrameworks/iCloudQuotaUI.framework/Versions/A/iCloudQuotaUI
0x00000001d4ebe000 	/System/Library/PrivateFrameworks/CoreCDPUI.framework/Versions/A/CoreCDPUI
0x00000001b630c000 	/System/Library/PrivateFrameworks/CoreFollowUpUI.framework/Versions/A/CoreFollowUpUI
0x000000019e11e000 	/System/Library/PrivateFrameworks/CoreFollowUp.framework/Versions/A/CoreFollowUp
0x00000001c2074000 	/System/Library/PrivateFrameworks/IMCore.framework/Versions/A/IMCore
0x00000001ac441000 	/System/Library/PrivateFrameworks/CoreCDP.framework/Versions/A/CoreCDP
0x00000001a87c7000 	/System/Library/PrivateFrameworks/AskPermission.framework/Versions/A/AskPermission
0x00000001b9bc8000 	/System/Library/Frameworks/Quartz.framework/Versions/A/Quartz
0x00000001c5b9e000 	/System/Library/PrivateFrameworks/CloudPhotoServicesConfiguration.framework/Versions/A/CloudPhotoServicesConfiguration
0x00000001b85de000 	/System/Library/PrivateFrameworks/CommerceKit.framework/Versions/A/CommerceKit
0x00000001c74de000 	/System/Library/PrivateFrameworks/FindMyMac.framework/Versions/A/FindMyMac
0x00000001c73b5000 	/System/Library/Frameworks/PreferencePanes.framework/Versions/A/PreferencePanes
0x00000001bb288000 	/System/Library/Frameworks/AddressBook.framework/Versions/A/AddressBook
0x00000001a77af000 	/System/Library/PrivateFrameworks/AOSAccounts.framework/Versions/A/AOSAccounts
0x00000001a1f22000 	/System/Library/PrivateFrameworks/AppleSRP.framework/Versions/A/AppleSRP
0x00000001b4b1e000 	/System/Library/Frameworks/SafariServices.framework/Versions/A/SafariServices
0x00000001a62cd000 	/System/Library/PrivateFrameworks/NetFSServer.framework/Versions/A/NetFSServer
0x00000001b7414000 	/System/Library/Frameworks/PDFKit.framework/Versions/A/PDFKit
0x00000001c83d6000 	/System/Library/PrivateFrameworks/EmailFoundation.framework/Versions/A/EmailFoundation
0x00000001c7412000 	/System/Library/PrivateFrameworks/EmailCore.framework/Versions/A/EmailCore
0x00000001cb202000 	/System/Library/PrivateFrameworks/EmailAddressing.framework/Versions/A/EmailAddressing
0x00000001cb20e000 	/System/Library/PrivateFrameworks/Email.framework/Versions/A/Email
0x00000001f366b000 	/System/Library/Frameworks/TabularData.framework/Versions/A/TabularData
0x00000002745ed000 	/usr/lib/swift/libswiftPassKit.dylib
0x0000000236ebe000 	/System/Library/PrivateFrameworks/BackgroundSystemTasks.framework/Versions/A/BackgroundSystemTasks
0x000000024e0e2000 	/System/Library/PrivateFrameworks/LockdownMode.framework/Versions/A/LockdownMode
0x00000001a29ff000 	/System/Library/PrivateFrameworks/CommunicationsFilter.framework/Versions/A/CommunicationsFilter
0x00000001d89cf000 	/System/Library/Frameworks/PassKit.framework/Versions/A/PassKit
0x00000001a9bca000 	/System/Library/PrivateFrameworks/PassKitCore.framework/Versions/A/PassKitCore
0x0000000255921000 	/System/Library/PrivateFrameworks/PassKitMacHelperTemp.framework/Versions/A/PassKitMacHelperTemp
0x0000000234923000 	/System/Library/PrivateFrameworks/AppIntentsServices.framework/Versions/A/AppIntentsServices
0x00000001a73c5000 	/System/Library/PrivateFrameworks/CoreRecents.framework/Versions/A/CoreRecents
0x00000001b4c51000 	/System/Library/PrivateFrameworks/BiometricKit.framework/Versions/A/BiometricKit
0x000000025ab69000 	/System/Library/PrivateFrameworks/SEService.framework/Versions/A/SEService
0x00000001a7fc3000 	/System/Library/Frameworks/EventKit.framework/Versions/A/EventKit
0x00000001b9c6d000 	/System/Library/PrivateFrameworks/NearField.framework/Versions/A/NearField
0x00000001bb9a5000 	/System/Library/PrivateFrameworks/FTClientServices.framework/Versions/A/FTClientServices
0x00000001d472c000 	/System/Library/PrivateFrameworks/DiagnosticRequest.framework/Versions/A/DiagnosticRequest
0x00000002735ea000 	/usr/lib/libSESShared.dylib
0x000000025ad0a000 	/System/Library/PrivateFrameworks/STSXPCHelperClient.framework/Versions/A/STSXPCHelperClient
0x00000002643bf000 	/System/Library/PrivateFrameworks/Symptoms.framework/Versions/A/Frameworks/SymptomPresentationFeed.framework/Versions/A/SymptomPresentationFeed
0x0000000235e97000 	/System/Library/PrivateFrameworks/AppleMediaServicesKitInternal.framework/Versions/A/AppleMediaServicesKitInternal
0x000000026413a000 	/System/Library/PrivateFrameworks/SymptomShared.framework/Versions/A/SymptomShared
0x0000000238611000 	/System/Library/PrivateFrameworks/CalendarDatabase.framework/Versions/A/CalendarDatabase
0x0000000238565000 	/System/Library/PrivateFrameworks/CalendarDaemon.framework/Versions/A/CalendarDaemon
0x00000001a741a000 	/System/Library/PrivateFrameworks/CalendarFoundation.framework/Versions/A/CalendarFoundation
0x00000001a73d6000 	/System/Library/PrivateFrameworks/iCalendar.framework/Versions/A/iCalendar
0x000000023de60000 	/System/Library/PrivateFrameworks/DataAccessExpress.framework/Versions/A/DataAccessExpress
0x00000001adaf4000 	/System/Library/PrivateFrameworks/CoreDAV.framework/Versions/A/CoreDAV
0x00000001a7e98000 	/System/Library/PrivateFrameworks/CalDAV.framework/Versions/A/CalDAV
0x00000001b200d000 	/System/Library/PrivateFrameworks/TelephonyUtilities.framework/Versions/A/TelephonyUtilities
0x00000001b63d7000 	/System/Library/Frameworks/CallKit.framework/Versions/A/CallKit
0x00000001de01d000 	/System/Library/PrivateFrameworks/IMTransferServices.framework/Versions/A/IMTransferServices
0x00000001b4989000 	/System/Library/PrivateFrameworks/IncomingCallFilter.framework/Versions/A/IncomingCallFilter
0x000000025322c000 	/System/Library/PrivateFrameworks/NeighborhoodActivityConduit.framework/Versions/A/NeighborhoodActivityConduit
0x0000000273412000 	/usr/lib/libBASupport.dylib
0x00000001c1e1e000 	/System/Library/PrivateFrameworks/SpotlightReceiver.framework/Versions/A/SpotlightReceiver
0x00000001bb646000 	/usr/lib/libnfshared.dylib
0x00000001db1fd000 	/System/Library/PrivateFrameworks/PassKitUIFoundation.framework/Versions/A/PassKitUIFoundation
0x00000001a1814000 	/System/Library/Frameworks/MapKit.framework/Versions/A/MapKit
0x00000001ee13e000 	/System/Library/Frameworks/ExtensionKit.framework/Versions/A/ExtensionKit
0x0000000246490000 	/System/Library/PrivateFrameworks/GeoAnalytics.framework/Versions/A/GeoAnalytics
0x00000001b5997000 	/System/Library/PrivateFrameworks/SearchFoundation.framework/Versions/A/SearchFoundation
0x00000001bb67c000 	/System/Library/PrivateFrameworks/Navigation.framework/Versions/A/Navigation
0x00000001c46be000 	/System/Library/PrivateFrameworks/VectorKit.framework/Versions/A/VectorKit
0x00000001add2a000 	/System/Library/PrivateFrameworks/VirtualGarage.framework/Versions/A/VirtualGarage
0x00000001bb7f5000 	/System/Library/Frameworks/ExternalAccessory.framework/ExternalAccessory
0x00000001bb80f000 	/System/Library/PrivateFrameworks/IAP.framework/Versions/A/IAP
0x00000001a1ac7000 	/System/Library/PrivateFrameworks/IOPlatformPluginFamily.framework/Versions/A/IOPlatformPluginFamily
0x0000000236d7f000 	/System/Library/PrivateFrameworks/AvatarKit.framework/Versions/A/AvatarKit
0x0000000236e37000 	/System/Library/PrivateFrameworks/AvatarPersistence.framework/Versions/A/AvatarPersistence
0x000000025a221000 	/System/Library/PrivateFrameworks/RemoteUI.framework/Versions/A/RemoteUI
0x00000001a1bcb000 	/usr/lib/libCTGreenTeaLogger.dylib
0x00000001f3895000 	/System/Library/Frameworks/TipKit.framework/Versions/A/TipKit
0x00000001d6986000 	/System/Library/PrivateFrameworks/AppleCVA.framework/Versions/A/AppleCVA
0x0000000236e36000 	/System/Library/PrivateFrameworks/AvatarKitContent.framework/Versions/A/AvatarKitContent
0x00000001a1bf3000 	/System/Library/PrivateFrameworks/CoreAppleCVA.framework/Versions/A/CoreAppleCVA
0x000000024cf1e000 	/System/Library/PrivateFrameworks/LiftUI.framework/Versions/A/LiftUI
0x0000000239516000 	/System/Library/PrivateFrameworks/CloudSettings.framework/Versions/A/CloudSettings
0x00000001b45b3000 	/System/Library/PrivateFrameworks/CoreRoutine.framework/Versions/A/CoreRoutine
0x00000001c2e4e000 	/System/Library/PrivateFrameworks/Categories.framework/Versions/A/Categories
0x0000000239a16000 	/System/Library/PrivateFrameworks/Coherence.framework/Versions/A/Coherence
0x00000001b1f08000 	/System/Library/PrivateFrameworks/CoreParsec.framework/Versions/A/CoreParsec
0x0000000255fb0000 	/System/Library/PrivateFrameworks/PegasusAPI.framework/Versions/A/PegasusAPI
0x0000000256c7e000 	/System/Library/PrivateFrameworks/PegasusConfiguration.framework/Versions/A/PegasusConfiguration
0x000000024e0b9000 	/System/Library/PrivateFrameworks/LocalStatusKit.framework/Versions/A/LocalStatusKit
0x00000001b658b000 	/System/Library/PrivateFrameworks/ContextKit.framework/Versions/A/ContextKit
0x000000023a3d2000 	/System/Library/PrivateFrameworks/ContextKitCore.framework/Versions/A/ContextKitCore
0x00000001bb9a9000 	/System/Library/PrivateFrameworks/CharacterPicker.framework/Versions/A/CharacterPicker
0x00000001b4a90000 	/System/Library/PrivateFrameworks/ContactsDonation.framework/Versions/A/ContactsDonation
0x00000001ade4c000 	/System/Library/PrivateFrameworks/ContactsUICore.framework/Versions/A/ContactsUICore
0x00000001b4396000 	/System/Library/PrivateFrameworks/DataDetectors.framework/Versions/A/DataDetectors
0x00000001a7e84000 	/System/Library/Frameworks/MediaLibrary.framework/Versions/A/MediaLibrary
0x00000001a29ee000 	/System/Library/PrivateFrameworks/PersonaKit.framework/Versions/A/PersonaKit
0x00000001ade3a000 	/System/Library/PrivateFrameworks/PersonaUI.framework/Versions/A/PersonaUI
0x000000024992f000 	/System/Library/PrivateFrameworks/InputToolKitUI.framework/Versions/A/InputToolKitUI
0x000000024991a000 	/System/Library/PrivateFrameworks/InputToolKit.framework/Versions/A/InputToolKit
0x0000000263a12000 	/System/Library/PrivateFrameworks/Stickers.framework/Versions/A/Stickers
0x0000000249888000 	/System/Library/PrivateFrameworks/InputAnalytics.framework/Versions/A/InputAnalytics
0x00000001bd520000 	/System/Library/PrivateFrameworks/EmojiFoundation.framework/Versions/A/EmojiFoundation
0x000000023f802000 	/System/Library/PrivateFrameworks/FeedbackService.framework/Versions/A/FeedbackService
0x00000001a266a000 	/System/Library/PrivateFrameworks/AddressBookCore.framework/Versions/A/AddressBookCore
0x00000001b628c000 	/System/Library/PrivateFrameworks/IntlPreferences.framework/Versions/A/IntlPreferences
0x00000001bb40b000 	/System/Library/PrivateFrameworks/ToneKit.framework/Versions/A/ToneKit
0x00000001b62d2000 	/System/Library/PrivateFrameworks/ToneLibrary.framework/Versions/A/ToneLibrary
0x000000023a26a000 	/System/Library/PrivateFrameworks/ContactsAccounts.framework/Versions/A/ContactsAccounts
0x00000001c6dd3000 	/System/Library/PrivateFrameworks/Transparency.framework/Versions/A/Transparency
0x00000001b9ae5000 	/System/Library/PrivateFrameworks/Lookup.framework/Versions/A/Lookup
0x00000001f1a69000 	/System/Library/Frameworks/QuickLookUI.framework/Versions/A/QuickLookUI
0x00000001f2449000 	/System/Library/Frameworks/ScreenCaptureKit.framework/Versions/A/ScreenCaptureKit
0x00000001b6f28000 	/System/Library/Frameworks/Quartz.framework/Versions/A/Frameworks/QuartzComposer.framework/Versions/A/QuartzComposer
0x00000001b6263000 	/System/Library/Frameworks/Quartz.framework/Versions/A/Frameworks/QuartzFilters.framework/Versions/A/QuartzFilters
0x00000001b5349000 	/System/Library/Frameworks/Quartz.framework/Versions/A/Frameworks/ImageKit.framework/Versions/A/ImageKit
0x00000001ec7be000 	/System/Library/Frameworks/OpenCL.framework/Versions/A/OpenCL
0x00000001b3a95000 	/System/Library/PrivateFrameworks/CorePDF.framework/Versions/A/CorePDF
0x000000019f9b7000 	/System/Library/Frameworks/QuickLook.framework/Versions/A/QuickLook
0x00000001a9acf000 	/System/Library/PrivateFrameworks/DisplayServices.framework/Versions/A/DisplayServices
0x00000001b61d3000 	/System/Library/Frameworks/ImageCaptureCore.framework/Versions/A/ImageCaptureCore
0x000000026aeb1000 	/System/Library/PrivateFrameworks/VisionKitCore.framework/Versions/A/VisionKitCore
0x00000001b1ed8000 	/System/Library/PrivateFrameworks/QuickLookSupport.framework/Versions/A/QuickLookSupport
0x0000000250742000 	/System/Library/PrivateFrameworks/MediaAnalysisServices.framework/Versions/A/MediaAnalysisServices
0x00000001b8ad4000 	/System/Library/PrivateFrameworks/PhotoLibraryServices.framework/Versions/A/PhotoLibraryServices
0x00000001b5e1c000 	/System/Library/Frameworks/Photos.framework/Versions/A/Photos
0x00000001c9603000 	/System/Library/PrivateFrameworks/PhotosFormats.framework/Versions/A/PhotosFormats
0x00000001c5bd0000 	/System/Library/PrivateFrameworks/CloudPhotoLibrary.framework/Versions/A/CloudPhotoLibrary
0x00000001cebf4000 	/System/Library/PrivateFrameworks/CloudPhotoServices.framework/Versions/A/CloudPhotoServices
0x00000001cb38b000 	/System/Library/PrivateFrameworks/CoreMediaStream.framework/Versions/A/CoreMediaStream
0x00000001a301a000 	/System/Library/PrivateFrameworks/CPAnalytics.framework/Versions/A/CPAnalytics
0x00000001c7a78000 	/System/Library/PrivateFrameworks/MediaConversionService.framework/Versions/A/MediaConversionService
0x00000001a973c000 	/System/Library/PrivateFrameworks/PhotoFoundation.framework/Versions/A/PhotoFoundation
0x0000000257216000 	/System/Library/PrivateFrameworks/PhotoLibraryServicesCore.framework/Versions/A/PhotoLibraryServicesCore
0x00000001c17cf000 	/System/Library/PrivateFrameworks/MMCS.framework/Versions/A/MMCS
0x00000001a7ced000 	/System/Library/PrivateFrameworks/ChunkingLibrary.framework/Versions/A/ChunkingLibrary
0x00000001a1ecd000 	/System/Library/PrivateFrameworks/AssetCacheServices.framework/Versions/A/AssetCacheServices
0x00000001a3bf5000 	/System/Library/PrivateFrameworks/AVFoundationCF.framework/Versions/A/AVFoundationCF
0x00000001ddf1a000 	/usr/lib/swift/libswiftDemangle.dylib
0x00000001b4613000 	/System/Library/PrivateFrameworks/MediaStream.framework/Versions/A/MediaStream
0x00000001c7f92000 	/System/Library/PrivateFrameworks/NeutrinoCore.framework/Versions/A/NeutrinoCore
0x0000000193135000 	/System/Library/PrivateFrameworks/NLP.framework/Versions/A/NLP
0x00000001cd9a0000 	/System/Library/PrivateFrameworks/PhotoImaging.framework/Versions/A/PhotoImaging
0x00000001cebb5000 	/System/Library/PrivateFrameworks/PhotosImagingFoundation.framework/Versions/A/PhotosImagingFoundation
0x0000000257cf1000 	/System/Library/PrivateFrameworks/PhotosIntelligenceCore.framework/Versions/A/PhotosIntelligenceCore
0x00000001a408c000 	/System/Library/PrivateFrameworks/EmbeddedAcousticRecognition.framework/Versions/A/EmbeddedAcousticRecognition
0x00000001c5e37000 	/System/Library/PrivateFrameworks/SDAPI.framework/Versions/A/SDAPI
0x00000001cec02000 	/System/Library/PrivateFrameworks/AutoLoop.framework/Versions/A/AutoLoop
0x000000025875a000 	/System/Library/PrivateFrameworks/Portrait.framework/Versions/A/Portrait
0x000000023568d000 	/System/Library/PrivateFrameworks/AppleDepth.framework/Versions/A/AppleDepth
0x0000000240398000 	/System/Library/PrivateFrameworks/FusionTracker.framework/Versions/A/FusionTracker
0x000000023577b000 	/System/Library/PrivateFrameworks/AppleDepthCore.framework/Versions/A/AppleDepthCore
0x00000001b69e8000 	/System/Library/PrivateFrameworks/iTunesCloud.framework/Versions/A/iTunesCloud
0x00000001bf294000 	/System/Library/PrivateFrameworks/DAAPKit.framework/Versions/A/DAAPKit
0x0000000274671000 	/usr/lib/swift/libswiftVideoToolbox.dylib
0x00000001b21e9000 	/System/Library/PrivateFrameworks/DeviceManagement.framework/Versions/A/DeviceManagement
0x00000001d468b000 	/System/Library/PrivateFrameworks/ScreenTimeUI.framework/Versions/A/ScreenTimeUI
0x00000001b4390000 	/System/Library/PrivateFrameworks/QuickLookNonBaseSystem.framework/Versions/A/QuickLookNonBaseSystem
0x00000001b4b5f000 	/System/Library/PrivateFrameworks/Catalyst.framework/Versions/A/Catalyst
0x000000024fede000 	/System/Library/PrivateFrameworks/ManagedSettingsObjC.framework/Versions/A/ManagedSettingsObjC
0x00000001b6479000 	/System/Library/PrivateFrameworks/ScreenTimeCore.framework/Versions/A/ScreenTimeCore
0x00000001c8b66000 	/System/Library/PrivateFrameworks/ScreenTimeServiceUI.framework/Versions/A/ScreenTimeServiceUI
0x00000001c195a000 	/System/Library/PrivateFrameworks/ConfigurationEngineModel.framework/Versions/A/ConfigurationEngineModel
0x00000001c467a000 	/System/Library/PrivateFrameworks/UsageTracking.framework/Versions/A/UsageTracking
0x00000001edf3f000 	/System/Library/Frameworks/DeviceActivity.framework/Versions/A/DeviceActivity
0x00000001c464a000 	/System/Library/PrivateFrameworks/KnowledgeMonitor.framework/Versions/A/KnowledgeMonitor
0x00000001db1a2000 	/System/Library/PrivateFrameworks/BluetoothManager.framework/Versions/A/BluetoothManager
0x00000001ef09a000 	/System/Library/Frameworks/ManagedSettings.framework/Versions/A/ManagedSettings
0x000000024ff17000 	/System/Library/PrivateFrameworks/ManagedSettingsSupport.framework/Versions/A/ManagedSettingsSupport
0x00000001d8a9f000 	/System/Library/Frameworks/ReplayKit.framework/Versions/A/ReplayKit
0x00000001aaa68000 	/System/Library/PrivateFrameworks/MarkupUI.framework/Versions/A/MarkupUI
0x00000001b4368000 	/System/Library/PrivateFrameworks/SidecarCore.framework/Versions/A/SidecarCore
0x00000001b6de9000 	/System/Library/PrivateFrameworks/AnnotationKit.framework/Versions/A/AnnotationKit
0x00000001f39f5000 	/System/Library/Frameworks/Translation.framework/Versions/A/Translation
0x00000001d05ca000 	/System/Library/PrivateFrameworks/RevealCore.framework/Versions/A/RevealCore
0x00000001d05be000 	/System/Library/PrivateFrameworks/Reveal.framework/Versions/A/Reveal
0x0000000267cb9000 	/System/Library/PrivateFrameworks/TranslationUIServices.framework/Versions/A/TranslationUIServices
0x00000001b558f000 	/System/Library/Frameworks/PencilKit.framework/Versions/A/PencilKit
0x00000001b5744000 	/System/Library/PrivateFrameworks/SidecarUI.framework/Versions/A/SidecarUI
0x00000001b4f3c000 	/System/Library/PrivateFrameworks/CoreHandwriting.framework/Versions/A/CoreHandwriting
0x000000018d2fb000 	/usr/lib/libmecabra.dylib
0x00000001ae2c3000 	/System/Library/PrivateFrameworks/Calculate.framework/Versions/A/Calculate
0x000000019b85c000 	/usr/lib/libChineseTokenizer.dylib
0x00000001e96fe000 	/System/Library/PrivateFrameworks/ScreenReaderCore.framework/Versions/A/ScreenReaderCore
0x0000000263de9000 	/System/Library/PrivateFrameworks/StocksKit.framework/Versions/A/StocksKit
0x00000001ad43c000 	/System/Library/PrivateFrameworks/OAuth.framework/Versions/A/OAuth
0x0000000263a96000 	/System/Library/PrivateFrameworks/StocksCore.framework/Versions/A/StocksCore
0x0000000264afa000 	/System/Library/PrivateFrameworks/TeaFoundation.framework/Versions/A/TeaFoundation
0x0000000264ce3000 	/System/Library/PrivateFrameworks/TeaSettings.framework/Versions/A/TeaSettings
0x00000001df2e4000 	/System/Library/PrivateFrameworks/NewsCore.framework/Versions/A/NewsCore
0x0000000264a97000 	/System/Library/PrivateFrameworks/TeaDB.framework/Versions/A/TeaDB
0x00000001dbf8b000 	/System/Library/PrivateFrameworks/RemoteConfiguration.framework/Versions/A/RemoteConfiguration
0x00000001def1e000 	/System/Library/PrivateFrameworks/NewsTransport.framework/Versions/A/NewsTransport
0x00000001df2d4000 	/System/Library/PrivateFrameworks/NewsFoundation.framework/Versions/A/NewsFoundation
0x0000000253774000 	/System/Library/PrivateFrameworks/NewsURLBucket.framework/Versions/A/NewsURLBucket
0x00000001b8808000 	/System/Library/PrivateFrameworks/MobileInstallation.framework/Versions/A/MobileInstallation
0x0000000266d00000 	/System/Library/PrivateFrameworks/TipKitCore.framework/Versions/A/TipKitCore
0x00000001bd5a3000 	/System/Library/PrivateFrameworks/CoreCDPInternal.framework/Versions/A/CoreCDPInternal
0x00000001ad38e000 	/System/Library/PrivateFrameworks/AccountsDaemon.framework/Versions/A/AccountsDaemon
0x0000000259e63000 	/System/Library/PrivateFrameworks/RegulatoryDomain.framework/Versions/A/RegulatoryDomain
0x00000001d4ebb000 	/System/Library/PrivateFrameworks/MachineSettings.framework/Versions/A/MachineSettings
0x00000001c7338000 	/System/Library/PrivateFrameworks/BezelServices.framework/Versions/A/BezelServices
0x00000001bf31d000 	/System/Library/PrivateFrameworks/SPOwner.framework/Versions/A/SPOwner
0x00000001b8643000 	/System/Library/PrivateFrameworks/FMCore.framework/Versions/A/FMCore
0x000000026e870000 	/System/Library/PrivateFrameworks/iCloudQuota.framework/Versions/A/iCloudQuota
0x00000001addbf000 	/System/Library/PrivateFrameworks/CoreRecognition.framework/Versions/A/CoreRecognition
0x00000001c73ed000 	/System/Library/PrivateFrameworks/InAppMessages.framework/Versions/A/InAppMessages
0x00000001e8448000 	/System/Library/PrivateFrameworks/JetUI.framework/Versions/A/JetUI
0x000000024cc7a000 	/System/Library/PrivateFrameworks/JetPack.framework/Versions/A/JetPack
0x00000001c73e4000 	/System/Library/PrivateFrameworks/InAppMessagesCore.framework/Versions/A/InAppMessagesCore
0x000000026df68000 	/System/Library/PrivateFrameworks/_JetEngine_SwiftUI.framework/Versions/A/_JetEngine_SwiftUI
0x00000002643e7000 	/System/Library/PrivateFrameworks/Synapse.framework/Versions/A/Synapse
0x0000000238401000 	/System/Library/PrivateFrameworks/CSExattrCrypto.framework/Versions/A/CSExattrCrypto
0x00000001a974d000 	/System/Library/PrivateFrameworks/IMSharedUtilities.framework/Versions/A/IMSharedUtilities
0x00000001c2708000 	/System/Library/Frameworks/InstantMessage.framework/Versions/A/InstantMessage
0x00000001bb189000 	/System/Library/PrivateFrameworks/IDSKVStore.framework/Versions/A/IDSKVStore
0x00000001bafc9000 	/System/Library/PrivateFrameworks/IMDPersistence.framework/Versions/A/IMDPersistence
0x000000027458d000 	/usr/lib/swift/libswiftAppleArchive.dylib
0x00000002693ee000 	/System/Library/PrivateFrameworks/UserSafety.framework/Versions/A/UserSafety
0x00000001da3f4000 	/System/Library/PrivateFrameworks/BlastDoor.framework/Versions/A/BlastDoor
0x00000001f24cd000 	/System/Library/Frameworks/SensitiveContentAnalysis.framework/Versions/A/SensitiveContentAnalysis
0x000000024dd60000 	/System/Library/PrivateFrameworks/LinkPresentationStyleSheetParsing.framework/Versions/A/LinkPresentationStyleSheetParsing
0x00000001b49e8000 	/System/Library/PrivateFrameworks/CoreSDB.framework/Versions/A/CoreSDB
0x00000002367d5000 	/System/Library/PrivateFrameworks/AskToCore.framework/Versions/A/AskToCore
0x00000001b97d2000 	/System/Library/PrivateFrameworks/StoreFoundation.framework/Versions/A/StoreFoundation
0x00000001b863d000 	/System/Library/PrivateFrameworks/ServerInformation.framework/Versions/A/ServerInformation
0x00000001b80ae000 	/System/Library/PrivateFrameworks/Install.framework/Frameworks/DistributionKit.framework/Versions/A/DistributionKit
0x00000001b1ca5000 	/System/Library/PrivateFrameworks/PackageKit.framework/Versions/A/PackageKit
0x00000001b80d1000 	/System/Library/PrivateFrameworks/OSPersonalization.framework/Versions/A/OSPersonalization
0x00000001b9d3e000 	/System/Library/PrivateFrameworks/BridgeOSSoftwareUpdate.framework/Versions/A/BridgeOSSoftwareUpdate
0x00000001b4e64000 	/System/Library/PrivateFrameworks/StorageManagement.framework/Versions/A/StorageManagement
0x00000001c86ef000 	/usr/lib/libauthinstall.dylib
0x00000001b9d47000 	/System/Library/PrivateFrameworks/InstallerDiagnostics.framework/Versions/A/InstallerDiagnostics
0x00000001c8d22000 	/usr/lib/libcrypto.42.dylib
0x00000001b9d2c000 	/System/Library/PrivateFrameworks/GPUInfo.framework/Versions/A/GPUInfo
0x00000001c74e4000 	/System/Library/PrivateFrameworks/MobileActivationMacOS.framework/Versions/A/MobileActivationMacOS
0x000000019385a000 	/System/Library/Frameworks/Accounts.framework/Versions/A/Accounts
0x00000001b9d8b000 	/System/Library/PrivateFrameworks/AOSKit.framework/Versions/A/AOSKit
0x000000019b98c000 	/System/Library/PrivateFrameworks/AppSSOCore.framework/Versions/A/AppSSOCore
0x00000001a5aac000 	/System/Library/PrivateFrameworks/AppSupport.framework/Versions/A/AppSupport
0x00000001b3e6e000 	/System/Library/Frameworks/AVFoundation.framework/Versions/A/AVFoundation
0x00000001a6322000 	/System/Library/PrivateFrameworks/DuetActivityScheduler.framework/Versions/A/DuetActivityScheduler
0x00000001b498f000 	/System/Library/PrivateFrameworks/FTServices.framework/Versions/A/FTServices
0x00000001c5b09000 	/System/Library/PrivateFrameworks/NetworkServiceProxy.framework/Versions/A/NetworkServiceProxy
0x00000001a3f99000 	/System/Library/PrivateFrameworks/Rapport.framework/Versions/A/Rapport
0x000000026414a000 	/System/Library/PrivateFrameworks/Symptoms.framework/Versions/A/Frameworks/SymptomAnalytics.framework/Versions/A/SymptomAnalytics
0x00000001a1b39000 	/usr/lib/libnetworkextension.dylib
0x00000001dafb8000 	/System/Library/Frameworks/CryptoKit.framework/Versions/A/CryptoKit
0x00000001a62c0000 	/System/Library/PrivateFrameworks/CryptoKitCBridging.framework/Versions/A/CryptoKitCBridging
0x00000001a3b0f000 	/System/Library/Frameworks/CryptoTokenKit.framework/Versions/A/CryptoTokenKit
0x00000001cf20c000 	/usr/lib/swift/libswiftCryptoTokenKit.dylib
0x00000001a3b73000 	/System/Library/Frameworks/LocalAuthentication.framework/Versions/A/LocalAuthentication
0x000000024df35000 	/System/Library/PrivateFrameworks/LocalAuthenticationCore.framework/Versions/A/LocalAuthenticationCore
0x00000001a3bc8000 	/System/Library/Frameworks/LocalAuthentication.framework/Support/SharedUtils.framework/Versions/A/SharedUtils
0x00000001a2b9c000 	/System/Library/PrivateFrameworks/SymptomDiagnosticReporter.framework/Versions/A/SymptomDiagnosticReporter
0x000000023db17000 	/System/Library/PrivateFrameworks/CryptoKitPrivate.framework/Versions/A/CryptoKitPrivate
0x00000001a2fc1000 	/System/Library/PrivateFrameworks/GenerationalStorage.framework/Versions/A/GenerationalStorage
0x000000019e521000 	/System/Library/PrivateFrameworks/CacheDelete.framework/Versions/A/CacheDelete
0x00000001a63ff000 	/System/Library/Frameworks/QuickLookThumbnailing.framework/Versions/A/QuickLookThumbnailing
0x00000001a2df3000 	/System/Library/Frameworks/FileProvider.framework/Versions/A/FileProvider
0x0000000191598000 	/System/Library/PrivateFrameworks/DesktopServicesPriv.framework/Versions/A/DesktopServicesPriv
0x00000001a949f000 	/System/Library/PrivateFrameworks/AssistantServices.framework/Versions/A/AssistantServices
0x00000001a3d9c000 	/System/Library/PrivateFrameworks/SAObjects.framework/Versions/A/SAObjects
0x00000001a90d7000 	/System/Library/PrivateFrameworks/MediaRemote.framework/Versions/A/MediaRemote
0x00000001971c9000 	/System/Library/Frameworks/CoreLocation.framework/Versions/A/CoreLocation
0x00000001ba1e2000 	/System/Library/PrivateFrameworks/SiriInstrumentation.framework/Versions/A/SiriInstrumentation
0x000000025bf5e000 	/System/Library/PrivateFrameworks/SiriAnalytics.framework/Versions/A/SiriAnalytics
0x0000000261b14000 	/System/Library/PrivateFrameworks/SiriTTSService.framework/Versions/A/SiriTTSService
0x000000025c91a000 	/System/Library/PrivateFrameworks/SiriCrossDeviceArbitration.framework/Versions/A/SiriCrossDeviceArbitration
0x00000001b7e7b000 	/System/Library/PrivateFrameworks/FeedbackLogger.framework/Versions/A/FeedbackLogger
0x00000001a7335000 	/System/Library/PrivateFrameworks/ProactiveSupport.framework/Versions/A/ProactiveSupport
0x0000000236f82000 	/System/Library/PrivateFrameworks/BiomeLibrary.framework/Versions/A/BiomeLibrary
0x00000001c283f000 	/System/Library/PrivateFrameworks/BiomeStreams.framework/Versions/A/BiomeStreams
0x000000025c96e000 	/System/Library/PrivateFrameworks/SiriCrossDeviceArbitrationFeedback.framework/Versions/A/SiriCrossDeviceArbitrationFeedback
0x0000000246359000 	/System/Library/PrivateFrameworks/GenerativeModels.framework/Versions/A/GenerativeModels
0x00000001adbe0000 	/System/Library/PrivateFrameworks/MediaServices.framework/Versions/A/MediaServices
0x000000019f00b000 	/System/Library/PrivateFrameworks/IDS.framework/Versions/A/IDS
0x000000019bd79000 	/System/Library/PrivateFrameworks/PersistentConnection.framework/Versions/A/PersistentConnection
0x000000019dcab000 	/System/Library/PrivateFrameworks/IMFoundation.framework/Versions/A/IMFoundation
0x00000001add74000 	/System/Library/PrivateFrameworks/Marco.framework/Versions/A/Marco
0x000000019f1d8000 	/System/Library/PrivateFrameworks/IDSFoundation.framework/Versions/A/IDSFoundation
0x00000001938df000 	/System/Library/PrivateFrameworks/CommonUtilities.framework/Versions/A/CommonUtilities
0x00000001aaa94000 	/System/Library/PrivateFrameworks/Engram.framework/Versions/A/Engram
0x00000001aaa34000 	/usr/lib/libtidy.A.dylib
0x000000019c0b6000 	/System/Library/PrivateFrameworks/Bom.framework/Versions/A/Bom
0x000000019e07d000 	/usr/lib/libParallelCompression.dylib
0x00000001c2328000 	/System/Library/PrivateFrameworks/FTAWD.framework/Versions/A/FTAWD
0x000000019fc05000 	/System/Library/PrivateFrameworks/GeoServices.framework/Versions/A/GeoServices
0x000000019dd25000 	/System/Library/PrivateFrameworks/LocationSupport.framework/Versions/A/LocationSupport
0x0000000246581000 	/System/Library/PrivateFrameworks/GeoServicesCore.framework/Versions/A/GeoServicesCore
0x00000001ae79b000 	/System/Library/PrivateFrameworks/PhoneNumbers.framework/Versions/A/PhoneNumbers
0x000000023e01f000 	/System/Library/PrivateFrameworks/Dendrite.framework/Versions/A/Dendrite
0x00000002368fb000 	/System/Library/PrivateFrameworks/AtomicsInternal.framework/Versions/A/AtomicsInternal
0x00000001c8bca000 	/System/Library/PrivateFrameworks/BiomeStorage.framework/Versions/A/BiomeStorage
0x000000024c559000 	/System/Library/PrivateFrameworks/IntelligencePlatformLibrary.framework/Versions/A/IntelligencePlatformLibrary
0x00000002586c1000 	/System/Library/PrivateFrameworks/PoirotSchematizer.framework/Versions/A/PoirotSchematizer
0x000000023761c000 	/System/Library/PrivateFrameworks/BiomeSync.framework/Versions/A/BiomeSync
0x0000000236f63000 	/System/Library/PrivateFrameworks/BiomeFlexibleStorage.framework/Versions/A/BiomeFlexibleStorage
0x00000001bf23d000 	/System/Library/PrivateFrameworks/BiomeFoundation.framework/Versions/A/BiomeFoundation
0x0000000236f47000 	/System/Library/PrivateFrameworks/BiomeDSL.framework/Versions/A/BiomeDSL
0x00000001c8b6d000 	/System/Library/PrivateFrameworks/BiomePubSub.framework/Versions/A/BiomePubSub
0x000000025872e000 	/System/Library/PrivateFrameworks/PoirotUDFs.framework/Versions/A/PoirotUDFs
0x0000000258690000 	/System/Library/PrivateFrameworks/PoirotSQLite.framework/Versions/A/PoirotSQLite
0x00000001a5db4000 	/System/Library/PrivateFrameworks/InternationalTextSearch.framework/Versions/A/InternationalTextSearch
0x0000000238a08000 	/System/Library/PrivateFrameworks/CascadeSets.framework/Versions/A/CascadeSets
0x00000001bbd80000 	/usr/lib/libtailspin.dylib
0x00000001ced0a000 	/System/Library/PrivateFrameworks/Osprey.framework/Versions/A/Osprey
0x0000000261193000 	/System/Library/PrivateFrameworks/SiriTTS.framework/Versions/A/SiriTTS
0x00000001b4aac000 	/System/Library/Frameworks/NaturalLanguage.framework/Versions/A/NaturalLanguage
0x000000025fecd000 	/System/Library/PrivateFrameworks/SiriPowerInstrumentation.framework/Versions/A/SiriPowerInstrumentation
0x00000001b58d1000 	/System/Library/PrivateFrameworks/Trial.framework/Versions/A/Trial
0x00000001b5853000 	/System/Library/PrivateFrameworks/TrialProto.framework/Versions/A/TrialProto
0x0000000268c64000 	/System/Library/PrivateFrameworks/UnifiedAssetFramework.framework/Versions/A/UnifiedAssetFramework
0x00000001d0ce0000 	/usr/lib/swift/libswiftAVFoundation.dylib
0x00000001baf86000 	/usr/lib/swift/libswiftCoreMIDI.dylib
0x00000001cf20e000 	/usr/lib/swift/libswiftCoreMedia.dylib
0x00000001dfc0a000 	/usr/lib/swift/libswiftNaturalLanguage.dylib
0x0000000264a95000 	/System/Library/PrivateFrameworks/TailspinSymbolication.framework/Versions/A/TailspinSymbolication
0x000000023dd2e000 	/System/Library/PrivateFrameworks/Darwinup.framework/Versions/A/Darwinup
0x00000001c7ae5000 	/System/Library/PrivateFrameworks/SignpostSupport.framework/Versions/A/SignpostSupport
0x00000001b4975000 	/System/Library/PrivateFrameworks/FeatureFlagsSupport.framework/Versions/A/FeatureFlagsSupport
0x00000001c7248000 	/System/Library/PrivateFrameworks/ktrace.framework/Versions/A/ktrace
0x00000001c7d65000 	/System/Library/PrivateFrameworks/SampleAnalysis.framework/Versions/A/SampleAnalysis
0x00000001d05a6000 	/System/Library/PrivateFrameworks/kperfdata.framework/Versions/A/kperfdata
0x000000019fae6000 	/usr/lib/libdscsym.dylib
0x00000001d0a3e000 	/System/Library/PrivateFrameworks/BulkSymbolication.framework/Versions/A/BulkSymbolication
0x00000001a644b000 	/System/Library/PrivateFrameworks/Espresso.framework/Versions/A/Espresso
0x0000000195e72000 	/System/Library/Frameworks/CoreML.framework/Versions/A/CoreML
0x00000001ddee4000 	/usr/lib/libedit.3.dylib
0x00000001e9aba000 	/System/Library/PrivateFrameworks/ANECompiler.framework/Versions/A/ANECompiler
0x00000001a8431000 	/System/Library/PrivateFrameworks/AppleNeuralEngine.framework/Versions/A/AppleNeuralEngine
0x00000001efd59000 	/System/Library/Frameworks/MetalPerformanceShadersGraph.framework/Versions/A/MetalPerformanceShadersGraph
0x000000024ea2d000 	/System/Library/PrivateFrameworks/MLCompilerServices.framework/Versions/A/MLCompilerServices
0x00000001a7307000 	/System/Library/PrivateFrameworks/ANEServices.framework/Versions/A/ANEServices
0x00000001b9b00000 	/usr/lib/libncurses.5.4.dylib
0x000000018fee4000 	/usr/lib/libsandbox.1.dylib
0x000000019bb0e000 	/usr/lib/libMatch.1.dylib
0x000000024e9d1000 	/System/Library/PrivateFrameworks/MLCompilerRuntime.framework/Versions/A/MLCompilerRuntime
0x00000001998e4000 	/System/Library/Frameworks/MLCompute.framework/Versions/A/MLCompute
0x000000024e880000 	/System/Library/PrivateFrameworks/MLAssetIO.framework/Versions/A/MLAssetIO
0x00000002745cf000 	/usr/lib/swift/libswiftMLCompute.dylib
0x00000001a3702000 	/System/Library/PrivateFrameworks/AVFCore.framework/Versions/A/AVFCore
0x00000001ac4cf000 	/System/Library/PrivateFrameworks/AVFCapture.framework/Versions/A/AVFCapture
0x000000023811d000 	/System/Library/PrivateFrameworks/CMImaging.framework/Versions/A/CMImaging
0x00000001ac6e7000 	/System/Library/PrivateFrameworks/Quagga.framework/Versions/A/Quagga
0x00000001ac81a000 	/System/Library/PrivateFrameworks/CMCapture.framework/Versions/A/CMCapture
0x000000019e151000 	/System/Library/Frameworks/CoreMediaIO.framework/Versions/A/CoreMediaIO
0x0000000238053000 	/System/Library/PrivateFrameworks/CMCaptureDevice.framework/Versions/A/CMCaptureDevice
0x0000000238e43000 	/System/Library/PrivateFrameworks/CinematicFraming.framework/Versions/A/CinematicFraming
0x00000001b3a97000 	/System/Library/Frameworks/CoreMotion.framework/Versions/A/CoreMotion
0x00000001c27c1000 	/System/Library/PrivateFrameworks/TimeSync.framework/Versions/A/TimeSync
0x000000023e5b7000 	/System/Library/PrivateFrameworks/DistributedSensing.framework/Versions/A/DistributedSensing
0x00000001be690000 	/System/Library/PrivateFrameworks/MobileBluetooth.framework/Versions/A/MobileBluetooth
0x00000001c4283000 	/System/Library/PrivateFrameworks/IOKitten.framework/Versions/A/IOKitten
0x000000018e3b9000 	/System/Library/PrivateFrameworks/LanguageModeling.framework/Versions/A/LanguageModeling
0x0000000192f21000 	/System/Library/PrivateFrameworks/Montreal.framework/Versions/A/Montreal
0x000000019a211000 	/usr/lib/libcmph.dylib
0x000000024641b000 	/System/Library/PrivateFrameworks/GenerativeModelsFoundation.framework/Versions/A/GenerativeModelsFoundation
0x000000026702b000 	/System/Library/PrivateFrameworks/TokenGeneration.framework/Versions/A/TokenGeneration
0x00000002461f2000 	/System/Library/PrivateFrameworks/GenerativeFunctions.framework/Versions/A/GenerativeFunctions
0x0000000246243000 	/System/Library/PrivateFrameworks/GenerativeFunctionsFoundation.framework/Versions/A/GenerativeFunctionsFoundation
0x00000002517d4000 	/System/Library/PrivateFrameworks/ModelCatalog.framework/Versions/A/ModelCatalog
0x000000025b85b000 	/System/Library/PrivateFrameworks/SensitiveContentAnalysisML.framework/Versions/A/SensitiveContentAnalysisML
0x00000002462f2000 	/System/Library/PrivateFrameworks/GenerativeFunctionsInstrumentation.framework/Versions/A/GenerativeFunctionsInstrumentation
0x0000000259753000 	/System/Library/PrivateFrameworks/PromptKit.framework/Versions/A/PromptKit
0x000000025927d000 	/System/Library/PrivateFrameworks/ProactiveDaemonSupport.framework/Versions/A/ProactiveDaemonSupport
0x00000002671e3000 	/System/Library/PrivateFrameworks/TokenGenerationCore.framework/Versions/A/TokenGenerationCore
0x000000026a2db000 	/System/Library/PrivateFrameworks/VectorSearch.framework/Versions/A/VectorSearch
0x0000000251a99000 	/System/Library/PrivateFrameworks/ModelManagerServices.framework/Versions/A/ModelManagerServices
0x000000023585d000 	/System/Library/PrivateFrameworks/AppleFlatBuffers.framework/Versions/A/AppleFlatBuffers
0x00000001a5e7f000 	/System/Library/PrivateFrameworks/AppleAccount.framework/Versions/A/AppleAccount
0x00000001ae18a000 	/System/Library/PrivateFrameworks/ProactiveEventTracker.framework/Versions/A/ProactiveEventTracker
0x0000000232457000 	/System/Library/PrivateFrameworks/AAAFoundation.framework/Versions/A/AAAFoundation
0x000000019596f000 	/System/Library/PrivateFrameworks/ApplePushService.framework/Versions/A/ApplePushService
0x0000000199ce2000 	/System/Library/PrivateFrameworks/AuthKit.framework/Versions/A/AuthKit
0x0000000232473000 	/System/Library/PrivateFrameworks/AAAFoundationSwift.framework/Versions/A/AAAFoundationSwift
0x00000001a60d4000 	/System/Library/PrivateFrameworks/AppleIDSSOAuthentication.framework/Versions/A/AppleIDSSOAuthentication
0x00000001c1ab3000 	/usr/lib/swift/libswiftCompression.dylib
0x00000001ca139000 	/System/Library/PrivateFrameworks/DeviceIdentity.framework/Versions/A/DeviceIdentity
0x000000019e06f000 	/System/Library/PrivateFrameworks/MultiverseSupport.framework/Versions/A/MultiverseSupport
0x00000001a2ccf000 	/System/Library/PrivateFrameworks/DiskManagement.framework/Versions/A/DiskManagement
0x00000001a2bdb000 	/System/Library/PrivateFrameworks/AppleIDAuthSupport.framework/Versions/A/AppleIDAuthSupport
0x000000019e56d000 	/System/Library/PrivateFrameworks/KeychainCircle.framework/Versions/A/KeychainCircle
0x00000001ae79d000 	/System/Library/PrivateFrameworks/URLFormatting.framework/Versions/A/URLFormatting
0x00000001a5a18000 	/usr/lib/libcsfde.dylib
0x000000019bb16000 	/usr/lib/libCoreStorage.dylib
0x000000019f92c000 	/System/Library/PrivateFrameworks/ProtectedCloudStorage.framework/Versions/A/ProtectedCloudStorage
0x00000001a5a13000 	/System/Library/PrivateFrameworks/EFILogin.framework/Versions/A/EFILogin
0x00000001ada45000 	/System/Library/PrivateFrameworks/CloudServices.framework/Versions/A/CloudServices
0x00000001a2fe8000 	/System/Library/PrivateFrameworks/OctagonTrust.framework/Versions/A/OctagonTrust
0x000000025b9e6000 	/System/Library/PrivateFrameworks/SentencePieceInternal.framework/Versions/A/SentencePieceInternal
0x00000001a1f67000 	/System/Library/Frameworks/Vision.framework/Versions/A/Vision
0x000000023d782000 	/System/Library/PrivateFrameworks/CoreSceneUnderstanding.framework/Versions/A/CoreSceneUnderstanding
0x000000026ae66000 	/System/Library/PrivateFrameworks/VisionCore.framework/Versions/A/VisionCore
0x00000001bd681000 	/System/Library/Frameworks/Vision.framework/libfaceCore.dylib
0x00000001be17b000 	/System/Library/PrivateFrameworks/Futhark.framework/Versions/A/Futhark
0x00000001c187b000 	/System/Library/PrivateFrameworks/InertiaCam.framework/Versions/A/InertiaCam
0x00000001bdf2e000 	/System/Library/PrivateFrameworks/TextRecognition.framework/Versions/A/TextRecognition
0x000000019b9ac000 	/System/Library/PrivateFrameworks/CVNLP.framework/Versions/A/CVNLP
0x0000000244f74000 	/System/Library/PrivateFrameworks/GRDBInternal.framework/Versions/A/GRDBInternal
0x00000001baf70000 	/usr/lib/swift/libswiftCoreLocation.dylib
0x000000019f46c000 	/System/Library/PrivateFrameworks/Sharing.framework/Versions/A/Sharing
0x00000001a53d7000 	/System/Library/PrivateFrameworks/Apple80211.framework/Versions/A/Apple80211
0x000000019929e000 	/System/Library/Frameworks/CoreWLAN.framework/Versions/A/CoreWLAN
0x00000001b4099000 	/System/Library/PrivateFrameworks/FindMyDevice.framework/Versions/A/FindMyDevice
0x00000001a9baa000 	/System/Library/PrivateFrameworks/FMCoreLite.framework/Versions/A/FMCoreLite
0x0000000191803000 	/System/Library/PrivateFrameworks/CoreDuet.framework/Versions/A/CoreDuet
0x00000001a4d31000 	/System/Library/PrivateFrameworks/CoreDuetContext.framework/Versions/A/CoreDuetContext
0x00000001959d7000 	/System/Library/Frameworks/CloudKit.framework/Versions/A/CloudKit
0x00000001a4d87000 	/System/Library/Frameworks/Intents.framework/Versions/A/Intents
0x00000001a74af000 	/System/Library/PrivateFrameworks/CoreDuetDaemonProtocol.framework/Versions/A/CoreDuetDaemonProtocol
0x00000001f258d000 	/System/Library/Frameworks/SharedWithYouCore.framework/Versions/A/SharedWithYouCore
0x00000001a63a5000 	/System/Library/PrivateFrameworks/C2.framework/Versions/A/C2
0x00000002391f1000 	/System/Library/PrivateFrameworks/CloudAssets.framework/Versions/A/CloudAssets
0x00000001a639c000 	/System/Library/Frameworks/PushKit.framework/Versions/A/PushKit
0x00000001a819f000 	/System/Library/PrivateFrameworks/RTCReporting.framework/Versions/A/RTCReporting
0x00000001a638b000 	/System/Library/PrivateFrameworks/IntentsFoundation.framework/Versions/A/IntentsFoundation
0x000000019ed94000 	/System/Library/Frameworks/NetworkExtension.framework/Versions/A/NetworkExtension
0x00000001b9681000 	/System/Library/PrivateFrameworks/CaptiveNetwork.framework/Versions/A/CaptiveNetwork
0x00000001a5924000 	/System/Library/PrivateFrameworks/EAP8021X.framework/Versions/A/EAP8021X
0x00000001c7d31000 	/System/Library/PrivateFrameworks/UIKitServices.framework/Versions/A/UIKitServices
0x0000000136f74000 	/System/Library/Extensions/AGXMetalG14G.bundle/Contents/MacOS/AGXMetalG14G
0x00000001ada92000 	/System/Library/PrivateFrameworks/IOGPU.framework/Versions/A/IOGPU
0x0000000133e04000 	/Library/Java/JavaVirtualMachines/zulu-25.jdk/Contents/Home/lib/libosxui.dylib
0x0000000265050000 	/System/Library/PrivateFrameworks/TextInputUI.framework/Versions/A/TextInputUI
0x0000000265074000 	/System/Library/PrivateFrameworks/TextInputUIMacHelper.framework/Versions/A/TextInputUIMacHelper
0x000000025ae7a000 	/System/Library/PrivateFrameworks/Sage.framework/Versions/A/Sage
0x0000000135d94000 	/private/var/folders/9t/cxbxd1216db1g5brjglfds9r0000gn/T/lwjgl_gottfrid.nordstrom@live.vasteras.se/3.3.6-snapshot/arm64/liblwjgl.dylib
0x0000000135f00000 	/private/var/folders/9t/cxbxd1216db1g5brjglfds9r0000gn/T/lwjgl_gottfrid.nordstrom@live.vasteras.se/3.3.6-snapshot/arm64/libglfw_async.dylib
0x00000001ec638000 	/System/Library/Frameworks/OpenGL.framework/Versions/A/Resources/GLEngine.bundle/GLEngine
0x00000001ec4dd000 	/System/Library/Frameworks/OpenGL.framework/Versions/A/Libraries/libGLProgrammability.dylib
0x0000000135f4c000 	/System/Library/Extensions/AppleMetalOpenGLRenderer.bundle/Contents/MacOS/AppleMetalOpenGLRenderer
0x00000001ec799000 	/System/Library/Frameworks/OpenGL.framework/Versions/A/Resources/GLRendererFloat.bundle/GLRendererFloat
0x000000014257c000 	/private/var/folders/9t/cxbxd1216db1g5brjglfds9r0000gn/T/lwjgl_gottfrid.nordstrom@live.vasteras.se/3.3.6-snapshot/arm64/libjemalloc.dylib
0x000000013797c000 	/private/var/folders/9t/cxbxd1216db1g5brjglfds9r0000gn/T/lwjgl_gottfrid.nordstrom@live.vasteras.se/3.3.6-snapshot/arm64/liblwjgl_opengl.dylib
0x0000000347448000 	/private/var/folders/9t/cxbxd1216db1g5brjglfds9r0000gn/T/lwjgl_gottfrid.nordstrom@live.vasteras.se/3.3.6-snapshot/arm64/libopenal.dylib
0x0000000140810000 	/private/var/folders/9t/cxbxd1216db1g5brjglfds9r0000gn/T/libjcocoa17558906979448058616.dylib
0x00000001c2e60000 	/System/Library/PrivateFrameworks/TextToSpeech.framework/Versions/A/TextToSpeech
0x00000001c822d000 	/System/Library/PrivateFrameworks/AXAssetLoader.framework/Versions/A/AXAssetLoader
0x00000001c8ce2000 	/System/Library/PrivateFrameworks/UniversalAccess.framework/Versions/A/Frameworks/UniversalAccessCore.framework/Versions/A/UniversalAccessCore
0x0000000268e6b000 	/System/Library/PrivateFrameworks/UniversalControl.framework/Versions/A/UniversalControl
0x00000001a62c6000 	/usr/lib/libScreenReader.dylib
0x00000001c7238000 	/System/Library/PrivateFrameworks/AccessibilitySupport.framework/Versions/A/AccessibilitySupport
0x00000001b42f0000 	/System/Library/PrivateFrameworks/AccessibilitySharedSupport.framework/Versions/A/AccessibilitySharedSupport
0x00000001d0a16000 	/System/Library/PrivateFrameworks/AccessibilitySupport.framework/Versions/A/Frameworks/AccessibilityEvents.framework/Versions/A/AccessibilityEvents
0x00000001c7ebb000 	/System/Library/PrivateFrameworks/AccessibilitySupport.framework/Versions/A/Frameworks/AccessibilityFoundation.framework/Versions/A/AccessibilityFoundation
0x00000001d0951000 	/System/Library/PrivateFrameworks/AccessibilitySupport.framework/Versions/A/Frameworks/AccessibilityKit.framework/Versions/A/AccessibilityKit
0x00000001d09b1000 	/System/Library/PrivateFrameworks/AccessibilitySupport.framework/Versions/A/Frameworks/AccessibilityVisuals.framework/Versions/A/AccessibilityVisuals
0x00000001a3d67000 	/System/Library/PrivateFrameworks/BatteryUIKit.framework/Versions/A/BatteryUIKit
0x0000000233cda000 	/System/Library/PrivateFrameworks/AccessibilityUtilities.framework/Versions/A/AccessibilityUtilities
0x00000001d46ce000 	/System/Library/PrivateFrameworks/AXRuntime.framework/Versions/A/AXRuntime
0x000000033be84000 	/System/Library/Components/CoreAudio.component/Contents/MacOS/CoreAudio

JVMTI agents: none


VM Arguments:
jvm_args: -Duser.language=en -Dfile.encoding=UTF-8 -Xms512m -Xmx10240m -Djava.library.path=/Users/gottfrid.nordstrom@live.vasteras.se/Library/Application Support/PrismLauncher/instances/Emergent-Engineering/natives 
java_command: org.prismlauncher.EntryPoint
java_class_path (initial): /Applications/Prism Launcher.app/Contents/MacOS/jars/NewLaunch.jar:/Users/gottfrid.nordstrom@live.vasteras.se/Library/Application Support/PrismLauncher/libraries/org/lwjgl/lwjgl-glfw/3.3.6/lwjgl-glfw-3.3.6.jar:/Users/gottfrid.nordstrom@live.vasteras.se/Library/Application Support/PrismLauncher/libraries/org/lwjgl/lwjgl-jemalloc/3.3.6/lwjgl-jemalloc-3.3.6.jar:/Users/gottfrid.nordstrom@live.vasteras.se/Library/Application Support/PrismLauncher/libraries/org/lwjgl/lwjgl-openal/3.3.6/lwjgl-openal-3.3.6.jar:/Users/gottfrid.nordstrom@live.vasteras.se/Library/Application Support/PrismLauncher/libraries/org/lwjgl/lwjgl-opengl/3.3.6/lwjgl-opengl-3.3.6.jar:/Users/gottfrid.nordstrom@live.vasteras.se/Library/Application Support/PrismLauncher/libraries/org/lwjgl/lwjgl-stb/3.3.6/lwjgl-stb-3.3.6.jar:/Users/gottfrid.nordstrom@live.vasteras.se/Library/Application Support/PrismLauncher/libraries/org/lwjgl/lwjgl-tinyfd/3.3.6/lwjgl-tinyfd-3.3.6.jar:/Users/gottfrid.nordstrom@live.vasteras.se/Library/Application Support/PrismLauncher/libraries/org/lwjgl/lwjgl/3.3.6/lwjgl-3.3.6.jar:/Users/gottfrid.nordstrom@live.vasteras.se/Library/Application Support/PrismLauncher/libraries/org/lwjgl/lwjgl-glfw/3.3.6/lwjgl-glfw-3.3.6-natives-macos-arm64.jar:/Users/gottfrid.nordstrom@live.vasteras.se/Library/Application Support/PrismLauncher/libraries/org/lwjgl/lwjgl-jemalloc/3.3.6/lwjgl-jemalloc-3.3.6-natives-macos-arm64.jar:/Users/gottfrid.nordstrom@live.vasteras.se/Library/Application Support/PrismLauncher/libraries/org/lwjgl/lwjgl-openal/3.3.6/lwjgl-openal-3.3.6-natives-macos-arm64.jar:/Users/gottfrid.nordstrom@live.vasteras.se/Library/Application Support/PrismLauncher/libraries/org/lwjgl/lwjgl-opengl/3.3.6/lwjgl-opengl-3.3.6-natives-macos-arm64.jar:/Users/gottfrid.nordstrom@live.vasteras.se/Library/Application Support/PrismLauncher/libraries/org/lwjgl/lwjgl-stb/3.3.6/lwjgl-stb-3.3.6-natives-macos-arm64.jar:/Users/gottfrid.nordstrom@live.vasteras.se/Library/Application Support/PrismLauncher/libraries/org/lwjgl/lwjgl-tinyfd/3.3.6/lwjgl-tinyfd-3.3.6-natives-macos-arm64.jar:/Users/gottfrid.nordstrom@live.vasteras.se/Library/Application Support/PrismLauncher/libraries/org/lwjgl/lwjgl/3.3.6/lwjgl-3.3.6-natives-macos-arm64.jar:/Users/gottfrid.nordstrom@live.vasteras.se/Library/Application Support/PrismLauncher/libraries/com/paulscode/codecjorbis/20101023/codecjorbis-20101023.jar:/Users/gottfrid.nordstrom@live.vasteras.se/Library/Application Support/PrismLauncher/libraries/com/paulscode/codecwav/20101023/codecwav-20101023.jar:/Users/gottfrid.nordstrom@live.vasteras.se/Library/Application Support/PrismLauncher/libraries/com/paulscode/libraryjavasound/20101123/libraryjavasound-20101123.jar:/Users/gottfrid.nordstrom@live.vasteras.se/Library/Application Support/PrismLauncher/libraries/com/paulscode/librarylwjglopenal/20100824/librarylwjglopenal-20100824.jar:/Users/gottfrid.nordstrom@live.vasteras.se/Library/Application Support/PrismLauncher/libraries/com/paulscode/soundsystem/20120107/soundsystem-20120107.jar:/Users/gottfrid.nordstrom@live.vasteras.se/Library/Application Support/PrismLauncher/libraries/com/mojang/authlib/1.5.25/authlib-1.5.25.jar:/Users/gottfrid.nordstrom@live.vasteras.se/Library/Application Support/PrismLauncher/libraries/com/mojang/realms/1.10.22/realms-1.10.22.jar:/Users/gottfrid.nordstrom@live.vasteras.se/Library/Application Support/PrismLauncher/libraries/com/mojang/text2speech/1.11.3/text2speech-1.11.3.jar:/Users/gottfrid.nordstrom@live.vasteras.se/Library/Application Support/PrismLauncher/libraries/ca/weblite/java-objc-bridge/1.1.0-mmachina.1/java-objc-bridge-1.1.0-mmachina.1.jar:/Users/gottfrid.nordstrom@live.vasteras.se/Library/Application Support/PrismLauncher/libraries/com/cleanroommc/cleanroom/0.5.8-alpha/cleanroom-0.5.8-alpha.jar:/Users/gottfrid.nordstrom@live.vasteras.se/Library/Application Support/PrismLauncher/libraries/com/cleanroommc/lwjglxx/1.1.17/lwjglxx-1.1.17.jar:/Users/gottfrid.nordstrom@live.vasteras.se/Library/Application Support/PrismLauncher/libraries/org/ow2/asm/asm/9.9.1/asm-9.9.1.jar:/Users/gottfrid.nordstrom@live.vasteras.se/Library/Application Support/PrismLauncher/libraries/org/ow2/asm/asm-commons/9.9.1/asm-commons-9.9.1.jar:/Users/gottfrid.nordstrom@live.vasteras.se/Library/Application Support/PrismLauncher/libraries/org/ow2/asm/asm-tree/9.9.1/asm-tree-9.9.1.jar:/Users/gottfrid.nordstrom@live.vasteras.se/Library/Application Support/PrismLauncher/libraries/org/ow2/asm/asm-util/9.9.1/asm-util-9.9.1.jar:/Users/gottfrid.nordstrom@live.vasteras.se/Library/Application Support/PrismLauncher/libraries/org/ow2/asm/asm-analysis/9.9.1/asm-analysis-9.9.1.jar:/Users/gottfrid.nordstrom@live.vasteras.se/Library/Application Support/PrismLauncher/libraries/org/ow2/asm/asm-deprecated/7.1/asm-deprecated-7.1.jar:/Users/gottfrid.nordstrom@live.vasteras.se/Library/Application Support/PrismLauncher/libraries/top/outlands/foundation/0.19.7/foundation-0.19.7.jar:/Users/gottfrid.nordstrom@live.vasteras.se/Library/Application Support/PrismLauncher/libraries/net/lenni0451/Reflect/1.6.3/Reflect-1.6.3.jar:/Users/gottfrid.nordstrom@live.vasteras.se/Library/Application Support/PrismLauncher/libraries/net/lenni0451/commons/unchecked/1.9.2/unchecked-1.9.2.jar:/Users/gottfrid.nordstrom@live.vasteras.se/Library/Application Support/PrismLauncher/libraries/org/javassist/javassist/3.30.2-GA/javassist-3.30.2-GA.jar:/Users/gottfrid.nordstrom@live.vasteras.se/Library/Application Support/PrismLauncher/libraries/com/ibm/icu/icu4j/78.3/icu4j-78.3.jar:/Users/gottfrid.nordstrom@live.vasteras.se/Library/Application Support/PrismLauncher/libraries/org/jline/jline/4.0.10/jline-4.0.10.jar:/Users/gottfrid.nordstrom@live.vasteras.se/Library/Application Support/PrismLauncher/libraries/org/jline/jline-native/4.0.10/jline-native-4.0.10.jar:/Users/gottfrid.nordstrom@live.vasteras.se/Library/Application Support/PrismLauncher/libraries/net/java/jinput/jinput/2.0.10/jinput-2.0.10.jar:/Users/gottfrid.nordstrom@live.vasteras.se/Library/Application Support/PrismLauncher/libraries/lzma/lzma/0.0.1/lzma-0.0.1.jar:/Users/gottfrid.nordstrom@live.vasteras.se/Library/Application Support/PrismLauncher/libraries/java3d/vecmath/1.5.2/vecmath-1.5.2.jar:/Users/gottfrid.nordstrom@live.vasteras.se/Library/Application Support/PrismLauncher/libraries/net/sf/trove4j/core/3.1.0/core-3.1.0.jar:/Users/gottfrid.nordstrom@live.vasteras.se/Library/Application Support/PrismLauncher/libraries/net/sf/trove4j/experimental/3.1.0/experimental-3.1.0.jar:/Users/gottfrid.nordstrom@live.vasteras.se/Library/Application Support/PrismLauncher/libraries/net/sf/jopt-simple/jopt-simple/5.0.4/jopt-simple-5.0.4.jar:/Users/gottfrid.nordstrom@live.vasteras.se/Library/Application Support/PrismLauncher/libraries/com/github/oshi/oshi-core/6.11.0/oshi-core-6.11.0.jar:/Users/gottfrid.nordstrom@live.vasteras.se/Library/Application Support/PrismLauncher/libraries/net/java/dev/jna/jna/5.18.1/jna-5.18.1.jar:/Users/gottfrid.nordstrom@live.vasteras.se/Library/Application Support/PrismLauncher/libraries/net/java/dev/jna/jna-platform/5.18.1/jna-platform-5.18.1.jar:/Users/gottfrid.nordstrom@live.vasteras.se/Library/Application Support/PrismLauncher/libraries/it/unimi/dsi/fastutil/8.5.18/fastutil-8.5.18.jar:/Users/gottfrid.nordstrom@live.vasteras.se/Library/Application Support/PrismLauncher/libraries/com/google/guava/guava/33.5.0-jre/guava-33.5.0-jre.jar:/Users/gottfrid.nordstrom@live.vasteras.se/Library/Application Support/PrismLauncher/libraries/com/google/guava/failureaccess/1.0.2/failureaccess-1.0.2.jar:/Users/gottfrid.nordstrom@live.vasteras.se/Library/Application Support/PrismLauncher/libraries/com/google/code/gson/gson/2.13.2/gson-2.13.2.jar:/Users/gottfrid.nordstrom@live.vasteras.se/Library/Application Support/PrismLauncher/libraries/org/apache/commons/commons-lang3/3.20.0/commons-lang3-3.20.0.jar:/Users/gottfrid.nordstrom@live.vasteras.se/Library/Application Support/PrismLauncher/libraries/org/apache/commons/commons-compress/1.28.0/commons-compress-1.28.0.jar:/Users/gottfrid.nordstrom@live.vasteras.se/Library/Application Support/PrismLauncher/libraries/commons-codec/commons-codec/1.20.0/commons-codec-1.20.0.jar:/Users/gottfrid.nordstrom@live.vasteras.se/Library/Application Support/PrismLauncher/libraries/commons-io/commons-io/2.21.0/commons-io-2.21.0.jar:/Users/gottfrid.nordstrom@live.vasteras.se/Library/Application Support/PrismLauncher/libraries/commons-logging/commons-logging/1.3.6/commons-logging-1.3.6.jar:/Users/gottfrid.nordstrom@live.vasteras.se/Library/Application Support/PrismLauncher/libraries/org/apache/maven/maven-artifact/3.9.14/maven-artifact-3.9.14.jar:/Users/gottfrid.nordstrom@live.vasteras.se/Library/Application Support/PrismLauncher/libraries/com/google/code/findbugs/jsr305/3.0.2/jsr305-3.0.2.jar:/Users/gottfrid.nordstrom@live.vasteras.se/Library/Application Support/PrismLauncher/libraries/org/jspecify/jspecify/1.0.0/jspecify-1.0.0.jar:/Users/gottfrid.nordstrom@live.vasteras.se/Library/Application Support/PrismLauncher/libraries/org/apache/httpcomponents/core5/httpcore5/5.4.2/httpcore5-5.4.2.jar:/Users/gottfrid.nordstrom@live.vasteras.se/Library/Application Support/PrismLauncher/libraries/org/apache/httpcomponents/core5/httpcore5-h2/5.4.2/httpcore5-h2-5.4.2.jar:/Users/gottfrid.nordstrom@live.vasteras.se/Library/Application Support/PrismLauncher/libraries/org/apache/httpcomponents/client5/httpclient5/5.6/httpclient5-5.6.jar:/Users/gottfrid.nordstrom@live.vasteras.se/Library/Application Support/PrismLauncher/libraries/org/apache/httpcomponents/httpclient/4.5.14/httpclient-4.5.14.jar:/Users/gottfrid.nordstrom@live.vasteras.se/Library/Application Support/PrismLauncher/libraries/org/apache/httpcomponents/httpcore/4.4.16/httpcore-4.4.16.jar:/Users/gottfrid.nordstrom@live.vasteras.se/Library/Application Support/PrismLauncher/libraries/io/netty/netty-codec-base/4.2.12.Final/netty-codec-base-4.2.12.Final.jar:/Users/gottfrid.nordstrom@live.vasteras.se/Library/Application Support/PrismLauncher/libraries/io/netty/netty-buffer/4.2.12.Final/netty-buffer-4.2.12.Final.jar:/Users/gottfrid.nordstrom@live.vasteras.se/Library/Application Support/PrismLauncher/libraries/io/netty/netty-common/4.2.12.Final/netty-common-4.2.12.Final.jar:/Users/gottfrid.nordstrom@live.vasteras.se/Library/Application Support/PrismLauncher/libraries/io/netty/netty-handler/4.2.12.Final/netty-handler-4.2.12.Final.jar:/Users/gottfrid.nordstrom@live.vasteras.se/Library/Application Support/PrismLauncher/libraries/io/netty/netty-resolver/4.2.12.Final/netty-resolver-4.2.12.Final.jar:/Users/gottfrid.nordstrom@live.vasteras.se/Library/Application Support/PrismLauncher/libraries/io/netty/netty-transport/4.2.12.Final/netty-transport-4.2.12.Final.jar:/Users/gottfrid.nordstrom@live.vasteras.se/Library/Application Support/PrismLauncher/libraries/io/netty/netty-transport-native-unix-common/4.2.12.Final-linux-x86_64/netty-transport-native-unix-common-4.2.12.Final-linux-x86_64.jar:/Users/gottfrid.nordstrom@live.vasteras.se/Library/Application Support/PrismLauncher/libraries/io/netty/netty-transport-classes-epoll/4.2.12.Final/netty-transport-classes-epoll-4.2.12.Final.jar:/Users/gottfrid.nordstrom@live.vasteras.se/Library/Application Support/PrismLauncher/libraries/io/netty/netty-transport-native-epoll/4.2.12.Final-linux-x86_64/netty-transport-native-epoll-4.2.12.Final-linux-x86_64.jar:/Users/gottfrid.nordstrom@live.vasteras.se/Library/Application Support/PrismLauncher/libraries/io/netty/netty-codec-http/4.2.12.Final/netty-codec-http-4.2.12.Final.jar:/Users/gottfrid.nordstrom@live.vasteras.se/Library/Application Support/PrismLauncher/libraries/io/netty/netty-codec-http2/4.2.12.Final/netty-codec-http2-4.2.12.Final.jar:/Users/gottfrid.nordstrom@live.vasteras.se/Library/Application Support/PrismLauncher/libraries/io/netty/netty-codec-dns/4.2.12.Final/netty-codec-dns-4.2.12.Final.jar:/Users/gottfrid.nordstrom@live.vasteras.se/Library/Application Support/PrismLauncher/libraries/io/netty/netty-codec-compression/4.2.12.Final/netty-codec-compression-4.2.12.Final.jar:/Users/gottfrid.nordstrom@live.vasteras.se/Library/Application Support/PrismLauncher/libraries/io/netty/netty-resolver-dns/4.2.12.Final/netty-resolver-dns-4.2.12.Final.jar:/Users/gottfrid.nordstrom@live.vasteras.se/Library/Application Support/PrismLauncher/libraries/jakarta/xml/ws/jakarta.xml.ws-api/4.0.2/jakarta.xml.ws-api-4.0.2.jar:/Users/gottfrid.nordstrom@live.vasteras.se/Library/Application Support/PrismLauncher/libraries/jakarta/activation/jakarta.activation-api/2.1.4/jakarta.activation-api-2.1.4.jar:/Users/gottfrid.nordstrom@live.vasteras.se/Library/Application Support/PrismLauncher/libraries/jakarta/annotation/jakarta.annotation-api/3.0.0/jakarta.annotation-api-3.0.0.jar:/Users/gottfrid.nordstrom@live.vasteras.se/Library/Application Support/PrismLauncher/libraries/jakarta/xml/bind/jakarta.xml.bind-api/4.0.4/jakarta.xml.bind-api-4.0.4.jar:/Users/gottfrid.nordstrom@live.vasteras.se/Library/Application Support/PrismLauncher/libraries/jakarta/inject/jakarta.inject-api/2.0.1/jakarta.inject-api-2.0.1.jar:/Users/gottfrid.nordstrom@live.vasteras.se/Library/Application Support/PrismLauncher/libraries/org/apache/logging/log4j/log4j-api/2.25.4/log4j-api-2.25.4.jar:/Users/gottfrid.nordstrom@live.vasteras.se/Library/Application Support/PrismLauncher/libraries/org/apache/logging/log4j/log4j-core/2.25.4/log4j-core-2.25.4.jar:/Users/gottfrid.nordstrom@live.vasteras.se/Library/Application Support/PrismLauncher/libraries/org/apache/logging/log4j/log4j-slf4j2-impl/2.25.4/log4j-slf4j2-impl-2.25.4.jar:/Users/gottfrid.nordstrom@live.vasteras.se/Library/Application Support/PrismLauncher/libraries/org/slf4j/slf4j-api/2.0.17/slf4j-api-2.0.17.jar:/Users/gottfrid.nordstrom@live.vasteras.se/Library/Application Support/PrismLauncher/libraries/org/glassfish/jaxb/jaxb-runtime/4.0.6/jaxb-runtime-4.0.6.jar:/Users/gottfrid.nordstrom@live.vasteras.se/Library/Application Support/PrismLauncher/libraries/org/glassfish/jaxb/jaxb-core/4.0.6/jaxb-core-4.0.6.jar:/Users/gottfrid.nordstrom@live.vasteras.se/Library/Application Support/PrismLauncher/libraries/com/sun/istack/istack-commons-runtime/4.2.0/istack-commons-runtime-4.2.0.jar:/Users/gottfrid.nordstrom@live.vasteras.se/Library/Application Support/PrismLauncher/libraries/org/glassfish/corba/glassfish-corba-omgapi/5.0.0/glassfish-corba-omgapi-5.0.0.jar:/Users/gottfrid.nordstrom@live.vasteras.se/Library/Application Support/PrismLauncher/libraries/org/openjdk/nashorn/nashorn-core/15.7/nashorn-core-15.7.jar:/Users/gottfrid.nordstrom@live.vasteras.se/Library/Application Support/PrismLauncher/libraries/org/joml/joml/1.10.8/joml-1.10.8.jar:/Users/gottfrid.nordstrom@live.vasteras.se/Library/Application Support/PrismLauncher/libraries/io/github/classgraph/classgraph/4.8.184/classgraph-4.8.184.jar:/Users/gottfrid.nordstrom@live.vasteras.se/Library/Application Support/PrismLauncher/libraries/com/cleanroommc/sponge-mixin/0.20.12+mixin.0.8.7/sponge-mixin-0.20.12+mixin.0.8.7.jar:/Users/gottfrid.nordstrom@live.vasteras.se/Library/Application Support/PrismLauncher/libraries/io/github/llamalad7/mixinextras-common/0.5.3/mixinextras-common-0.5.3.jar:/Users/gottfrid.nordstrom@live.vasteras.se/Library/Application Support/PrismLauncher/libraries/com/mojang/minecraft/1.12.2/minecraft-1.12.2-client.jar
Launcher Type: SUN_STANDARD

[Global flags]
     intx CICompilerCount                          = 4                                         {product} {ergonomic}
     uint ConcGCThreads                            = 2                                         {product} {ergonomic}
     uint G1ConcRefinementThreads                  = 8                                         {product} {ergonomic}
   size_t G1HeapRegionSize                         = 8388608                                   {product} {ergonomic}
   size_t InitialHeapSize                          = 536870912                                 {product} {command line}
   size_t MarkStackSize                            = 4194304                                   {product} {ergonomic}
   size_t MarkStackSizeMax                         = 536870912                                 {product} {ergonomic}
   size_t MaxHeapSize                              = 10737418240                               {product} {command line}
   size_t MaxNewSize                               = 6442450944                                {product} {ergonomic}
   size_t MinHeapDeltaBytes                        = 8388608                                   {product} {ergonomic}
   size_t MinHeapSize                              = 536870912                                 {product} {command line}
    uintx NonNMethodCodeHeapSize                   = 5832704                                {pd product} {ergonomic}
    uintx NonProfiledCodeHeapSize                  = 122929152                              {pd product} {ergonomic}
    uintx ProfiledCodeHeapSize                     = 122896384                              {pd product} {ergonomic}
    uintx ReservedCodeCacheSize                    = 251658240                              {pd product} {ergonomic}
     bool SegmentedCodeCache                       = true                                      {product} {ergonomic}
   size_t SoftMaxHeapSize                          = 10737418240                            {manageable} {ergonomic}
     bool UseCompressedOops                        = true                           {product lp64_product} {ergonomic}
     bool UseG1GC                                  = true                                      {product} {ergonomic}
     bool UseNUMA                                  = false                                     {product} {ergonomic}
     bool UseNUMAInterleaving                      = false                                     {product} {ergonomic}

Logging:
Log output configuration:
 #0: stdout all=warning uptime,level,tags foldmultilines=false
 #1: stderr all=off uptime,level,tags foldmultilines=false

Release file:
IMPLEMENTOR="Azul Systems, Inc."
IMPLEMENTOR_VERSION="Zulu25.32+21-CA"
JAVA_RUNTIME_VERSION="25.0.2+10-LTS"
JAVA_VERSION="25.0.2"
JAVA_VERSION_DATE="2026-01-20"
LIBC="default"
MODULES="java.base com.azul.tooling java.logging java.management java.security.sasl java.naming jdk.jfr com.azul.crs.client java.compiler java.datatransfer java.xml java.prefs java.desktop java.instrument java.rmi java.management.rmi java.net.http java.scripting java.security.jgss java.transaction.xa java.sql java.sql.rowset java.xml.crypto java.se java.smartcardio jdk.accessibility jdk.internal.jvmstat jdk.attach jdk.charsets jdk.internal.opt jdk.zipfs jdk.compiler jdk.crypto.cryptoki jdk.crypto.ec jdk.dynalink jdk.internal.ed jdk.editpad jdk.internal.vm.ci jdk.graal.compiler jdk.graal.compiler.management jdk.hotspot.agent jdk.httpserver jdk.incubator.vector jdk.internal.le jdk.internal.md jdk.jartool jdk.javadoc jdk.jcmd jdk.management jdk.management.agent jdk.jconsole jdk.jdeps jdk.jdwp.agent jdk.jdi jdk.jlink jdk.jpackage jdk.jshell jdk.jsobject jdk.jstatd jdk.localedata jdk.management.jfr jdk.naming.dns jdk.naming.rmi jdk.net jdk.nio.mapmode jdk.sctp jdk.security.auth jdk.security.jgss jdk.unsupported jdk.unsupported.desktop jdk.xml.dom"
OS_ARCH="aarch64"
OS_NAME="Darwin"
SOURCE=".:git:01de820c8b9e"

Environment Variables:
PATH=/usr/bin:/bin:/usr/sbin:/sbin
SHELL=/bin/zsh
TMPDIR=/var/folders/9t/cxbxd1216db1g5brjglfds9r0000gn/T/

Active Locale:
LC_ALL=C
LC_COLLATE=C
LC_CTYPE=C
LC_MESSAGES=C
LC_MONETARY=C
LC_NUMERIC=C
LC_TIME=C

Signal Handlers:
   SIGSEGV: crash_handler in libjvm.dylib, mask=11100110000111110111111111111111, flags=SA_ONSTACK|SA_RESTART|SA_SIGINFO, unblocked
    SIGBUS: crash_handler in libjvm.dylib, mask=11100110000111110111111111111111, flags=SA_RESTART|SA_SIGINFO, unblocked
    SIGFPE: crash_handler in libjvm.dylib, mask=11100110000111110111111111111111, flags=SA_RESTART|SA_SIGINFO, unblocked
   SIGPIPE: javaSignalHandler in libjvm.dylib, mask=11100110000111110111111111111111, flags=SA_RESTART|SA_SIGINFO, blocked
   SIGXFSZ: javaSignalHandler in libjvm.dylib, mask=11100110000111110111111111111111, flags=SA_RESTART|SA_SIGINFO, blocked
    SIGILL: crash_handler in libjvm.dylib, mask=11100110000111110111111111111111, flags=SA_RESTART|SA_SIGINFO, unblocked
   SIGUSR2: SR_handler in libjvm.dylib, mask=00000000000000000000000000000000, flags=SA_RESTART|SA_SIGINFO, blocked
    SIGHUP: UserHandler in libjvm.dylib, mask=11100110000111110111111111111111, flags=SA_RESTART|SA_SIGINFO, blocked
    SIGINT: UserHandler in libjvm.dylib, mask=11100110000111110111111111111111, flags=SA_RESTART|SA_SIGINFO, blocked
   SIGTERM: UserHandler in libjvm.dylib, mask=11100110000111110111111111111111, flags=SA_RESTART|SA_SIGINFO, blocked
   SIGQUIT: UserHandler in libjvm.dylib, mask=11100110000111110111111111111111, flags=SA_RESTART|SA_SIGINFO, blocked
   SIGTRAP: crash_handler in libjvm.dylib, mask=11100110000111110111111111111111, flags=SA_RESTART|SA_SIGINFO, unblocked


Compilation memory statistics disabled.

Periodic native trim disabled

---------------  S Y S T E M  ---------------

OS:
uname: Darwin 24.6.0 Darwin Kernel Version 24.6.0: Wed Nov  5 21:33:59 PST 2025; root:xnu-11417.140.69.705.2~1/RELEASE_ARM64_T8112 arm64
OS uptime: 37 days 10:08 hours
rlimit (soft/hard): STACK 8176k/65520k , CORE 0k/infinity , NPROC 2666/4000 , NOFILE 1048576/infinity , AS infinity/infinity , CPU infinity/infinity , DATA infinity/infinity , FSIZE infinity/infinity , MEMLOCK infinity/infinity , RSS infinity/infinity
load average: 4.16 3.96 4.10

CPU: total 8 (initial active 8) 0x61:0x0:0xda33d83d:0, fp, asimd, aes, pmull, sha1, sha256, crc32, lse, sha3, sha512
machdep.cpu.brand_string:Apple M2
hw.cachelinesize:128
hw.l1icachesize:131072
hw.l1dcachesize:65536
hw.l2cachesize:4194304

Memory: 16k page, physical 16777216k(132208k free), swap 22020096k(503232k free)

vm_info: OpenJDK 64-Bit Server VM (25.0.2+10-LTS) for bsd-aarch64 JRE (25.0.2+10-LTS) (Zulu25.32+21-CA), built on 2026-01-23T20:28:36Z with clang Apple LLVM 14.0.3 (clang-1403.0.22.14.1)

END.
