#
# A fatal error has been detected by the Java Runtime Environment:
#
#  SIGSEGV (0xb) at pc=0x0000000145025b90, pid=55439, tid=259
#
# JRE version: OpenJDK Runtime Environment Zulu25.32+21-CA (25.0.2+10) (build 25.0.2+10-LTS)
# Java VM: OpenJDK 64-Bit Server VM Zulu25.32+21-CA (25.0.2+10-LTS, mixed mode, sharing, tiered, compressed oops, compressed class ptrs, g1 gc, bsd-aarch64)
# Problematic frame:
# C  [liblwjgl.dylib+0x5b90]
#
# No core dump will be written. Core dumps have been disabled. To enable core dumping, try "ulimit -c unlimited" before starting Java again
#
# If you would like to submit a bug report, please visit:
#   http://www.azul.com/support/
# The crash happened outside the Java Virtual Machine in native code.
# See problematic frame for where to report the bug.
#

---------------  S U M M A R Y ------------

Command Line: -Duser.language=en -Dgroovyscript.run_ls=true -Dfile.encoding=UTF-8 -Xms512m -Xmx10240m -Djava.library.path=/Users/gottfrid.nordstrom@live.vasteras.se/Library/Application Support/PrismLauncher/instances/Emergent-Engineering/natives org.prismlauncher.EntryPoint

Host: "Mac14,2" arm64, 8 cores, 16G, Darwin 25.5.0, macOS 26.5.1 (25F80)
Time: Thu Jul  2 04:12:05 2026 CEST elapsed time: 5151.852368 seconds (0d 1h 25m 51s)

---------------  T H R E A D  ---------------

Current thread (0x000000082b38f200):  JavaThread "AppKit Thread" daemon [_thread_in_native, id=259, stack(0x000000016a980000,0x000000016b17c000) (8176K)]

Stack: [0x000000016a980000,0x000000016b17c000],  sp=0x000000016b1742f0,  free space=8144k
Native frames: (J=compiled Java code, j=interpreted, Vv=VM code, C=native code)
C  [liblwjgl.dylib+0x5b90]
C  [liblwjgl.dylib+0x82e8]
C  [libglfw_async.dylib+0x177b8]
C  [AppKit+0xe0343c]  _routeMouseMovedEvent+0x130
C  [AppKit+0x15d234]  -[NSWindow(NSEventRouting) _reallySendEvent:isDelayedEvent:]+0x22c
C  [AppKit+0x15ce64]  -[NSWindow(NSEventRouting) sendEvent:]+0x17c
C  [AppKit+0xbcdc90]  routeMouseMovedEvent+0x78
C  [AppKit+0xbcd2d4]  -[NSApplication(NSEventRouting) sendEvent:]+0x3c4
C  [libosxapp.dylib+0x384c]  -[NSApplicationAWT sendEvent:]+0x158
C  [AppKit+0x81a664]  -[NSApplication _handleEvent:]+0x3c
C  [AppKit+0x2c164]  -[NSApplication run]+0x198
C  [libosxapp.dylib+0x34f8]  +[NSApplicationAWT runAWTLoopWithApp:]+0x84
C  [libawt_lwawt.dylib+0x62590]  +[AWTStarter starter:headless:]+0x178
C  [libosxapp.dylib+0x4d48]  +[ThreadUtilities invokeBlockCopy:]+0x1c
C  [Foundation+0x78adc]  __NSThreadPerformPerform+0x108
C  [CoreFoundation+0x7df30]  __CFRUNLOOP_IS_CALLING_OUT_TO_A_SOURCE0_PERFORM_FUNCTION__+0x1c
C  [CoreFoundation+0x7dec4]  __CFRunLoopDoSource0+0xac
C  [CoreFoundation+0x7dc30]  __CFRunLoopDoSources0+0xe8
C  [CoreFoundation+0x7c854]  __CFRunLoopRun+0x334
C  [CoreFoundation+0x14f1c4]  _CFRunLoopRunSpecificWithOptions+0x214
C  [libjli.dylib+0xcd84]  CreateExecutionEnvironment+0x19c
C  [libjli.dylib+0x7ebc]  JLI_Launch+0x230
C  [java+0x3bb4]  main+0x194
C  [dyld+0x1fe00]  start+0x1b50

siginfo: si_signo: 11 (SIGSEGV), si_code: 2 (SEGV_ACCERR), si_addr: 0x0000000000000004

Registers:
 x0=0x0000000000000000  x1=0x0000000000000000  x2=0x0000000000000000  x3=0x000000016b1743d0
 x4=0x000000016b1744d0  x5=0x000000016b174490  x6=0x000000082e6e56c8  x7=0xfffff0003ffff800
 x8=0x0000000000000000  x9=0x0000000201882ff8 x10=0x0000000bdac1ed00 x11=0x000000000000003f
x12=0x0000000000000027 x13=0x0000000828160660 x14=0x06000001f35fc6f9 x15=0x00000001f35fc6f8
x16=0x0000000145028290 x17=0x000000082ed4c990 x18=0x0000000000000000 x19=0x000000082e6e5680
x20=0x00000008269e4d80 x21=0x0000000000000218 x22=0x0000000000000005 x23=0x00000000000000e8
x24=0x0000000000000118 x25=0x00000008269e4d80 x26=0x000000000000011c x27=0x00000001f3600000
x28=0x000000002bd80025  fp=0x000000016b1743b0  lr=0x00000001450282e8  sp=0x000000016b1742f0
pc=0x0000000145025b90 cpsr=0x0000000080001000

Register to memory mapping:

x0 =0x0 is null
x1 =0x0 is null
x2 =0x0 is null
x3 =0x000000016b1743d0 is pointing into the stack for thread: 0x000000082b38f200
x4 =0x000000016b1744d0 is pointing into the stack for thread: 0x000000082b38f200
x5 =0x000000016b174490 is pointing into the stack for thread: 0x000000082b38f200
x6 =0x000000082e6e56c8 points into unknown readable memory: 0x0000000000000000 | 00 00 00 00 00 00 00 00
x7 =0xfffff0003ffff800 is an unknown value
x8 =0x0 is null
x9 =0x0000000201882ff8 points into unknown readable memory: 0x6e6f697461636f6c | 6c 6f 63 61 74 69 6f 6e
x10=0x0000000bdac1ed00 is pointing into object: [J 
{0x0000000bdac1ecf0} - klass: {type array long} - flags: is_cloneable_fast 

 - length: 256
 -   0: 0x11111111 0x11111111
 -   1: 0x11111111 0x11111111
 -   2: 0x11111111 0x11111111
 -   3: 0x11111111 0x11111111
 -   4: 0x11111111 0x11111111
 -   5: 0x11111111 0x11111111
 -   6: 0x11111111 0x11111111
 -   7: 0x11111111 0x11111111
 -   8: 0x11111111 0x11111111
 -   9: 0x11111111 0x11111111
 -  10: 0x11111111 0x11111111
 -  11: 0x11111111 0x11111111
 -  12: 0x11111111 0x11111111
 -  13: 0x11111111 0x11111111
 -  14: 0x11111111 0x11111111
 -  15: 0x11111111 0x11111111
 -  16: 0x11111111 0x11111111
 -  17: 0x11111111 0x11111111
 -  18: 0x11111111 0x11111111
 -  19: 0x11111111 0x11111111
 -  20: 0x11111111 0x11111111
 -  21: 0x11111111 0x11111111
 -  22: 0x11111111 0x11111111
 -  23: 0x11111111 0x11111111
 -  24: 0x11111111 0x11111111
 -  25: 0x11111111 0x11111111
 -  26: 0x11111111 0x11111111
 -  27: 0x11111111 0x11111111
 -  28: 0x11111111 0x11111111
 -  29: 0x11111111 0x11111111
 -  30: 0x11111111 0x11111111
 -  31: 0x11111111 0x11111111
 -  32: 0x11111111 0x11111111
 -  33: 0x11111111 0x11111111
 -  34: 0x11111111 0x11111111
 -  35: 0x11111111 0x11111111
 -  36: 0x11111111 0x11111111
 -  37: 0x11111111 0x11111111
 -  38: 0x11111111 0x11111111
 -  39: 0x11111111 0x11111111
 -  40: 0x11111111 0x11111111
 -  41: 0x11111111 0x11111111
 -  42: 0x11111111 0x11111111
 -  43: 0x11111111 0x11111111
 -  44: 0x11111111 0x11111111
 -  45: 0x11111111 0x11111111
 -  46: 0x11111111 0x11111111
 -  47: 0x11111111 0x11111111
 -  48: 0x11111111 0x11111111
 -  49: 0x11111111 0x11111111
 -  50: 0x11111111 0x11111111
 -  51: 0x11111111 0x11111111
 -  52: 0x11111111 0x11111111
 -  53: 0x11111111 0x11111111
 -  54: 0x11111111 0x11111111
 -  55: 0x11111111 0x11111111
 -  56: 0x11111111 0x11111111
 -  57: 0x11111111 0x11111111
 -  58: 0x11111111 0x11111111
 -  59: 0x11111111 0x11111111
 -  60: 0x11111111 0x11111111
 -  61: 0x11111111 0x11111111
 -  62: 0x11111111 0x11111111
 -  63: 0x11111111 0x11111111
 -  64: 0x11111111 0x11111111
 -  65: 0x11111111 0x11111111
 -  66: 0x11111111 0x11111111
 -  67: 0x11111111 0x11111111
 -  68: 0x11111111 0x11111111
 -  69: 0x11111111 0x11111111
 -  70: 0x11111111 0x11111111
 -  71: 0x11111111 0x11111111
 -  72: 0x11111111 0x11111111
 -  73: 0x11111111 0x11111111
 -  74: 0x11111111 0x11111111
 -  75: 0x11111111 0x11111111
 -  76: 0x11111111 0x11111111
 -  77: 0x11111111 0x11111111
 -  78: 0x11111111 0x11111111
 -  79: 0x11111111 0x11111111
 -  80: 0x11111111 0x11111111
 -  81: 0x11111111 0x11111111
 -  82: 0x11111111 0x11111111
 -  83: 0x11111111 0x11111111
 -  84: 0x11111111 0x11111111
 -  85: 0x11111111 0x11111111
 -  86: 0x11111111 0x11111111
 -  87: 0x11111111 0x11111111
 -  88: 0x11111111 0x11111111
 -  89: 0x11111111 0x11111111
 -  90: 0x11111111 0x11111111
 -  91: 0x11111111 0x11111111
 -  92: 0x11111111 0x11111111
 -  93: 0x11111111 0x11111111
 -  94: 0x11111111 0x11111111
 -  95: 0x11111111 0x11111111
 -  96: 0x11111111 0x11111111
 -  97: 0x11111111 0x11111111
 -  98: 0x11111111 0x11111111
 -  99: 0x11111111 0x11111111
 - 100: 0x11111111 0x11111111
 - 101: 0x11111111 0x11111111
 - 102: 0x11111111 0x11111111
 - 103: 0x11111111 0x11111111
 - 104: 0x11111111 0x11111111
 - 105: 0x11111111 0x11111111
 - 106: 0x11111111 0x11111111
 - 107: 0x11111111 0x11111111
 - 108: 0x11111111 0x11111111
 - 109: 0x11111111 0x11111111
 - 110: 0x11111111 0x11111111
 - 111: 0x11111111 0x11111111
 - 112: 0x11111111 0x11111111
 - 113: 0x11111111 0x11111111
 - 114: 0x11111111 0x11111111
 - 115: 0x11111111 0x11111111
 - 116: 0x11111111 0x11111111
 - 117: 0x11111111 0x11111111
 - 118: 0x11111111 0x11111111
 - 119: 0x11111111 0x11111111
 - 120: 0x11111111 0x11111111
 - 121: 0x11111111 0x11111111
 - 122: 0x11111111 0x11111111
 - 123: 0x11111111 0x11111111
 - 124: 0x11111111 0x11111111
 - 125: 0x11111111 0x11111111
 - 126: 0x11111111 0x11111111
 - 127: 0x11111111 0x11111111
 - 128: 0x11111111 0x11111111
 - 129: 0x11111111 0x11111111
 - 130: 0x11111111 0x11111111
 - 131: 0x11111111 0x11111111
 - 132: 0x11111111 0x11111111
 - 133: 0x11111111 0x11111111
 - 134: 0x11111111 0x11111111
 - 135: 0x11111111 0x11111111
 - 136: 0x11111111 0x11111111
 - 137: 0x11111111 0x11111111
 - 138: 0x11111111 0x11111111
 - 139: 0x11111111 0x11111111
 - 140: 0x11111111 0x11111111
 - 141: 0x11111111 0x11111111
 - 142: 0x11111111 0x11111111
 - 143: 0x11111111 0x11111111
 - 144: 0x11111111 0x11111111
 - 145: 0x11111111 0x11111111
 - 146: 0x11111111 0x11111111
 - 147: 0x11111111 0x11111111
 - 148: 0x11111111 0x11111111
 - 149: 0x11111111 0x11111111
 - 150: 0x11111111 0x11111111
 - 151: 0x11111111 0x11111111
 - 152: 0x11111111 0x11111111
 - 153: 0x11111111 0x11111111
 - 154: 0x11111111 0x11111111
 - 155: 0x11111111 0x11111111
 - 156: 0x11111111 0x11111111
 - 157: 0x11111111 0x11111111
 - 158: 0x11111111 0x11111111
 - 159: 0x11111111 0x11111111
 - 160: 0x11111111 0x11111111
 - 161: 0x11111111 0x11111111
 - 162: 0x11111111 0x11111111
 - 163: 0x11111111 0x11111111
 - 164: 0x11111111 0x11111111
 - 165: 0x11111111 0x11111111
 - 166: 0x11111111 0x11111111
 - 167: 0x11111111 0x11111111
 - 168: 0x11111111 0x11111111
 - 169: 0x11111111 0x11111111
 - 170: 0x11111111 0x11111111
 - 171: 0x11111111 0x11111111
 - 172: 0x11111111 0x11111111
 - 173: 0x11111111 0x11111111
 - 174: 0x11111111 0x11111111
 - 175: 0x11111111 0x11111111
 - 176: 0x11111111 0x11111111
 - 177: 0x11111111 0x11111111
 - 178: 0x11111111 0x11111111
 - 179: 0x11111111 0x11111111
 - 180: 0x11111111 0x11111111
 - 181: 0x11111111 0x11111111
 - 182: 0x11111111 0x11111111
 - 183: 0x11111111 0x11111111
 - 184: 0x11111111 0x11111111
 - 185: 0x11111111 0x11111111
 - 186: 0x11111111 0x11111111
 - 187: 0x11111111 0x11111111
 - 188: 0x11111111 0x11111111
 - 189: 0x11111111 0x11111111
 - 190: 0x11111111 0x11111111
 - 191: 0x11111111 0x11111111
 - 192: 0x11111111 0x11111111
 - 193: 0x11111111 0x11111111
 - 194: 0x11111111 0x11111111
 - 195: 0x11111111 0x11111111
 - 196: 0x11111111 0x11111111
 - 197: 0x11111111 0x11111111
 - 198: 0x11111111 0x11111111
 - 199: 0x11111111 0x11111111
 - 200: 0x11111111 0x11111111
 - 201: 0x11111111 0x11111111
 - 202: 0x11111111 0x11111111
 - 203: 0x11111111 0x11111111
 - 204: 0x11111111 0x11111111
 - 205: 0x11111111 0x11111111
 - 206: 0x11111111 0x11111111
 - 207: 0x11111111 0x11111111
 - 208: 0x11111111 0x11111111
 - 209: 0x11111111 0x11111111
 - 210: 0x11111111 0x11111111
 - 211: 0x11111111 0x11111111
 - 212: 0x11111111 0x11111111
 - 213: 0x11111111 0x11111111
 - 214: 0x11111111 0x11111111
 - 215: 0x11111111 0x11111111
 - 216: 0x11111111 0x11111111
 - 217: 0x11111111 0x11111111
 - 218: 0x11111111 0x11111111
 - 219: 0x11111111 0x11111111
 - 220: 0x11111111 0x11111111
 - 221: 0x11111111 0x11111111
 - 222: 0x11111111 0x11111111
 - 223: 0x11111111 0x11111111
 - 224: 0x11111111 0x11111112
 - 225: 0x11111111 0x11111112
 - 226: 0x11111111 0x11111112
 - 227: 0x11111111 0x11111112
 - 228: 0x11111111 0x11111112
 - 229: 0x11111111 0x11111112
 - 230: 0x11111111 0x11111111
 - 231: 0x11111111 0x11111111
 - 232: 0x11111111 0x11111111
 - 233: 0x11111111 0x11111111
 - 234: 0x11111111 0x11111111
 - 235: 0x11111111 0x11111111
 - 236: 0x11111111 0x11111111
 - 237: 0x11111111 0x11111111
 - 238: 0x11111111 0x11111111
 - 239: 0x11111111 0x11111111
 - 240: 0x11111111 0x11111112
 - 241: 0x11111111 0x11111112
 - 242: 0x11111111 0x11111112
 - 243: 0x11111111 0x11111112
 - 244: 0x11111111 0x11111112
 - 245: 0x11111111 0x11111112
 - 246: 0x11111111 0x11111111
 - 247: 0x11111111 0x11111111
 - 248: 0x11111111 0x11111111
 - 249: 0x11111111 0x11111111
 - 250: 0x11111111 0x11111111
 - 251: 0x11111111 0x11111111
 - 252: 0x11111111 0x11111111
 - 253: 0x11111111 0x11111111
 - 254: 0x11111111 0x11111111
 - 255: 0x11111111 0x11111111
x11=0x000000000000003f is an unknown value
x12=0x0000000000000027 is an unknown value
x13=0x0000000828160660 points into unknown readable memory: 0x0000000000000000 | 00 00 00 00 00 00 00 00
x14=0x06000001f35fc6f9: OBJC_CLASS_$_NSEvent+0x1 in /System/Library/Frameworks/AppKit.framework/Versions/C/AppKit at 0x000000018b8d7000
x15=0x00000001f35fc6f8: OBJC_CLASS_$_NSEvent+0 in /System/Library/Frameworks/AppKit.framework/Versions/C/AppKit at 0x000000018b8d7000
x16=0x0000000145028290: <offset 0x8290> in /private/var/folders/9t/cxbxd1216db1g5brjglfds9r0000gn/T/lwjgl_gottfrid.nordstrom@live.vasteras.se/3.3.6-snapshot/arm64/liblwjgl.dylib at 0x0000000145020000
x17=0x000000082ed4c990 points into unknown readable memory: 0xa7674ecf0e961c22 | 22 1c 96 0e cf 4e 67 a7
x18=0x0 is null
x19=0x000000082e6e5680 points into unknown readable memory: 0x07000001450a9db7 | b7 9d 0a 45 01 00 00 07
x20=0x00000008269e4d80 points into unknown readable memory: 0x06000001f35fc6f9 | f9 c6 5f f3 01 00 00 06
x21=0x0000000000000218 is an unknown value
x22=0x0000000000000005 is an unknown value
x23=0x00000000000000e8 is an unknown value
x24=0x0000000000000118 is an unknown value
x25=0x00000008269e4d80 points into unknown readable memory: 0x06000001f35fc6f9 | f9 c6 5f f3 01 00 00 06
x26=0x000000000000011c is an unknown value
x27=0x00000001f3600000: OBJC_METACLASS_$_NSApplicationSceneWorkspace+0x40 in /System/Library/Frameworks/AppKit.framework/Versions/C/AppKit at 0x000000018b8d7000
x28=735576101 is a compressed pointer to object: java.lang.Long 
{0x0000000cb9400128} - klass: 'java/lang/Long' - flags: 

 - ---- fields (total size 3 words):
 - private final 'value' 'J' @16  154618822722 (0x0000002400000042)
 fp=0x000000016b1743b0 is pointing into the stack for thread: 0x000000082b38f200
 lr=0x00000001450282e8: <offset 0x82e8> in /private/var/folders/9t/cxbxd1216db1g5brjglfds9r0000gn/T/lwjgl_gottfrid.nordstrom@live.vasteras.se/3.3.6-snapshot/arm64/liblwjgl.dylib at 0x0000000145020000
 sp=0x000000016b1742f0 is pointing into the stack for thread: 0x000000082b38f200

Top of Stack: (sp=0x000000016b1742f0)
0x000000016b1742f0:   0000000000000004 000000016b174338   ........8C.k....
0x000000016b174300:   0000000000000005 00000008269e4d80   .........M.&....
0x000000016b174310:   0000000000000005 000000000000c030   ........0.......
0x000000016b174320:   0000000000000000 00000001f35c6720   ........ g\.....
0x000000016b174330:   000000002bd80025 00000001f3600000   %..+......`.....
0x000000016b174340:   0000000000000001 0000000000000001   ................
0x000000016b174350:   0000000000000000 0000000000000000   ................
0x000000016b174360:   000000082ed82c00 00000008269e4d80   .,.......M.&....
0x000000016b174370:   000000082e6e56c8 000000016b174490   .Vn......D.k....
0x000000016b174380:   000000016b1744d0 000000016b1743d0   .D.k.....C.k....
0x000000016b174390:   0000000000000000 0000000000000000   ................
0x000000016b1743a0:   0000000000000000 c2ae43539ba000cf   ............SC..
0x000000016b1743b0:   000000016b1743c0 00000001450282e8   .C.k.......E....
0x000000016b1743c0:   000000016b174500 00000001450837b8   .E.k.....7.E....
0x000000016b1743d0:   4086d7c000000000 0000000000000000   .......@........
0x000000016b1743e0:   408bb85800000000 0000000000000000   ....X..@........
0x000000016b1743f0:   4086b52800000000 0000000000000000   ....(..@........
0x000000016b174400:   408bd80000000000 0000000000000000   .......@........
0x000000016b174410:   0000000000000000 0000000000000000   ................
0x000000016b174420:   0000000000000000 0000000000000000   ................
0x000000016b174430:   4096f80000000000 0000000000000000   .......@........
0x000000016b174440:   408bd80000000000 0000000000000000   .......@........
0x000000016b174450:   000000082c9eca00 00000001450c4030   ...,....0@.E....
0x000000016b174460:   00000008269e4d80 0000000000000000   .M.&............
0x000000016b174470:   0000000000000010 0000000000000000   ................
0x000000016b174480:   000000082e6e5680 fffff0003ffff800   .Vn........?....
0x000000016b174490:   00000008269e4d80 000000082e6e5680   .M.&.....Vn.....
0x000000016b1744a0:   000000016b1744c0 000000018b93e028   .D.k....(.......
0x000000016b1744b0:   00000008269e4d80 000000082e6e5680   .M.&.....Vn.....
0x000000016b1744c0:   000000016b174500 00000001450837a0   .E.k.....7.E....
0x000000016b1744d0:   0000000000000000 41c7faf05ba04029   ........)@.[...A
0x000000016b1744e0:   0000000000000005 00000001f4d22b00   .........+......

Instructions: (pc=0x0000000145025b90)
  0x0000000145025a90:   e8 17 9f 1a 68 01 00 37 01 00 00 14 e8 17 40 f9
  0x0000000145025aa0:   08 01 40 b9 08 09 00 71 e8 17 9f 1a a8 00 00 37
  0x0000000145025ab0:   01 00 00 14 48 00 80 52 e8 3f 00 b9 23 00 00 14
  0x0000000145025ac0:   e8 17 40 f9 08 1d 40 b9 08 01 19 72 e8 17 9f 1a
  0x0000000145025ad0:   c8 00 00 37 01 00 00 14 08 00 00 f0 08 41 0a 91
  0x0000000145025ae0:   e8 07 00 f9 05 00 00 14 08 00 00 f0 08 c1 0a 91
  0x0000000145025af0:   e8 07 00 f9 01 00 00 14 e8 0b 40 f9 08 11 40 f1
  0x0000000145025b00:   e8 03 00 f9 e8 1b 40 f9 e9 03 40 f9 28 01 00 f9
  0x0000000145025b10:   e8 07 40 f9 e9 03 40 f9 28 05 00 f9 e8 17 40 f9
  0x0000000145025b20:   e9 1b 40 f9 28 09 00 f9 e8 13 40 f9 e9 1b 40 f9
  0x0000000145025b30:   28 0d 00 f9 e8 0f 40 f9 e9 1b 40 f9 28 11 00 f9
  0x0000000145025b40:   ff 3f 00 b9 01 00 00 14 e0 3f 40 b9 ff 03 01 91
  0x0000000145025b50:   c0 03 5f d6 fd 7b bf a9 fd 03 00 91 ff 03 03 d1
  0x0000000145025b60:   88 01 00 f0 08 05 40 f9 08 01 40 f9 a8 83 1f f8
  0x0000000145025b70:   a0 03 1f f8 a1 83 1e f8 a2 03 1e f8 a3 83 1d f8
  0x0000000145025b80:   a4 03 1d f8 a5 83 1c f8 a6 03 1c f8 a8 03 5f f8
=>0x0000000145025b90:   08 05 40 b9 08 f1 7d d3 08 fd 40 d3 08 3d 00 91
  0x0000000145025ba0:   09 ed 7c 92 a9 83 14 f8 90 01 00 f0 10 02 40 f9
  0x0000000145025bb0:   00 02 3f d6 a9 83 54 f8 e8 03 00 91 08 01 09 eb
  0x0000000145025bc0:   1f 01 00 91 a8 83 1b f8 bf 43 1a b8 a8 03 5f f8
  0x0000000145025bd0:   08 19 40 b9 e1 03 08 aa a0 03 02 d1 27 01 00 94
  0x0000000145025be0:   a8 03 5f f8 08 1d 40 b9 a8 83 1a b8 a8 83 5a b8
  0x0000000145025bf0:   08 01 18 72 e8 17 9f 1a 08 01 00 37 01 00 00 14
  0x0000000145025c00:   28 00 80 52 a8 43 1a b8 a8 83 5a b8 08 79 17 12
  0x0000000145025c10:   a8 83 1a b8 01 00 00 14 bf 43 1b b8 a8 03 5f f8
  0x0000000145025c20:   08 05 40 b9 a8 c3 1a b8 01 00 00 14 a8 43 5b b8
  0x0000000145025c30:   a9 c3 5a b8 08 01 09 6b e8 b7 9f 1a 48 1e 00 37
  0x0000000145025c40:   01 00 00 14 a8 03 5f f8 08 05 40 f9 a9 43 9b b8
  0x0000000145025c50:   08 79 69 f8 a8 83 17 f8 a8 83 57 f8 08 15 40 79
  0x0000000145025c60:   a8 43 17 b8 a8 83 57 f8 08 01 40 f9 a8 03 16 f8
  0x0000000145025c70:   a8 43 57 b8 a8 43 14 b8 08 01 00 71 e8 17 9f 1a
  0x0000000145025c80:   48 04 00 37 01 00 00 14 a8 43 54 b8 08 05 00 71


Stack slot to memory mapping:

stack at sp + 0 slots: 0x0000000000000004 is an unknown value
stack at sp + 1 slots: 0x000000016b174338 is pointing into the stack for thread: 0x000000082b38f200
stack at sp + 2 slots: 0x0000000000000005 is an unknown value
stack at sp + 3 slots: 0x00000008269e4d80 points into unknown readable memory: 0x06000001f35fc6f9 | f9 c6 5f f3 01 00 00 06
stack at sp + 4 slots: 0x0000000000000005 is an unknown value
stack at sp + 5 slots: 0x000000000000c030 is an unknown value
stack at sp + 6 slots: 0x0 is null
stack at sp + 7 slots: 0x00000001f35c6720: OBJC_CLASS_$___NSArrayM+0 in /System/Library/Frameworks/CoreFoundation.framework/Versions/A/CoreFoundation at 0x0000000187465000

Lock stack of current Java thread (top to bottom):


---------------  P R O C E S S  ---------------

Threads class SMR info:
_java_thread_list=0x00000008327aa7a0, length=128, elements={
0x00000001052d4700, 0x000000082b08e800, 0x000000082b08f200, 0x000000082b1e8000,
0x000000082b1e8a00, 0x000000082b1e9400, 0x000000082b1e9e00, 0x000000082b1ea800,
0x000000082b210000, 0x000000082b210a00, 0x000000082df31400, 0x000000082e054a00,
0x000000082e4a1400, 0x000000082b38f200, 0x000000082e6bde00, 0x000000082e6bd400,
0x00000008305e9e00, 0x000000082de0de00, 0x000000082d742800, 0x0000000830513200,
0x000000082dea1400, 0x00000008335b3200, 0x00000008335a8a00, 0x00000008335a9400,
0x0000000833590000, 0x0000000833591400, 0x0000000833560a00, 0x0000000833561400,
0x0000000833561e00, 0x0000000833562800, 0x0000000833563200, 0x000000083427a800,
0x00000008335ab200, 0x0000000835c96800, 0x000000083643d400, 0x0000000835df2800,
0x0000000835e66800, 0x0000000836802800, 0x0000000836803200, 0x0000000836830000,
0x0000000836830a00, 0x0000000836831400, 0x0000000836831e00, 0x0000000836832800,
0x0000000836833200, 0x0000000836f0f200, 0x0000000836f64000, 0x0000000836f64a00,
0x0000000836f66800, 0x0000000836f65400, 0x000000083720de00, 0x0000000835344000,
0x0000000836e41400, 0x0000000833147200, 0x000000082e0a5e00, 0x000000082e31f200,
0x0000000835a81400, 0x000000082f117200, 0x000000083645e800, 0x0000000830511400,
0x000000082f2bd400, 0x00000008323aca00, 0x000000083b041400, 0x000000083b405e00,
0x000000083b406800, 0x0000000836d94a00, 0x000000083b35b200, 0x000000083b302800,
0x000000083b301e00, 0x000000083b2a9e00, 0x00000008333c1e00, 0x0000000835268a00,
0x0000000839d05400, 0x00000008323ac000, 0x000000083a844000, 0x000000083424d400,
0x000000082c995e00, 0x000000083aa3b200, 0x000000083aa38a00, 0x000000083645c000,
0x000000083b734a00, 0x000000083ac5a800, 0x0000000839fcc000, 0x0000000839fcd400,
0x000000083526a800, 0x000000083b5a4000, 0x000000083b6b9400, 0x000000083b6b9e00,
0x000000083ae26800, 0x0000000836491400, 0x0000000836b0c000, 0x000000083b3ee800,
0x00000008355d0a00, 0x0000000836c13200, 0x000000083a82b200, 0x000000082e0a4000,
0x000000083a9a4000, 0x000000083b484000, 0x000000083adff200, 0x000000083043de00,
0x0000000836e18000, 0x0000000836e19400, 0x000000083526b200, 0x0000000836983200,
0x00000008323ad400, 0x0000000836493200, 0x000000083ac73200, 0x000000083050a800,
0x0000000837151400, 0x000000082d5d0a00, 0x000000082d5d2800, 0x00000008367f7200,
0x00000008367f4000, 0x0000000839da8000, 0x000000083359d400, 0x000000082d749400,
0x000000082de9c000, 0x000000082de0ca00, 0x000000083b7e7200, 0x000000083b7e4a00,
0x000000083a897200, 0x000000082f115400, 0x000000083b4c5400, 0x000000083aa39400,
0x000000083b735400, 0x00000008335bde00, 0x0000000833144a00, 0x0000000834258a00
}

Java Threads: ( => current thread )
  0x00000001052d4700 JavaThread "Client thread"                     [_thread_in_native, id=4867, stack(0x000000016b208000,0x000000016b40b000) (2060K)]
  0x000000082b08e800 JavaThread "Reference Handler"          daemon [_thread_blocked, id=29443, stack(0x000000016c380000,0x000000016c583000) (2060K)]
  0x000000082b08f200 JavaThread "Finalizer"                  daemon [_thread_blocked, id=28931, stack(0x000000016c58c000,0x000000016c78f000) (2060K)]
  0x000000082b1e8000 JavaThread "Signal Dispatcher"          daemon [_thread_blocked, id=24579, stack(0x000000016c798000,0x000000016c99b000) (2060K)]
  0x000000082b1e8a00 JavaThread "Service Thread"             daemon [_thread_blocked, id=24835, stack(0x000000016c9a4000,0x000000016cba7000) (2060K)]
  0x000000082b1e9400 JavaThread "Monitor Deflation Thread"   daemon [_thread_blocked, id=28163, stack(0x000000016cbb0000,0x000000016cdb3000) (2060K)]
  0x000000082b1e9e00 JavaThread "C2 CompilerThread0"         daemon [_thread_in_native, id=27651, stack(0x000000016cdbc000,0x000000016cfbf000) (2060K)]
  0x000000082b1ea800 JavaThread "C1 CompilerThread0"         daemon [_thread_blocked, id=25603, stack(0x000000016cfc8000,0x000000016d1cb000) (2060K)]
  0x000000082b210000 JavaThread "Notification Thread"        daemon [_thread_blocked, id=26115, stack(0x000000016d1d4000,0x000000016d3d7000) (2060K)]
  0x000000082b210a00 JavaThread "Common-Cleaner"             daemon [_thread_blocked, id=27139, stack(0x000000016d3e0000,0x000000016d5e3000) (2060K)]
  0x000000082df31400 JavaThread "LauncherLogger-Worker"      daemon [_thread_blocked, id=40963, stack(0x000000016e858000,0x000000016ea5b000) (2060K)]
  0x000000082e054a00 JavaThread "JNA Cleaner"                daemon [_thread_blocked, id=26651, stack(0x000000016d5ec000,0x000000016d7ef000) (2060K)]
  0x000000082e4a1400 JavaThread "spark-monitoring-thread"    daemon [_thread_blocked, id=39435, stack(0x000000016f6ac000,0x000000016f8af000) (2060K)]
=>0x000000082b38f200 JavaThread "AppKit Thread"              daemon [_thread_in_native, id=259, stack(0x000000016a980000,0x000000016b17c000) (8176K)]
  0x000000082e6bde00 JavaThread "Java2D Queue Flusher"       daemon [_thread_blocked, id=36107, stack(0x000000016ee7c000,0x000000016f07f000) (2060K)]
  0x000000082e6bd400 JavaThread "Java2D Disposer"            daemon [_thread_blocked, id=77859, stack(0x000000016f4a0000,0x000000016f6a3000) (2060K)]
  0x00000008305e9e00 JavaThread "StellarCore-LowerCaseStringPool-CanonicalizeWorker"        [_thread_blocked, id=88595, stack(0x000000016fb50000,0x000000016fd53000) (2060K)]
  0x000000082de0de00 JavaThread "Snooper Timer"              daemon [_thread_blocked, id=53519, stack(0x000000017e9bc000,0x000000017ebbf000) (2060K)]
  0x000000082d742800 JavaThread "Culling Thread"             daemon [_thread_blocked, id=114227, stack(0x000000016f294000,0x000000016f497000) (2060K)]
  0x0000000830513200 JavaThread "Thread-9"                          [_thread_blocked, id=40931, stack(0x000000016f088000,0x000000016f28b000) (2060K)]
  0x000000082dea1400 JavaThread "StellarCore-BlockFaceUVsPool-CanonicalizeWorker"        [_thread_blocked, id=88371, stack(0x000000030678c000,0x000000030698f000) (2060K)]
  0x00000008335b3200 JavaThread "pool-4-thread-1"                   [_thread_blocked, id=120371, stack(0x0000000320004000,0x0000000320207000) (2060K)]
  0x00000008335a8a00 JavaThread "pool-4-thread-2"                   [_thread_blocked, id=129787, stack(0x000000032041c000,0x000000032061f000) (2060K)]
  0x00000008335a9400 JavaThread "pool-4-thread-3"                   [_thread_blocked, id=104723, stack(0x0000000320628000,0x000000032082b000) (2060K)]
  0x0000000833590000 JavaThread "File IO Thread"                    [_thread_blocked, id=113427, stack(0x0000000320834000,0x0000000320a37000) (2060K)]
  0x0000000833591400 JavaThread "pool-6-thread-1"                   [_thread_blocked, id=113159, stack(0x0000000320a40000,0x0000000320c43000) (2060K)]
  0x0000000833560a00 JavaThread "MMCE-TaskExecutor-1"               [_thread_blocked, id=112707, stack(0x0000000320c4c000,0x0000000320e4f000) (2060K)]
  0x0000000833561400 JavaThread "MMCE-TaskExecutor-2"               [_thread_blocked, id=112139, stack(0x0000000321018000,0x000000032121b000) (2060K)]
  0x0000000833561e00 JavaThread "MMCE-TaskExecutor-3"               [_thread_blocked, id=105731, stack(0x0000000321224000,0x0000000321427000) (2060K)]
  0x0000000833562800 JavaThread "MMCE-TaskExecutor-4"               [_thread_blocked, id=106243, stack(0x0000000321430000,0x0000000321633000) (2060K)]
  0x0000000833563200 JavaThread "MMCE-TaskSubmitter"                [_thread_blocked, id=106499, stack(0x000000032163c000,0x000000032183f000) (2060K)]
  0x000000083427a800 JavaThread "pool-7-thread-1"                   [_thread_blocked, id=107023, stack(0x0000000326c48000,0x0000000326e4b000) (2060K)]
  0x00000008335ab200 JavaThread "Thread-24"                         [_thread_in_native, id=261923, stack(0x000000032b104000,0x000000032b307000) (2060K)]
  0x0000000835c96800 JavaThread "spark-worker-pool-2-thread-1" daemon [_thread_blocked, id=255247, stack(0x000000033af30000,0x000000033b133000) (2060K)]
  0x000000083643d400 JavaThread "pool-9-thread-1"                   [_thread_blocked, id=177167, stack(0x0000000338d30000,0x0000000338f33000) (2060K)]
  0x0000000835df2800 JavaThread "ResearchIOThread"           daemon [_thread_blocked, id=255771, stack(0x0000000338f3c000,0x000000033913f000) (2060K)]
  0x0000000835e66800 JavaThread "Ender IO Scheduler"                [_thread_blocked, id=257039, stack(0x0000000339148000,0x000000033934b000) (2060K)]
  0x0000000836802800 JavaThread "pool-11-thread-1"                  [_thread_blocked, id=177935, stack(0x0000000339560000,0x0000000339763000) (2060K)]
  0x0000000836803200 JavaThread "pool-11-thread-2"                  [_thread_blocked, id=258311, stack(0x000000033976c000,0x000000033996f000) (2060K)]
  0x0000000836830000 JavaThread "pool-11-thread-3"                  [_thread_blocked, id=258579, stack(0x0000000339978000,0x0000000339b7b000) (2060K)]
  0x0000000836830a00 JavaThread "pool-11-thread-4"                  [_thread_blocked, id=256519, stack(0x0000000339b84000,0x0000000339d87000) (2060K)]
  0x0000000836831400 JavaThread "pool-11-thread-5"                  [_thread_blocked, id=176903, stack(0x0000000339d90000,0x0000000339f93000) (2060K)]
  0x0000000836831e00 JavaThread "pool-11-thread-6"                  [_thread_blocked, id=257547, stack(0x0000000339f9c000,0x000000033a19f000) (2060K)]
  0x0000000836832800 JavaThread "pool-11-thread-7"                  [_thread_blocked, id=257291, stack(0x000000033a1a8000,0x000000033a3ab000) (2060K)]
  0x0000000836833200 JavaThread "pool-11-thread-8"                  [_thread_blocked, id=258055, stack(0x000000033a3b4000,0x000000033a5b7000) (2060K)]
  0x0000000836f0f200 JavaThread "Particle Culling"           daemon [_thread_blocked, id=258827, stack(0x000000033a7cc000,0x000000033a9cf000) (2060K)]
  0x0000000836f64000 JavaThread "pool-14-thread-1"                  [_thread_blocked, id=254739, stack(0x000000033b13c000,0x000000033b33f000) (2060K)]
  0x0000000836f64a00 JavaThread "StellarCore-UnpackedDataPool-L1-CanonicalizeWorker"        [_thread_blocked, id=254215, stack(0x000000033b348000,0x000000033b54b000) (2060K)]
  0x0000000836f66800 JavaThread "StellarCore-VertexDataPool-CanonicalizeWorker"        [_thread_blocked, id=254991, stack(0x000000033b96c000,0x000000033bb6f000) (2060K)]
  0x0000000836f65400 JavaThread "StellarCore-BakedQuadPool-CanonicalizeWorker"        [_thread_blocked, id=253979, stack(0x000000033b554000,0x000000033b757000) (2060K)]
  0x000000083720de00 JavaThread "jei_area_fixer scheduled print" daemon [_thread_blocked, id=88127, stack(0x00000003048d0000,0x0000000304ad3000) (2060K)]
  0x0000000835344000 JavaThread "Timer-2"                           [_thread_blocked, id=35359, stack(0x0000000315b10000,0x0000000315d13000) (2060K)]
  0x0000000836e41400 JavaThread "pool-15-thread-1"                  [_thread_blocked, id=104327, stack(0x0000000315d1c000,0x0000000315f1f000) (2060K)]
  0x0000000833147200 JavaThread "Netty Local Server IO #0"   daemon [_thread_blocked, id=181519, stack(0x0000000316340000,0x0000000316543000) (2060K)]
  0x000000082e0a5e00 JavaThread "Netty Local Client IO #0"   daemon [_thread_blocked, id=182275, stack(0x000000033b760000,0x000000033b963000) (2060K)]
  0x000000082e31f200 JavaThread "Netty Local Server IO #1"   daemon [_thread_blocked, id=249603, stack(0x000000033ca90000,0x000000033cc93000) (2060K)]
  0x0000000835a81400 JavaThread "Chunk I/O Executor Thread-1" daemon [_thread_blocked, id=256807, stack(0x0000000339354000,0x0000000339557000) (2060K)]
  0x000000082f117200 JavaThread "ModelCleanupTimer"          daemon [_thread_blocked, id=247819, stack(0x000000033cc9c000,0x000000033ce9f000) (2060K)]
  0x000000083645e800 JavaThread "pool-16-thread-1"                  [_thread_blocked, id=249379, stack(0x000000033e028000,0x000000033e22b000) (2060K)]
  0x0000000830511400 JavaThread "pool-16-thread-2"                  [_thread_blocked, id=184579, stack(0x000000033e234000,0x000000033e437000) (2060K)]
  0x000000082f2bd400 JavaThread "pool-16-thread-3"                  [_thread_blocked, id=185091, stack(0x000000033e440000,0x000000033e643000) (2060K)]
  0x00000008323aca00 JavaThread "pool-16-thread-4"                  [_thread_blocked, id=246787, stack(0x000000033e64c000,0x000000033e84f000) (2060K)]
  0x000000083b041400 JavaThread "pool-4-thread-4"                   [_thread_blocked, id=246275, stack(0x0000000305938000,0x0000000305b3b000) (2060K)]
  0x000000083b405e00 JavaThread "Netty Local Server IO #2"   daemon [_thread_blocked, id=96543, stack(0x000000033c6a4000,0x000000033c8a7000) (2060K)]
  0x000000083b406800 JavaThread "Netty Local Client IO #1"   daemon [_thread_blocked, id=183899, stack(0x000000033cea8000,0x000000033d0ab000) (2060K)]
  0x0000000836d94a00 JavaThread "Netty Local Server IO #3"   daemon [_thread_blocked, id=90663, stack(0x000000033d0b4000,0x000000033d2b7000) (2060K)]
  0x000000083b35b200 JavaThread "Netty Local Server IO #4"   daemon [_thread_blocked, id=41243, stack(0x000000033da04000,0x000000033dc07000) (2060K)]
  0x000000083b302800 JavaThread "Netty Local Client IO #2"   daemon [_thread_blocked, id=180603, stack(0x000000033dc10000,0x000000033de13000) (2060K)]
  0x000000083b301e00 JavaThread "Netty Local Server IO #5"   daemon [_thread_blocked, id=124443, stack(0x000000033de1c000,0x000000033e01f000) (2060K)]
  0x000000083b2a9e00 JavaThread "pool-4-thread-5"                   [_thread_blocked, id=248307, stack(0x0000000343f54000,0x0000000344157000) (2060K)]
  0x00000008333c1e00 JavaThread "pool-4-thread-6"                   [_thread_blocked, id=183591, stack(0x00000003467f0000,0x00000003469f3000) (2060K)]
  0x0000000835268a00 JavaThread "pool-4-thread-7"                   [_thread_blocked, id=183267, stack(0x0000000347b8c000,0x0000000347d8f000) (2060K)]
  0x0000000839d05400 JavaThread "pool-4-thread-8"                   [_thread_blocked, id=102979, stack(0x0000000347d98000,0x0000000347f9b000) (2060K)]
  0x00000008323ac000 JavaThread "pool-4-thread-9"                   [_thread_blocked, id=98503, stack(0x00000003484d0000,0x00000003486d3000) (2060K)]
  0x000000083a844000 JavaThread "pool-4-thread-10"                  [_thread_blocked, id=253527, stack(0x00000003486dc000,0x00000003488df000) (2060K)]
  0x000000083424d400 JavaThread "pool-4-thread-11"                  [_thread_blocked, id=119539, stack(0x0000000343d48000,0x0000000343f4b000) (2060K)]
  0x000000082c995e00 JavaThread "pool-4-thread-12"                  [_thread_blocked, id=98563, stack(0x000000034a7ec000,0x000000034a9ef000) (2060K)]
  0x000000083aa3b200 JavaThread "pool-4-thread-13"                  [_thread_blocked, id=151627, stack(0x000000034b7dc000,0x000000034b9df000) (2060K)]
  0x000000083aa38a00 JavaThread "pool-4-thread-14"                  [_thread_blocked, id=246035, stack(0x000000034b9e8000,0x000000034bbeb000) (2060K)]
  0x000000083645c000 JavaThread "pool-4-thread-15"                  [_thread_blocked, id=244163, stack(0x0000000348a24000,0x0000000348c27000) (2060K)]
  0x000000083b734a00 JavaThread "pool-4-thread-16"                  [_thread_blocked, id=243459, stack(0x000000036aa48000,0x000000036ac4b000) (2060K)]
  0x000000083ac5a800 JavaThread "Netty Local Server IO #6"   daemon [_thread_blocked, id=30259, stack(0x0000000343004000,0x0000000343207000) (2060K)]
  0x0000000839fcc000 JavaThread "Netty Local Client IO #3"   daemon [_thread_blocked, id=90915, stack(0x0000000343210000,0x0000000343413000) (2060K)]
  0x0000000839fcd400 JavaThread "Netty Local Server IO #7"   daemon [_thread_blocked, id=91151, stack(0x0000000343730000,0x0000000343933000) (2060K)]
  0x000000083526a800 JavaThread "pool-4-thread-17"                  [_thread_blocked, id=242575, stack(0x00000003464c8000,0x00000003466cb000) (2060K)]
  0x000000083b5a4000 JavaThread "pool-4-thread-18"                  [_thread_blocked, id=188087, stack(0x0000000348c30000,0x0000000348e33000) (2060K)]
  0x000000083b6b9400 JavaThread "pool-4-thread-19"                  [_thread_blocked, id=241043, stack(0x0000000348e3c000,0x000000034903f000) (2060K)]
  0x000000083b6b9e00 JavaThread "pool-4-thread-20"                  [_thread_blocked, id=240387, stack(0x0000000349048000,0x000000034924b000) (2060K)]
  0x000000083ae26800 JavaThread "pool-4-thread-21"                  [_thread_blocked, id=240123, stack(0x000000034a094000,0x000000034a297000) (2060K)]
  0x0000000836491400 JavaThread "pool-4-thread-22"                  [_thread_blocked, id=189699, stack(0x00000003620d0000,0x00000003622d3000) (2060K)]
  0x0000000836b0c000 JavaThread "Netty Local Server IO #8"   daemon [_thread_blocked, id=153147, stack(0x000000034393c000,0x0000000343b3f000) (2060K)]
  0x000000083b3ee800 JavaThread "Netty Local Client IO #4"   daemon [_thread_blocked, id=188807, stack(0x0000000344688000,0x000000034488b000) (2060K)]
  0x00000008355d0a00 JavaThread "Netty Local Server IO #9"   daemon [_thread_blocked, id=242763, stack(0x0000000344894000,0x0000000344a97000) (2060K)]
  0x0000000836c13200 JavaThread "pool-4-thread-23"                  [_thread_blocked, id=191651, stack(0x000000034ebe0000,0x000000034ede3000) (2060K)]
  0x000000083a82b200 JavaThread "pool-4-thread-24"                  [_thread_blocked, id=103171, stack(0x00000003566a0000,0x00000003568a3000) (2060K)]
  0x000000082e0a4000 JavaThread "pool-4-thread-25"                  [_thread_blocked, id=249275, stack(0x0000000357830000,0x0000000357a33000) (2060K)]
  0x000000083a9a4000 JavaThread "pool-4-thread-26"                  [_thread_blocked, id=237627, stack(0x0000000357a3c000,0x0000000357c3f000) (2060K)]
  0x000000083b484000 JavaThread "pool-4-thread-27"                  [_thread_blocked, id=236867, stack(0x0000000346128000,0x000000034632b000) (2060K)]
  0x000000083adff200 JavaThread "pool-4-thread-28"                  [_thread_blocked, id=192015, stack(0x000000034e9d4000,0x000000034ebd7000) (2060K)]
  0x000000083043de00 JavaThread "ForkJoinPool.commonPool-worker-43" daemon [_thread_blocked, id=260371, stack(0x0000000344ea0000,0x00000003450a3000) (2060K)]
  0x0000000836e18000 JavaThread "ForkJoinPool.commonPool-worker-44" daemon [_thread_blocked, id=238123, stack(0x00000003450ac000,0x00000003452af000) (2060K)]
  0x0000000836e19400 JavaThread "ForkJoinPool.commonPool-worker-45" daemon [_thread_blocked, id=245875, stack(0x00000003452b8000,0x00000003454bb000) (2060K)]
  0x000000083526b200 JavaThread "ForkJoinPool.commonPool-worker-46" daemon [_thread_blocked, id=187491, stack(0x00000003454c4000,0x00000003456c7000) (2060K)]
  0x0000000836983200 JavaThread "ForkJoinPool.commonPool-worker-47" daemon [_thread_blocked, id=152967, stack(0x0000000347134000,0x0000000347337000) (2060K)]
  0x00000008323ad400 JavaThread "ForkJoinPool.commonPool-worker-48" daemon [_thread_blocked, id=142427, stack(0x0000000347340000,0x0000000347543000) (2060K)]
  0x0000000836493200 JavaThread "ForkJoinPool.commonPool-worker-49" daemon [_thread_blocked, id=192739, stack(0x000000034784c000,0x0000000347a4f000) (2060K)]
  0x000000083ac73200 JavaThread "pool-4-thread-29"                  [_thread_blocked, id=190831, stack(0x000000035de8c000,0x000000035e08f000) (2060K)]
  0x000000083050a800 JavaThread "pool-4-thread-30"                  [_thread_blocked, id=245571, stack(0x000000035e098000,0x000000035e29b000) (2060K)]
  0x0000000837151400 JavaThread "Netty Local Server IO #10"  daemon [_thread_blocked, id=188355, stack(0x0000000337f08000,0x000000033810b000) (2060K)]
  0x000000082d5d0a00 JavaThread "Netty Local Client IO #5"   daemon [_thread_blocked, id=98871, stack(0x000000033c480000,0x000000033c683000) (2060K)]
  0x000000082d5d2800 JavaThread "Netty Local Server IO #11"  daemon [_thread_blocked, id=55827, stack(0x0000000345864000,0x0000000345a67000) (2060K)]
  0x00000008367f7200 JavaThread "Chunk Batcher 10"           daemon [_thread_blocked, id=236307, stack(0x0000000345a70000,0x0000000345c73000) (2060K)]
  0x00000008367f4000 JavaThread "Chunk Batcher 11"           daemon [_thread_blocked, id=237235, stack(0x0000000345c7c000,0x0000000345e7f000) (2060K)]
  0x0000000839da8000 JavaThread "Chunk Render Task Executor #0"        [_thread_blocked, id=192867, stack(0x0000000345e88000,0x000000034608b000) (2060K)]
  0x000000083359d400 JavaThread "Chunk Render Task Executor #1"        [_thread_blocked, id=236551, stack(0x0000000347fa4000,0x00000003481a7000) (2060K)]
  0x000000082d749400 JavaThread "pool-4-thread-31"                  [_thread_blocked, id=245419, stack(0x00000003481b0000,0x00000003483b3000) (2060K)]
  0x000000082de9c000 JavaThread "pool-4-thread-32"                  [_thread_blocked, id=235135, stack(0x000000034c798000,0x000000034c99b000) (2060K)]
  0x000000082de0ca00 JavaThread "pool-4-thread-33"                  [_thread_blocked, id=192419, stack(0x000000034e428000,0x000000034e62b000) (2060K)]
  0x000000083b7e7200 JavaThread "pool-4-thread-34"                  [_thread_blocked, id=181915, stack(0x000000034e634000,0x000000034e837000) (2060K)]
  0x000000083b7e4a00 JavaThread "pool-4-thread-35"                  [_thread_blocked, id=244799, stack(0x000000034ef00000,0x000000034f103000) (2060K)]
  0x000000083a897200 JavaThread "pool-4-thread-36"                  [_thread_blocked, id=183419, stack(0x000000034f10c000,0x000000034f30f000) (2060K)]
  0x000000082f115400 JavaThread "pool-4-thread-37"                  [_thread_blocked, id=77119, stack(0x000000034f318000,0x000000034f51b000) (2060K)]
  0x000000083b4c5400 JavaThread "pool-4-thread-38"                  [_thread_blocked, id=186931, stack(0x000000034f524000,0x000000034f727000) (2060K)]
  0x000000083aa39400 JavaThread "pool-4-thread-39"                  [_thread_blocked, id=187819, stack(0x000000034f730000,0x000000034f933000) (2060K)]
  0x000000083b735400 JavaThread "pool-4-thread-40"                  [_thread_blocked, id=182251, stack(0x000000034f93c000,0x000000034fb3f000) (2060K)]
  0x00000008335bde00 JavaThread "pool-4-thread-41"                  [_thread_blocked, id=235387, stack(0x000000034fb48000,0x000000034fd4b000) (2060K)]
  0x0000000833144a00 JavaThread "AWT-Shutdown"                      [_thread_blocked, id=91795, stack(0x000000032d24c000,0x000000032d44f000) (2060K)]
  0x0000000834258a00 JavaThread "pool-4-thread-42"                  [_thread_blocked, id=233235, stack(0x000000034fd54000,0x000000034ff57000) (2060K)]
Total: 128

Other Threads:
  0x000000082b0d9e00 VMThread "VM Thread"                           [id=18947, stack(0x000000016c05c000,0x000000016c25f000) (2060K)]
  0x000000082b131400 WatcherThread "VM Periodic Task Thread"        [id=20491, stack(0x000000016be50000,0x000000016c053000) (2060K)]
  0x00000001052da020 WorkerThread "GC Thread#0"                     [id=13571, stack(0x000000016b414000,0x000000016b617000) (2060K)]
  0x000000082cb27700 WorkerThread "GC Thread#1"                     [id=33031, stack(0x000000016d7f8000,0x000000016d9fb000) (2060K)]
  0x000000082dc00000 WorkerThread "GC Thread#2"                     [id=43275, stack(0x000000016da04000,0x000000016dc07000) (2060K)]
  0x000000082dc00500 WorkerThread "GC Thread#3"                     [id=33539, stack(0x000000016dc10000,0x000000016de13000) (2060K)]
  0x000000082dc00a00 WorkerThread "GC Thread#4"                     [id=42755, stack(0x000000016de1c000,0x000000016e01f000) (2060K)]
  0x000000082dc00f00 WorkerThread "GC Thread#5"                     [id=42243, stack(0x000000016e028000,0x000000016e22b000) (2060K)]
  0x000000082dc01400 WorkerThread "GC Thread#6"                     [id=33795, stack(0x000000016e234000,0x000000016e437000) (2060K)]
  0x000000082dc01900 WorkerThread "GC Thread#7"                     [id=41475, stack(0x000000016e440000,0x000000016e643000) (2060K)]
  0x000000082b0d8000 ConcurrentGCThread "G1 Main Marker"            [id=12035, stack(0x000000016b620000,0x000000016b823000) (2060K)]
  0x000000082b0d8500 WorkerThread "G1 Conc#0"                       [id=12547, stack(0x000000016b82c000,0x000000016ba2f000) (2060K)]
  0x000000082dfbde00 WorkerThread "G1 Conc#1"                       [id=34819, stack(0x000000016ec70000,0x000000016ee73000) (2060K)]
  0x000000082b0d8a00 ConcurrentGCThread "G1 Refine#0"               [id=21507, stack(0x000000016ba38000,0x000000016bc3b000) (2060K)]
  0x000000082b0d8f00 ConcurrentGCThread "G1 Service"                [id=20995, stack(0x000000016bc44000,0x000000016be47000) (2060K)]
Total: 15

Threads with active compile tasks:
C2 CompilerThread0  5151876 183763   !   4       com.enderio.core.common.util.stackable.StringThing::bake (596 bytes)
Total: 1

VM state: not at safepoint (normal execution)

VM Mutex/Monitor currently owned by a thread: None

Heap address: 0x0000000b5b000000, size: 10240 MB, Compressed Oops mode: Non-zero based: 0x0000000b5a800000, Oop shift amount: 3

CDS archive(s) mapped at: [0x0000040000000000-0x0000040000dfc000-0x0000040000dfc000), size 14663680, SharedBaseAddress: 0x0000040000000000, ArchiveRelocationMode: 1.
Compressed class space mapped at: 0x0000040001000000-0x0000040041000000, reserved size: 1073741824
UseCompressedClassPointers 1, UseCompactObjectHeaders 0
Narrow klass pointer bits 32, Max shift 3
Narrow klass base: 0x0000040000000000, Narrow klass shift: 0
Encoding Range: [0x0000040000000000 - 0x0000040100000000), (4294967296 bytes)
Klass Range:    [0x0000040000004000 - 0x0000040041000000), (1090502656 bytes)
Klass ID Range:  [16384 - 1090519033) (1090502649)
Protection zone: [0x0000040000000000 - 0x0000040000004000), (16384 bytes)

GC Precious Log:
 CardTable entry size: 512
 Card Set container configuration: InlinePtr #cards 4 size 8 Array Of Cards #cards 64 size 144 Howl #buckets 8 coarsen threshold 14745 Howl Bitmap #cards 2048 size 272 coarsen threshold 1843 Card regions per heap region 1 cards per card region 16384
 CPUs: 8 total, 8 available
 Memory: 16384M
 Large Page Support: Disabled
 NUMA Support: Disabled
 Compressed Oops: Enabled (Non-zero based)
 Heap Region Size: 8M
 Heap Min Capacity: 512M
 Heap Initial Capacity: 512M
 Heap Max Capacity: 10G
 Pre-touch: Disabled
 Parallel Workers: 8
 Concurrent Workers: 2
 Concurrent Refinement Workers: 8
 Periodic GC: Disabled

Heap:
 garbage-first heap   total reserved 10485760K, committed 8028160K, used 4773023K [0x0000000b5b000000, 0x0000000ddb000000)
  region size 8192K, 24 young (196608K), 4 survivors (32768K)

Heap Regions: E=young(eden), S=young(survivor), O=old, HS=humongous(starts), HC=humongous(continues), CS=collection set, F=free, TAMS=top-at-mark-start, PB=parsable bottom
|   0|0x0000000b5b000000, 0x0000000b5b7ffff8, 0x0000000b5b800000| 99%| O|  |TAMS 0x0000000b5b7ffff8| PB 0x0000000b5b000000| Untracked |  0
|   1|0x0000000b5b800000, 0x0000000b5bfffff8, 0x0000000b5c000000| 99%| O|  |TAMS 0x0000000b5bfffff8| PB 0x0000000b5b800000| Untracked |  0
|   2|0x0000000b5c000000, 0x0000000b5c800000, 0x0000000b5c800000|100%| O|  |TAMS 0x0000000b5c800000| PB 0x0000000b5c000000| Untracked |  0
|   3|0x0000000b5c800000, 0x0000000b5cfffff0, 0x0000000b5d000000| 99%| O|  |TAMS 0x0000000b5cfffff0| PB 0x0000000b5c800000| Untracked |  0
|   4|0x0000000b5d000000, 0x0000000b5d800000, 0x0000000b5d800000|100%| O|  |TAMS 0x0000000b5d800000| PB 0x0000000b5d000000| Untracked |  0
|   5|0x0000000b5d800000, 0x0000000b5e000000, 0x0000000b5e000000|100%| O|  |TAMS 0x0000000b5e000000| PB 0x0000000b5d800000| Untracked |  0
|   6|0x0000000b5e000000, 0x0000000b5e7ffff0, 0x0000000b5e800000| 99%| O|  |TAMS 0x0000000b5e7ffff0| PB 0x0000000b5e000000| Untracked |  0
|   7|0x0000000b5e800000, 0x0000000b5f000000, 0x0000000b5f000000|100%| O|  |TAMS 0x0000000b5f000000| PB 0x0000000b5e800000| Untracked |  0
|   8|0x0000000b5f000000, 0x0000000b5f7ffff8, 0x0000000b5f800000| 99%| O|  |TAMS 0x0000000b5f7ffff8| PB 0x0000000b5f000000| Untracked |  0
|   9|0x0000000b5f800000, 0x0000000b60000000, 0x0000000b60000000|100%| O|  |TAMS 0x0000000b60000000| PB 0x0000000b5f800000| Untracked |  0
|  10|0x0000000b60000000, 0x0000000b607fffd0, 0x0000000b60800000| 99%| O|  |TAMS 0x0000000b607fffd0| PB 0x0000000b60000000| Untracked |  0
|  11|0x0000000b60800000, 0x0000000b61000000, 0x0000000b61000000|100%| O|  |TAMS 0x0000000b61000000| PB 0x0000000b60800000| Untracked |  0
|  12|0x0000000b61000000, 0x0000000b617ffff8, 0x0000000b61800000| 99%| O|  |TAMS 0x0000000b617ffff8| PB 0x0000000b61000000| Untracked |  0
|  13|0x0000000b61800000, 0x0000000b62000000, 0x0000000b62000000|100%| O|  |TAMS 0x0000000b62000000| PB 0x0000000b61800000| Untracked |  0
|  14|0x0000000b62000000, 0x0000000b627ffff8, 0x0000000b62800000| 99%| O|  |TAMS 0x0000000b627ffff8| PB 0x0000000b62000000| Untracked |  0
|  15|0x0000000b62800000, 0x0000000b62fffff8, 0x0000000b63000000| 99%| O|  |TAMS 0x0000000b62fffff8| PB 0x0000000b62800000| Untracked |  0
|  16|0x0000000b63000000, 0x0000000b63800000, 0x0000000b63800000|100%| O|  |TAMS 0x0000000b63800000| PB 0x0000000b63000000| Untracked |  0
|  17|0x0000000b63800000, 0x0000000b63ffbf88, 0x0000000b64000000| 99%| O|  |TAMS 0x0000000b63ffbf88| PB 0x0000000b63800000| Untracked |  0
|  18|0x0000000b64000000, 0x0000000b647ffff8, 0x0000000b64800000| 99%| O|  |TAMS 0x0000000b647ffff8| PB 0x0000000b64000000| Untracked |  0
|  19|0x0000000b64800000, 0x0000000b64ffffe0, 0x0000000b65000000| 99%| O|  |TAMS 0x0000000b64ffffe0| PB 0x0000000b64800000| Untracked |  0
|  20|0x0000000b65000000, 0x0000000b657fffc0, 0x0000000b65800000| 99%| O|  |TAMS 0x0000000b657fffc0| PB 0x0000000b65000000| Untracked |  0
|  21|0x0000000b65800000, 0x0000000b65fffff0, 0x0000000b66000000| 99%| O|  |TAMS 0x0000000b65fffff0| PB 0x0000000b65800000| Untracked |  0
|  22|0x0000000b66000000, 0x0000000b667ffff0, 0x0000000b66800000| 99%| O|  |TAMS 0x0000000b667ffff0| PB 0x0000000b66000000| Untracked |  0
|  23|0x0000000b66800000, 0x0000000b66ffffd8, 0x0000000b67000000| 99%| O|  |TAMS 0x0000000b66ffffd8| PB 0x0000000b66800000| Untracked |  0
|  24|0x0000000b67000000, 0x0000000b677ffd98, 0x0000000b67800000| 99%| O|  |TAMS 0x0000000b677ffd98| PB 0x0000000b67000000| Untracked |  0
|  25|0x0000000b67800000, 0x0000000b68000000, 0x0000000b68000000|100%| O|  |TAMS 0x0000000b68000000| PB 0x0000000b67800000| Untracked |  0
|  26|0x0000000b68000000, 0x0000000b68800000, 0x0000000b68800000|100%| O|  |TAMS 0x0000000b68800000| PB 0x0000000b68000000| Untracked |  0
|  27|0x0000000b68800000, 0x0000000b68ffff08, 0x0000000b69000000| 99%| O|  |TAMS 0x0000000b68ffff08| PB 0x0000000b68800000| Untracked |  0
|  28|0x0000000b69000000, 0x0000000b697c5d88, 0x0000000b69800000| 97%| O|  |TAMS 0x0000000b697c5d88| PB 0x0000000b69000000| Untracked |  0
|  29|0x0000000b69800000, 0x0000000b69ffffe8, 0x0000000b6a000000| 99%| O|  |TAMS 0x0000000b69ffffe8| PB 0x0000000b69800000| Untracked |  0
|  30|0x0000000b6a000000, 0x0000000b6a7ffff8, 0x0000000b6a800000| 99%| O|  |TAMS 0x0000000b6a7ffff8| PB 0x0000000b6a000000| Untracked |  0
|  31|0x0000000b6a800000, 0x0000000b6afffe48, 0x0000000b6b000000| 99%| O|  |TAMS 0x0000000b6afffe48| PB 0x0000000b6a800000| Untracked |  0
|  32|0x0000000b6b000000, 0x0000000b6b7fffd8, 0x0000000b6b800000| 99%| O|  |TAMS 0x0000000b6b7fffd8| PB 0x0000000b6b000000| Untracked |  0
|  33|0x0000000b6b800000, 0x0000000b6bffffe8, 0x0000000b6c000000| 99%| O|  |TAMS 0x0000000b6bffffe8| PB 0x0000000b6b800000| Untracked |  0
|  34|0x0000000b6c000000, 0x0000000b6c800000, 0x0000000b6c800000|100%| O|  |TAMS 0x0000000b6c800000| PB 0x0000000b6c000000| Untracked |  0
|  35|0x0000000b6c800000, 0x0000000b6cfe22e0, 0x0000000b6d000000| 98%| O|  |TAMS 0x0000000b6cfe22e0| PB 0x0000000b6c800000| Untracked |  0
|  36|0x0000000b6d000000, 0x0000000b6d7fffe8, 0x0000000b6d800000| 99%| O|  |TAMS 0x0000000b6d7fffe8| PB 0x0000000b6d000000| Untracked |  0
|  37|0x0000000b6d800000, 0x0000000b6dfffff8, 0x0000000b6e000000| 99%| O|  |TAMS 0x0000000b6dfffff8| PB 0x0000000b6d800000| Untracked |  0
|  38|0x0000000b6e000000, 0x0000000b6e7fffa8, 0x0000000b6e800000| 99%| O|  |TAMS 0x0000000b6e7fffa8| PB 0x0000000b6e000000| Untracked |  0
|  39|0x0000000b6e800000, 0x0000000b6efffff0, 0x0000000b6f000000| 99%| O|  |TAMS 0x0000000b6efffff0| PB 0x0000000b6e800000| Untracked |  0
|  40|0x0000000b6f000000, 0x0000000b6f7fffe8, 0x0000000b6f800000| 99%| O|  |TAMS 0x0000000b6f7fffe8| PB 0x0000000b6f000000| Untracked |  0
|  41|0x0000000b6f800000, 0x0000000b6ffffe90, 0x0000000b70000000| 99%| O|  |TAMS 0x0000000b6ffffe90| PB 0x0000000b6f800000| Untracked |  0
|  42|0x0000000b70000000, 0x0000000b707ffff8, 0x0000000b70800000| 99%| O|  |TAMS 0x0000000b707ffff8| PB 0x0000000b70000000| Untracked |  0
|  43|0x0000000b70800000, 0x0000000b71000000, 0x0000000b71000000|100%| O|  |TAMS 0x0000000b71000000| PB 0x0000000b70800000| Untracked |  0
|  44|0x0000000b71000000, 0x0000000b71800000, 0x0000000b71800000|100%| O|  |TAMS 0x0000000b71800000| PB 0x0000000b71000000| Untracked |  0
|  45|0x0000000b71800000, 0x0000000b71fffdb0, 0x0000000b72000000| 99%| O|  |TAMS 0x0000000b71fffdb0| PB 0x0000000b71800000| Untracked |  0
|  46|0x0000000b72000000, 0x0000000b72800000, 0x0000000b72800000|100%| O|  |TAMS 0x0000000b72800000| PB 0x0000000b72000000| Untracked |  0
|  47|0x0000000b72800000, 0x0000000b72fffff8, 0x0000000b73000000| 99%| O|  |TAMS 0x0000000b72fffff8| PB 0x0000000b72800000| Untracked |  0
|  48|0x0000000b73000000, 0x0000000b737ffff0, 0x0000000b73800000| 99%| O|  |TAMS 0x0000000b737ffff0| PB 0x0000000b73000000| Untracked |  0
|  49|0x0000000b73800000, 0x0000000b73fffff0, 0x0000000b74000000| 99%| O|  |TAMS 0x0000000b73fffff0| PB 0x0000000b73800000| Untracked |  0
|  50|0x0000000b74000000, 0x0000000b747fffe8, 0x0000000b74800000| 99%| O|  |TAMS 0x0000000b747fffe8| PB 0x0000000b74000000| Untracked |  0
|  51|0x0000000b74800000, 0x0000000b75000000, 0x0000000b75000000|100%| O|  |TAMS 0x0000000b75000000| PB 0x0000000b74800000| Untracked |  0
|  52|0x0000000b75000000, 0x0000000b757fffd8, 0x0000000b75800000| 99%| O|  |TAMS 0x0000000b757fffd8| PB 0x0000000b75000000| Untracked |  0
|  53|0x0000000b75800000, 0x0000000b75ffffe0, 0x0000000b76000000| 99%| O|  |TAMS 0x0000000b75ffffe0| PB 0x0000000b75800000| Untracked |  0
|  54|0x0000000b76000000, 0x0000000b767ffff8, 0x0000000b76800000| 99%| O|  |TAMS 0x0000000b767ffff8| PB 0x0000000b76000000| Untracked |  0
|  55|0x0000000b76800000, 0x0000000b76fffff0, 0x0000000b77000000| 99%| O|  |TAMS 0x0000000b76fffff0| PB 0x0000000b76800000| Untracked |  0
|  56|0x0000000b77000000, 0x0000000b777ffff8, 0x0000000b77800000| 99%| O|  |TAMS 0x0000000b777ffff8| PB 0x0000000b77000000| Untracked |  0
|  57|0x0000000b77800000, 0x0000000b77ffffc8, 0x0000000b78000000| 99%| O|  |TAMS 0x0000000b77ffffc8| PB 0x0000000b77800000| Untracked |  0
|  58|0x0000000b78000000, 0x0000000b787d9260, 0x0000000b78800000| 98%| O|  |TAMS 0x0000000b787d9260| PB 0x0000000b78000000| Untracked |  0
|  59|0x0000000b78800000, 0x0000000b78ffffe0, 0x0000000b79000000| 99%| O|  |TAMS 0x0000000b78ffffe0| PB 0x0000000b78800000| Untracked |  0
|  60|0x0000000b79000000, 0x0000000b797fffe8, 0x0000000b79800000| 99%| O|  |TAMS 0x0000000b797fffe8| PB 0x0000000b79000000| Untracked |  0
|  61|0x0000000b79800000, 0x0000000b79ffffe0, 0x0000000b7a000000| 99%| O|  |TAMS 0x0000000b79ffffe0| PB 0x0000000b79800000| Untracked |  0
|  62|0x0000000b7a000000, 0x0000000b7a7fffc8, 0x0000000b7a800000| 99%| O|  |TAMS 0x0000000b7a7fffc8| PB 0x0000000b7a000000| Untracked |  0
|  63|0x0000000b7a800000, 0x0000000b7affffc0, 0x0000000b7b000000| 99%| O|  |TAMS 0x0000000b7affffc0| PB 0x0000000b7a800000| Untracked |  0
|  64|0x0000000b7b000000, 0x0000000b7b7ff050, 0x0000000b7b800000| 99%| O|  |TAMS 0x0000000b7b7ff050| PB 0x0000000b7b000000| Untracked |  0
|  65|0x0000000b7b800000, 0x0000000b7bffffc8, 0x0000000b7c000000| 99%| O|  |TAMS 0x0000000b7bffffc8| PB 0x0000000b7b800000| Untracked |  0
|  66|0x0000000b7c000000, 0x0000000b7c7fffe8, 0x0000000b7c800000| 99%| O|  |TAMS 0x0000000b7c7fffe8| PB 0x0000000b7c000000| Untracked |  0
|  67|0x0000000b7c800000, 0x0000000b7d000000, 0x0000000b7d000000|100%| O|  |TAMS 0x0000000b7d000000| PB 0x0000000b7c800000| Untracked |  0
|  68|0x0000000b7d000000, 0x0000000b7d800000, 0x0000000b7d800000|100%| O|  |TAMS 0x0000000b7d800000| PB 0x0000000b7d000000| Untracked |  0
|  69|0x0000000b7d800000, 0x0000000b7dffffe0, 0x0000000b7e000000| 99%| O|  |TAMS 0x0000000b7dffffe0| PB 0x0000000b7d800000| Untracked |  0
|  70|0x0000000b7e000000, 0x0000000b7e7ffff8, 0x0000000b7e800000| 99%| O|  |TAMS 0x0000000b7e7ffff8| PB 0x0000000b7e000000| Untracked |  0
|  71|0x0000000b7e800000, 0x0000000b7efffff0, 0x0000000b7f000000| 99%| O|  |TAMS 0x0000000b7efffff0| PB 0x0000000b7e800000| Untracked |  0
|  72|0x0000000b7f000000, 0x0000000b7f7fffd0, 0x0000000b7f800000| 99%| O|  |TAMS 0x0000000b7f7fffd0| PB 0x0000000b7f000000| Untracked |  0
|  73|0x0000000b7f800000, 0x0000000b7ffffff0, 0x0000000b80000000| 99%| O|  |TAMS 0x0000000b7ffffff0| PB 0x0000000b7f800000| Untracked |  0
|  74|0x0000000b80000000, 0x0000000b807fffd8, 0x0000000b80800000| 99%| O|  |TAMS 0x0000000b807fffd8| PB 0x0000000b80000000| Untracked |  0
|  75|0x0000000b80800000, 0x0000000b80ffffb8, 0x0000000b81000000| 99%| O|  |TAMS 0x0000000b80ffffb8| PB 0x0000000b80800000| Untracked |  0
|  76|0x0000000b81000000, 0x0000000b81800000, 0x0000000b81800000|100%| O|  |TAMS 0x0000000b81800000| PB 0x0000000b81000000| Untracked |  0
|  77|0x0000000b81800000, 0x0000000b81fff7d8, 0x0000000b82000000| 99%| O|  |TAMS 0x0000000b81fff7d8| PB 0x0000000b81800000| Untracked |  0
|  78|0x0000000b82000000, 0x0000000b827ffe28, 0x0000000b82800000| 99%| O|  |TAMS 0x0000000b827ffe28| PB 0x0000000b82000000| Untracked |  0
|  79|0x0000000b82800000, 0x0000000b82ff2518, 0x0000000b83000000| 99%| O|  |TAMS 0x0000000b82ff2518| PB 0x0000000b82800000| Untracked |  0
|  80|0x0000000b83000000, 0x0000000b837fffd8, 0x0000000b83800000| 99%| O|  |TAMS 0x0000000b837fffd8| PB 0x0000000b83000000| Untracked |  0
|  81|0x0000000b83800000, 0x0000000b83fffff8, 0x0000000b84000000| 99%| O|  |TAMS 0x0000000b83fffff8| PB 0x0000000b83800000| Untracked |  0
|  82|0x0000000b84000000, 0x0000000b847fffb8, 0x0000000b84800000| 99%| O|  |TAMS 0x0000000b847fffb8| PB 0x0000000b84000000| Untracked |  0
|  83|0x0000000b84800000, 0x0000000b84ffffa0, 0x0000000b85000000| 99%| O|  |TAMS 0x0000000b84ffffa0| PB 0x0000000b84800000| Untracked |  0
|  84|0x0000000b85000000, 0x0000000b857fffc8, 0x0000000b85800000| 99%| O|  |TAMS 0x0000000b857fffc8| PB 0x0000000b85000000| Untracked |  0
|  85|0x0000000b85800000, 0x0000000b859bbef8, 0x0000000b86000000| 21%| O|  |TAMS 0x0000000b85800000| PB 0x0000000b85800000| Untracked |  0
|  86|0x0000000b86000000, 0x0000000b867fffe8, 0x0000000b86800000| 99%| O|  |TAMS 0x0000000b867fffe8| PB 0x0000000b86000000| Untracked |  0
|  87|0x0000000b86800000, 0x0000000b86ffffa8, 0x0000000b87000000| 99%| O|  |TAMS 0x0000000b86ffffa8| PB 0x0000000b86800000| Untracked |  0
|  88|0x0000000b87000000, 0x0000000b877fffd8, 0x0000000b87800000| 99%| O|  |TAMS 0x0000000b877fffd8| PB 0x0000000b87000000| Untracked |  0
|  89|0x0000000b87800000, 0x0000000b87fffff0, 0x0000000b88000000| 99%| O|  |TAMS 0x0000000b87fffff0| PB 0x0000000b87800000| Untracked |  0
|  90|0x0000000b88000000, 0x0000000b887ffff0, 0x0000000b88800000| 99%| O|  |TAMS 0x0000000b887ffff0| PB 0x0000000b88000000| Untracked |  0
|  91|0x0000000b88800000, 0x0000000b89000000, 0x0000000b89000000|100%| O|  |TAMS 0x0000000b89000000| PB 0x0000000b88800000| Untracked |  0
|  92|0x0000000b89000000, 0x0000000b897ffff8, 0x0000000b89800000| 99%| O|  |TAMS 0x0000000b897ffff8| PB 0x0000000b89000000| Untracked |  0
|  93|0x0000000b89800000, 0x0000000b8a000000, 0x0000000b8a000000|100%| O|  |TAMS 0x0000000b8a000000| PB 0x0000000b89800000| Untracked |  0
|  94|0x0000000b8a000000, 0x0000000b8a7caf30, 0x0000000b8a800000| 97%| O|  |TAMS 0x0000000b8a7caf30| PB 0x0000000b8a000000| Untracked |  0
|  95|0x0000000b8a800000, 0x0000000b8affffe0, 0x0000000b8b000000| 99%| O|  |TAMS 0x0000000b8affffe0| PB 0x0000000b8a800000| Untracked |  0
|  96|0x0000000b8b000000, 0x0000000b8b7fffe0, 0x0000000b8b800000| 99%| O|  |TAMS 0x0000000b8b7fffe0| PB 0x0000000b8b000000| Untracked |  0
|  97|0x0000000b8b800000, 0x0000000b8bfffff8, 0x0000000b8c000000| 99%| O|  |TAMS 0x0000000b8bfffff8| PB 0x0000000b8b800000| Untracked |  0
|  98|0x0000000b8c000000, 0x0000000b8c7ffff0, 0x0000000b8c800000| 99%| O|  |TAMS 0x0000000b8c7ffff0| PB 0x0000000b8c000000| Untracked |  0
|  99|0x0000000b8c800000, 0x0000000b8d000000, 0x0000000b8d000000|100%| O|  |TAMS 0x0000000b8d000000| PB 0x0000000b8c800000| Untracked |  0
| 100|0x0000000b8d000000, 0x0000000b8d7ff988, 0x0000000b8d800000| 99%| O|  |TAMS 0x0000000b8d7ff988| PB 0x0000000b8d000000| Untracked |  0
| 101|0x0000000b8d800000, 0x0000000b8dfffc70, 0x0000000b8e000000| 99%| O|  |TAMS 0x0000000b8dfffc70| PB 0x0000000b8d800000| Untracked |  0
| 102|0x0000000b8e000000, 0x0000000b8e7ffff8, 0x0000000b8e800000| 99%| O|  |TAMS 0x0000000b8e7ffff8| PB 0x0000000b8e000000| Untracked |  0
| 103|0x0000000b8e800000, 0x0000000b8f000000, 0x0000000b8f000000|100%| O|  |TAMS 0x0000000b8f000000| PB 0x0000000b8e800000| Untracked |  0
| 104|0x0000000b8f000000, 0x0000000b8f7fff58, 0x0000000b8f800000| 99%| O|  |TAMS 0x0000000b8f7fff58| PB 0x0000000b8f000000| Untracked |  0
| 105|0x0000000b8f800000, 0x0000000b90000000, 0x0000000b90000000|100%| O|  |TAMS 0x0000000b90000000| PB 0x0000000b8f800000| Untracked |  0
| 106|0x0000000b90000000, 0x0000000b90800000, 0x0000000b90800000|100%| O|  |TAMS 0x0000000b90800000| PB 0x0000000b90000000| Untracked |  0
| 107|0x0000000b90800000, 0x0000000b90fffff0, 0x0000000b91000000| 99%| O|  |TAMS 0x0000000b90fffff0| PB 0x0000000b90800000| Untracked |  0
| 108|0x0000000b91000000, 0x0000000b91800000, 0x0000000b91800000|100%| O|  |TAMS 0x0000000b91800000| PB 0x0000000b91000000| Untracked |  0
| 109|0x0000000b91800000, 0x0000000b92000000, 0x0000000b92000000|100%| O|  |TAMS 0x0000000b92000000| PB 0x0000000b91800000| Untracked |  0
| 110|0x0000000b92000000, 0x0000000b927fffd8, 0x0000000b92800000| 99%| O|  |TAMS 0x0000000b927fffd8| PB 0x0000000b92000000| Untracked |  0
| 111|0x0000000b92800000, 0x0000000b92ff1ee0, 0x0000000b93000000| 99%| O|  |TAMS 0x0000000b92ff1ee0| PB 0x0000000b92800000| Untracked |  0
| 112|0x0000000b93000000, 0x0000000b93800000, 0x0000000b93800000|100%| O|  |TAMS 0x0000000b93800000| PB 0x0000000b93000000| Untracked |  0
| 113|0x0000000b93800000, 0x0000000b94000000, 0x0000000b94000000|100%| O|  |TAMS 0x0000000b94000000| PB 0x0000000b93800000| Untracked |  0
| 114|0x0000000b94000000, 0x0000000b94800000, 0x0000000b94800000|100%| O|  |TAMS 0x0000000b94800000| PB 0x0000000b94000000| Untracked |  0
| 115|0x0000000b94800000, 0x0000000b95000000, 0x0000000b95000000|100%| O|  |TAMS 0x0000000b95000000| PB 0x0000000b94800000| Untracked |  0
| 116|0x0000000b95000000, 0x0000000b957fffd8, 0x0000000b95800000| 99%| O|  |TAMS 0x0000000b957fffd8| PB 0x0000000b95000000| Untracked |  0
| 117|0x0000000b95800000, 0x0000000b95fffff8, 0x0000000b96000000| 99%| O|  |TAMS 0x0000000b95fffff8| PB 0x0000000b95800000| Untracked |  0
| 118|0x0000000b96000000, 0x0000000b967fffe8, 0x0000000b96800000| 99%| O|  |TAMS 0x0000000b967fffe8| PB 0x0000000b96000000| Untracked |  0
| 119|0x0000000b96800000, 0x0000000b96ffffc0, 0x0000000b97000000| 99%| O|  |TAMS 0x0000000b96ffffc0| PB 0x0000000b96800000| Untracked |  0
| 120|0x0000000b97000000, 0x0000000b977ffff8, 0x0000000b97800000| 99%| O|  |TAMS 0x0000000b977ffff8| PB 0x0000000b97000000| Untracked |  0
| 121|0x0000000b97800000, 0x0000000b98000000, 0x0000000b98000000|100%| O|  |TAMS 0x0000000b98000000| PB 0x0000000b97800000| Untracked |  0
| 122|0x0000000b98000000, 0x0000000b987fffe0, 0x0000000b98800000| 99%| O|  |TAMS 0x0000000b987fffe0| PB 0x0000000b98000000| Untracked |  0
| 123|0x0000000b98800000, 0x0000000b98fffff8, 0x0000000b99000000| 99%| O|  |TAMS 0x0000000b98fffff8| PB 0x0000000b98800000| Untracked |  0
| 124|0x0000000b99000000, 0x0000000b997fff80, 0x0000000b99800000| 99%| O|  |TAMS 0x0000000b997fff80| PB 0x0000000b99000000| Untracked |  0
| 125|0x0000000b99800000, 0x0000000b9a000000, 0x0000000b9a000000|100%| O|  |TAMS 0x0000000b9a000000| PB 0x0000000b99800000| Untracked |  0
| 126|0x0000000b9a000000, 0x0000000b9a800000, 0x0000000b9a800000|100%| O|  |TAMS 0x0000000b9a800000| PB 0x0000000b9a000000| Untracked |  0
| 127|0x0000000b9a800000, 0x0000000b9afffff8, 0x0000000b9b000000| 99%| O|  |TAMS 0x0000000b9afffff8| PB 0x0000000b9a800000| Untracked |  0
| 128|0x0000000b9b000000, 0x0000000b9b7fa680, 0x0000000b9b800000| 99%| O|  |TAMS 0x0000000b9b7fa680| PB 0x0000000b9b000000| Untracked |  0
| 129|0x0000000b9b800000, 0x0000000b9c000000, 0x0000000b9c000000|100%| O|  |TAMS 0x0000000b9c000000| PB 0x0000000b9b800000| Untracked |  0
| 130|0x0000000b9c000000, 0x0000000b9c7ffe68, 0x0000000b9c800000| 99%| O|  |TAMS 0x0000000b9c7ffe68| PB 0x0000000b9c000000| Untracked |  0
| 131|0x0000000b9c800000, 0x0000000b9cfffff0, 0x0000000b9d000000| 99%| O|  |TAMS 0x0000000b9cfffff0| PB 0x0000000b9c800000| Untracked |  0
| 132|0x0000000b9d000000, 0x0000000b9d7fffd8, 0x0000000b9d800000| 99%| O|  |TAMS 0x0000000b9d7fffd8| PB 0x0000000b9d000000| Untracked |  0
| 133|0x0000000b9d800000, 0x0000000b9e000000, 0x0000000b9e000000|100%| O|  |TAMS 0x0000000b9e000000| PB 0x0000000b9d800000| Untracked |  0
| 134|0x0000000b9e000000, 0x0000000b9e800000, 0x0000000b9e800000|100%| O|  |TAMS 0x0000000b9e800000| PB 0x0000000b9e000000| Untracked |  0
| 135|0x0000000b9e800000, 0x0000000b9effd370, 0x0000000b9f000000| 99%| O|  |TAMS 0x0000000b9effd370| PB 0x0000000b9e800000| Untracked |  0
| 136|0x0000000b9f000000, 0x0000000b9f7fffa8, 0x0000000b9f800000| 99%| O|  |TAMS 0x0000000b9f7fffa8| PB 0x0000000b9f000000| Untracked |  0
| 137|0x0000000b9f800000, 0x0000000b9fffffe0, 0x0000000ba0000000| 99%| O|  |TAMS 0x0000000b9fffffe0| PB 0x0000000b9f800000| Untracked |  0
| 138|0x0000000ba0000000, 0x0000000ba07fff30, 0x0000000ba0800000| 99%| O|  |TAMS 0x0000000ba07fff30| PB 0x0000000ba0000000| Untracked |  0
| 139|0x0000000ba0800000, 0x0000000ba0ffffe0, 0x0000000ba1000000| 99%| O|  |TAMS 0x0000000ba0ffffe0| PB 0x0000000ba0800000| Untracked |  0
| 140|0x0000000ba1000000, 0x0000000ba17ffff0, 0x0000000ba1800000| 99%| O|  |TAMS 0x0000000ba17ffff0| PB 0x0000000ba1000000| Untracked |  0
| 141|0x0000000ba1800000, 0x0000000ba1ffffe8, 0x0000000ba2000000| 99%| O|  |TAMS 0x0000000ba1ffffe8| PB 0x0000000ba1800000| Untracked |  0
| 142|0x0000000ba2000000, 0x0000000ba27ffbf8, 0x0000000ba2800000| 99%| O|  |TAMS 0x0000000ba27ffbf8| PB 0x0000000ba2000000| Untracked |  0
| 143|0x0000000ba2800000, 0x0000000ba2fffff0, 0x0000000ba3000000| 99%| O|  |TAMS 0x0000000ba2fffff0| PB 0x0000000ba2800000| Untracked |  0
| 144|0x0000000ba3000000, 0x0000000ba37ffff8, 0x0000000ba3800000| 99%| O|  |TAMS 0x0000000ba37ffff8| PB 0x0000000ba3000000| Untracked |  0
| 145|0x0000000ba3800000, 0x0000000ba3fffff0, 0x0000000ba4000000| 99%| O|  |TAMS 0x0000000ba3fffff0| PB 0x0000000ba3800000| Untracked |  0
| 146|0x0000000ba4000000, 0x0000000ba47ffff8, 0x0000000ba4800000| 99%| O|  |TAMS 0x0000000ba47ffff8| PB 0x0000000ba4000000| Untracked |  0
| 147|0x0000000ba4800000, 0x0000000ba4ffffb0, 0x0000000ba5000000| 99%| O|  |TAMS 0x0000000ba4ffffb0| PB 0x0000000ba4800000| Untracked |  0
| 148|0x0000000ba5000000, 0x0000000ba57ffff0, 0x0000000ba5800000| 99%| O|  |TAMS 0x0000000ba57ffff0| PB 0x0000000ba5000000| Untracked |  0
| 149|0x0000000ba5800000, 0x0000000ba5fff970, 0x0000000ba6000000| 99%| O|  |TAMS 0x0000000ba5fff970| PB 0x0000000ba5800000| Untracked |  0
| 150|0x0000000ba6000000, 0x0000000ba67fffb8, 0x0000000ba6800000| 99%| O|  |TAMS 0x0000000ba67fffb8| PB 0x0000000ba6000000| Untracked |  0
| 151|0x0000000ba6800000, 0x0000000ba6ffffb0, 0x0000000ba7000000| 99%| O|  |TAMS 0x0000000ba6ffffb0| PB 0x0000000ba6800000| Untracked |  0
| 152|0x0000000ba7000000, 0x0000000ba77fffb0, 0x0000000ba7800000| 99%| O|  |TAMS 0x0000000ba77fffb0| PB 0x0000000ba7000000| Untracked |  0
| 153|0x0000000ba7800000, 0x0000000ba7fffec8, 0x0000000ba8000000| 99%| O|  |TAMS 0x0000000ba7fffec8| PB 0x0000000ba7800000| Untracked |  0
| 154|0x0000000ba8000000, 0x0000000ba87ff9d0, 0x0000000ba8800000| 99%| O|  |TAMS 0x0000000ba87ff9d0| PB 0x0000000ba8000000| Untracked |  0
| 155|0x0000000ba8800000, 0x0000000ba8ffffa0, 0x0000000ba9000000| 99%| O|  |TAMS 0x0000000ba8ffffa0| PB 0x0000000ba8800000| Untracked |  0
| 156|0x0000000ba9000000, 0x0000000ba97fff80, 0x0000000ba9800000| 99%| O|  |TAMS 0x0000000ba97fff80| PB 0x0000000ba9000000| Untracked |  0
| 157|0x0000000ba9800000, 0x0000000ba9ffffd8, 0x0000000baa000000| 99%| O|  |TAMS 0x0000000ba9ffffd8| PB 0x0000000ba9800000| Untracked |  0
| 158|0x0000000baa000000, 0x0000000baa7dcb50, 0x0000000baa800000| 98%| O|  |TAMS 0x0000000baa7dcb50| PB 0x0000000baa000000| Untracked |  0
| 159|0x0000000baa800000, 0x0000000baafbdec8, 0x0000000bab000000| 96%| O|  |TAMS 0x0000000baafbdec8| PB 0x0000000baa800000| Untracked |  0
| 160|0x0000000bab000000, 0x0000000bab7ffd58, 0x0000000bab800000| 99%| O|  |TAMS 0x0000000bab7ffd58| PB 0x0000000bab000000| Untracked |  0
| 161|0x0000000bab800000, 0x0000000babfffb18, 0x0000000bac000000| 99%| O|  |TAMS 0x0000000babfffb18| PB 0x0000000bab800000| Untracked |  0
| 162|0x0000000bac000000, 0x0000000bac7c3f20, 0x0000000bac800000| 97%| O|  |TAMS 0x0000000bac7c3f20| PB 0x0000000bac000000| Untracked |  0
| 163|0x0000000bac800000, 0x0000000bacfffd20, 0x0000000bad000000| 99%| O|  |TAMS 0x0000000bacfffd20| PB 0x0000000bac800000| Untracked |  0
| 164|0x0000000bad000000, 0x0000000bad7fff38, 0x0000000bad800000| 99%| O|  |TAMS 0x0000000bad7fff38| PB 0x0000000bad000000| Untracked |  0
| 165|0x0000000bad800000, 0x0000000bae000000, 0x0000000bae000000|100%| O|  |TAMS 0x0000000bae000000| PB 0x0000000bad800000| Untracked |  0
| 166|0x0000000bae000000, 0x0000000bae7ffff0, 0x0000000bae800000| 99%| O|  |TAMS 0x0000000bae7ffff0| PB 0x0000000bae000000| Untracked |  0
| 167|0x0000000bae800000, 0x0000000baefffcc8, 0x0000000baf000000| 99%| O|  |TAMS 0x0000000baefffcc8| PB 0x0000000bae800000| Untracked |  0
| 168|0x0000000baf000000, 0x0000000baf7ffff0, 0x0000000baf800000| 99%| O|  |TAMS 0x0000000baf7ffff0| PB 0x0000000baf000000| Untracked |  0
| 169|0x0000000baf800000, 0x0000000bb0000000, 0x0000000bb0000000|100%| O|  |TAMS 0x0000000bb0000000| PB 0x0000000baf800000| Untracked |  0
| 170|0x0000000bb0000000, 0x0000000bb07ffff8, 0x0000000bb0800000| 99%| O|  |TAMS 0x0000000bb07ffff8| PB 0x0000000bb0000000| Untracked |  0
| 171|0x0000000bb0800000, 0x0000000bb0fffd18, 0x0000000bb1000000| 99%| O|  |TAMS 0x0000000bb0fffd18| PB 0x0000000bb0800000| Untracked |  0
| 172|0x0000000bb1000000, 0x0000000bb17ffff8, 0x0000000bb1800000| 99%| O|  |TAMS 0x0000000bb17ffff8| PB 0x0000000bb1000000| Untracked |  0
| 173|0x0000000bb1800000, 0x0000000bb1fffa30, 0x0000000bb2000000| 99%| O|  |TAMS 0x0000000bb1fffa30| PB 0x0000000bb1800000| Untracked |  0
| 174|0x0000000bb2000000, 0x0000000bb27fff88, 0x0000000bb2800000| 99%| O|  |TAMS 0x0000000bb27fff88| PB 0x0000000bb2000000| Untracked |  0
| 175|0x0000000bb2800000, 0x0000000bb2fffff8, 0x0000000bb3000000| 99%| O|  |TAMS 0x0000000bb2fffff8| PB 0x0000000bb2800000| Untracked |  0
| 176|0x0000000bb3000000, 0x0000000bb37fffe8, 0x0000000bb3800000| 99%| O|  |TAMS 0x0000000bb37fffe8| PB 0x0000000bb3000000| Untracked |  0
| 177|0x0000000bb3800000, 0x0000000bb3ffffb0, 0x0000000bb4000000| 99%| O|  |TAMS 0x0000000bb3ffffb0| PB 0x0000000bb3800000| Untracked |  0
| 178|0x0000000bb4000000, 0x0000000bb47ffff0, 0x0000000bb4800000| 99%| O|  |TAMS 0x0000000bb47ffff0| PB 0x0000000bb4000000| Untracked |  0
| 179|0x0000000bb4800000, 0x0000000bb4fffa40, 0x0000000bb5000000| 99%| O|  |TAMS 0x0000000bb4fffa40| PB 0x0000000bb4800000| Untracked |  0
| 180|0x0000000bb5000000, 0x0000000bb57ffff8, 0x0000000bb5800000| 99%| O|  |TAMS 0x0000000bb57ffff8| PB 0x0000000bb5000000| Untracked |  0
| 181|0x0000000bb5800000, 0x0000000bb5fffa78, 0x0000000bb6000000| 99%| O|  |TAMS 0x0000000bb5fffa78| PB 0x0000000bb5800000| Untracked |  0
| 182|0x0000000bb6000000, 0x0000000bb67ffff0, 0x0000000bb6800000| 99%| O|  |TAMS 0x0000000bb67ffff0| PB 0x0000000bb6000000| Untracked |  0
| 183|0x0000000bb6800000, 0x0000000bb6fffef8, 0x0000000bb7000000| 99%| O|  |TAMS 0x0000000bb6fffef8| PB 0x0000000bb6800000| Untracked |  0
| 184|0x0000000bb7000000, 0x0000000bb77ffa50, 0x0000000bb7800000| 99%| O|  |TAMS 0x0000000bb77ffa50| PB 0x0000000bb7000000| Untracked |  0
| 185|0x0000000bb7800000, 0x0000000bb7ffffb0, 0x0000000bb8000000| 99%| O|  |TAMS 0x0000000bb7ffffb0| PB 0x0000000bb7800000| Untracked |  0
| 186|0x0000000bb8000000, 0x0000000bb87fffe0, 0x0000000bb8800000| 99%| O|  |TAMS 0x0000000bb87fffe0| PB 0x0000000bb8000000| Untracked |  0
| 187|0x0000000bb8800000, 0x0000000bb8fffff8, 0x0000000bb9000000| 99%| O|  |TAMS 0x0000000bb8fffff8| PB 0x0000000bb8800000| Untracked |  0
| 188|0x0000000bb9000000, 0x0000000bb97ffff0, 0x0000000bb9800000| 99%| O|  |TAMS 0x0000000bb97ffff0| PB 0x0000000bb9000000| Untracked |  0
| 189|0x0000000bb9800000, 0x0000000bb9fff990, 0x0000000bba000000| 99%| O|  |TAMS 0x0000000bb9fff990| PB 0x0000000bb9800000| Untracked |  0
| 190|0x0000000bba000000, 0x0000000bba7ffd80, 0x0000000bba800000| 99%| O|  |TAMS 0x0000000bba7ffd80| PB 0x0000000bba000000| Untracked |  0
| 191|0x0000000bba800000, 0x0000000bbafffad0, 0x0000000bbb000000| 99%| O|  |TAMS 0x0000000bbafffad0| PB 0x0000000bba800000| Untracked |  0
| 192|0x0000000bbb000000, 0x0000000bbb7fff98, 0x0000000bbb800000| 99%| O|  |TAMS 0x0000000bbb7fff98| PB 0x0000000bbb000000| Untracked |  0
| 193|0x0000000bbb800000, 0x0000000bbbfff860, 0x0000000bbc000000| 99%| O|  |TAMS 0x0000000bbbfff860| PB 0x0000000bbb800000| Untracked |  0
| 194|0x0000000bbc000000, 0x0000000bbc7fffd8, 0x0000000bbc800000| 99%| O|  |TAMS 0x0000000bbc7fffd8| PB 0x0000000bbc000000| Untracked |  0
| 195|0x0000000bbc800000, 0x0000000bbcfff9f0, 0x0000000bbd000000| 99%| O|  |TAMS 0x0000000bbcfff9f0| PB 0x0000000bbc800000| Untracked |  0
| 196|0x0000000bbd000000, 0x0000000bbd7fff08, 0x0000000bbd800000| 99%| O|  |TAMS 0x0000000bbd7fff08| PB 0x0000000bbd000000| Untracked |  0
| 197|0x0000000bbd800000, 0x0000000bbdfffbc0, 0x0000000bbe000000| 99%| O|  |TAMS 0x0000000bbdfffbc0| PB 0x0000000bbd800000| Untracked |  0
| 198|0x0000000bbe000000, 0x0000000bbe7ff9a0, 0x0000000bbe800000| 99%| O|  |TAMS 0x0000000bbe7ff9a0| PB 0x0000000bbe000000| Untracked |  0
| 199|0x0000000bbe800000, 0x0000000bbefffe90, 0x0000000bbf000000| 99%| O|  |TAMS 0x0000000bbefffe90| PB 0x0000000bbe800000| Untracked |  0
| 200|0x0000000bbf000000, 0x0000000bbf7fffe8, 0x0000000bbf800000| 99%| O|  |TAMS 0x0000000bbf7fffe8| PB 0x0000000bbf000000| Untracked |  0
| 201|0x0000000bbf800000, 0x0000000bbfffffd8, 0x0000000bc0000000| 99%| O|  |TAMS 0x0000000bbfffffd8| PB 0x0000000bbf800000| Untracked |  0
| 202|0x0000000bc0000000, 0x0000000bc0800000, 0x0000000bc0800000|100%| O|  |TAMS 0x0000000bc0800000| PB 0x0000000bc0000000| Untracked |  0
| 203|0x0000000bc0800000, 0x0000000bc1000000, 0x0000000bc1000000|100%| O|  |TAMS 0x0000000bc1000000| PB 0x0000000bc0800000| Untracked |  0
| 204|0x0000000bc1000000, 0x0000000bc17fffe8, 0x0000000bc1800000| 99%| O|  |TAMS 0x0000000bc17fffe8| PB 0x0000000bc1000000| Untracked |  0
| 205|0x0000000bc1800000, 0x0000000bc1fff860, 0x0000000bc2000000| 99%| O|  |TAMS 0x0000000bc1fff860| PB 0x0000000bc1800000| Untracked |  0
| 206|0x0000000bc2000000, 0x0000000bc27ffa18, 0x0000000bc2800000| 99%| O|  |TAMS 0x0000000bc27ffa18| PB 0x0000000bc2000000| Untracked |  0
| 207|0x0000000bc2800000, 0x0000000bc2fffc30, 0x0000000bc3000000| 99%| O|  |TAMS 0x0000000bc2fffc30| PB 0x0000000bc2800000| Untracked |  0
| 208|0x0000000bc3000000, 0x0000000bc37ff9a8, 0x0000000bc3800000| 99%| O|  |TAMS 0x0000000bc37ff9a8| PB 0x0000000bc3000000| Untracked |  0
| 209|0x0000000bc3800000, 0x0000000bc3fffbf0, 0x0000000bc4000000| 99%| O|  |TAMS 0x0000000bc3fffbf0| PB 0x0000000bc3800000| Untracked |  0
| 210|0x0000000bc4000000, 0x0000000bc47ffe40, 0x0000000bc4800000| 99%| O|  |TAMS 0x0000000bc47ffe40| PB 0x0000000bc4000000| Untracked |  0
| 211|0x0000000bc4800000, 0x0000000bc4fffe30, 0x0000000bc5000000| 99%| O|  |TAMS 0x0000000bc4fffe30| PB 0x0000000bc4800000| Untracked |  0
| 212|0x0000000bc5000000, 0x0000000bc57ffa58, 0x0000000bc5800000| 99%| O|  |TAMS 0x0000000bc57ffa58| PB 0x0000000bc5000000| Untracked |  0
| 213|0x0000000bc5800000, 0x0000000bc5fffcb8, 0x0000000bc6000000| 99%| O|  |TAMS 0x0000000bc5fffcb8| PB 0x0000000bc5800000| Untracked |  0
| 214|0x0000000bc6000000, 0x0000000bc67ffc68, 0x0000000bc6800000| 99%| O|  |TAMS 0x0000000bc67ffc68| PB 0x0000000bc6000000| Untracked |  0
| 215|0x0000000bc6800000, 0x0000000bc7000000, 0x0000000bc7000000|100%| O|  |TAMS 0x0000000bc7000000| PB 0x0000000bc6800000| Untracked |  0
| 216|0x0000000bc7000000, 0x0000000bc7800000, 0x0000000bc7800000|100%| O|  |TAMS 0x0000000bc7800000| PB 0x0000000bc7000000| Untracked |  0
| 217|0x0000000bc7800000, 0x0000000bc7ffffb0, 0x0000000bc8000000| 99%| O|  |TAMS 0x0000000bc7ffffb0| PB 0x0000000bc7800000| Untracked |  0
| 218|0x0000000bc8000000, 0x0000000bc87ffff0, 0x0000000bc8800000| 99%| O|  |TAMS 0x0000000bc87ffff0| PB 0x0000000bc8000000| Untracked |  0
| 219|0x0000000bc8800000, 0x0000000bc8fffe40, 0x0000000bc9000000| 99%| O|  |TAMS 0x0000000bc8fffe40| PB 0x0000000bc8800000| Untracked |  0
| 220|0x0000000bc9000000, 0x0000000bc97ffd48, 0x0000000bc9800000| 99%| O|  |TAMS 0x0000000bc97ffd48| PB 0x0000000bc9000000| Untracked |  0
| 221|0x0000000bc9800000, 0x0000000bca000000, 0x0000000bca000000|100%| O|  |TAMS 0x0000000bca000000| PB 0x0000000bc9800000| Untracked |  0
| 222|0x0000000bca000000, 0x0000000bca800000, 0x0000000bca800000|100%| O|  |TAMS 0x0000000bca800000| PB 0x0000000bca000000| Untracked |  0
| 223|0x0000000bca800000, 0x0000000bcb000000, 0x0000000bcb000000|100%| O|  |TAMS 0x0000000bcb000000| PB 0x0000000bca800000| Untracked |  0
| 224|0x0000000bcb000000, 0x0000000bcb800000, 0x0000000bcb800000|100%| O|  |TAMS 0x0000000bcb800000| PB 0x0000000bcb000000| Untracked |  0
| 225|0x0000000bcb800000, 0x0000000bcc000000, 0x0000000bcc000000|100%| O|  |TAMS 0x0000000bcc000000| PB 0x0000000bcb800000| Untracked |  0
| 226|0x0000000bcc000000, 0x0000000bcc800000, 0x0000000bcc800000|100%| O|  |TAMS 0x0000000bcc800000| PB 0x0000000bcc000000| Untracked |  0
| 227|0x0000000bcc800000, 0x0000000bcd000000, 0x0000000bcd000000|100%| O|  |TAMS 0x0000000bcd000000| PB 0x0000000bcc800000| Untracked |  0
| 228|0x0000000bcd000000, 0x0000000bcd800000, 0x0000000bcd800000|100%| O|  |TAMS 0x0000000bcd800000| PB 0x0000000bcd000000| Untracked |  0
| 229|0x0000000bcd800000, 0x0000000bcdfffd38, 0x0000000bce000000| 99%| O|  |TAMS 0x0000000bcdfffd38| PB 0x0000000bcd800000| Untracked |  0
| 230|0x0000000bce000000, 0x0000000bce7ff8f8, 0x0000000bce800000| 99%| O|  |TAMS 0x0000000bce7ff8f8| PB 0x0000000bce000000| Untracked |  0
| 231|0x0000000bce800000, 0x0000000bcefff9c0, 0x0000000bcf000000| 99%| O|  |TAMS 0x0000000bcefff9c0| PB 0x0000000bce800000| Untracked |  0
| 232|0x0000000bcf000000, 0x0000000bcf7ffcc0, 0x0000000bcf800000| 99%| O|  |TAMS 0x0000000bcf7ffcc0| PB 0x0000000bcf000000| Untracked |  0
| 233|0x0000000bcf800000, 0x0000000bcffffff0, 0x0000000bd0000000| 99%| O|  |TAMS 0x0000000bcffffff0| PB 0x0000000bcf800000| Untracked |  0
| 234|0x0000000bd0000000, 0x0000000bd07ff928, 0x0000000bd0800000| 99%| O|  |TAMS 0x0000000bd07ff928| PB 0x0000000bd0000000| Untracked |  0
| 235|0x0000000bd0800000, 0x0000000bd0fffa10, 0x0000000bd1000000| 99%| O|  |TAMS 0x0000000bd0fffa10| PB 0x0000000bd0800000| Untracked |  0
| 236|0x0000000bd1000000, 0x0000000bd17ffe38, 0x0000000bd1800000| 99%| O|  |TAMS 0x0000000bd17ffe38| PB 0x0000000bd1000000| Untracked |  0
| 237|0x0000000bd1800000, 0x0000000bd1ffffe8, 0x0000000bd2000000| 99%| O|  |TAMS 0x0000000bd1ffffe8| PB 0x0000000bd1800000| Untracked |  0
| 238|0x0000000bd2000000, 0x0000000bd27fffe8, 0x0000000bd2800000| 99%| O|  |TAMS 0x0000000bd27fffe8| PB 0x0000000bd2000000| Untracked |  0
| 239|0x0000000bd2800000, 0x0000000bd2fffaf0, 0x0000000bd3000000| 99%| O|  |TAMS 0x0000000bd2fffaf0| PB 0x0000000bd2800000| Untracked |  0
| 240|0x0000000bd3000000, 0x0000000bd37fff10, 0x0000000bd3800000| 99%| O|  |TAMS 0x0000000bd37fff10| PB 0x0000000bd3000000| Untracked |  0
| 241|0x0000000bd3800000, 0x0000000bd3fffc38, 0x0000000bd4000000| 99%| O|  |TAMS 0x0000000bd3fffc38| PB 0x0000000bd3800000| Untracked |  0
| 242|0x0000000bd4000000, 0x0000000bd47ff998, 0x0000000bd4800000| 99%| O|  |TAMS 0x0000000bd47ff998| PB 0x0000000bd4000000| Untracked |  0
| 243|0x0000000bd4800000, 0x0000000bd4ffff90, 0x0000000bd5000000| 99%| O|  |TAMS 0x0000000bd4ffff90| PB 0x0000000bd4800000| Untracked |  0
| 244|0x0000000bd5000000, 0x0000000bd57ffd20, 0x0000000bd5800000| 99%| O|  |TAMS 0x0000000bd57ffd20| PB 0x0000000bd5000000| Untracked |  0
| 245|0x0000000bd5800000, 0x0000000bd5fffd60, 0x0000000bd6000000| 99%| O|  |TAMS 0x0000000bd5fffd60| PB 0x0000000bd5800000| Untracked |  0
| 246|0x0000000bd6000000, 0x0000000bd67fffd8, 0x0000000bd6800000| 99%| O|  |TAMS 0x0000000bd67fffd8| PB 0x0000000bd6000000| Untracked |  0
| 247|0x0000000bd6800000, 0x0000000bd6fffcf0, 0x0000000bd7000000| 99%| O|  |TAMS 0x0000000bd6fffcf0| PB 0x0000000bd6800000| Untracked |  0
| 248|0x0000000bd7000000, 0x0000000bd77ffa78, 0x0000000bd7800000| 99%| O|  |TAMS 0x0000000bd77ffa78| PB 0x0000000bd7000000| Untracked |  0
| 249|0x0000000bd7800000, 0x0000000bd7ffff20, 0x0000000bd8000000| 99%| O|  |TAMS 0x0000000bd7ffff20| PB 0x0000000bd7800000| Untracked |  0
| 250|0x0000000bd8000000, 0x0000000bd87ffdb8, 0x0000000bd8800000| 99%| O|  |TAMS 0x0000000bd87ffdb8| PB 0x0000000bd8000000| Untracked |  0
| 251|0x0000000bd8800000, 0x0000000bd8fffff0, 0x0000000bd9000000| 99%| O|  |TAMS 0x0000000bd8fffff0| PB 0x0000000bd8800000| Untracked |  0
| 252|0x0000000bd9000000, 0x0000000bd97ffe50, 0x0000000bd9800000| 99%| O|  |TAMS 0x0000000bd97ffe50| PB 0x0000000bd9000000| Untracked |  0
| 253|0x0000000bd9800000, 0x0000000bd9ffff28, 0x0000000bda000000| 99%| O|  |TAMS 0x0000000bd9ffff28| PB 0x0000000bd9800000| Untracked |  0
| 254|0x0000000bda000000, 0x0000000bda7ffc28, 0x0000000bda800000| 99%| O|  |TAMS 0x0000000bda7ffc28| PB 0x0000000bda000000| Untracked |  0
| 255|0x0000000bda800000, 0x0000000bdafffff8, 0x0000000bdb000000| 99%| O|  |TAMS 0x0000000bdafffff8| PB 0x0000000bda800000| Untracked |  0
| 256|0x0000000bdb000000, 0x0000000bdb7fffd0, 0x0000000bdb800000| 99%| O|  |TAMS 0x0000000bdb7fffd0| PB 0x0000000bdb000000| Untracked |  0
| 257|0x0000000bdb800000, 0x0000000bdbfffe48, 0x0000000bdc000000| 99%| O|  |TAMS 0x0000000bdbfffe48| PB 0x0000000bdb800000| Untracked |  0
| 258|0x0000000bdc000000, 0x0000000bdc7ff880, 0x0000000bdc800000| 99%| O|  |TAMS 0x0000000bdc7ff880| PB 0x0000000bdc000000| Untracked |  0
| 259|0x0000000bdc800000, 0x0000000bdcffff98, 0x0000000bdd000000| 99%| O|  |TAMS 0x0000000bdcffff98| PB 0x0000000bdc800000| Untracked |  0
| 260|0x0000000bdd000000, 0x0000000bdd7fff60, 0x0000000bdd800000| 99%| O|  |TAMS 0x0000000bdd7fff60| PB 0x0000000bdd000000| Untracked |  0
| 261|0x0000000bdd800000, 0x0000000bddffffc0, 0x0000000bde000000| 99%| O|  |TAMS 0x0000000bddffffc0| PB 0x0000000bdd800000| Untracked |  0
| 262|0x0000000bde000000, 0x0000000bde7ffb38, 0x0000000bde800000| 99%| O|  |TAMS 0x0000000bde7ffb38| PB 0x0000000bde000000| Untracked |  0
| 263|0x0000000bde800000, 0x0000000bdefffff8, 0x0000000bdf000000| 99%| O|  |TAMS 0x0000000bdefffff8| PB 0x0000000bde800000| Untracked |  0
| 264|0x0000000bdf000000, 0x0000000bdf7ffe70, 0x0000000bdf800000| 99%| O|  |TAMS 0x0000000bdf7ffe70| PB 0x0000000bdf000000| Untracked |  0
| 265|0x0000000bdf800000, 0x0000000bdfffff70, 0x0000000be0000000| 99%| O|  |TAMS 0x0000000bdfffff70| PB 0x0000000bdf800000| Untracked |  0
| 266|0x0000000be0000000, 0x0000000be07ff9a0, 0x0000000be0800000| 99%| O|  |TAMS 0x0000000be07ff9a0| PB 0x0000000be0000000| Untracked |  0
| 267|0x0000000be0800000, 0x0000000be0fffbd8, 0x0000000be1000000| 99%| O|  |TAMS 0x0000000be0fffbd8| PB 0x0000000be0800000| Untracked |  0
| 268|0x0000000be1000000, 0x0000000be17ffcd0, 0x0000000be1800000| 99%| O|  |TAMS 0x0000000be17ffcd0| PB 0x0000000be1000000| Untracked |  0
| 269|0x0000000be1800000, 0x0000000be1ffff40, 0x0000000be2000000| 99%| O|  |TAMS 0x0000000be1ffff40| PB 0x0000000be1800000| Untracked |  0
| 270|0x0000000be2000000, 0x0000000be27fff50, 0x0000000be2800000| 99%| O|  |TAMS 0x0000000be27fff50| PB 0x0000000be2000000| Untracked |  0
| 271|0x0000000be2800000, 0x0000000be2fe3090, 0x0000000be3000000| 98%| O|  |TAMS 0x0000000be2fe3090| PB 0x0000000be2800000| Untracked |  0
| 272|0x0000000be3000000, 0x0000000be37ffbb0, 0x0000000be3800000| 99%| O|  |TAMS 0x0000000be37ffbb0| PB 0x0000000be3000000| Untracked |  0
| 273|0x0000000be3800000, 0x0000000be3ffff58, 0x0000000be4000000| 99%| O|  |TAMS 0x0000000be3ffff58| PB 0x0000000be3800000| Untracked |  0
| 274|0x0000000be4000000, 0x0000000be47fffe0, 0x0000000be4800000| 99%| O|  |TAMS 0x0000000be47fffe0| PB 0x0000000be4000000| Untracked |  0
| 275|0x0000000be4800000, 0x0000000be4ffffc0, 0x0000000be5000000| 99%| O|  |TAMS 0x0000000be4ffffc0| PB 0x0000000be4800000| Untracked |  0
| 276|0x0000000be5000000, 0x0000000be57ff8f0, 0x0000000be5800000| 99%| O|  |TAMS 0x0000000be57ff8f0| PB 0x0000000be5000000| Untracked |  0
| 277|0x0000000be5800000, 0x0000000be5fffd88, 0x0000000be6000000| 99%| O|  |TAMS 0x0000000be5fffd88| PB 0x0000000be5800000| Untracked |  0
| 278|0x0000000be6000000, 0x0000000be67fffe0, 0x0000000be6800000| 99%| O|  |TAMS 0x0000000be67fffe0| PB 0x0000000be6000000| Untracked |  0
| 279|0x0000000be6800000, 0x0000000be6ffffd0, 0x0000000be7000000| 99%| O|  |TAMS 0x0000000be6ffffd0| PB 0x0000000be6800000| Untracked |  0
| 280|0x0000000be7000000, 0x0000000be77ffa58, 0x0000000be7800000| 99%| O|  |TAMS 0x0000000be77ffa58| PB 0x0000000be7000000| Untracked |  0
| 281|0x0000000be7800000, 0x0000000be7fffd98, 0x0000000be8000000| 99%| O|  |TAMS 0x0000000be7fffd98| PB 0x0000000be7800000| Untracked |  0
| 282|0x0000000be8000000, 0x0000000be87ffc38, 0x0000000be8800000| 99%| O|  |TAMS 0x0000000be87ffc38| PB 0x0000000be8000000| Untracked |  0
| 283|0x0000000be8800000, 0x0000000be8ffffb8, 0x0000000be9000000| 99%| O|  |TAMS 0x0000000be8ffffb8| PB 0x0000000be8800000| Untracked |  0
| 284|0x0000000be9000000, 0x0000000be97ffdf0, 0x0000000be9800000| 99%| O|  |TAMS 0x0000000be97ffdf0| PB 0x0000000be9000000| Untracked |  0
| 285|0x0000000be9800000, 0x0000000be9fffdd0, 0x0000000bea000000| 99%| O|  |TAMS 0x0000000be9fffdd0| PB 0x0000000be9800000| Untracked |  0
| 286|0x0000000bea000000, 0x0000000bea7ffda0, 0x0000000bea800000| 99%| O|  |TAMS 0x0000000bea7ffda0| PB 0x0000000bea000000| Untracked |  0
| 287|0x0000000bea800000, 0x0000000beafffc50, 0x0000000beb000000| 99%| O|  |TAMS 0x0000000beafffc50| PB 0x0000000bea800000| Untracked |  0
| 288|0x0000000beb000000, 0x0000000beb7ff9c8, 0x0000000beb800000| 99%| O|  |TAMS 0x0000000beb7ff9c8| PB 0x0000000beb000000| Untracked |  0
| 289|0x0000000beb800000, 0x0000000bec000000, 0x0000000bec000000|100%| O|  |TAMS 0x0000000bec000000| PB 0x0000000beb800000| Untracked |  0
| 290|0x0000000bec000000, 0x0000000bec7fff28, 0x0000000bec800000| 99%| O|  |TAMS 0x0000000bec7fff28| PB 0x0000000bec000000| Untracked |  0
| 291|0x0000000bec800000, 0x0000000becfffff8, 0x0000000bed000000| 99%| O|  |TAMS 0x0000000becfffff8| PB 0x0000000bec800000| Untracked |  0
| 292|0x0000000bed000000, 0x0000000bed7ffad0, 0x0000000bed800000| 99%| O|  |TAMS 0x0000000bed7ffad0| PB 0x0000000bed000000| Untracked |  0
| 293|0x0000000bed800000, 0x0000000bedfffa38, 0x0000000bee000000| 99%| O|  |TAMS 0x0000000bedfffa38| PB 0x0000000bed800000| Untracked |  0
| 294|0x0000000bee000000, 0x0000000bee7ff850, 0x0000000bee800000| 99%| O|  |TAMS 0x0000000bee7ff850| PB 0x0000000bee000000| Untracked |  0
| 295|0x0000000bee800000, 0x0000000beefffe58, 0x0000000bef000000| 99%| O|  |TAMS 0x0000000beefffe58| PB 0x0000000bee800000| Untracked |  0
| 296|0x0000000bef000000, 0x0000000bef7ffd30, 0x0000000bef800000| 99%| O|  |TAMS 0x0000000bef7ffd30| PB 0x0000000bef000000| Untracked |  0
| 297|0x0000000bef800000, 0x0000000beffffbd8, 0x0000000bf0000000| 99%| O|  |TAMS 0x0000000beffffbd8| PB 0x0000000bef800000| Untracked |  0
| 298|0x0000000bf0000000, 0x0000000bf07ffb78, 0x0000000bf0800000| 99%| O|  |TAMS 0x0000000bf07ffb78| PB 0x0000000bf0000000| Untracked |  0
| 299|0x0000000bf0800000, 0x0000000bf0ffff48, 0x0000000bf1000000| 99%| O|  |TAMS 0x0000000bf0ffff48| PB 0x0000000bf0800000| Untracked |  0
| 300|0x0000000bf1000000, 0x0000000bf17ffeb8, 0x0000000bf1800000| 99%| O|  |TAMS 0x0000000bf17ffeb8| PB 0x0000000bf1000000| Untracked |  0
| 301|0x0000000bf1800000, 0x0000000bf1ffff30, 0x0000000bf2000000| 99%| O|  |TAMS 0x0000000bf1ffff30| PB 0x0000000bf1800000| Untracked |  0
| 302|0x0000000bf2000000, 0x0000000bf27ffce8, 0x0000000bf2800000| 99%| O|  |TAMS 0x0000000bf27ffce8| PB 0x0000000bf2000000| Untracked |  0
| 303|0x0000000bf2800000, 0x0000000bf2fff8a0, 0x0000000bf3000000| 99%| O|  |TAMS 0x0000000bf2fff8a0| PB 0x0000000bf2800000| Untracked |  0
| 304|0x0000000bf3000000, 0x0000000bf37ffc48, 0x0000000bf3800000| 99%| O|  |TAMS 0x0000000bf37ffc48| PB 0x0000000bf3000000| Untracked |  0
| 305|0x0000000bf3800000, 0x0000000bf3fffef0, 0x0000000bf4000000| 99%| O|  |TAMS 0x0000000bf3fffef0| PB 0x0000000bf3800000| Untracked |  0
| 306|0x0000000bf4000000, 0x0000000bf47ffff8, 0x0000000bf4800000| 99%| O|  |TAMS 0x0000000bf47ffff8| PB 0x0000000bf4000000| Untracked |  0
| 307|0x0000000bf4800000, 0x0000000bf4fffa48, 0x0000000bf5000000| 99%| O|  |TAMS 0x0000000bf4fffa48| PB 0x0000000bf4800000| Untracked |  0
| 308|0x0000000bf5000000, 0x0000000bf57ffff0, 0x0000000bf5800000| 99%| O|  |TAMS 0x0000000bf57ffff0| PB 0x0000000bf5000000| Untracked |  0
| 309|0x0000000bf5800000, 0x0000000bf5fff8d8, 0x0000000bf6000000| 99%| O|  |TAMS 0x0000000bf5fff8d8| PB 0x0000000bf5800000| Untracked |  0
| 310|0x0000000bf6000000, 0x0000000bf6800000, 0x0000000bf6800000|100%| O|  |TAMS 0x0000000bf6800000| PB 0x0000000bf6000000| Untracked |  0
| 311|0x0000000bf6800000, 0x0000000bf6fffa98, 0x0000000bf7000000| 99%| O|  |TAMS 0x0000000bf6fffa98| PB 0x0000000bf6800000| Untracked |  0
| 312|0x0000000bf7000000, 0x0000000bf77ff9d0, 0x0000000bf7800000| 99%| O|  |TAMS 0x0000000bf77ff9d0| PB 0x0000000bf7000000| Untracked |  0
| 313|0x0000000bf7800000, 0x0000000bf7fffbe0, 0x0000000bf8000000| 99%| O|  |TAMS 0x0000000bf7fffbe0| PB 0x0000000bf7800000| Untracked |  0
| 314|0x0000000bf8000000, 0x0000000bf87ff918, 0x0000000bf8800000| 99%| O|  |TAMS 0x0000000bf87ff918| PB 0x0000000bf8000000| Untracked |  0
| 315|0x0000000bf8800000, 0x0000000bf8fffff0, 0x0000000bf9000000| 99%| O|  |TAMS 0x0000000bf8fffff0| PB 0x0000000bf8800000| Untracked |  0
| 316|0x0000000bf9000000, 0x0000000bf97fffc8, 0x0000000bf9800000| 99%| O|  |TAMS 0x0000000bf97fffc8| PB 0x0000000bf9000000| Untracked |  0
| 317|0x0000000bf9800000, 0x0000000bf9ffff68, 0x0000000bfa000000| 99%| O|  |TAMS 0x0000000bf9ffff68| PB 0x0000000bf9800000| Untracked |  0
| 318|0x0000000bfa000000, 0x0000000bfa7ffcf8, 0x0000000bfa800000| 99%| O|  |TAMS 0x0000000bfa7ffcf8| PB 0x0000000bfa000000| Untracked |  0
| 319|0x0000000bfa800000, 0x0000000bfb000000, 0x0000000bfb000000|100%| O|  |TAMS 0x0000000bfb000000| PB 0x0000000bfa800000| Untracked |  0
| 320|0x0000000bfb000000, 0x0000000bfb7fffc0, 0x0000000bfb800000| 99%| O|  |TAMS 0x0000000bfb7fffc0| PB 0x0000000bfb000000| Untracked |  0
| 321|0x0000000bfb800000, 0x0000000bfbfffeb8, 0x0000000bfc000000| 99%| O|  |TAMS 0x0000000bfbfffeb8| PB 0x0000000bfb800000| Untracked |  0
| 322|0x0000000bfc000000, 0x0000000bfc7fffb0, 0x0000000bfc800000| 99%| O|  |TAMS 0x0000000bfc7fffb0| PB 0x0000000bfc000000| Untracked |  0
| 323|0x0000000bfc800000, 0x0000000bfcfffd80, 0x0000000bfd000000| 99%| O|  |TAMS 0x0000000bfcfffd80| PB 0x0000000bfc800000| Untracked |  0
| 324|0x0000000bfd000000, 0x0000000bfd7ffbf8, 0x0000000bfd800000| 99%| O|  |TAMS 0x0000000bfd7ffbf8| PB 0x0000000bfd000000| Untracked |  0
| 325|0x0000000bfd800000, 0x0000000bfdfffcd8, 0x0000000bfe000000| 99%| O|  |TAMS 0x0000000bfdfffcd8| PB 0x0000000bfd800000| Untracked |  0
| 326|0x0000000bfe000000, 0x0000000bfe7fff18, 0x0000000bfe800000| 99%| O|  |TAMS 0x0000000bfe7fff18| PB 0x0000000bfe000000| Untracked |  0
| 327|0x0000000bfe800000, 0x0000000bfefffff0, 0x0000000bff000000| 99%| O|  |TAMS 0x0000000bfefffff0| PB 0x0000000bfe800000| Untracked |  0
| 328|0x0000000bff000000, 0x0000000bff7ffed0, 0x0000000bff800000| 99%| O|  |TAMS 0x0000000bff7ffed0| PB 0x0000000bff000000| Untracked |  0
| 329|0x0000000bff800000, 0x0000000bfffff8a0, 0x0000000c00000000| 99%| O|  |TAMS 0x0000000bfffff8a0| PB 0x0000000bff800000| Untracked |  0
| 330|0x0000000c00000000, 0x0000000c007ffa38, 0x0000000c00800000| 99%| O|  |TAMS 0x0000000c007ffa38| PB 0x0000000c00000000| Untracked |  0
| 331|0x0000000c00800000, 0x0000000c00fffff0, 0x0000000c01000000| 99%| O|  |TAMS 0x0000000c00fffff0| PB 0x0000000c00800000| Untracked |  0
| 332|0x0000000c01000000, 0x0000000c017ffe60, 0x0000000c01800000| 99%| O|  |TAMS 0x0000000c017ffe60| PB 0x0000000c01000000| Untracked |  0
| 333|0x0000000c01800000, 0x0000000c01fffef0, 0x0000000c02000000| 99%| O|  |TAMS 0x0000000c01fffef0| PB 0x0000000c01800000| Untracked |  0
| 334|0x0000000c02000000, 0x0000000c027ffc30, 0x0000000c02800000| 99%| O|  |TAMS 0x0000000c027ffc30| PB 0x0000000c02000000| Untracked |  0
| 335|0x0000000c02800000, 0x0000000c02fff950, 0x0000000c03000000| 99%| O|  |TAMS 0x0000000c02fff950| PB 0x0000000c02800000| Untracked |  0
| 336|0x0000000c03000000, 0x0000000c037fffd8, 0x0000000c03800000| 99%| O|  |TAMS 0x0000000c037fffd8| PB 0x0000000c03000000| Untracked |  0
| 337|0x0000000c03800000, 0x0000000c03fffb08, 0x0000000c04000000| 99%| O|  |TAMS 0x0000000c03fffb08| PB 0x0000000c03800000| Untracked |  0
| 338|0x0000000c04000000, 0x0000000c047fff50, 0x0000000c04800000| 99%| O|  |TAMS 0x0000000c047fff50| PB 0x0000000c04000000| Untracked |  0
| 339|0x0000000c04800000, 0x0000000c04fffff0, 0x0000000c05000000| 99%| O|  |TAMS 0x0000000c04fffff0| PB 0x0000000c04800000| Untracked |  0
| 340|0x0000000c05000000, 0x0000000c057fff20, 0x0000000c05800000| 99%| O|  |TAMS 0x0000000c057fff20| PB 0x0000000c05000000| Untracked |  0
| 341|0x0000000c05800000, 0x0000000c06000000, 0x0000000c06000000|100%| O|  |TAMS 0x0000000c06000000| PB 0x0000000c05800000| Untracked |  0
| 342|0x0000000c06000000, 0x0000000c067ffff8, 0x0000000c06800000| 99%| O|  |TAMS 0x0000000c067ffff8| PB 0x0000000c06000000| Untracked |  0
| 343|0x0000000c06800000, 0x0000000c06fffdc8, 0x0000000c07000000| 99%| O|  |TAMS 0x0000000c06fffdc8| PB 0x0000000c06800000| Untracked |  0
| 344|0x0000000c07000000, 0x0000000c077ffff0, 0x0000000c07800000| 99%| O|  |TAMS 0x0000000c077ffff0| PB 0x0000000c07000000| Untracked |  0
| 345|0x0000000c07800000, 0x0000000c07fffff8, 0x0000000c08000000| 99%| O|  |TAMS 0x0000000c07fffff8| PB 0x0000000c07800000| Untracked |  0
| 346|0x0000000c08000000, 0x0000000c087ffb48, 0x0000000c08800000| 99%| O|  |TAMS 0x0000000c087ffb48| PB 0x0000000c08000000| Untracked |  0
| 347|0x0000000c08800000, 0x0000000c08fff8f8, 0x0000000c09000000| 99%| O|  |TAMS 0x0000000c08fff8f8| PB 0x0000000c08800000| Untracked |  0
| 348|0x0000000c09000000, 0x0000000c097ffcc0, 0x0000000c09800000| 99%| O|  |TAMS 0x0000000c097ffcc0| PB 0x0000000c09000000| Untracked |  0
| 349|0x0000000c09800000, 0x0000000c09fffda0, 0x0000000c0a000000| 99%| O|  |TAMS 0x0000000c09fffda0| PB 0x0000000c09800000| Untracked |  0
| 350|0x0000000c0a000000, 0x0000000c0a7ffa18, 0x0000000c0a800000| 99%| O|  |TAMS 0x0000000c0a7ffa18| PB 0x0000000c0a000000| Untracked |  0
| 351|0x0000000c0a800000, 0x0000000c0afff998, 0x0000000c0b000000| 99%| O|  |TAMS 0x0000000c0afff998| PB 0x0000000c0a800000| Untracked |  0
| 352|0x0000000c0b000000, 0x0000000c0b7ff8d0, 0x0000000c0b800000| 99%| O|  |TAMS 0x0000000c0b7ff8d0| PB 0x0000000c0b000000| Untracked |  0
| 353|0x0000000c0b800000, 0x0000000c0bffff08, 0x0000000c0c000000| 99%| O|  |TAMS 0x0000000c0bffff08| PB 0x0000000c0b800000| Untracked |  0
| 354|0x0000000c0c000000, 0x0000000c0c7ffff8, 0x0000000c0c800000| 99%| O|  |TAMS 0x0000000c0c7ffff8| PB 0x0000000c0c000000| Untracked |  0
| 355|0x0000000c0c800000, 0x0000000c0d000000, 0x0000000c0d000000|100%| O|  |TAMS 0x0000000c0d000000| PB 0x0000000c0c800000| Untracked |  0
| 356|0x0000000c0d000000, 0x0000000c0d7ffe50, 0x0000000c0d800000| 99%| O|  |TAMS 0x0000000c0d7ffe50| PB 0x0000000c0d000000| Untracked |  0
| 357|0x0000000c0d800000, 0x0000000c0e000000, 0x0000000c0e000000|100%| O|  |TAMS 0x0000000c0e000000| PB 0x0000000c0d800000| Untracked |  0
| 358|0x0000000c0e000000, 0x0000000c0e7ffd30, 0x0000000c0e800000| 99%| O|  |TAMS 0x0000000c0e7ffd30| PB 0x0000000c0e000000| Untracked |  0
| 359|0x0000000c0e800000, 0x0000000c0effffa8, 0x0000000c0f000000| 99%| O|  |TAMS 0x0000000c0effffa8| PB 0x0000000c0e800000| Untracked |  0
| 360|0x0000000c0f000000, 0x0000000c0f7ffd98, 0x0000000c0f800000| 99%| O|  |TAMS 0x0000000c0f7ffd98| PB 0x0000000c0f000000| Untracked |  0
| 361|0x0000000c0f800000, 0x0000000c0fffffe0, 0x0000000c10000000| 99%| O|  |TAMS 0x0000000c0fffffe0| PB 0x0000000c0f800000| Untracked |  0
| 362|0x0000000c10000000, 0x0000000c107ffff8, 0x0000000c10800000| 99%| O|  |TAMS 0x0000000c107ffff8| PB 0x0000000c10000000| Untracked |  0
| 363|0x0000000c10800000, 0x0000000c10ffff58, 0x0000000c11000000| 99%| O|  |TAMS 0x0000000c10ffff58| PB 0x0000000c10800000| Untracked |  0
| 364|0x0000000c11000000, 0x0000000c11800000, 0x0000000c11800000|100%| O|  |TAMS 0x0000000c11800000| PB 0x0000000c11000000| Untracked |  0
| 365|0x0000000c11800000, 0x0000000c11fffe08, 0x0000000c12000000| 99%| O|  |TAMS 0x0000000c11fffe08| PB 0x0000000c11800000| Untracked |  0
| 366|0x0000000c12000000, 0x0000000c127fff80, 0x0000000c12800000| 99%| O|  |TAMS 0x0000000c127fff80| PB 0x0000000c12000000| Untracked |  0
| 367|0x0000000c12800000, 0x0000000c13000000, 0x0000000c13000000|100%| O|  |TAMS 0x0000000c13000000| PB 0x0000000c12800000| Untracked |  0
| 368|0x0000000c13000000, 0x0000000c13800000, 0x0000000c13800000|100%| O|  |TAMS 0x0000000c13800000| PB 0x0000000c13000000| Untracked |  0
| 369|0x0000000c13800000, 0x0000000c14000000, 0x0000000c14000000|100%| O|  |TAMS 0x0000000c14000000| PB 0x0000000c13800000| Untracked |  0
| 370|0x0000000c14000000, 0x0000000c147ffff0, 0x0000000c14800000| 99%| O|  |TAMS 0x0000000c147ffff0| PB 0x0000000c14000000| Untracked |  0
| 371|0x0000000c14800000, 0x0000000c15000000, 0x0000000c15000000|100%| O|  |TAMS 0x0000000c15000000| PB 0x0000000c14800000| Untracked |  0
| 372|0x0000000c15000000, 0x0000000c15800000, 0x0000000c15800000|100%| O|  |TAMS 0x0000000c15800000| PB 0x0000000c15000000| Untracked |  0
| 373|0x0000000c15800000, 0x0000000c16000000, 0x0000000c16000000|100%| O|  |TAMS 0x0000000c16000000| PB 0x0000000c15800000| Untracked |  0
| 374|0x0000000c16000000, 0x0000000c16800000, 0x0000000c16800000|100%| O|  |TAMS 0x0000000c16800000| PB 0x0000000c16000000| Untracked |  0
| 375|0x0000000c16800000, 0x0000000c17000000, 0x0000000c17000000|100%| O|  |TAMS 0x0000000c17000000| PB 0x0000000c16800000| Untracked |  0
| 376|0x0000000c17000000, 0x0000000c1770dbb0, 0x0000000c17800000| 88%| O|  |TAMS 0x0000000c1770dbb0| PB 0x0000000c17000000| Untracked |  0
| 377|0x0000000c17800000, 0x0000000c17ffffc8, 0x0000000c18000000| 99%| O|  |TAMS 0x0000000c17ffffc8| PB 0x0000000c17800000| Untracked |  0
| 378|0x0000000c18000000, 0x0000000c18800000, 0x0000000c18800000|100%| O|  |TAMS 0x0000000c18800000| PB 0x0000000c18000000| Untracked |  0
| 379|0x0000000c18800000, 0x0000000c19000000, 0x0000000c19000000|100%| O|  |TAMS 0x0000000c19000000| PB 0x0000000c18800000| Untracked |  0
| 380|0x0000000c19000000, 0x0000000c19800000, 0x0000000c19800000|100%| O|  |TAMS 0x0000000c19800000| PB 0x0000000c19000000| Untracked |  0
| 381|0x0000000c19800000, 0x0000000c19fffec0, 0x0000000c1a000000| 99%| O|  |TAMS 0x0000000c19fffec0| PB 0x0000000c19800000| Untracked |  0
| 382|0x0000000c1a000000, 0x0000000c1a800000, 0x0000000c1a800000|100%| O|  |TAMS 0x0000000c1a800000| PB 0x0000000c1a000000| Untracked |  0
| 383|0x0000000c1a800000, 0x0000000c1a800000, 0x0000000c1b000000|  0%| F|  |TAMS 0x0000000c1a800000| PB 0x0000000c1a800000| Untracked |  0
| 384|0x0000000c1b000000, 0x0000000c1b800000, 0x0000000c1b800000|100%| O|  |TAMS 0x0000000c1b800000| PB 0x0000000c1b000000| Untracked |  0
| 385|0x0000000c1b800000, 0x0000000c1c000000, 0x0000000c1c000000|100%| O|  |TAMS 0x0000000c1c000000| PB 0x0000000c1b800000| Untracked |  0
| 386|0x0000000c1c000000, 0x0000000c1c800000, 0x0000000c1c800000|100%| O|  |TAMS 0x0000000c1c800000| PB 0x0000000c1c000000| Untracked |  0
| 387|0x0000000c1c800000, 0x0000000c1d000000, 0x0000000c1d000000|100%| O|  |TAMS 0x0000000c1d000000| PB 0x0000000c1c800000| Untracked |  0
| 388|0x0000000c1d000000, 0x0000000c1d800000, 0x0000000c1d800000|100%| O|  |TAMS 0x0000000c1d800000| PB 0x0000000c1d000000| Untracked |  0
| 389|0x0000000c1d800000, 0x0000000c1e000000, 0x0000000c1e000000|100%| O|  |TAMS 0x0000000c1e000000| PB 0x0000000c1d800000| Untracked |  0
| 390|0x0000000c1e000000, 0x0000000c1e800000, 0x0000000c1e800000|100%| O|  |TAMS 0x0000000c1e800000| PB 0x0000000c1e000000| Untracked |  0
| 391|0x0000000c1e800000, 0x0000000c1f000000, 0x0000000c1f000000|100%| O|  |TAMS 0x0000000c1f000000| PB 0x0000000c1e800000| Untracked |  0
| 392|0x0000000c1f000000, 0x0000000c1f800000, 0x0000000c1f800000|100%| O|  |TAMS 0x0000000c1f800000| PB 0x0000000c1f000000| Untracked |  0
| 393|0x0000000c1f800000, 0x0000000c20000000, 0x0000000c20000000|100%| O|  |TAMS 0x0000000c20000000| PB 0x0000000c1f800000| Untracked |  0
| 394|0x0000000c20000000, 0x0000000c20800000, 0x0000000c20800000|100%| O|  |TAMS 0x0000000c20800000| PB 0x0000000c20000000| Untracked |  0
| 395|0x0000000c20800000, 0x0000000c21000000, 0x0000000c21000000|100%| O|  |TAMS 0x0000000c21000000| PB 0x0000000c20800000| Untracked |  0
| 396|0x0000000c21000000, 0x0000000c21800000, 0x0000000c21800000|100%| O|  |TAMS 0x0000000c21800000| PB 0x0000000c21000000| Untracked |  0
| 397|0x0000000c21800000, 0x0000000c22000000, 0x0000000c22000000|100%| O|  |TAMS 0x0000000c22000000| PB 0x0000000c21800000| Untracked |  0
| 398|0x0000000c22000000, 0x0000000c227fff50, 0x0000000c22800000| 99%| O|  |TAMS 0x0000000c227fff50| PB 0x0000000c22000000| Untracked |  0
| 399|0x0000000c22800000, 0x0000000c23000000, 0x0000000c23000000|100%| O|  |TAMS 0x0000000c23000000| PB 0x0000000c22800000| Untracked |  0
| 400|0x0000000c23000000, 0x0000000c23800000, 0x0000000c23800000|100%| O|  |TAMS 0x0000000c23800000| PB 0x0000000c23000000| Untracked |  0
| 401|0x0000000c23800000, 0x0000000c24000000, 0x0000000c24000000|100%| O|  |TAMS 0x0000000c24000000| PB 0x0000000c23800000| Untracked |  0
| 402|0x0000000c24000000, 0x0000000c24800000, 0x0000000c24800000|100%| O|  |TAMS 0x0000000c24800000| PB 0x0000000c24000000| Untracked |  0
| 403|0x0000000c24800000, 0x0000000c25000000, 0x0000000c25000000|100%| O|  |TAMS 0x0000000c25000000| PB 0x0000000c24800000| Untracked |  0
| 404|0x0000000c25000000, 0x0000000c25800000, 0x0000000c25800000|100%| O|  |TAMS 0x0000000c25800000| PB 0x0000000c25000000| Untracked |  0
| 405|0x0000000c25800000, 0x0000000c26000000, 0x0000000c26000000|100%| O|  |TAMS 0x0000000c26000000| PB 0x0000000c25800000| Untracked |  0
| 406|0x0000000c26000000, 0x0000000c26800000, 0x0000000c26800000|100%| O|  |TAMS 0x0000000c26800000| PB 0x0000000c26000000| Untracked |  0
| 407|0x0000000c26800000, 0x0000000c27000000, 0x0000000c27000000|100%| O|  |TAMS 0x0000000c27000000| PB 0x0000000c26800000| Untracked |  0
| 408|0x0000000c27000000, 0x0000000c27000000, 0x0000000c27800000|  0%| F|  |TAMS 0x0000000c27000000| PB 0x0000000c27000000| Untracked |  0
| 409|0x0000000c27800000, 0x0000000c28000000, 0x0000000c28000000|100%| O|  |TAMS 0x0000000c28000000| PB 0x0000000c27800000| Untracked |  0
| 410|0x0000000c28000000, 0x0000000c28800000, 0x0000000c28800000|100%| O|  |TAMS 0x0000000c28800000| PB 0x0000000c28000000| Untracked |  0
| 411|0x0000000c28800000, 0x0000000c29000000, 0x0000000c29000000|100%| O|  |TAMS 0x0000000c29000000| PB 0x0000000c28800000| Untracked |  0
| 412|0x0000000c29000000, 0x0000000c29800000, 0x0000000c29800000|100%| O|  |TAMS 0x0000000c29800000| PB 0x0000000c29000000| Untracked |  0
| 413|0x0000000c29800000, 0x0000000c2a000000, 0x0000000c2a000000|100%| O|  |TAMS 0x0000000c2a000000| PB 0x0000000c29800000| Untracked |  0
| 414|0x0000000c2a000000, 0x0000000c2a800000, 0x0000000c2a800000|100%| O|  |TAMS 0x0000000c2a800000| PB 0x0000000c2a000000| Untracked |  0
| 415|0x0000000c2a800000, 0x0000000c2b000000, 0x0000000c2b000000|100%| O|  |TAMS 0x0000000c2b000000| PB 0x0000000c2a800000| Untracked |  0
| 416|0x0000000c2b000000, 0x0000000c2b800000, 0x0000000c2b800000|100%| O|  |TAMS 0x0000000c2b800000| PB 0x0000000c2b000000| Untracked |  0
| 417|0x0000000c2b800000, 0x0000000c2c000000, 0x0000000c2c000000|100%| O|  |TAMS 0x0000000c2c000000| PB 0x0000000c2b800000| Untracked |  0
| 418|0x0000000c2c000000, 0x0000000c2c800000, 0x0000000c2c800000|100%| O|  |TAMS 0x0000000c2c800000| PB 0x0000000c2c000000| Untracked |  0
| 419|0x0000000c2c800000, 0x0000000c2d000000, 0x0000000c2d000000|100%| O|  |TAMS 0x0000000c2d000000| PB 0x0000000c2c800000| Untracked |  0
| 420|0x0000000c2d000000, 0x0000000c2d800000, 0x0000000c2d800000|100%| O|  |TAMS 0x0000000c2d800000| PB 0x0000000c2d000000| Untracked |  0
| 421|0x0000000c2d800000, 0x0000000c2e000000, 0x0000000c2e000000|100%| O|  |TAMS 0x0000000c2e000000| PB 0x0000000c2d800000| Untracked |  0
| 422|0x0000000c2e000000, 0x0000000c2e800000, 0x0000000c2e800000|100%| O|  |TAMS 0x0000000c2e800000| PB 0x0000000c2e000000| Untracked |  0
| 423|0x0000000c2e800000, 0x0000000c2f000000, 0x0000000c2f000000|100%| O|  |TAMS 0x0000000c2f000000| PB 0x0000000c2e800000| Untracked |  0
| 424|0x0000000c2f000000, 0x0000000c2f800000, 0x0000000c2f800000|100%| O|  |TAMS 0x0000000c2f800000| PB 0x0000000c2f000000| Untracked |  0
| 425|0x0000000c2f800000, 0x0000000c30000000, 0x0000000c30000000|100%| O|  |TAMS 0x0000000c30000000| PB 0x0000000c2f800000| Untracked |  0
| 426|0x0000000c30000000, 0x0000000c30800000, 0x0000000c30800000|100%| O|  |TAMS 0x0000000c30800000| PB 0x0000000c30000000| Untracked |  0
| 427|0x0000000c30800000, 0x0000000c31000000, 0x0000000c31000000|100%| O|  |TAMS 0x0000000c31000000| PB 0x0000000c30800000| Untracked |  0
| 428|0x0000000c31000000, 0x0000000c31800000, 0x0000000c31800000|100%| O|  |TAMS 0x0000000c31800000| PB 0x0000000c31000000| Untracked |  0
| 429|0x0000000c31800000, 0x0000000c32000000, 0x0000000c32000000|100%| O|  |TAMS 0x0000000c32000000| PB 0x0000000c31800000| Untracked |  0
| 430|0x0000000c32000000, 0x0000000c32800000, 0x0000000c32800000|100%| O|  |TAMS 0x0000000c32800000| PB 0x0000000c32000000| Untracked |  0
| 431|0x0000000c32800000, 0x0000000c33000000, 0x0000000c33000000|100%| O|  |TAMS 0x0000000c33000000| PB 0x0000000c32800000| Untracked |  0
| 432|0x0000000c33000000, 0x0000000c33800000, 0x0000000c33800000|100%| O|  |TAMS 0x0000000c33800000| PB 0x0000000c33000000| Untracked |  0
| 433|0x0000000c33800000, 0x0000000c34000000, 0x0000000c34000000|100%| O|  |TAMS 0x0000000c34000000| PB 0x0000000c33800000| Untracked |  0
| 434|0x0000000c34000000, 0x0000000c34800000, 0x0000000c34800000|100%| O|  |TAMS 0x0000000c34800000| PB 0x0000000c34000000| Untracked |  0
| 435|0x0000000c34800000, 0x0000000c35000000, 0x0000000c35000000|100%| O|  |TAMS 0x0000000c35000000| PB 0x0000000c34800000| Untracked |  0
| 436|0x0000000c35000000, 0x0000000c35800000, 0x0000000c35800000|100%| O|  |TAMS 0x0000000c35800000| PB 0x0000000c35000000| Untracked |  0
| 437|0x0000000c35800000, 0x0000000c36000000, 0x0000000c36000000|100%| O|  |TAMS 0x0000000c36000000| PB 0x0000000c35800000| Untracked |  0
| 438|0x0000000c36000000, 0x0000000c36800000, 0x0000000c36800000|100%| O|  |TAMS 0x0000000c36800000| PB 0x0000000c36000000| Untracked |  0
| 439|0x0000000c36800000, 0x0000000c37000000, 0x0000000c37000000|100%| O|  |TAMS 0x0000000c37000000| PB 0x0000000c36800000| Untracked |  0
| 440|0x0000000c37000000, 0x0000000c37800000, 0x0000000c37800000|100%| O|  |TAMS 0x0000000c37800000| PB 0x0000000c37000000| Untracked |  0
| 441|0x0000000c37800000, 0x0000000c38000000, 0x0000000c38000000|100%| O|  |TAMS 0x0000000c38000000| PB 0x0000000c37800000| Untracked |  0
| 442|0x0000000c38000000, 0x0000000c38800000, 0x0000000c38800000|100%| O|  |TAMS 0x0000000c38800000| PB 0x0000000c38000000| Untracked |  0
| 443|0x0000000c38800000, 0x0000000c39000000, 0x0000000c39000000|100%| O|  |TAMS 0x0000000c39000000| PB 0x0000000c38800000| Untracked |  0
| 444|0x0000000c39000000, 0x0000000c39800000, 0x0000000c39800000|100%| O|  |TAMS 0x0000000c39800000| PB 0x0000000c39000000| Untracked |  0
| 445|0x0000000c39800000, 0x0000000c3a000000, 0x0000000c3a000000|100%| O|  |TAMS 0x0000000c3a000000| PB 0x0000000c39800000| Untracked |  0
| 446|0x0000000c3a000000, 0x0000000c3a800000, 0x0000000c3a800000|100%| O|  |TAMS 0x0000000c3a800000| PB 0x0000000c3a000000| Untracked |  0
| 447|0x0000000c3a800000, 0x0000000c3b000000, 0x0000000c3b000000|100%| O|  |TAMS 0x0000000c3b000000| PB 0x0000000c3a800000| Untracked |  0
| 448|0x0000000c3b000000, 0x0000000c3b800000, 0x0000000c3b800000|100%| O|  |TAMS 0x0000000c3b800000| PB 0x0000000c3b000000| Untracked |  0
| 449|0x0000000c3b800000, 0x0000000c3c000000, 0x0000000c3c000000|100%| O|  |TAMS 0x0000000c3c000000| PB 0x0000000c3b800000| Untracked |  0
| 450|0x0000000c3c000000, 0x0000000c3c800000, 0x0000000c3c800000|100%| O|  |TAMS 0x0000000c3c800000| PB 0x0000000c3c000000| Untracked |  0
| 451|0x0000000c3c800000, 0x0000000c3d000000, 0x0000000c3d000000|100%| O|  |TAMS 0x0000000c3d000000| PB 0x0000000c3c800000| Untracked |  0
| 452|0x0000000c3d000000, 0x0000000c3d800000, 0x0000000c3d800000|100%| O|  |TAMS 0x0000000c3d800000| PB 0x0000000c3d000000| Untracked |  0
| 453|0x0000000c3d800000, 0x0000000c3e000000, 0x0000000c3e000000|100%| O|  |TAMS 0x0000000c3e000000| PB 0x0000000c3d800000| Untracked |  0
| 454|0x0000000c3e000000, 0x0000000c3e800000, 0x0000000c3e800000|100%| O|  |TAMS 0x0000000c3e800000| PB 0x0000000c3e000000| Untracked |  0
| 455|0x0000000c3e800000, 0x0000000c3f000000, 0x0000000c3f000000|100%| O|  |TAMS 0x0000000c3f000000| PB 0x0000000c3e800000| Untracked |  0
| 456|0x0000000c3f000000, 0x0000000c3f800000, 0x0000000c3f800000|100%| O|  |TAMS 0x0000000c3f800000| PB 0x0000000c3f000000| Untracked |  0
| 457|0x0000000c3f800000, 0x0000000c40000000, 0x0000000c40000000|100%| O|  |TAMS 0x0000000c40000000| PB 0x0000000c3f800000| Untracked |  0
| 458|0x0000000c40000000, 0x0000000c40800000, 0x0000000c40800000|100%| O|  |TAMS 0x0000000c40800000| PB 0x0000000c40000000| Untracked |  0
| 459|0x0000000c40800000, 0x0000000c41000000, 0x0000000c41000000|100%| O|  |TAMS 0x0000000c41000000| PB 0x0000000c40800000| Untracked |  0
| 460|0x0000000c41000000, 0x0000000c41800000, 0x0000000c41800000|100%| O|  |TAMS 0x0000000c41800000| PB 0x0000000c41000000| Untracked |  0
| 461|0x0000000c41800000, 0x0000000c42000000, 0x0000000c42000000|100%| O|  |TAMS 0x0000000c42000000| PB 0x0000000c41800000| Untracked |  0
| 462|0x0000000c42000000, 0x0000000c42800000, 0x0000000c42800000|100%| O|  |TAMS 0x0000000c42800000| PB 0x0000000c42000000| Untracked |  0
| 463|0x0000000c42800000, 0x0000000c43000000, 0x0000000c43000000|100%| O|  |TAMS 0x0000000c43000000| PB 0x0000000c42800000| Untracked |  0
| 464|0x0000000c43000000, 0x0000000c43800000, 0x0000000c43800000|100%| O|  |TAMS 0x0000000c43800000| PB 0x0000000c43000000| Untracked |  0
| 465|0x0000000c43800000, 0x0000000c44000000, 0x0000000c44000000|100%| O|  |TAMS 0x0000000c44000000| PB 0x0000000c43800000| Untracked |  0
| 466|0x0000000c44000000, 0x0000000c44800000, 0x0000000c44800000|100%| O|  |TAMS 0x0000000c44800000| PB 0x0000000c44000000| Untracked |  0
| 467|0x0000000c44800000, 0x0000000c45000000, 0x0000000c45000000|100%| O|  |TAMS 0x0000000c45000000| PB 0x0000000c44800000| Untracked |  0
| 468|0x0000000c45000000, 0x0000000c45800000, 0x0000000c45800000|100%| O|  |TAMS 0x0000000c45800000| PB 0x0000000c45000000| Untracked |  0
| 469|0x0000000c45800000, 0x0000000c46000000, 0x0000000c46000000|100%| O|  |TAMS 0x0000000c46000000| PB 0x0000000c45800000| Untracked |  0
| 470|0x0000000c46000000, 0x0000000c46800000, 0x0000000c46800000|100%| O|  |TAMS 0x0000000c46800000| PB 0x0000000c46000000| Untracked |  0
| 471|0x0000000c46800000, 0x0000000c47000000, 0x0000000c47000000|100%| O|  |TAMS 0x0000000c47000000| PB 0x0000000c46800000| Untracked |  0
| 472|0x0000000c47000000, 0x0000000c47800000, 0x0000000c47800000|100%| O|  |TAMS 0x0000000c47800000| PB 0x0000000c47000000| Untracked |  0
| 473|0x0000000c47800000, 0x0000000c48000000, 0x0000000c48000000|100%| O|  |TAMS 0x0000000c48000000| PB 0x0000000c47800000| Untracked |  0
| 474|0x0000000c48000000, 0x0000000c48800000, 0x0000000c48800000|100%| O|  |TAMS 0x0000000c48800000| PB 0x0000000c48000000| Untracked |  0
| 475|0x0000000c48800000, 0x0000000c49000000, 0x0000000c49000000|100%| O|  |TAMS 0x0000000c49000000| PB 0x0000000c48800000| Untracked |  0
| 476|0x0000000c49000000, 0x0000000c49800000, 0x0000000c49800000|100%| O|  |TAMS 0x0000000c49800000| PB 0x0000000c49000000| Untracked |  0
| 477|0x0000000c49800000, 0x0000000c4a000000, 0x0000000c4a000000|100%| O|  |TAMS 0x0000000c4a000000| PB 0x0000000c49800000| Untracked |  0
| 478|0x0000000c4a000000, 0x0000000c4a000000, 0x0000000c4a800000|  0%| F|  |TAMS 0x0000000c4a000000| PB 0x0000000c4a000000| Untracked |  0
| 479|0x0000000c4a800000, 0x0000000c4b000000, 0x0000000c4b000000|100%| O|  |TAMS 0x0000000c4b000000| PB 0x0000000c4a800000| Untracked |  0
| 480|0x0000000c4b000000, 0x0000000c4b800000, 0x0000000c4b800000|100%| O|  |TAMS 0x0000000c4b800000| PB 0x0000000c4b000000| Untracked |  0
| 481|0x0000000c4b800000, 0x0000000c4c000000, 0x0000000c4c000000|100%| O|  |TAMS 0x0000000c4c000000| PB 0x0000000c4b800000| Untracked |  0
| 482|0x0000000c4c000000, 0x0000000c4c800000, 0x0000000c4c800000|100%| O|  |TAMS 0x0000000c4c800000| PB 0x0000000c4c000000| Untracked |  0
| 483|0x0000000c4c800000, 0x0000000c4d000000, 0x0000000c4d000000|100%| O|  |TAMS 0x0000000c4d000000| PB 0x0000000c4c800000| Untracked |  0
| 484|0x0000000c4d000000, 0x0000000c4d800000, 0x0000000c4d800000|100%| O|  |TAMS 0x0000000c4d800000| PB 0x0000000c4d000000| Untracked |  0
| 485|0x0000000c4d800000, 0x0000000c4e000000, 0x0000000c4e000000|100%| O|  |TAMS 0x0000000c4e000000| PB 0x0000000c4d800000| Untracked |  0
| 486|0x0000000c4e000000, 0x0000000c4e800000, 0x0000000c4e800000|100%| O|  |TAMS 0x0000000c4e800000| PB 0x0000000c4e000000| Untracked |  0
| 487|0x0000000c4e800000, 0x0000000c4f000000, 0x0000000c4f000000|100%| O|  |TAMS 0x0000000c4f000000| PB 0x0000000c4e800000| Untracked |  0
| 488|0x0000000c4f000000, 0x0000000c4f800000, 0x0000000c4f800000|100%| O|  |TAMS 0x0000000c4f800000| PB 0x0000000c4f000000| Untracked |  0
| 489|0x0000000c4f800000, 0x0000000c50000000, 0x0000000c50000000|100%| O|  |TAMS 0x0000000c50000000| PB 0x0000000c4f800000| Untracked |  0
| 490|0x0000000c50000000, 0x0000000c50800000, 0x0000000c50800000|100%| O|  |TAMS 0x0000000c50800000| PB 0x0000000c50000000| Untracked |  0
| 491|0x0000000c50800000, 0x0000000c51000000, 0x0000000c51000000|100%| O|  |TAMS 0x0000000c51000000| PB 0x0000000c50800000| Untracked |  0
| 492|0x0000000c51000000, 0x0000000c51800000, 0x0000000c51800000|100%| O|  |TAMS 0x0000000c51800000| PB 0x0000000c51000000| Untracked |  0
| 493|0x0000000c51800000, 0x0000000c52000000, 0x0000000c52000000|100%| O|  |TAMS 0x0000000c52000000| PB 0x0000000c51800000| Untracked |  0
| 494|0x0000000c52000000, 0x0000000c52800000, 0x0000000c52800000|100%| O|  |TAMS 0x0000000c52800000| PB 0x0000000c52000000| Untracked |  0
| 495|0x0000000c52800000, 0x0000000c53000000, 0x0000000c53000000|100%| O|  |TAMS 0x0000000c53000000| PB 0x0000000c52800000| Untracked |  0
| 496|0x0000000c53000000, 0x0000000c53000000, 0x0000000c53800000|  0%| F|  |TAMS 0x0000000c53000000| PB 0x0000000c53000000| Untracked |  0
| 497|0x0000000c53800000, 0x0000000c54000000, 0x0000000c54000000|100%| O|  |TAMS 0x0000000c54000000| PB 0x0000000c53800000| Untracked |  0
| 498|0x0000000c54000000, 0x0000000c54800000, 0x0000000c54800000|100%| O|  |TAMS 0x0000000c54800000| PB 0x0000000c54000000| Untracked |  0
| 499|0x0000000c54800000, 0x0000000c55000000, 0x0000000c55000000|100%| O|  |TAMS 0x0000000c55000000| PB 0x0000000c54800000| Untracked |  0
| 500|0x0000000c55000000, 0x0000000c55800000, 0x0000000c55800000|100%| O|  |TAMS 0x0000000c55800000| PB 0x0000000c55000000| Untracked |  0
| 501|0x0000000c55800000, 0x0000000c56000000, 0x0000000c56000000|100%| O|  |TAMS 0x0000000c56000000| PB 0x0000000c55800000| Untracked |  0
| 502|0x0000000c56000000, 0x0000000c56800000, 0x0000000c56800000|100%| O|  |TAMS 0x0000000c56800000| PB 0x0000000c56000000| Untracked |  0
| 503|0x0000000c56800000, 0x0000000c57000000, 0x0000000c57000000|100%| O|  |TAMS 0x0000000c57000000| PB 0x0000000c56800000| Untracked |  0
| 504|0x0000000c57000000, 0x0000000c57800000, 0x0000000c57800000|100%| O|  |TAMS 0x0000000c57800000| PB 0x0000000c57000000| Untracked |  0
| 505|0x0000000c57800000, 0x0000000c58000000, 0x0000000c58000000|100%| O|  |TAMS 0x0000000c58000000| PB 0x0000000c57800000| Untracked |  0
| 506|0x0000000c58000000, 0x0000000c58800000, 0x0000000c58800000|100%| O|  |TAMS 0x0000000c58800000| PB 0x0000000c58000000| Untracked |  0
| 507|0x0000000c58800000, 0x0000000c59000000, 0x0000000c59000000|100%| O|  |TAMS 0x0000000c59000000| PB 0x0000000c58800000| Untracked |  0
| 508|0x0000000c59000000, 0x0000000c59800000, 0x0000000c59800000|100%| O|  |TAMS 0x0000000c59800000| PB 0x0000000c59000000| Untracked |  0
| 509|0x0000000c59800000, 0x0000000c5a000000, 0x0000000c5a000000|100%| O|  |TAMS 0x0000000c5a000000| PB 0x0000000c59800000| Untracked |  0
| 510|0x0000000c5a000000, 0x0000000c5a800000, 0x0000000c5a800000|100%| O|  |TAMS 0x0000000c5a800000| PB 0x0000000c5a000000| Untracked |  0
| 511|0x0000000c5a800000, 0x0000000c5b000000, 0x0000000c5b000000|100%| O|  |TAMS 0x0000000c5ad52640| PB 0x0000000c5a800000| Untracked |  0
| 512|0x0000000c5b000000, 0x0000000c5b000000, 0x0000000c5b800000|  0%| F|  |TAMS 0x0000000c5b000000| PB 0x0000000c5b000000| Untracked |  0
| 513|0x0000000c5b800000, 0x0000000c5c000000, 0x0000000c5c000000|100%| O|  |TAMS 0x0000000c5c000000| PB 0x0000000c5b800000| Untracked |  0
| 514|0x0000000c5c000000, 0x0000000c5c000000, 0x0000000c5c800000|  0%| F|  |TAMS 0x0000000c5c000000| PB 0x0000000c5c000000| Untracked |  0
| 515|0x0000000c5c800000, 0x0000000c5d000000, 0x0000000c5d000000|100%| O|  |TAMS 0x0000000c5d000000| PB 0x0000000c5c800000| Untracked |  0
| 516|0x0000000c5d000000, 0x0000000c5d000000, 0x0000000c5d800000|  0%| F|  |TAMS 0x0000000c5d000000| PB 0x0000000c5d000000| Untracked |  0
| 517|0x0000000c5d800000, 0x0000000c5d800000, 0x0000000c5e000000|  0%| F|  |TAMS 0x0000000c5d800000| PB 0x0000000c5d800000| Untracked |  0
| 518|0x0000000c5e000000, 0x0000000c5e800000, 0x0000000c5e800000|100%| O|  |TAMS 0x0000000c5e800000| PB 0x0000000c5e000000| Untracked |  0
| 519|0x0000000c5e800000, 0x0000000c5e800000, 0x0000000c5f000000|  0%| F|  |TAMS 0x0000000c5e800000| PB 0x0000000c5e800000| Untracked |  0
| 520|0x0000000c5f000000, 0x0000000c5f000000, 0x0000000c5f800000|  0%| F|  |TAMS 0x0000000c5f000000| PB 0x0000000c5f000000| Untracked |  0
| 521|0x0000000c5f800000, 0x0000000c60000000, 0x0000000c60000000|100%| O|  |TAMS 0x0000000c60000000| PB 0x0000000c5f800000| Untracked |  0
| 522|0x0000000c60000000, 0x0000000c60800000, 0x0000000c60800000|100%| O|  |TAMS 0x0000000c60800000| PB 0x0000000c60000000| Untracked |  0
| 523|0x0000000c60800000, 0x0000000c61000000, 0x0000000c61000000|100%| O|  |TAMS 0x0000000c61000000| PB 0x0000000c60800000| Untracked |  0
| 524|0x0000000c61000000, 0x0000000c61800000, 0x0000000c61800000|100%| O|  |TAMS 0x0000000c61800000| PB 0x0000000c61000000| Untracked |  0
| 525|0x0000000c61800000, 0x0000000c62000000, 0x0000000c62000000|100%| O|  |TAMS 0x0000000c62000000| PB 0x0000000c61800000| Untracked |  0
| 526|0x0000000c62000000, 0x0000000c62800000, 0x0000000c62800000|100%| O|  |TAMS 0x0000000c62800000| PB 0x0000000c62000000| Untracked |  0
| 527|0x0000000c62800000, 0x0000000c63000000, 0x0000000c63000000|100%| O|  |TAMS 0x0000000c63000000| PB 0x0000000c62800000| Untracked |  0
| 528|0x0000000c63000000, 0x0000000c63800000, 0x0000000c63800000|100%| O|  |TAMS 0x0000000c63800000| PB 0x0000000c63000000| Untracked |  0
| 529|0x0000000c63800000, 0x0000000c64000000, 0x0000000c64000000|100%| O|  |TAMS 0x0000000c64000000| PB 0x0000000c63800000| Untracked |  0
| 530|0x0000000c64000000, 0x0000000c64000000, 0x0000000c64800000|  0%| F|  |TAMS 0x0000000c64000000| PB 0x0000000c64000000| Untracked |  0
| 531|0x0000000c64800000, 0x0000000c65000000, 0x0000000c65000000|100%| O|  |TAMS 0x0000000c65000000| PB 0x0000000c64800000| Untracked |  0
| 532|0x0000000c65000000, 0x0000000c65800000, 0x0000000c65800000|100%| O|  |TAMS 0x0000000c65800000| PB 0x0000000c65000000| Untracked |  0
| 533|0x0000000c65800000, 0x0000000c66000000, 0x0000000c66000000|100%| O|  |TAMS 0x0000000c66000000| PB 0x0000000c65800000| Untracked |  0
| 534|0x0000000c66000000, 0x0000000c66000000, 0x0000000c66800000|  0%| F|  |TAMS 0x0000000c66000000| PB 0x0000000c66000000| Untracked |  0
| 535|0x0000000c66800000, 0x0000000c67000000, 0x0000000c67000000|100%| O|  |TAMS 0x0000000c67000000| PB 0x0000000c66800000| Untracked |  0
| 536|0x0000000c67000000, 0x0000000c67800000, 0x0000000c67800000|100%| O|  |TAMS 0x0000000c67800000| PB 0x0000000c67000000| Untracked |  0
| 537|0x0000000c67800000, 0x0000000c68000000, 0x0000000c68000000|100%| O|  |TAMS 0x0000000c68000000| PB 0x0000000c67800000| Untracked |  0
| 538|0x0000000c68000000, 0x0000000c68000000, 0x0000000c68800000|  0%| F|  |TAMS 0x0000000c68000000| PB 0x0000000c68000000| Untracked |  0
| 539|0x0000000c68800000, 0x0000000c68800000, 0x0000000c69000000|  0%| F|  |TAMS 0x0000000c68800000| PB 0x0000000c68800000| Untracked |  0
| 540|0x0000000c69000000, 0x0000000c69800000, 0x0000000c69800000|100%| O|  |TAMS 0x0000000c69800000| PB 0x0000000c69000000| Untracked |  0
| 541|0x0000000c69800000, 0x0000000c69800000, 0x0000000c6a000000|  0%| F|  |TAMS 0x0000000c69800000| PB 0x0000000c69800000| Untracked |  0
| 542|0x0000000c6a000000, 0x0000000c6a800000, 0x0000000c6a800000|100%| O|  |TAMS 0x0000000c6a800000| PB 0x0000000c6a000000| Untracked |  0
| 543|0x0000000c6a800000, 0x0000000c6a800000, 0x0000000c6b000000|  0%| F|  |TAMS 0x0000000c6a800000| PB 0x0000000c6a800000| Untracked |  0
| 544|0x0000000c6b000000, 0x0000000c6b000000, 0x0000000c6b800000|  0%| F|  |TAMS 0x0000000c6b000000| PB 0x0000000c6b000000| Untracked |  0
| 545|0x0000000c6b800000, 0x0000000c6b800000, 0x0000000c6c000000|  0%| F|  |TAMS 0x0000000c6b800000| PB 0x0000000c6b800000| Untracked |  0
| 546|0x0000000c6c000000, 0x0000000c6c000000, 0x0000000c6c800000|  0%| F|  |TAMS 0x0000000c6c000000| PB 0x0000000c6c000000| Untracked |  0
| 547|0x0000000c6c800000, 0x0000000c6c800000, 0x0000000c6d000000|  0%| F|  |TAMS 0x0000000c6c800000| PB 0x0000000c6c800000| Untracked |  0
| 548|0x0000000c6d000000, 0x0000000c6d000000, 0x0000000c6d800000|  0%| F|  |TAMS 0x0000000c6d000000| PB 0x0000000c6d000000| Untracked |  0
| 549|0x0000000c6d800000, 0x0000000c6e000000, 0x0000000c6e000000|100%| O|  |TAMS 0x0000000c6e000000| PB 0x0000000c6d800000| Untracked |  0
| 550|0x0000000c6e000000, 0x0000000c6e800000, 0x0000000c6e800000|100%| O|  |TAMS 0x0000000c6e800000| PB 0x0000000c6e000000| Untracked |  0
| 551|0x0000000c6e800000, 0x0000000c6f000000, 0x0000000c6f000000|100%| O|  |TAMS 0x0000000c6f000000| PB 0x0000000c6e800000| Untracked |  0
| 552|0x0000000c6f000000, 0x0000000c6f800000, 0x0000000c6f800000|100%| O|  |TAMS 0x0000000c6f800000| PB 0x0000000c6f000000| Untracked |  0
| 553|0x0000000c6f800000, 0x0000000c6f800000, 0x0000000c70000000|  0%| F|  |TAMS 0x0000000c6f800000| PB 0x0000000c6f800000| Untracked |  0
| 554|0x0000000c70000000, 0x0000000c70000000, 0x0000000c70800000|  0%| F|  |TAMS 0x0000000c70000000| PB 0x0000000c70000000| Untracked |  0
| 555|0x0000000c70800000, 0x0000000c70800000, 0x0000000c71000000|  0%| F|  |TAMS 0x0000000c70800000| PB 0x0000000c70800000| Untracked |  0
| 556|0x0000000c71000000, 0x0000000c71000000, 0x0000000c71800000|  0%| F|  |TAMS 0x0000000c71000000| PB 0x0000000c71000000| Untracked |  0
| 557|0x0000000c71800000, 0x0000000c72000000, 0x0000000c72000000|100%| O|  |TAMS 0x0000000c72000000| PB 0x0000000c71800000| Untracked |  0
| 558|0x0000000c72000000, 0x0000000c72800000, 0x0000000c72800000|100%| O|  |TAMS 0x0000000c72800000| PB 0x0000000c72000000| Untracked |  0
| 559|0x0000000c72800000, 0x0000000c72800000, 0x0000000c73000000|  0%| F|  |TAMS 0x0000000c72800000| PB 0x0000000c72800000| Untracked |  0
| 560|0x0000000c73000000, 0x0000000c73800000, 0x0000000c73800000|100%| O|  |TAMS 0x0000000c73800000| PB 0x0000000c73000000| Untracked |  0
| 561|0x0000000c73800000, 0x0000000c74000000, 0x0000000c74000000|100%| O|  |TAMS 0x0000000c74000000| PB 0x0000000c73800000| Untracked |  0
| 562|0x0000000c74000000, 0x0000000c74800000, 0x0000000c74800000|100%| O|  |TAMS 0x0000000c74800000| PB 0x0000000c74000000| Untracked |  0
| 563|0x0000000c74800000, 0x0000000c75000000, 0x0000000c75000000|100%| O|  |TAMS 0x0000000c75000000| PB 0x0000000c74800000| Untracked |  0
| 564|0x0000000c75000000, 0x0000000c75800000, 0x0000000c75800000|100%| O|  |TAMS 0x0000000c75800000| PB 0x0000000c75000000| Untracked |  0
| 565|0x0000000c75800000, 0x0000000c76000000, 0x0000000c76000000|100%| O|  |TAMS 0x0000000c76000000| PB 0x0000000c75800000| Untracked |  0
| 566|0x0000000c76000000, 0x0000000c76800000, 0x0000000c76800000|100%| O|  |TAMS 0x0000000c76800000| PB 0x0000000c76000000| Untracked |  0
| 567|0x0000000c76800000, 0x0000000c77000000, 0x0000000c77000000|100%| O|  |TAMS 0x0000000c77000000| PB 0x0000000c76800000| Untracked |  0
| 568|0x0000000c77000000, 0x0000000c77800000, 0x0000000c77800000|100%| O|  |TAMS 0x0000000c77800000| PB 0x0000000c77000000| Untracked |  0
| 569|0x0000000c77800000, 0x0000000c78000000, 0x0000000c78000000|100%| O|  |TAMS 0x0000000c78000000| PB 0x0000000c77800000| Untracked |  0
| 570|0x0000000c78000000, 0x0000000c78000000, 0x0000000c78800000|  0%| F|  |TAMS 0x0000000c78000000| PB 0x0000000c78000000| Untracked |  0
| 571|0x0000000c78800000, 0x0000000c79000000, 0x0000000c79000000|100%| O|  |TAMS 0x0000000c79000000| PB 0x0000000c78800000| Untracked |  0
| 572|0x0000000c79000000, 0x0000000c79800000, 0x0000000c79800000|100%| O|  |TAMS 0x0000000c79800000| PB 0x0000000c79000000| Untracked |  0
| 573|0x0000000c79800000, 0x0000000c79800000, 0x0000000c7a000000|  0%| F|  |TAMS 0x0000000c79800000| PB 0x0000000c79800000| Untracked |  0
| 574|0x0000000c7a000000, 0x0000000c7a000000, 0x0000000c7a800000|  0%| F|  |TAMS 0x0000000c7a000000| PB 0x0000000c7a000000| Untracked |  0
| 575|0x0000000c7a800000, 0x0000000c7a800000, 0x0000000c7b000000|  0%| F|  |TAMS 0x0000000c7a800000| PB 0x0000000c7a800000| Untracked |  0
| 576|0x0000000c7b000000, 0x0000000c7b000000, 0x0000000c7b800000|  0%| F|  |TAMS 0x0000000c7b000000| PB 0x0000000c7b000000| Untracked |  0
| 577|0x0000000c7b800000, 0x0000000c7b800000, 0x0000000c7c000000|  0%| F|  |TAMS 0x0000000c7b800000| PB 0x0000000c7b800000| Untracked |  0
| 578|0x0000000c7c000000, 0x0000000c7c000000, 0x0000000c7c800000|  0%| F|  |TAMS 0x0000000c7c000000| PB 0x0000000c7c000000| Untracked |  0
| 579|0x0000000c7c800000, 0x0000000c7c800000, 0x0000000c7d000000|  0%| F|  |TAMS 0x0000000c7c800000| PB 0x0000000c7c800000| Untracked |  0
| 580|0x0000000c7d000000, 0x0000000c7d000000, 0x0000000c7d800000|  0%| F|  |TAMS 0x0000000c7d000000| PB 0x0000000c7d000000| Untracked |  0
| 581|0x0000000c7d800000, 0x0000000c7d800000, 0x0000000c7e000000|  0%| F|  |TAMS 0x0000000c7d800000| PB 0x0000000c7d800000| Untracked |  0
| 582|0x0000000c7e000000, 0x0000000c7e000000, 0x0000000c7e800000|  0%| F|  |TAMS 0x0000000c7e000000| PB 0x0000000c7e000000| Untracked |  0
| 583|0x0000000c7e800000, 0x0000000c7e800000, 0x0000000c7f000000|  0%| F|  |TAMS 0x0000000c7e800000| PB 0x0000000c7e800000| Untracked |  0
| 584|0x0000000c7f000000, 0x0000000c7f000000, 0x0000000c7f800000|  0%| F|  |TAMS 0x0000000c7f000000| PB 0x0000000c7f000000| Untracked |  0
| 585|0x0000000c7f800000, 0x0000000c7f800000, 0x0000000c80000000|  0%| F|  |TAMS 0x0000000c7f800000| PB 0x0000000c7f800000| Untracked |  0
| 586|0x0000000c80000000, 0x0000000c80000000, 0x0000000c80800000|  0%| F|  |TAMS 0x0000000c80000000| PB 0x0000000c80000000| Untracked |  0
| 587|0x0000000c80800000, 0x0000000c80800000, 0x0000000c81000000|  0%| F|  |TAMS 0x0000000c80800000| PB 0x0000000c80800000| Untracked |  0
| 588|0x0000000c81000000, 0x0000000c81000000, 0x0000000c81800000|  0%| F|  |TAMS 0x0000000c81000000| PB 0x0000000c81000000| Untracked |  0
| 589|0x0000000c81800000, 0x0000000c81800000, 0x0000000c82000000|  0%| F|  |TAMS 0x0000000c81800000| PB 0x0000000c81800000| Untracked |  0
| 590|0x0000000c82000000, 0x0000000c8261b270, 0x0000000c82800000| 76%| S|CS|TAMS 0x0000000c82000000| PB 0x0000000c82000000| Complete |  0
| 591|0x0000000c82800000, 0x0000000c83000000, 0x0000000c83000000|100%| S|CS|TAMS 0x0000000c82800000| PB 0x0000000c82800000| Complete |  0
| 592|0x0000000c83000000, 0x0000000c83000000, 0x0000000c83800000|  0%| F|  |TAMS 0x0000000c83000000| PB 0x0000000c83000000| Untracked |  0
| 593|0x0000000c83800000, 0x0000000c83800000, 0x0000000c84000000|  0%| F|  |TAMS 0x0000000c83800000| PB 0x0000000c83800000| Untracked |  0
| 594|0x0000000c84000000, 0x0000000c84000000, 0x0000000c84800000|  0%| F|  |TAMS 0x0000000c84000000| PB 0x0000000c84000000| Untracked |  0
| 595|0x0000000c84800000, 0x0000000c84800000, 0x0000000c85000000|  0%| F|  |TAMS 0x0000000c84800000| PB 0x0000000c84800000| Untracked |  0
| 596|0x0000000c85000000, 0x0000000c85800000, 0x0000000c85800000|100%| S|CS|TAMS 0x0000000c85000000| PB 0x0000000c85000000| Complete |  0
| 597|0x0000000c85800000, 0x0000000c86000000, 0x0000000c86000000|100%| S|CS|TAMS 0x0000000c85800000| PB 0x0000000c85800000| Complete |  0
| 598|0x0000000c86000000, 0x0000000c86000000, 0x0000000c86800000|  0%| F|  |TAMS 0x0000000c86000000| PB 0x0000000c86000000| Untracked |  0
| 599|0x0000000c86800000, 0x0000000c86800000, 0x0000000c87000000|  0%| F|  |TAMS 0x0000000c86800000| PB 0x0000000c86800000| Untracked |  0
| 600|0x0000000c87000000, 0x0000000c87000000, 0x0000000c87800000|  0%| F|  |TAMS 0x0000000c87000000| PB 0x0000000c87000000| Untracked |  0
| 601|0x0000000c87800000, 0x0000000c87800000, 0x0000000c88000000|  0%| F|  |TAMS 0x0000000c87800000| PB 0x0000000c87800000| Untracked |  0
| 602|0x0000000c88000000, 0x0000000c88000000, 0x0000000c88800000|  0%| F|  |TAMS 0x0000000c88000000| PB 0x0000000c88000000| Untracked |  0
| 603|0x0000000c88800000, 0x0000000c88800000, 0x0000000c89000000|  0%| F|  |TAMS 0x0000000c88800000| PB 0x0000000c88800000| Untracked |  0
| 604|0x0000000c89000000, 0x0000000c89000000, 0x0000000c89800000|  0%| F|  |TAMS 0x0000000c89000000| PB 0x0000000c89000000| Untracked |  0
| 605|0x0000000c89800000, 0x0000000c89800000, 0x0000000c8a000000|  0%| F|  |TAMS 0x0000000c89800000| PB 0x0000000c89800000| Untracked |  0
| 606|0x0000000c8a000000, 0x0000000c8a000000, 0x0000000c8a800000|  0%| F|  |TAMS 0x0000000c8a000000| PB 0x0000000c8a000000| Untracked |  0
| 607|0x0000000c8a800000, 0x0000000c8a800000, 0x0000000c8b000000|  0%| F|  |TAMS 0x0000000c8a800000| PB 0x0000000c8a800000| Untracked |  0
| 608|0x0000000c8b000000, 0x0000000c8b000000, 0x0000000c8b800000|  0%| F|  |TAMS 0x0000000c8b000000| PB 0x0000000c8b000000| Untracked |  0
| 609|0x0000000c8b800000, 0x0000000c8b800000, 0x0000000c8c000000|  0%| F|  |TAMS 0x0000000c8b800000| PB 0x0000000c8b800000| Untracked |  0
| 610|0x0000000c8c000000, 0x0000000c8c000000, 0x0000000c8c800000|  0%| F|  |TAMS 0x0000000c8c000000| PB 0x0000000c8c000000| Untracked |  0
| 611|0x0000000c8c800000, 0x0000000c8c800000, 0x0000000c8d000000|  0%| F|  |TAMS 0x0000000c8c800000| PB 0x0000000c8c800000| Untracked |  0
| 612|0x0000000c8d000000, 0x0000000c8d000000, 0x0000000c8d800000|  0%| F|  |TAMS 0x0000000c8d000000| PB 0x0000000c8d000000| Untracked |  0
| 613|0x0000000c8d800000, 0x0000000c8d800000, 0x0000000c8e000000|  0%| F|  |TAMS 0x0000000c8d800000| PB 0x0000000c8d800000| Untracked |  0
| 614|0x0000000c8e000000, 0x0000000c8e000000, 0x0000000c8e800000|  0%| F|  |TAMS 0x0000000c8e000000| PB 0x0000000c8e000000| Untracked |  0
| 615|0x0000000c8e800000, 0x0000000c8e800000, 0x0000000c8f000000|  0%| F|  |TAMS 0x0000000c8e800000| PB 0x0000000c8e800000| Untracked |  0
| 616|0x0000000c8f000000, 0x0000000c8f000000, 0x0000000c8f800000|  0%| F|  |TAMS 0x0000000c8f000000| PB 0x0000000c8f000000| Untracked |  0
| 617|0x0000000c8f800000, 0x0000000c8f800000, 0x0000000c90000000|  0%| F|  |TAMS 0x0000000c8f800000| PB 0x0000000c8f800000| Untracked |  0
| 618|0x0000000c90000000, 0x0000000c90000000, 0x0000000c90800000|  0%| F|  |TAMS 0x0000000c90000000| PB 0x0000000c90000000| Untracked |  0
| 619|0x0000000c90800000, 0x0000000c90800000, 0x0000000c91000000|  0%| F|  |TAMS 0x0000000c90800000| PB 0x0000000c90800000| Untracked |  0
| 620|0x0000000c91000000, 0x0000000c91000000, 0x0000000c91800000|  0%| F|  |TAMS 0x0000000c91000000| PB 0x0000000c91000000| Untracked |  0
| 621|0x0000000c91800000, 0x0000000c91800000, 0x0000000c92000000|  0%| F|  |TAMS 0x0000000c91800000| PB 0x0000000c91800000| Untracked |  0
| 622|0x0000000c92000000, 0x0000000c92000000, 0x0000000c92800000|  0%| F|  |TAMS 0x0000000c92000000| PB 0x0000000c92000000| Untracked |  0
| 623|0x0000000c92800000, 0x0000000c92800000, 0x0000000c93000000|  0%| F|  |TAMS 0x0000000c92800000| PB 0x0000000c92800000| Untracked |  0
| 624|0x0000000c93000000, 0x0000000c93000000, 0x0000000c93800000|  0%| F|  |TAMS 0x0000000c93000000| PB 0x0000000c93000000| Untracked |  0
| 625|0x0000000c93800000, 0x0000000c93800000, 0x0000000c94000000|  0%| F|  |TAMS 0x0000000c93800000| PB 0x0000000c93800000| Untracked |  0
| 626|0x0000000c94000000, 0x0000000c94000000, 0x0000000c94800000|  0%| F|  |TAMS 0x0000000c94000000| PB 0x0000000c94000000| Untracked |  0
| 627|0x0000000c94800000, 0x0000000c94800000, 0x0000000c95000000|  0%| F|  |TAMS 0x0000000c94800000| PB 0x0000000c94800000| Untracked |  0
| 628|0x0000000c95000000, 0x0000000c95000000, 0x0000000c95800000|  0%| F|  |TAMS 0x0000000c95000000| PB 0x0000000c95000000| Untracked |  0
| 629|0x0000000c95800000, 0x0000000c95800000, 0x0000000c96000000|  0%| F|  |TAMS 0x0000000c95800000| PB 0x0000000c95800000| Untracked |  0
| 630|0x0000000c96000000, 0x0000000c96000000, 0x0000000c96800000|  0%| F|  |TAMS 0x0000000c96000000| PB 0x0000000c96000000| Untracked |  0
| 631|0x0000000c96800000, 0x0000000c96800000, 0x0000000c97000000|  0%| F|  |TAMS 0x0000000c96800000| PB 0x0000000c96800000| Untracked |  0
| 632|0x0000000c97000000, 0x0000000c97000000, 0x0000000c97800000|  0%| F|  |TAMS 0x0000000c97000000| PB 0x0000000c97000000| Untracked |  0
| 633|0x0000000c97800000, 0x0000000c97800000, 0x0000000c98000000|  0%| F|  |TAMS 0x0000000c97800000| PB 0x0000000c97800000| Untracked |  0
| 634|0x0000000c98000000, 0x0000000c98000000, 0x0000000c98800000|  0%| F|  |TAMS 0x0000000c98000000| PB 0x0000000c98000000| Untracked |  0
| 635|0x0000000c98800000, 0x0000000c98800000, 0x0000000c99000000|  0%| F|  |TAMS 0x0000000c98800000| PB 0x0000000c98800000| Untracked |  0
| 636|0x0000000c99000000, 0x0000000c99000000, 0x0000000c99800000|  0%| F|  |TAMS 0x0000000c99000000| PB 0x0000000c99000000| Untracked |  0
| 637|0x0000000c99800000, 0x0000000c99800000, 0x0000000c9a000000|  0%| F|  |TAMS 0x0000000c99800000| PB 0x0000000c99800000| Untracked |  0
| 638|0x0000000c9a000000, 0x0000000c9a000000, 0x0000000c9a800000|  0%| F|  |TAMS 0x0000000c9a000000| PB 0x0000000c9a000000| Untracked |  0
| 639|0x0000000c9a800000, 0x0000000c9a800000, 0x0000000c9b000000|  0%| F|  |TAMS 0x0000000c9a800000| PB 0x0000000c9a800000| Untracked |  0
| 640|0x0000000c9b000000, 0x0000000c9b000000, 0x0000000c9b800000|  0%| F|  |TAMS 0x0000000c9b000000| PB 0x0000000c9b000000| Untracked |  0
| 641|0x0000000c9b800000, 0x0000000c9b800000, 0x0000000c9c000000|  0%| F|  |TAMS 0x0000000c9b800000| PB 0x0000000c9b800000| Untracked |  0
| 642|0x0000000c9c000000, 0x0000000c9c000000, 0x0000000c9c800000|  0%| F|  |TAMS 0x0000000c9c000000| PB 0x0000000c9c000000| Untracked |  0
| 643|0x0000000c9c800000, 0x0000000c9c800000, 0x0000000c9d000000|  0%| F|  |TAMS 0x0000000c9c800000| PB 0x0000000c9c800000| Untracked |  0
| 644|0x0000000c9d000000, 0x0000000c9d000000, 0x0000000c9d800000|  0%| F|  |TAMS 0x0000000c9d000000| PB 0x0000000c9d000000| Untracked |  0
| 645|0x0000000c9d800000, 0x0000000c9d800000, 0x0000000c9e000000|  0%| F|  |TAMS 0x0000000c9d800000| PB 0x0000000c9d800000| Untracked |  0
| 646|0x0000000c9e000000, 0x0000000c9e000000, 0x0000000c9e800000|  0%| F|  |TAMS 0x0000000c9e000000| PB 0x0000000c9e000000| Untracked |  0
| 647|0x0000000c9e800000, 0x0000000c9e800000, 0x0000000c9f000000|  0%| F|  |TAMS 0x0000000c9e800000| PB 0x0000000c9e800000| Untracked |  0
| 648|0x0000000c9f000000, 0x0000000c9f000000, 0x0000000c9f800000|  0%| F|  |TAMS 0x0000000c9f000000| PB 0x0000000c9f000000| Untracked |  0
| 649|0x0000000c9f800000, 0x0000000c9f800000, 0x0000000ca0000000|  0%| F|  |TAMS 0x0000000c9f800000| PB 0x0000000c9f800000| Untracked |  0
| 650|0x0000000ca0000000, 0x0000000ca0000000, 0x0000000ca0800000|  0%| F|  |TAMS 0x0000000ca0000000| PB 0x0000000ca0000000| Untracked |  0
| 651|0x0000000ca0800000, 0x0000000ca0800000, 0x0000000ca1000000|  0%| F|  |TAMS 0x0000000ca0800000| PB 0x0000000ca0800000| Untracked |  0
| 652|0x0000000ca1000000, 0x0000000ca1000000, 0x0000000ca1800000|  0%| F|  |TAMS 0x0000000ca1000000| PB 0x0000000ca1000000| Untracked |  0
| 653|0x0000000ca1800000, 0x0000000ca1800000, 0x0000000ca2000000|  0%| F|  |TAMS 0x0000000ca1800000| PB 0x0000000ca1800000| Untracked |  0
| 654|0x0000000ca2000000, 0x0000000ca2000000, 0x0000000ca2800000|  0%| F|  |TAMS 0x0000000ca2000000| PB 0x0000000ca2000000| Untracked |  0
| 655|0x0000000ca2800000, 0x0000000ca2800000, 0x0000000ca3000000|  0%| F|  |TAMS 0x0000000ca2800000| PB 0x0000000ca2800000| Untracked |  0
| 656|0x0000000ca3000000, 0x0000000ca3000000, 0x0000000ca3800000|  0%| F|  |TAMS 0x0000000ca3000000| PB 0x0000000ca3000000| Untracked |  0
| 657|0x0000000ca3800000, 0x0000000ca3800000, 0x0000000ca4000000|  0%| F|  |TAMS 0x0000000ca3800000| PB 0x0000000ca3800000| Untracked |  0
| 658|0x0000000ca4000000, 0x0000000ca4000000, 0x0000000ca4800000|  0%| F|  |TAMS 0x0000000ca4000000| PB 0x0000000ca4000000| Untracked |  0
| 659|0x0000000ca4800000, 0x0000000ca4800000, 0x0000000ca5000000|  0%| F|  |TAMS 0x0000000ca4800000| PB 0x0000000ca4800000| Untracked |  0
| 660|0x0000000ca5000000, 0x0000000ca5000000, 0x0000000ca5800000|  0%| F|  |TAMS 0x0000000ca5000000| PB 0x0000000ca5000000| Untracked |  0
| 661|0x0000000ca5800000, 0x0000000ca5800000, 0x0000000ca6000000|  0%| F|  |TAMS 0x0000000ca5800000| PB 0x0000000ca5800000| Untracked |  0
| 662|0x0000000ca6000000, 0x0000000ca6000000, 0x0000000ca6800000|  0%| F|  |TAMS 0x0000000ca6000000| PB 0x0000000ca6000000| Untracked |  0
| 663|0x0000000ca6800000, 0x0000000ca6800000, 0x0000000ca7000000|  0%| F|  |TAMS 0x0000000ca6800000| PB 0x0000000ca6800000| Untracked |  0
| 664|0x0000000ca7000000, 0x0000000ca7000000, 0x0000000ca7800000|  0%| F|  |TAMS 0x0000000ca7000000| PB 0x0000000ca7000000| Untracked |  0
| 665|0x0000000ca7800000, 0x0000000ca7800000, 0x0000000ca8000000|  0%| F|  |TAMS 0x0000000ca7800000| PB 0x0000000ca7800000| Untracked |  0
| 666|0x0000000ca8000000, 0x0000000ca8000000, 0x0000000ca8800000|  0%| F|  |TAMS 0x0000000ca8000000| PB 0x0000000ca8000000| Untracked |  0
| 667|0x0000000ca8800000, 0x0000000ca8800000, 0x0000000ca9000000|  0%| F|  |TAMS 0x0000000ca8800000| PB 0x0000000ca8800000| Untracked |  0
| 668|0x0000000ca9000000, 0x0000000ca9000000, 0x0000000ca9800000|  0%| F|  |TAMS 0x0000000ca9000000| PB 0x0000000ca9000000| Untracked |  0
| 669|0x0000000ca9800000, 0x0000000ca9800000, 0x0000000caa000000|  0%| F|  |TAMS 0x0000000ca9800000| PB 0x0000000ca9800000| Untracked |  0
| 670|0x0000000caa000000, 0x0000000caa000000, 0x0000000caa800000|  0%| F|  |TAMS 0x0000000caa000000| PB 0x0000000caa000000| Untracked |  0
| 671|0x0000000caa800000, 0x0000000caa800000, 0x0000000cab000000|  0%| F|  |TAMS 0x0000000caa800000| PB 0x0000000caa800000| Untracked |  0
| 672|0x0000000cab000000, 0x0000000cab000000, 0x0000000cab800000|  0%| F|  |TAMS 0x0000000cab000000| PB 0x0000000cab000000| Untracked |  0
| 673|0x0000000cab800000, 0x0000000cab800000, 0x0000000cac000000|  0%| F|  |TAMS 0x0000000cab800000| PB 0x0000000cab800000| Untracked |  0
| 674|0x0000000cac000000, 0x0000000cac000000, 0x0000000cac800000|  0%| F|  |TAMS 0x0000000cac000000| PB 0x0000000cac000000| Untracked |  0
| 675|0x0000000cac800000, 0x0000000cac800000, 0x0000000cad000000|  0%| F|  |TAMS 0x0000000cac800000| PB 0x0000000cac800000| Untracked |  0
| 676|0x0000000cad000000, 0x0000000cad000000, 0x0000000cad800000|  0%| F|  |TAMS 0x0000000cad000000| PB 0x0000000cad000000| Untracked |  0
| 677|0x0000000cad800000, 0x0000000cad800000, 0x0000000cae000000|  0%| F|  |TAMS 0x0000000cad800000| PB 0x0000000cad800000| Untracked |  0
| 678|0x0000000cae000000, 0x0000000cae000000, 0x0000000cae800000|  0%| F|  |TAMS 0x0000000cae000000| PB 0x0000000cae000000| Untracked |  0
| 679|0x0000000cae800000, 0x0000000cae800000, 0x0000000caf000000|  0%| F|  |TAMS 0x0000000cae800000| PB 0x0000000cae800000| Untracked |  0
| 680|0x0000000caf000000, 0x0000000caf000000, 0x0000000caf800000|  0%| F|  |TAMS 0x0000000caf000000| PB 0x0000000caf000000| Untracked |  0
| 681|0x0000000caf800000, 0x0000000cb0000000, 0x0000000cb0000000|100%| O|  |TAMS 0x0000000cb0000000| PB 0x0000000caf800000| Untracked |  0
| 682|0x0000000cb0000000, 0x0000000cb0000000, 0x0000000cb0800000|  0%| F|  |TAMS 0x0000000cb0000000| PB 0x0000000cb0000000| Untracked |  0
| 683|0x0000000cb0800000, 0x0000000cb0800000, 0x0000000cb1000000|  0%| F|  |TAMS 0x0000000cb0800000| PB 0x0000000cb0800000| Untracked |  0
| 684|0x0000000cb1000000, 0x0000000cb1000000, 0x0000000cb1800000|  0%| F|  |TAMS 0x0000000cb1000000| PB 0x0000000cb1000000| Untracked |  0
| 685|0x0000000cb1800000, 0x0000000cb1800000, 0x0000000cb2000000|  0%| F|  |TAMS 0x0000000cb1800000| PB 0x0000000cb1800000| Untracked |  0
| 686|0x0000000cb2000000, 0x0000000cb2000000, 0x0000000cb2800000|  0%| F|  |TAMS 0x0000000cb2000000| PB 0x0000000cb2000000| Untracked |  0
| 687|0x0000000cb2800000, 0x0000000cb2800000, 0x0000000cb3000000|  0%| F|  |TAMS 0x0000000cb2800000| PB 0x0000000cb2800000| Untracked |  0
| 688|0x0000000cb3000000, 0x0000000cb3000000, 0x0000000cb3800000|  0%| F|  |TAMS 0x0000000cb3000000| PB 0x0000000cb3000000| Untracked |  0
| 689|0x0000000cb3800000, 0x0000000cb3800000, 0x0000000cb4000000|  0%| F|  |TAMS 0x0000000cb3800000| PB 0x0000000cb3800000| Untracked |  0
| 690|0x0000000cb4000000, 0x0000000cb4000000, 0x0000000cb4800000|  0%| F|  |TAMS 0x0000000cb4000000| PB 0x0000000cb4000000| Untracked |  0
| 691|0x0000000cb4800000, 0x0000000cb4800000, 0x0000000cb5000000|  0%| F|  |TAMS 0x0000000cb4800000| PB 0x0000000cb4800000| Untracked |  0
| 692|0x0000000cb5000000, 0x0000000cb5000000, 0x0000000cb5800000|  0%| F|  |TAMS 0x0000000cb5000000| PB 0x0000000cb5000000| Untracked |  0
| 693|0x0000000cb5800000, 0x0000000cb5800000, 0x0000000cb6000000|  0%| F|  |TAMS 0x0000000cb5800000| PB 0x0000000cb5800000| Untracked |  0
| 694|0x0000000cb6000000, 0x0000000cb6000000, 0x0000000cb6800000|  0%| F|  |TAMS 0x0000000cb6000000| PB 0x0000000cb6000000| Untracked |  0
| 695|0x0000000cb6800000, 0x0000000cb6800000, 0x0000000cb7000000|  0%| F|  |TAMS 0x0000000cb6800000| PB 0x0000000cb6800000| Untracked |  0
| 696|0x0000000cb7000000, 0x0000000cb7000000, 0x0000000cb7800000|  0%| F|  |TAMS 0x0000000cb7000000| PB 0x0000000cb7000000| Untracked |  0
| 697|0x0000000cb7800000, 0x0000000cb7800000, 0x0000000cb8000000|  0%| F|  |TAMS 0x0000000cb7800000| PB 0x0000000cb7800000| Untracked |  0
| 698|0x0000000cb8000000, 0x0000000cb8000000, 0x0000000cb8800000|  0%| F|  |TAMS 0x0000000cb8000000| PB 0x0000000cb8000000| Untracked |  0
| 699|0x0000000cb8800000, 0x0000000cb8800000, 0x0000000cb9000000|  0%| F|  |TAMS 0x0000000cb8800000| PB 0x0000000cb8800000| Untracked |  0
| 700|0x0000000cb9000000, 0x0000000cb9000000, 0x0000000cb9800000|  0%| F|  |TAMS 0x0000000cb9000000| PB 0x0000000cb9000000| Untracked |  0
| 701|0x0000000cb9800000, 0x0000000cb9800000, 0x0000000cba000000|  0%| F|  |TAMS 0x0000000cb9800000| PB 0x0000000cb9800000| Untracked |  0
| 702|0x0000000cba000000, 0x0000000cba000000, 0x0000000cba800000|  0%| F|  |TAMS 0x0000000cba000000| PB 0x0000000cba000000| Untracked |  0
| 703|0x0000000cba800000, 0x0000000cba800000, 0x0000000cbb000000|  0%| F|  |TAMS 0x0000000cba800000| PB 0x0000000cba800000| Untracked |  0
| 704|0x0000000cbb000000, 0x0000000cbb000000, 0x0000000cbb800000|  0%| F|  |TAMS 0x0000000cbb000000| PB 0x0000000cbb000000| Untracked |  0
| 705|0x0000000cbb800000, 0x0000000cbb800000, 0x0000000cbc000000|  0%| F|  |TAMS 0x0000000cbb800000| PB 0x0000000cbb800000| Untracked |  0
| 706|0x0000000cbc000000, 0x0000000cbc000000, 0x0000000cbc800000|  0%| F|  |TAMS 0x0000000cbc000000| PB 0x0000000cbc000000| Untracked |  0
| 707|0x0000000cbc800000, 0x0000000cbc800000, 0x0000000cbd000000|  0%| F|  |TAMS 0x0000000cbc800000| PB 0x0000000cbc800000| Untracked |  0
| 708|0x0000000cbd000000, 0x0000000cbd000000, 0x0000000cbd800000|  0%| F|  |TAMS 0x0000000cbd000000| PB 0x0000000cbd000000| Untracked |  0
| 709|0x0000000cbd800000, 0x0000000cbd800000, 0x0000000cbe000000|  0%| F|  |TAMS 0x0000000cbd800000| PB 0x0000000cbd800000| Untracked |  0
| 710|0x0000000cbe000000, 0x0000000cbe000000, 0x0000000cbe800000|  0%| F|  |TAMS 0x0000000cbe000000| PB 0x0000000cbe000000| Untracked |  0
| 711|0x0000000cbe800000, 0x0000000cbe800000, 0x0000000cbf000000|  0%| F|  |TAMS 0x0000000cbe800000| PB 0x0000000cbe800000| Untracked |  0
| 712|0x0000000cbf000000, 0x0000000cbf000000, 0x0000000cbf800000|  0%| F|  |TAMS 0x0000000cbf000000| PB 0x0000000cbf000000| Untracked |  0
| 713|0x0000000cbf800000, 0x0000000cbf800000, 0x0000000cc0000000|  0%| F|  |TAMS 0x0000000cbf800000| PB 0x0000000cbf800000| Untracked |  0
| 714|0x0000000cc0000000, 0x0000000cc0000000, 0x0000000cc0800000|  0%| F|  |TAMS 0x0000000cc0000000| PB 0x0000000cc0000000| Untracked |  0
| 715|0x0000000cc0800000, 0x0000000cc0800000, 0x0000000cc1000000|  0%| F|  |TAMS 0x0000000cc0800000| PB 0x0000000cc0800000| Untracked |  0
| 716|0x0000000cc1000000, 0x0000000cc1000000, 0x0000000cc1800000|  0%| F|  |TAMS 0x0000000cc1000000| PB 0x0000000cc1000000| Untracked |  0
| 717|0x0000000cc1800000, 0x0000000cc1800000, 0x0000000cc2000000|  0%| F|  |TAMS 0x0000000cc1800000| PB 0x0000000cc1800000| Untracked |  0
| 718|0x0000000cc2000000, 0x0000000cc2000000, 0x0000000cc2800000|  0%| F|  |TAMS 0x0000000cc2000000| PB 0x0000000cc2000000| Untracked |  0
| 719|0x0000000cc2800000, 0x0000000cc2800000, 0x0000000cc3000000|  0%| F|  |TAMS 0x0000000cc2800000| PB 0x0000000cc2800000| Untracked |  0
| 720|0x0000000cc3000000, 0x0000000cc3000000, 0x0000000cc3800000|  0%| F|  |TAMS 0x0000000cc3000000| PB 0x0000000cc3000000| Untracked |  0
| 721|0x0000000cc3800000, 0x0000000cc3800000, 0x0000000cc4000000|  0%| F|  |TAMS 0x0000000cc3800000| PB 0x0000000cc3800000| Untracked |  0
| 722|0x0000000cc4000000, 0x0000000cc4000000, 0x0000000cc4800000|  0%| F|  |TAMS 0x0000000cc4000000| PB 0x0000000cc4000000| Untracked |  0
| 723|0x0000000cc4800000, 0x0000000cc4800000, 0x0000000cc5000000|  0%| F|  |TAMS 0x0000000cc4800000| PB 0x0000000cc4800000| Untracked |  0
| 724|0x0000000cc5000000, 0x0000000cc5000000, 0x0000000cc5800000|  0%| F|  |TAMS 0x0000000cc5000000| PB 0x0000000cc5000000| Untracked |  0
| 725|0x0000000cc5800000, 0x0000000cc5800000, 0x0000000cc6000000|  0%| F|  |TAMS 0x0000000cc5800000| PB 0x0000000cc5800000| Untracked |  0
| 726|0x0000000cc6000000, 0x0000000cc6000000, 0x0000000cc6800000|  0%| F|  |TAMS 0x0000000cc6000000| PB 0x0000000cc6000000| Untracked |  0
| 727|0x0000000cc6800000, 0x0000000cc6800000, 0x0000000cc7000000|  0%| F|  |TAMS 0x0000000cc6800000| PB 0x0000000cc6800000| Untracked |  0
| 728|0x0000000cc7000000, 0x0000000cc7000000, 0x0000000cc7800000|  0%| F|  |TAMS 0x0000000cc7000000| PB 0x0000000cc7000000| Untracked |  0
| 729|0x0000000cc7800000, 0x0000000cc7800000, 0x0000000cc8000000|  0%| F|  |TAMS 0x0000000cc7800000| PB 0x0000000cc7800000| Untracked |  0
| 730|0x0000000cc8000000, 0x0000000cc8000000, 0x0000000cc8800000|  0%| F|  |TAMS 0x0000000cc8000000| PB 0x0000000cc8000000| Untracked |  0
| 731|0x0000000cc8800000, 0x0000000cc8800000, 0x0000000cc9000000|  0%| F|  |TAMS 0x0000000cc8800000| PB 0x0000000cc8800000| Untracked |  0
| 732|0x0000000cc9000000, 0x0000000cc9000000, 0x0000000cc9800000|  0%| F|  |TAMS 0x0000000cc9000000| PB 0x0000000cc9000000| Untracked |  0
| 733|0x0000000cc9800000, 0x0000000cc9800000, 0x0000000cca000000|  0%| F|  |TAMS 0x0000000cc9800000| PB 0x0000000cc9800000| Untracked |  0
| 734|0x0000000cca000000, 0x0000000cca000000, 0x0000000cca800000|  0%| F|  |TAMS 0x0000000cca000000| PB 0x0000000cca000000| Untracked |  0
| 735|0x0000000cca800000, 0x0000000cca800000, 0x0000000ccb000000|  0%| F|  |TAMS 0x0000000cca800000| PB 0x0000000cca800000| Untracked |  0
| 736|0x0000000ccb000000, 0x0000000ccb000000, 0x0000000ccb800000|  0%| F|  |TAMS 0x0000000ccb000000| PB 0x0000000ccb000000| Untracked |  0
| 737|0x0000000ccb800000, 0x0000000ccb800000, 0x0000000ccc000000|  0%| F|  |TAMS 0x0000000ccb800000| PB 0x0000000ccb800000| Untracked |  0
| 738|0x0000000ccc000000, 0x0000000ccc000000, 0x0000000ccc800000|  0%| F|  |TAMS 0x0000000ccc000000| PB 0x0000000ccc000000| Untracked |  0
| 739|0x0000000ccc800000, 0x0000000ccc800000, 0x0000000ccd000000|  0%| F|  |TAMS 0x0000000ccc800000| PB 0x0000000ccc800000| Untracked |  0
| 740|0x0000000ccd000000, 0x0000000ccd000000, 0x0000000ccd800000|  0%| F|  |TAMS 0x0000000ccd000000| PB 0x0000000ccd000000| Untracked |  0
| 741|0x0000000ccd800000, 0x0000000ccd800000, 0x0000000cce000000|  0%| F|  |TAMS 0x0000000ccd800000| PB 0x0000000ccd800000| Untracked |  0
| 742|0x0000000cce000000, 0x0000000cce000000, 0x0000000cce800000|  0%| F|  |TAMS 0x0000000cce000000| PB 0x0000000cce000000| Untracked |  0
| 743|0x0000000cce800000, 0x0000000cce800000, 0x0000000ccf000000|  0%| F|  |TAMS 0x0000000cce800000| PB 0x0000000cce800000| Untracked |  0
| 744|0x0000000ccf000000, 0x0000000ccf000000, 0x0000000ccf800000|  0%| F|  |TAMS 0x0000000ccf000000| PB 0x0000000ccf000000| Untracked |  0
| 745|0x0000000ccf800000, 0x0000000ccf800000, 0x0000000cd0000000|  0%| F|  |TAMS 0x0000000ccf800000| PB 0x0000000ccf800000| Untracked |  0
| 746|0x0000000cd0000000, 0x0000000cd0000000, 0x0000000cd0800000|  0%| F|  |TAMS 0x0000000cd0000000| PB 0x0000000cd0000000| Untracked |  0
| 747|0x0000000cd0800000, 0x0000000cd0800000, 0x0000000cd1000000|  0%| F|  |TAMS 0x0000000cd0800000| PB 0x0000000cd0800000| Untracked |  0
| 748|0x0000000cd1000000, 0x0000000cd1000000, 0x0000000cd1800000|  0%| F|  |TAMS 0x0000000cd1000000| PB 0x0000000cd1000000| Untracked |  0
| 749|0x0000000cd1800000, 0x0000000cd1800000, 0x0000000cd2000000|  0%| F|  |TAMS 0x0000000cd1800000| PB 0x0000000cd1800000| Untracked |  0
| 750|0x0000000cd2000000, 0x0000000cd2000000, 0x0000000cd2800000|  0%| F|  |TAMS 0x0000000cd2000000| PB 0x0000000cd2000000| Untracked |  0
| 751|0x0000000cd2800000, 0x0000000cd2800000, 0x0000000cd3000000|  0%| F|  |TAMS 0x0000000cd2800000| PB 0x0000000cd2800000| Untracked |  0
| 752|0x0000000cd3000000, 0x0000000cd3000000, 0x0000000cd3800000|  0%| F|  |TAMS 0x0000000cd3000000| PB 0x0000000cd3000000| Untracked |  0
| 753|0x0000000cd3800000, 0x0000000cd3800000, 0x0000000cd4000000|  0%| F|  |TAMS 0x0000000cd3800000| PB 0x0000000cd3800000| Untracked |  0
| 754|0x0000000cd4000000, 0x0000000cd4000000, 0x0000000cd4800000|  0%| F|  |TAMS 0x0000000cd4000000| PB 0x0000000cd4000000| Untracked |  0
| 755|0x0000000cd4800000, 0x0000000cd4800000, 0x0000000cd5000000|  0%| F|  |TAMS 0x0000000cd4800000| PB 0x0000000cd4800000| Untracked |  0
| 756|0x0000000cd5000000, 0x0000000cd5000000, 0x0000000cd5800000|  0%| F|  |TAMS 0x0000000cd5000000| PB 0x0000000cd5000000| Untracked |  0
| 757|0x0000000cd5800000, 0x0000000cd5800000, 0x0000000cd6000000|  0%| F|  |TAMS 0x0000000cd5800000| PB 0x0000000cd5800000| Untracked |  0
| 758|0x0000000cd6000000, 0x0000000cd6000000, 0x0000000cd6800000|  0%| F|  |TAMS 0x0000000cd6000000| PB 0x0000000cd6000000| Untracked |  0
| 759|0x0000000cd6800000, 0x0000000cd6800000, 0x0000000cd7000000|  0%| F|  |TAMS 0x0000000cd6800000| PB 0x0000000cd6800000| Untracked |  0
| 760|0x0000000cd7000000, 0x0000000cd7000000, 0x0000000cd7800000|  0%| F|  |TAMS 0x0000000cd7000000| PB 0x0000000cd7000000| Untracked |  0
| 761|0x0000000cd7800000, 0x0000000cd7800000, 0x0000000cd8000000|  0%| F|  |TAMS 0x0000000cd7800000| PB 0x0000000cd7800000| Untracked |  0
| 762|0x0000000cd8000000, 0x0000000cd8000000, 0x0000000cd8800000|  0%| F|  |TAMS 0x0000000cd8000000| PB 0x0000000cd8000000| Untracked |  0
| 763|0x0000000cd8800000, 0x0000000cd8800000, 0x0000000cd9000000|  0%| F|  |TAMS 0x0000000cd8800000| PB 0x0000000cd8800000| Untracked |  0
| 764|0x0000000cd9000000, 0x0000000cd9000000, 0x0000000cd9800000|  0%| F|  |TAMS 0x0000000cd9000000| PB 0x0000000cd9000000| Untracked |  0
| 765|0x0000000cd9800000, 0x0000000cd9800000, 0x0000000cda000000|  0%| F|  |TAMS 0x0000000cd9800000| PB 0x0000000cd9800000| Untracked |  0
| 766|0x0000000cda000000, 0x0000000cda000000, 0x0000000cda800000|  0%| F|  |TAMS 0x0000000cda000000| PB 0x0000000cda000000| Untracked |  0
| 767|0x0000000cda800000, 0x0000000cda800000, 0x0000000cdb000000|  0%| F|  |TAMS 0x0000000cda800000| PB 0x0000000cda800000| Untracked |  0
| 768|0x0000000cdb000000, 0x0000000cdb000000, 0x0000000cdb800000|  0%| F|  |TAMS 0x0000000cdb000000| PB 0x0000000cdb000000| Untracked |  0
| 769|0x0000000cdb800000, 0x0000000cdb800000, 0x0000000cdc000000|  0%| F|  |TAMS 0x0000000cdb800000| PB 0x0000000cdb800000| Untracked |  0
| 770|0x0000000cdc000000, 0x0000000cdc000000, 0x0000000cdc800000|  0%| F|  |TAMS 0x0000000cdc000000| PB 0x0000000cdc000000| Untracked |  0
| 771|0x0000000cdc800000, 0x0000000cdc800000, 0x0000000cdd000000|  0%| F|  |TAMS 0x0000000cdc800000| PB 0x0000000cdc800000| Untracked |  0
| 772|0x0000000cdd000000, 0x0000000cdd000000, 0x0000000cdd800000|  0%| F|  |TAMS 0x0000000cdd000000| PB 0x0000000cdd000000| Untracked |  0
| 773|0x0000000cdd800000, 0x0000000cdd800000, 0x0000000cde000000|  0%| F|  |TAMS 0x0000000cdd800000| PB 0x0000000cdd800000| Untracked |  0
| 774|0x0000000cde000000, 0x0000000cde000000, 0x0000000cde800000|  0%| F|  |TAMS 0x0000000cde000000| PB 0x0000000cde000000| Untracked |  0
| 775|0x0000000cde800000, 0x0000000cde800000, 0x0000000cdf000000|  0%| F|  |TAMS 0x0000000cde800000| PB 0x0000000cde800000| Untracked |  0
| 776|0x0000000cdf000000, 0x0000000cdf000000, 0x0000000cdf800000|  0%| F|  |TAMS 0x0000000cdf000000| PB 0x0000000cdf000000| Untracked |  0
| 777|0x0000000cdf800000, 0x0000000cdf800000, 0x0000000ce0000000|  0%| F|  |TAMS 0x0000000cdf800000| PB 0x0000000cdf800000| Untracked |  0
| 778|0x0000000ce0000000, 0x0000000ce0000000, 0x0000000ce0800000|  0%| F|  |TAMS 0x0000000ce0000000| PB 0x0000000ce0000000| Untracked |  0
| 779|0x0000000ce0800000, 0x0000000ce0800000, 0x0000000ce1000000|  0%| F|  |TAMS 0x0000000ce0800000| PB 0x0000000ce0800000| Untracked |  0
| 780|0x0000000ce1000000, 0x0000000ce1000000, 0x0000000ce1800000|  0%| F|  |TAMS 0x0000000ce1000000| PB 0x0000000ce1000000| Untracked |  0
| 781|0x0000000ce1800000, 0x0000000ce1800000, 0x0000000ce2000000|  0%| F|  |TAMS 0x0000000ce1800000| PB 0x0000000ce1800000| Untracked |  0
| 782|0x0000000ce2000000, 0x0000000ce2000000, 0x0000000ce2800000|  0%| F|  |TAMS 0x0000000ce2000000| PB 0x0000000ce2000000| Untracked |  0
| 783|0x0000000ce2800000, 0x0000000ce2800000, 0x0000000ce3000000|  0%| F|  |TAMS 0x0000000ce2800000| PB 0x0000000ce2800000| Untracked |  0
| 784|0x0000000ce3000000, 0x0000000ce3000000, 0x0000000ce3800000|  0%| F|  |TAMS 0x0000000ce3000000| PB 0x0000000ce3000000| Untracked |  0
| 785|0x0000000ce3800000, 0x0000000ce3800000, 0x0000000ce4000000|  0%| F|  |TAMS 0x0000000ce3800000| PB 0x0000000ce3800000| Untracked |  0
| 786|0x0000000ce4000000, 0x0000000ce4000000, 0x0000000ce4800000|  0%| F|  |TAMS 0x0000000ce4000000| PB 0x0000000ce4000000| Untracked |  0
| 787|0x0000000ce4800000, 0x0000000ce4800000, 0x0000000ce5000000|  0%| F|  |TAMS 0x0000000ce4800000| PB 0x0000000ce4800000| Untracked |  0
| 788|0x0000000ce5000000, 0x0000000ce5000000, 0x0000000ce5800000|  0%| F|  |TAMS 0x0000000ce5000000| PB 0x0000000ce5000000| Untracked |  0
| 789|0x0000000ce5800000, 0x0000000ce5800000, 0x0000000ce6000000|  0%| F|  |TAMS 0x0000000ce5800000| PB 0x0000000ce5800000| Untracked |  0
| 790|0x0000000ce6000000, 0x0000000ce6000000, 0x0000000ce6800000|  0%| F|  |TAMS 0x0000000ce6000000| PB 0x0000000ce6000000| Untracked |  0
| 791|0x0000000ce6800000, 0x0000000ce6800000, 0x0000000ce7000000|  0%| F|  |TAMS 0x0000000ce6800000| PB 0x0000000ce6800000| Untracked |  0
| 792|0x0000000ce7000000, 0x0000000ce7000000, 0x0000000ce7800000|  0%| F|  |TAMS 0x0000000ce7000000| PB 0x0000000ce7000000| Untracked |  0
| 793|0x0000000ce7800000, 0x0000000ce7800000, 0x0000000ce8000000|  0%| F|  |TAMS 0x0000000ce7800000| PB 0x0000000ce7800000| Untracked |  0
| 794|0x0000000ce8000000, 0x0000000ce8000000, 0x0000000ce8800000|  0%| F|  |TAMS 0x0000000ce8000000| PB 0x0000000ce8000000| Untracked |  0
| 795|0x0000000ce8800000, 0x0000000ce8800000, 0x0000000ce9000000|  0%| F|  |TAMS 0x0000000ce8800000| PB 0x0000000ce8800000| Untracked |  0
| 796|0x0000000ce9000000, 0x0000000ce9000000, 0x0000000ce9800000|  0%| F|  |TAMS 0x0000000ce9000000| PB 0x0000000ce9000000| Untracked |  0
| 797|0x0000000ce9800000, 0x0000000ce9800000, 0x0000000cea000000|  0%| F|  |TAMS 0x0000000ce9800000| PB 0x0000000ce9800000| Untracked |  0
| 798|0x0000000cea000000, 0x0000000cea000000, 0x0000000cea800000|  0%| F|  |TAMS 0x0000000cea000000| PB 0x0000000cea000000| Untracked |  0
| 799|0x0000000cea800000, 0x0000000cea800000, 0x0000000ceb000000|  0%| F|  |TAMS 0x0000000cea800000| PB 0x0000000cea800000| Untracked |  0
| 800|0x0000000ceb000000, 0x0000000ceb000000, 0x0000000ceb800000|  0%| F|  |TAMS 0x0000000ceb000000| PB 0x0000000ceb000000| Untracked |  0
| 801|0x0000000ceb800000, 0x0000000ceb800000, 0x0000000cec000000|  0%| F|  |TAMS 0x0000000ceb800000| PB 0x0000000ceb800000| Untracked |  0
| 802|0x0000000cec000000, 0x0000000cec000000, 0x0000000cec800000|  0%| F|  |TAMS 0x0000000cec000000| PB 0x0000000cec000000| Untracked |  0
| 803|0x0000000cec800000, 0x0000000cec800000, 0x0000000ced000000|  0%| F|  |TAMS 0x0000000cec800000| PB 0x0000000cec800000| Untracked |  0
| 804|0x0000000ced000000, 0x0000000ced000000, 0x0000000ced800000|  0%| F|  |TAMS 0x0000000ced000000| PB 0x0000000ced000000| Untracked |  0
| 805|0x0000000ced800000, 0x0000000ced800000, 0x0000000cee000000|  0%| F|  |TAMS 0x0000000ced800000| PB 0x0000000ced800000| Untracked |  0
| 806|0x0000000cee000000, 0x0000000cee000000, 0x0000000cee800000|  0%| F|  |TAMS 0x0000000cee000000| PB 0x0000000cee000000| Untracked |  0
| 807|0x0000000cee800000, 0x0000000cee800000, 0x0000000cef000000|  0%| F|  |TAMS 0x0000000cee800000| PB 0x0000000cee800000| Untracked |  0
| 808|0x0000000cef000000, 0x0000000cef000000, 0x0000000cef800000|  0%| F|  |TAMS 0x0000000cef000000| PB 0x0000000cef000000| Untracked |  0
| 809|0x0000000cef800000, 0x0000000cef800000, 0x0000000cf0000000|  0%| F|  |TAMS 0x0000000cef800000| PB 0x0000000cef800000| Untracked |  0
| 810|0x0000000cf0000000, 0x0000000cf0000000, 0x0000000cf0800000|  0%| F|  |TAMS 0x0000000cf0000000| PB 0x0000000cf0000000| Untracked |  0
| 811|0x0000000cf0800000, 0x0000000cf0800000, 0x0000000cf1000000|  0%| F|  |TAMS 0x0000000cf0800000| PB 0x0000000cf0800000| Untracked |  0
| 812|0x0000000cf1000000, 0x0000000cf1000000, 0x0000000cf1800000|  0%| F|  |TAMS 0x0000000cf1000000| PB 0x0000000cf1000000| Untracked |  0
| 813|0x0000000cf1800000, 0x0000000cf1800000, 0x0000000cf2000000|  0%| F|  |TAMS 0x0000000cf1800000| PB 0x0000000cf1800000| Untracked |  0
| 814|0x0000000cf2000000, 0x0000000cf2000000, 0x0000000cf2800000|  0%| F|  |TAMS 0x0000000cf2000000| PB 0x0000000cf2000000| Untracked |  0
| 815|0x0000000cf2800000, 0x0000000cf2800000, 0x0000000cf3000000|  0%| F|  |TAMS 0x0000000cf2800000| PB 0x0000000cf2800000| Untracked |  0
| 816|0x0000000cf3000000, 0x0000000cf3000000, 0x0000000cf3800000|  0%| F|  |TAMS 0x0000000cf3000000| PB 0x0000000cf3000000| Untracked |  0
| 817|0x0000000cf3800000, 0x0000000cf3800000, 0x0000000cf4000000|  0%| F|  |TAMS 0x0000000cf3800000| PB 0x0000000cf3800000| Untracked |  0
| 818|0x0000000cf4000000, 0x0000000cf4000000, 0x0000000cf4800000|  0%| F|  |TAMS 0x0000000cf4000000| PB 0x0000000cf4000000| Untracked |  0
| 819|0x0000000cf4800000, 0x0000000cf4800000, 0x0000000cf5000000|  0%| F|  |TAMS 0x0000000cf4800000| PB 0x0000000cf4800000| Untracked |  0
| 820|0x0000000cf5000000, 0x0000000cf5000000, 0x0000000cf5800000|  0%| F|  |TAMS 0x0000000cf5000000| PB 0x0000000cf5000000| Untracked |  0
| 821|0x0000000cf5800000, 0x0000000cf5800000, 0x0000000cf6000000|  0%| F|  |TAMS 0x0000000cf5800000| PB 0x0000000cf5800000| Untracked |  0
| 822|0x0000000cf6000000, 0x0000000cf6000000, 0x0000000cf6800000|  0%| F|  |TAMS 0x0000000cf6000000| PB 0x0000000cf6000000| Untracked |  0
| 823|0x0000000cf6800000, 0x0000000cf6800000, 0x0000000cf7000000|  0%| F|  |TAMS 0x0000000cf6800000| PB 0x0000000cf6800000| Untracked |  0
| 824|0x0000000cf7000000, 0x0000000cf7000000, 0x0000000cf7800000|  0%| F|  |TAMS 0x0000000cf7000000| PB 0x0000000cf7000000| Untracked |  0
| 825|0x0000000cf7800000, 0x0000000cf7800000, 0x0000000cf8000000|  0%| F|  |TAMS 0x0000000cf7800000| PB 0x0000000cf7800000| Untracked |  0
| 826|0x0000000cf8000000, 0x0000000cf8000000, 0x0000000cf8800000|  0%| F|  |TAMS 0x0000000cf8000000| PB 0x0000000cf8000000| Untracked |  0
| 827|0x0000000cf8800000, 0x0000000cf8800000, 0x0000000cf9000000|  0%| F|  |TAMS 0x0000000cf8800000| PB 0x0000000cf8800000| Untracked |  0
| 828|0x0000000cf9000000, 0x0000000cf9000000, 0x0000000cf9800000|  0%| F|  |TAMS 0x0000000cf9000000| PB 0x0000000cf9000000| Untracked |  0
| 829|0x0000000cf9800000, 0x0000000cf9800000, 0x0000000cfa000000|  0%| F|  |TAMS 0x0000000cf9800000| PB 0x0000000cf9800000| Untracked |  0
| 830|0x0000000cfa000000, 0x0000000cfa000000, 0x0000000cfa800000|  0%| F|  |TAMS 0x0000000cfa000000| PB 0x0000000cfa000000| Untracked |  0
| 831|0x0000000cfa800000, 0x0000000cfa800000, 0x0000000cfb000000|  0%| F|  |TAMS 0x0000000cfa800000| PB 0x0000000cfa800000| Untracked |  0
| 832|0x0000000cfb000000, 0x0000000cfb000000, 0x0000000cfb800000|  0%| F|  |TAMS 0x0000000cfb000000| PB 0x0000000cfb000000| Untracked |  0
| 833|0x0000000cfb800000, 0x0000000cfb800000, 0x0000000cfc000000|  0%| F|  |TAMS 0x0000000cfb800000| PB 0x0000000cfb800000| Untracked |  0
| 834|0x0000000cfc000000, 0x0000000cfc000000, 0x0000000cfc800000|  0%| F|  |TAMS 0x0000000cfc000000| PB 0x0000000cfc000000| Untracked |  0
| 835|0x0000000cfc800000, 0x0000000cfc800000, 0x0000000cfd000000|  0%| F|  |TAMS 0x0000000cfc800000| PB 0x0000000cfc800000| Untracked |  0
| 836|0x0000000cfd000000, 0x0000000cfd000000, 0x0000000cfd800000|  0%| F|  |TAMS 0x0000000cfd000000| PB 0x0000000cfd000000| Untracked |  0
| 837|0x0000000cfd800000, 0x0000000cfd800000, 0x0000000cfe000000|  0%| F|  |TAMS 0x0000000cfd800000| PB 0x0000000cfd800000| Untracked |  0
| 838|0x0000000cfe000000, 0x0000000cfe000000, 0x0000000cfe800000|  0%| F|  |TAMS 0x0000000cfe000000| PB 0x0000000cfe000000| Untracked |  0
| 839|0x0000000cfe800000, 0x0000000cfe800000, 0x0000000cff000000|  0%| F|  |TAMS 0x0000000cfe800000| PB 0x0000000cfe800000| Untracked |  0
| 840|0x0000000cff000000, 0x0000000cff000000, 0x0000000cff800000|  0%| F|  |TAMS 0x0000000cff000000| PB 0x0000000cff000000| Untracked |  0
| 841|0x0000000cff800000, 0x0000000cff800000, 0x0000000d00000000|  0%| F|  |TAMS 0x0000000cff800000| PB 0x0000000cff800000| Untracked |  0
| 842|0x0000000d00000000, 0x0000000d00000000, 0x0000000d00800000|  0%| F|  |TAMS 0x0000000d00000000| PB 0x0000000d00000000| Untracked |  0
| 843|0x0000000d00800000, 0x0000000d00800000, 0x0000000d01000000|  0%| F|  |TAMS 0x0000000d00800000| PB 0x0000000d00800000| Untracked |  0
| 844|0x0000000d01000000, 0x0000000d01000000, 0x0000000d01800000|  0%| F|  |TAMS 0x0000000d01000000| PB 0x0000000d01000000| Untracked |  0
| 845|0x0000000d01800000, 0x0000000d01800000, 0x0000000d02000000|  0%| F|  |TAMS 0x0000000d01800000| PB 0x0000000d01800000| Untracked |  0
| 846|0x0000000d02000000, 0x0000000d02000000, 0x0000000d02800000|  0%| F|  |TAMS 0x0000000d02000000| PB 0x0000000d02000000| Untracked |  0
| 847|0x0000000d02800000, 0x0000000d02800000, 0x0000000d03000000|  0%| F|  |TAMS 0x0000000d02800000| PB 0x0000000d02800000| Untracked |  0
| 848|0x0000000d03000000, 0x0000000d03000000, 0x0000000d03800000|  0%| F|  |TAMS 0x0000000d03000000| PB 0x0000000d03000000| Untracked |  0
| 849|0x0000000d03800000, 0x0000000d03800000, 0x0000000d04000000|  0%| F|  |TAMS 0x0000000d03800000| PB 0x0000000d03800000| Untracked |  0
| 850|0x0000000d04000000, 0x0000000d04000000, 0x0000000d04800000|  0%| F|  |TAMS 0x0000000d04000000| PB 0x0000000d04000000| Untracked |  0
| 851|0x0000000d04800000, 0x0000000d04800000, 0x0000000d05000000|  0%| F|  |TAMS 0x0000000d04800000| PB 0x0000000d04800000| Untracked |  0
| 852|0x0000000d05000000, 0x0000000d05000000, 0x0000000d05800000|  0%| F|  |TAMS 0x0000000d05000000| PB 0x0000000d05000000| Untracked |  0
| 853|0x0000000d05800000, 0x0000000d05800000, 0x0000000d06000000|  0%| F|  |TAMS 0x0000000d05800000| PB 0x0000000d05800000| Untracked |  0
| 854|0x0000000d06000000, 0x0000000d06000000, 0x0000000d06800000|  0%| F|  |TAMS 0x0000000d06000000| PB 0x0000000d06000000| Untracked |  0
| 855|0x0000000d06800000, 0x0000000d06800000, 0x0000000d07000000|  0%| F|  |TAMS 0x0000000d06800000| PB 0x0000000d06800000| Untracked |  0
| 856|0x0000000d07000000, 0x0000000d07000000, 0x0000000d07800000|  0%| F|  |TAMS 0x0000000d07000000| PB 0x0000000d07000000| Untracked |  0
| 857|0x0000000d07800000, 0x0000000d07800000, 0x0000000d08000000|  0%| F|  |TAMS 0x0000000d07800000| PB 0x0000000d07800000| Untracked |  0
| 858|0x0000000d08000000, 0x0000000d08000000, 0x0000000d08800000|  0%| F|  |TAMS 0x0000000d08000000| PB 0x0000000d08000000| Untracked |  0
| 859|0x0000000d08800000, 0x0000000d08800000, 0x0000000d09000000|  0%| F|  |TAMS 0x0000000d08800000| PB 0x0000000d08800000| Untracked |  0
| 860|0x0000000d09000000, 0x0000000d09000000, 0x0000000d09800000|  0%| F|  |TAMS 0x0000000d09000000| PB 0x0000000d09000000| Untracked |  0
| 861|0x0000000d09800000, 0x0000000d09800000, 0x0000000d0a000000|  0%| F|  |TAMS 0x0000000d09800000| PB 0x0000000d09800000| Untracked |  0
| 862|0x0000000d0a000000, 0x0000000d0a000000, 0x0000000d0a800000|  0%| F|  |TAMS 0x0000000d0a000000| PB 0x0000000d0a000000| Untracked |  0
| 863|0x0000000d0a800000, 0x0000000d0a800000, 0x0000000d0b000000|  0%| F|  |TAMS 0x0000000d0a800000| PB 0x0000000d0a800000| Untracked |  0
| 864|0x0000000d0b000000, 0x0000000d0b000000, 0x0000000d0b800000|  0%| F|  |TAMS 0x0000000d0b000000| PB 0x0000000d0b000000| Untracked |  0
| 865|0x0000000d0b800000, 0x0000000d0b800000, 0x0000000d0c000000|  0%| F|  |TAMS 0x0000000d0b800000| PB 0x0000000d0b800000| Untracked |  0
| 866|0x0000000d0c000000, 0x0000000d0c000000, 0x0000000d0c800000|  0%| F|  |TAMS 0x0000000d0c000000| PB 0x0000000d0c000000| Untracked |  0
| 867|0x0000000d0c800000, 0x0000000d0c800000, 0x0000000d0d000000|  0%| F|  |TAMS 0x0000000d0c800000| PB 0x0000000d0c800000| Untracked |  0
| 868|0x0000000d0d000000, 0x0000000d0d000000, 0x0000000d0d800000|  0%| F|  |TAMS 0x0000000d0d000000| PB 0x0000000d0d000000| Untracked |  0
| 869|0x0000000d0d800000, 0x0000000d0d800000, 0x0000000d0e000000|  0%| F|  |TAMS 0x0000000d0d800000| PB 0x0000000d0d800000| Untracked |  0
| 870|0x0000000d0e000000, 0x0000000d0e000000, 0x0000000d0e800000|  0%| F|  |TAMS 0x0000000d0e000000| PB 0x0000000d0e000000| Untracked |  0
| 871|0x0000000d0e800000, 0x0000000d0e800000, 0x0000000d0f000000|  0%| F|  |TAMS 0x0000000d0e800000| PB 0x0000000d0e800000| Untracked |  0
| 872|0x0000000d0f000000, 0x0000000d0f000000, 0x0000000d0f800000|  0%| F|  |TAMS 0x0000000d0f000000| PB 0x0000000d0f000000| Untracked |  0
| 873|0x0000000d0f800000, 0x0000000d0f800000, 0x0000000d10000000|  0%| F|  |TAMS 0x0000000d0f800000| PB 0x0000000d0f800000| Untracked |  0
| 874|0x0000000d10000000, 0x0000000d10000000, 0x0000000d10800000|  0%| F|  |TAMS 0x0000000d10000000| PB 0x0000000d10000000| Untracked |  0
| 875|0x0000000d10800000, 0x0000000d10800000, 0x0000000d11000000|  0%| F|  |TAMS 0x0000000d10800000| PB 0x0000000d10800000| Untracked |  0
| 876|0x0000000d11000000, 0x0000000d11000000, 0x0000000d11800000|  0%| F|  |TAMS 0x0000000d11000000| PB 0x0000000d11000000| Untracked |  0
| 877|0x0000000d11800000, 0x0000000d11800000, 0x0000000d12000000|  0%| F|  |TAMS 0x0000000d11800000| PB 0x0000000d11800000| Untracked |  0
| 878|0x0000000d12000000, 0x0000000d12000000, 0x0000000d12800000|  0%| F|  |TAMS 0x0000000d12000000| PB 0x0000000d12000000| Untracked |  0
| 879|0x0000000d12800000, 0x0000000d12800000, 0x0000000d13000000|  0%| F|  |TAMS 0x0000000d12800000| PB 0x0000000d12800000| Untracked |  0
| 880|0x0000000d13000000, 0x0000000d13000000, 0x0000000d13800000|  0%| F|  |TAMS 0x0000000d13000000| PB 0x0000000d13000000| Untracked |  0
| 881|0x0000000d13800000, 0x0000000d13800000, 0x0000000d14000000|  0%| F|  |TAMS 0x0000000d13800000| PB 0x0000000d13800000| Untracked |  0
| 882|0x0000000d14000000, 0x0000000d14000000, 0x0000000d14800000|  0%| F|  |TAMS 0x0000000d14000000| PB 0x0000000d14000000| Untracked |  0
| 883|0x0000000d14800000, 0x0000000d14800000, 0x0000000d15000000|  0%| F|  |TAMS 0x0000000d14800000| PB 0x0000000d14800000| Untracked |  0
| 884|0x0000000d15000000, 0x0000000d15000000, 0x0000000d15800000|  0%| F|  |TAMS 0x0000000d15000000| PB 0x0000000d15000000| Untracked |  0
| 885|0x0000000d15800000, 0x0000000d15800000, 0x0000000d16000000|  0%| F|  |TAMS 0x0000000d15800000| PB 0x0000000d15800000| Untracked |  0
| 886|0x0000000d16000000, 0x0000000d16000000, 0x0000000d16800000|  0%| F|  |TAMS 0x0000000d16000000| PB 0x0000000d16000000| Untracked |  0
| 887|0x0000000d16800000, 0x0000000d16800000, 0x0000000d17000000|  0%| F|  |TAMS 0x0000000d16800000| PB 0x0000000d16800000| Untracked |  0
| 888|0x0000000d17000000, 0x0000000d17000000, 0x0000000d17800000|  0%| F|  |TAMS 0x0000000d17000000| PB 0x0000000d17000000| Untracked |  0
| 889|0x0000000d17800000, 0x0000000d17800000, 0x0000000d18000000|  0%| F|  |TAMS 0x0000000d17800000| PB 0x0000000d17800000| Untracked |  0
| 890|0x0000000d18000000, 0x0000000d18000000, 0x0000000d18800000|  0%| F|  |TAMS 0x0000000d18000000| PB 0x0000000d18000000| Untracked |  0
| 891|0x0000000d18800000, 0x0000000d18800000, 0x0000000d19000000|  0%| F|  |TAMS 0x0000000d18800000| PB 0x0000000d18800000| Untracked |  0
| 892|0x0000000d19000000, 0x0000000d19000000, 0x0000000d19800000|  0%| F|  |TAMS 0x0000000d19000000| PB 0x0000000d19000000| Untracked |  0
| 893|0x0000000d19800000, 0x0000000d19800000, 0x0000000d1a000000|  0%| F|  |TAMS 0x0000000d19800000| PB 0x0000000d19800000| Untracked |  0
| 894|0x0000000d1a000000, 0x0000000d1a000000, 0x0000000d1a800000|  0%| F|  |TAMS 0x0000000d1a000000| PB 0x0000000d1a000000| Untracked |  0
| 895|0x0000000d1a800000, 0x0000000d1a800000, 0x0000000d1b000000|  0%| F|  |TAMS 0x0000000d1a800000| PB 0x0000000d1a800000| Untracked |  0
| 896|0x0000000d1b000000, 0x0000000d1b000000, 0x0000000d1b800000|  0%| F|  |TAMS 0x0000000d1b000000| PB 0x0000000d1b000000| Untracked |  0
| 897|0x0000000d1b800000, 0x0000000d1b800000, 0x0000000d1c000000|  0%| F|  |TAMS 0x0000000d1b800000| PB 0x0000000d1b800000| Untracked |  0
| 898|0x0000000d1c000000, 0x0000000d1c000000, 0x0000000d1c800000|  0%| F|  |TAMS 0x0000000d1c000000| PB 0x0000000d1c000000| Untracked |  0
| 899|0x0000000d1c800000, 0x0000000d1c800000, 0x0000000d1d000000|  0%| F|  |TAMS 0x0000000d1c800000| PB 0x0000000d1c800000| Untracked |  0
| 900|0x0000000d1d000000, 0x0000000d1d000000, 0x0000000d1d800000|  0%| F|  |TAMS 0x0000000d1d000000| PB 0x0000000d1d000000| Untracked |  0
| 901|0x0000000d1d800000, 0x0000000d1d800000, 0x0000000d1e000000|  0%| F|  |TAMS 0x0000000d1d800000| PB 0x0000000d1d800000| Untracked |  0
| 902|0x0000000d1e000000, 0x0000000d1e000000, 0x0000000d1e800000|  0%| F|  |TAMS 0x0000000d1e000000| PB 0x0000000d1e000000| Untracked |  0
| 903|0x0000000d1e800000, 0x0000000d1e800000, 0x0000000d1f000000|  0%| F|  |TAMS 0x0000000d1e800000| PB 0x0000000d1e800000| Untracked |  0
| 904|0x0000000d1f000000, 0x0000000d1f000000, 0x0000000d1f800000|  0%| F|  |TAMS 0x0000000d1f000000| PB 0x0000000d1f000000| Untracked |  0
| 905|0x0000000d1f800000, 0x0000000d1f800000, 0x0000000d20000000|  0%| F|  |TAMS 0x0000000d1f800000| PB 0x0000000d1f800000| Untracked |  0
| 906|0x0000000d20000000, 0x0000000d20000000, 0x0000000d20800000|  0%| F|  |TAMS 0x0000000d20000000| PB 0x0000000d20000000| Untracked |  0
| 907|0x0000000d20800000, 0x0000000d20800000, 0x0000000d21000000|  0%| F|  |TAMS 0x0000000d20800000| PB 0x0000000d20800000| Untracked |  0
| 908|0x0000000d21000000, 0x0000000d21000000, 0x0000000d21800000|  0%| F|  |TAMS 0x0000000d21000000| PB 0x0000000d21000000| Untracked |  0
| 909|0x0000000d21800000, 0x0000000d21800000, 0x0000000d22000000|  0%| F|  |TAMS 0x0000000d21800000| PB 0x0000000d21800000| Untracked |  0
| 910|0x0000000d22000000, 0x0000000d22000000, 0x0000000d22800000|  0%| F|  |TAMS 0x0000000d22000000| PB 0x0000000d22000000| Untracked |  0
| 911|0x0000000d22800000, 0x0000000d22800000, 0x0000000d23000000|  0%| F|  |TAMS 0x0000000d22800000| PB 0x0000000d22800000| Untracked |  0
| 912|0x0000000d23000000, 0x0000000d23000000, 0x0000000d23800000|  0%| F|  |TAMS 0x0000000d23000000| PB 0x0000000d23000000| Untracked |  0
| 913|0x0000000d23800000, 0x0000000d23800000, 0x0000000d24000000|  0%| F|  |TAMS 0x0000000d23800000| PB 0x0000000d23800000| Untracked |  0
| 914|0x0000000d24000000, 0x0000000d24000000, 0x0000000d24800000|  0%| F|  |TAMS 0x0000000d24000000| PB 0x0000000d24000000| Untracked |  0
| 915|0x0000000d24800000, 0x0000000d24800000, 0x0000000d25000000|  0%| F|  |TAMS 0x0000000d24800000| PB 0x0000000d24800000| Untracked |  0
| 916|0x0000000d25000000, 0x0000000d25000000, 0x0000000d25800000|  0%| F|  |TAMS 0x0000000d25000000| PB 0x0000000d25000000| Untracked |  0
| 917|0x0000000d25800000, 0x0000000d25800000, 0x0000000d26000000|  0%| F|  |TAMS 0x0000000d25800000| PB 0x0000000d25800000| Untracked |  0
| 918|0x0000000d26000000, 0x0000000d26000000, 0x0000000d26800000|  0%| F|  |TAMS 0x0000000d26000000| PB 0x0000000d26000000| Untracked |  0
| 919|0x0000000d26800000, 0x0000000d26800000, 0x0000000d27000000|  0%| F|  |TAMS 0x0000000d26800000| PB 0x0000000d26800000| Untracked |  0
| 920|0x0000000d27000000, 0x0000000d27000000, 0x0000000d27800000|  0%| F|  |TAMS 0x0000000d27000000| PB 0x0000000d27000000| Untracked |  0
| 921|0x0000000d27800000, 0x0000000d27800000, 0x0000000d28000000|  0%| F|  |TAMS 0x0000000d27800000| PB 0x0000000d27800000| Untracked |  0
| 922|0x0000000d28000000, 0x0000000d28000000, 0x0000000d28800000|  0%| F|  |TAMS 0x0000000d28000000| PB 0x0000000d28000000| Untracked |  0
| 923|0x0000000d28800000, 0x0000000d28800000, 0x0000000d29000000|  0%| F|  |TAMS 0x0000000d28800000| PB 0x0000000d28800000| Untracked |  0
| 924|0x0000000d29000000, 0x0000000d29000000, 0x0000000d29800000|  0%| F|  |TAMS 0x0000000d29000000| PB 0x0000000d29000000| Untracked |  0
| 925|0x0000000d29800000, 0x0000000d29800000, 0x0000000d2a000000|  0%| F|  |TAMS 0x0000000d29800000| PB 0x0000000d29800000| Untracked |  0
| 926|0x0000000d2a000000, 0x0000000d2a000000, 0x0000000d2a800000|  0%| F|  |TAMS 0x0000000d2a000000| PB 0x0000000d2a000000| Untracked |  0
| 927|0x0000000d2a800000, 0x0000000d2a800000, 0x0000000d2b000000|  0%| F|  |TAMS 0x0000000d2a800000| PB 0x0000000d2a800000| Untracked |  0
| 928|0x0000000d2b000000, 0x0000000d2b000000, 0x0000000d2b800000|  0%| F|  |TAMS 0x0000000d2b000000| PB 0x0000000d2b000000| Untracked |  0
| 929|0x0000000d2b800000, 0x0000000d2b800000, 0x0000000d2c000000|  0%| F|  |TAMS 0x0000000d2b800000| PB 0x0000000d2b800000| Untracked |  0
| 930|0x0000000d2c000000, 0x0000000d2c000000, 0x0000000d2c800000|  0%| F|  |TAMS 0x0000000d2c000000| PB 0x0000000d2c000000| Untracked |  0
| 931|0x0000000d2c800000, 0x0000000d2c800000, 0x0000000d2d000000|  0%| F|  |TAMS 0x0000000d2c800000| PB 0x0000000d2c800000| Untracked |  0
| 932|0x0000000d2d000000, 0x0000000d2d000000, 0x0000000d2d800000|  0%| F|  |TAMS 0x0000000d2d000000| PB 0x0000000d2d000000| Untracked |  0
| 933|0x0000000d2d800000, 0x0000000d2d800000, 0x0000000d2e000000|  0%| F|  |TAMS 0x0000000d2d800000| PB 0x0000000d2d800000| Untracked |  0
| 934|0x0000000d2e000000, 0x0000000d2e000000, 0x0000000d2e800000|  0%| F|  |TAMS 0x0000000d2e000000| PB 0x0000000d2e000000| Untracked |  0
| 935|0x0000000d2e800000, 0x0000000d2e800000, 0x0000000d2f000000|  0%| F|  |TAMS 0x0000000d2e800000| PB 0x0000000d2e800000| Untracked |  0
| 936|0x0000000d2f000000, 0x0000000d2f000000, 0x0000000d2f800000|  0%| F|  |TAMS 0x0000000d2f000000| PB 0x0000000d2f000000| Untracked |  0
|1219|0x0000000dbc800000, 0x0000000dbc800000, 0x0000000dbd000000|  0%| F|  |TAMS 0x0000000dbc800000| PB 0x0000000dbc800000| Untracked |  0
|1220|0x0000000dbd000000, 0x0000000dbd000000, 0x0000000dbd800000|  0%| F|  |TAMS 0x0000000dbd000000| PB 0x0000000dbd000000| Untracked |  0
|1222|0x0000000dbe000000, 0x0000000dbe000000, 0x0000000dbe800000|  0%| F|  |TAMS 0x0000000dbe000000| PB 0x0000000dbe000000| Untracked |  0
|1223|0x0000000dbe800000, 0x0000000dbf000000, 0x0000000dbf000000|100%| O|  |TAMS 0x0000000dbf000000| PB 0x0000000dbe800000| Untracked |  0
|1224|0x0000000dbf000000, 0x0000000dbf800000, 0x0000000dbf800000|100%| O|  |TAMS 0x0000000dbf800000| PB 0x0000000dbf000000| Untracked |  0
|1225|0x0000000dbf800000, 0x0000000dc0000000, 0x0000000dc0000000|100%| O|  |TAMS 0x0000000dc0000000| PB 0x0000000dbf800000| Untracked |  0
|1228|0x0000000dc1000000, 0x0000000dc1800000, 0x0000000dc1800000|100%| O|  |TAMS 0x0000000dc1800000| PB 0x0000000dc1000000| Untracked |  0
|1229|0x0000000dc1800000, 0x0000000dc2000000, 0x0000000dc2000000|100%| O|  |TAMS 0x0000000dc2000000| PB 0x0000000dc1800000| Untracked |  0
|1230|0x0000000dc2000000, 0x0000000dc2800000, 0x0000000dc2800000|100%| O|  |TAMS 0x0000000dc2800000| PB 0x0000000dc2000000| Untracked |  0
|1231|0x0000000dc2800000, 0x0000000dc3000000, 0x0000000dc3000000|100%| O|  |TAMS 0x0000000dc3000000| PB 0x0000000dc2800000| Untracked |  0
|1237|0x0000000dc5800000, 0x0000000dc6000000, 0x0000000dc6000000|100%| O|  |TAMS 0x0000000dc6000000| PB 0x0000000dc5800000| Untracked |  0
|1238|0x0000000dc6000000, 0x0000000dc6800000, 0x0000000dc6800000|100%| O|  |TAMS 0x0000000dc6800000| PB 0x0000000dc6000000| Untracked |  0
|1240|0x0000000dc7000000, 0x0000000dc7800000, 0x0000000dc7800000|100%| O|  |TAMS 0x0000000dc7800000| PB 0x0000000dc7000000| Untracked |  0
|1250|0x0000000dcc000000, 0x0000000dcc000000, 0x0000000dcc800000|  0%| F|  |TAMS 0x0000000dcc000000| PB 0x0000000dcc000000| Untracked |  0
|1251|0x0000000dcc800000, 0x0000000dcc800000, 0x0000000dcd000000|  0%| F|  |TAMS 0x0000000dcc800000| PB 0x0000000dcc800000| Untracked |  0
|1252|0x0000000dcd000000, 0x0000000dcd000000, 0x0000000dcd800000|  0%| F|  |TAMS 0x0000000dcd000000| PB 0x0000000dcd000000| Untracked |  0
|1253|0x0000000dcd800000, 0x0000000dcd800000, 0x0000000dce000000|  0%| F|  |TAMS 0x0000000dcd800000| PB 0x0000000dcd800000| Untracked |  0
|1254|0x0000000dce000000, 0x0000000dce000000, 0x0000000dce800000|  0%| F|  |TAMS 0x0000000dce000000| PB 0x0000000dce000000| Untracked |  0
|1255|0x0000000dce800000, 0x0000000dce800000, 0x0000000dcf000000|  0%| F|  |TAMS 0x0000000dce800000| PB 0x0000000dce800000| Untracked |  0
|1256|0x0000000dcf000000, 0x0000000dcf2fa070, 0x0000000dcf800000| 37%| E|  |TAMS 0x0000000dcf000000| PB 0x0000000dcf000000| Complete |  0
|1257|0x0000000dcf800000, 0x0000000dd0000000, 0x0000000dd0000000|100%| E|CS|TAMS 0x0000000dcf800000| PB 0x0000000dcf800000| Complete |  0
|1258|0x0000000dd0000000, 0x0000000dd0800000, 0x0000000dd0800000|100%| E|CS|TAMS 0x0000000dd0000000| PB 0x0000000dd0000000| Complete |  0
|1259|0x0000000dd0800000, 0x0000000dd1000000, 0x0000000dd1000000|100%| E|CS|TAMS 0x0000000dd0800000| PB 0x0000000dd0800000| Complete |  0
|1260|0x0000000dd1000000, 0x0000000dd1800000, 0x0000000dd1800000|100%| O|  |TAMS 0x0000000dd1800000| PB 0x0000000dd1000000| Untracked |  0
|1261|0x0000000dd1800000, 0x0000000dd2000000, 0x0000000dd2000000|100%| E|CS|TAMS 0x0000000dd1800000| PB 0x0000000dd1800000| Complete |  0
|1262|0x0000000dd2000000, 0x0000000dd2800000, 0x0000000dd2800000|100%| E|CS|TAMS 0x0000000dd2000000| PB 0x0000000dd2000000| Complete |  0
|1263|0x0000000dd2800000, 0x0000000dd3000000, 0x0000000dd3000000|100%| E|CS|TAMS 0x0000000dd2800000| PB 0x0000000dd2800000| Complete |  0
|1264|0x0000000dd3000000, 0x0000000dd3800000, 0x0000000dd3800000|100%| E|CS|TAMS 0x0000000dd3000000| PB 0x0000000dd3000000| Complete |  0
|1265|0x0000000dd3800000, 0x0000000dd4000000, 0x0000000dd4000000|100%| E|CS|TAMS 0x0000000dd3800000| PB 0x0000000dd3800000| Complete |  0
|1266|0x0000000dd4000000, 0x0000000dd4800000, 0x0000000dd4800000|100%| E|CS|TAMS 0x0000000dd4000000| PB 0x0000000dd4000000| Complete |  0
|1267|0x0000000dd4800000, 0x0000000dd5000000, 0x0000000dd5000000|100%| E|CS|TAMS 0x0000000dd4800000| PB 0x0000000dd4800000| Complete |  0
|1268|0x0000000dd5000000, 0x0000000dd5800000, 0x0000000dd5800000|100%| E|CS|TAMS 0x0000000dd5000000| PB 0x0000000dd5000000| Complete |  0
|1269|0x0000000dd5800000, 0x0000000dd6000000, 0x0000000dd6000000|100%| O|  |TAMS 0x0000000dd6000000| PB 0x0000000dd5800000| Untracked |  0
|1270|0x0000000dd6000000, 0x0000000dd6800000, 0x0000000dd6800000|100%| E|CS|TAMS 0x0000000dd6000000| PB 0x0000000dd6000000| Complete |  0
|1271|0x0000000dd6800000, 0x0000000dd7000000, 0x0000000dd7000000|100%| O|  |TAMS 0x0000000dd7000000| PB 0x0000000dd6800000| Untracked |  0
|1272|0x0000000dd7000000, 0x0000000dd7800000, 0x0000000dd7800000|100%| E|CS|TAMS 0x0000000dd7000000| PB 0x0000000dd7000000| Complete |  0
|1273|0x0000000dd7800000, 0x0000000dd8000000, 0x0000000dd8000000|100%| E|CS|TAMS 0x0000000dd7800000| PB 0x0000000dd7800000| Complete |  0
|1274|0x0000000dd8000000, 0x0000000dd8800000, 0x0000000dd8800000|100%| E|CS|TAMS 0x0000000dd8000000| PB 0x0000000dd8000000| Complete |  0
|1275|0x0000000dd8800000, 0x0000000dd9000000, 0x0000000dd9000000|100%| O|  |TAMS 0x0000000dd9000000| PB 0x0000000dd8800000| Untracked |  0
|1276|0x0000000dd9000000, 0x0000000dd9800000, 0x0000000dd9800000|100%| E|CS|TAMS 0x0000000dd9000000| PB 0x0000000dd9000000| Complete |  0
|1277|0x0000000dd9800000, 0x0000000dda000000, 0x0000000dda000000|100%| E|CS|TAMS 0x0000000dd9800000| PB 0x0000000dd9800000| Complete |  0
|1278|0x0000000dda000000, 0x0000000dda800000, 0x0000000dda800000|100%| E|CS|TAMS 0x0000000dda000000| PB 0x0000000dda000000| Complete |  0
|1279|0x0000000dda800000, 0x0000000ddb000000, 0x0000000ddb000000|100%| E|CS|TAMS 0x0000000dda800000| PB 0x0000000dda800000| Complete |  0

Card table byte_map: [0x0000000124b20000,0x0000000125f20000] _byte_map_base: 0x000000011f048000

Marking Bits: (CMBitMap*) 0x00000001052da750
 Bits: [0x0000000125f20000, 0x000000012ff20000)

Polling page: 0x0000000104cac000

Metaspace:
Metaspace        used 340546K, committed 342592K, reserved 1376256K
 class space     used 54306K, committed 55232K, reserved 1048576K

Usage:
  Non-class:    279.53 MB used.
      Class:     53.03 MB used.
       Both:    332.56 MB used.

Virtual space:
  Non-class space:      320.00 MB reserved,     280.62 MB ( 88%) committed,  5 nodes.
      Class space:        1.00 GB reserved,      53.94 MB (  5%) committed,  1 nodes.
             Both:        1.31 GB reserved,     334.56 MB ( 25%) committed. 

Chunk freelists:
   Non-Class:  7.28 MB
       Class:  10.09 MB
        Both:  17.37 MB

MaxMetaspaceSize: unlimited
CompressedClassSpaceSize: 1.00 GB
Initial GC threshold: 21.00 MB
Current GC threshold: 557.62 MB
CDS: on
 - commit_granule_bytes: 65536.
 - commit_granule_words: 8192.
 - virtual_space_node_default_size: 8388608.
 - enlarge_chunks_in_place: 1.
UseCompressedClassPointers 1, UseCompactObjectHeaders 0
Narrow klass pointer bits 32, Max shift 3
Narrow klass base: 0x0000040000000000, Narrow klass shift: 0
Encoding Range: [0x0000040000000000 - 0x0000040100000000), (4294967296 bytes)
Klass Range:    [0x0000040000004000 - 0x0000040041000000), (1090502656 bytes)
Klass ID Range:  [16384 - 1090519033) (1090502649)
Protection zone: [0x0000040000000000 - 0x0000040000004000), (16384 bytes)


Internal statistics:

num_allocs_failed_limit: 12.
num_arena_births: 3686.
num_arena_deaths: 150.
num_vsnodes_births: 6.
num_vsnodes_deaths: 0.
num_space_committed: 5351.
num_space_uncommitted: 0.
num_chunks_returned_to_freelist: 216.
num_chunks_taken_from_freelist: 16415.
num_chunk_merges: 89.
num_chunk_splits: 12294.
num_chunks_enlarged: 9852.
num_inconsistent_stats: 0.

CodeHeap 'non-profiled nmethods': size=120048Kb used=27021Kb max_used=29797Kb free=93026Kb
 bounds [0x000000011c1e4000, 0x000000011df24000, 0x0000000123720000]
CodeHeap 'profiled nmethods': size=120016Kb used=16962Kb max_used=66158Kb free=103053Kb
 bounds [0x0000000114720000, 0x00000001187e0000, 0x000000011bc54000]
CodeHeap 'non-nmethods': size=5696Kb used=3574Kb max_used=3908Kb free=2121Kb
 bounds [0x000000011bc54000, 0x000000011c064000, 0x000000011c1e4000]
CodeCache: size=245760Kb, used=47557Kb, max_used=99863Kb, free=198200Kb
 total_blobs=22393, nmethods=19441, adapters=2855, full_count=0
Compilation: enabled, stopped_count=0, restarted_count=0

Compilation events (20 events):
Event: 5151.730 Thread 0x000000082b1e9e00 nmethod 183863 0x000000011d970d08 code [0x000000011d970e00, 0x000000011d970eb8]
Event: 5151.730 Thread 0x000000082b1e9e00 183823       4       cofh.core.util.ItemWrapper::<init> (15 bytes)
Event: 5151.730 Thread 0x000000082b1e9e00 nmethod 183823 0x000000011d970a88 code [0x000000011d970b80, 0x000000011d970cf0]
Event: 5151.730 Thread 0x000000082b1e9e00 183862       4       crazypants.enderio.base.recipe.lookup.ItemRecipeNode::makeNext (62 bytes)
Event: 5151.743 Thread 0x000000082b1e9e00 nmethod 183862 0x000000011db69b88 code [0x000000011db69c80, 0x000000011db6b550]
Event: 5151.743 Thread 0x000000082b1e9e00 183872       4       crazypants.enderio.util.NNPair::getRight (10 bytes)
Event: 5151.744 Thread 0x000000082b1e9e00 nmethod 183872 0x000000011d970888 code [0x000000011d970980, 0x000000011d970a38]
Event: 5151.744 Thread 0x000000082b1e9e00 183859       4       crazypants.enderio.base.recipe.lookup.ItemRecipeNode$$Lambda/0x0000040003dbe7a0::<init> (10 bytes)
Event: 5151.744 Thread 0x000000082b1e9e00 nmethod 183859 0x000000011d970608 code [0x000000011d970700, 0x000000011d970870]
Event: 5151.744 Thread 0x000000082b1e9e00 183826       4       cofh.core.util.ItemWrapper::<init> (13 bytes)
Event: 5151.744 Thread 0x000000082b1e9e00 nmethod 183826 0x000000011d970248 code [0x000000011d970340, 0x000000011d970570]
Event: 5151.744 Thread 0x000000082b1e9e00 183764       4       net.minecraft.item.crafting.Ingredient::invalidate (6 bytes)
Event: 5151.744 Thread 0x000000082b1e9e00 nmethod 183764 0x000000011de4d108 code [0x000000011de4d200, 0x000000011de4d2f0]
Event: 5151.744 Thread 0x000000082b1e9e00 183763   !   4       com.enderio.core.common.util.stackable.StringThing::bake (596 bytes)
Event: 5151.783 Thread 0x000000082b1ea800 184000       2       org.lwjgl.openal.AL10::alGetError (12 bytes)
Event: 5151.784 Thread 0x000000082b1ea800 nmethod 184000 0x0000000118731fc8 code [0x00000001187320c0, 0x0000000118732240]
Event: 5151.784 Thread 0x000000082b1ea800 184001       2       java.util.LinkedList::checkElementIndex (22 bytes)
Event: 5151.785 Thread 0x000000082b1ea800 nmethod 184001 0x0000000118731a48 code [0x0000000118731b40, 0x0000000118731fa0]
Event: 5151.785 Thread 0x000000082b1ea800 184002       2       java.util.LinkedList::isElementIndex (18 bytes)
Event: 5151.785 Thread 0x000000082b1ea800 nmethod 184002 0x00000001183c4a08 code [0x00000001183c4b00, 0x00000001183c4c40]

GC Heap Usage History (20 events):
Event: 4902.848 {heap Before GC invocations=348 (full 6):
 garbage-first heap   total reserved 10485760K, committed 8028160K, used 7608952K [0x0000000b5b000000, 0x0000000ddb000000)
  region size 8192K, 366 young (2998272K), 2 survivors (16384K)
}
Event: 4902.991 {heap After GC invocations=349 (full 6):
 garbage-first heap   total reserved 10485760K, committed 8028160K, used 4644156K [0x0000000b5b000000, 0x0000000ddb000000)
  region size 8192K, 3 young (24576K), 3 survivors (24576K)
}
Event: 4930.282 {heap Before GC invocations=350 (full 6):
 garbage-first heap   total reserved 10485760K, committed 8028160K, used 7617852K [0x0000000b5b000000, 0x0000000ddb000000)
  region size 8192K, 366 young (2998272K), 3 survivors (24576K)
}
Event: 4930.370 {heap After GC invocations=351 (full 6):
 garbage-first heap   total reserved 10485760K, committed 8028160K, used 4643566K [0x0000000b5b000000, 0x0000000ddb000000)
  region size 8192K, 3 young (24576K), 3 survivors (24576K)
}
Event: 4961.043 {heap Before GC invocations=351 (full 6):
 garbage-first heap   total reserved 10485760K, committed 8028160K, used 7617262K [0x0000000b5b000000, 0x0000000ddb000000)
  region size 8192K, 366 young (2998272K), 3 survivors (24576K)
}
Event: 4961.143 {heap After GC invocations=352 (full 6):
 garbage-first heap   total reserved 10485760K, committed 8028160K, used 4642533K [0x0000000b5b000000, 0x0000000ddb000000)
  region size 8192K, 5 young (40960K), 5 survivors (40960K)
}
Event: 4978.543 {heap Before GC invocations=352 (full 6):
 garbage-first heap   total reserved 10485760K, committed 8028160K, used 6362853K [0x0000000b5b000000, 0x0000000ddb000000)
  region size 8192K, 215 young (1761280K), 5 survivors (40960K)
}
Event: 4978.582 {heap After GC invocations=353 (full 6):
 garbage-first heap   total reserved 10485760K, committed 8028160K, used 4631390K [0x0000000b5b000000, 0x0000000ddb000000)
  region size 8192K, 3 young (24576K), 3 survivors (24576K)
}
Event: 5010.390 {heap Before GC invocations=354 (full 6):
 garbage-first heap   total reserved 10485760K, committed 8028160K, used 7613278K [0x0000000b5b000000, 0x0000000ddb000000)
  region size 8192K, 367 young (3006464K), 3 survivors (24576K)
}
Event: 5010.438 {heap After GC invocations=355 (full 6):
 garbage-first heap   total reserved 10485760K, committed 8028160K, used 4633328K [0x0000000b5b000000, 0x0000000ddb000000)
  region size 8192K, 3 young (24576K), 3 survivors (24576K)
}
Event: 5043.448 {heap Before GC invocations=355 (full 6):
 garbage-first heap   total reserved 10485760K, committed 8028160K, used 7615216K [0x0000000b5b000000, 0x0000000ddb000000)
  region size 8192K, 367 young (3006464K), 3 survivors (24576K)
}
Event: 5043.556 {heap After GC invocations=356 (full 6):
 garbage-first heap   total reserved 10485760K, committed 8028160K, used 4614089K [0x0000000b5b000000, 0x0000000ddb000000)
  region size 8192K, 3 young (24576K), 3 survivors (24576K)
}
Event: 5075.599 {heap Before GC invocations=356 (full 6):
 garbage-first heap   total reserved 10485760K, committed 8028160K, used 7612361K [0x0000000b5b000000, 0x0000000ddb000000)
  region size 8192K, 369 young (3022848K), 3 survivors (24576K)
}
Event: 5075.645 {heap After GC invocations=357 (full 6):
 garbage-first heap   total reserved 10485760K, committed 8028160K, used 4618130K [0x0000000b5b000000, 0x0000000ddb000000)
  region size 8192K, 3 young (24576K), 3 survivors (24576K)
}
Event: 5106.210 {heap Before GC invocations=358 (full 6):
 garbage-first heap   total reserved 10485760K, committed 8028160K, used 7616402K [0x0000000b5b000000, 0x0000000ddb000000)
  region size 8192K, 369 young (3022848K), 3 survivors (24576K)
}
Event: 5106.239 {heap After GC invocations=359 (full 6):
 garbage-first heap   total reserved 10485760K, committed 8028160K, used 4619674K [0x0000000b5b000000, 0x0000000ddb000000)
  region size 8192K, 3 young (24576K), 3 survivors (24576K)
}
Event: 5134.431 {heap Before GC invocations=359 (full 6):
 garbage-first heap   total reserved 10485760K, committed 8028160K, used 7609754K [0x0000000b5b000000, 0x0000000ddb000000)
  region size 8192K, 368 young (3014656K), 3 survivors (24576K)
}
Event: 5134.515 {heap After GC invocations=360 (full 6):
 garbage-first heap   total reserved 10485760K, committed 8028160K, used 4616042K [0x0000000b5b000000, 0x0000000ddb000000)
  region size 8192K, 5 young (40960K), 5 survivors (40960K)
}
Event: 5151.073 {heap Before GC invocations=360 (full 6):
 garbage-first heap   total reserved 10485760K, committed 8028160K, used 7614314K [0x0000000b5b000000, 0x0000000ddb000000)
  region size 8192K, 371 young (3039232K), 5 survivors (40960K)
}
Event: 5151.139 {heap After GC invocations=361 (full 6):
 garbage-first heap   total reserved 10485760K, committed 8028160K, used 4617375K [0x0000000b5b000000, 0x0000000ddb000000)
  region size 8192K, 4 young (32768K), 4 survivors (32768K)
}

Metaspace Usage History (20 events):
Event: 4902.848 {metaspace Before GC invocations=348 (full 6):
 Metaspace       used 340507K, committed 342592K, reserved 1376256K
  class space    used 54304K, committed 55232K, reserved 1048576K
}
Event: 4902.991 {metaspace After GC invocations=349 (full 6):
 Metaspace       used 340507K, committed 342592K, reserved 1376256K
  class space    used 54304K, committed 55232K, reserved 1048576K
}
Event: 4930.282 {metaspace Before GC invocations=350 (full 6):
 Metaspace       used 340507K, committed 342592K, reserved 1376256K
  class space    used 54304K, committed 55232K, reserved 1048576K
}
Event: 4930.370 {metaspace After GC invocations=351 (full 6):
 Metaspace       used 340507K, committed 342592K, reserved 1376256K
  class space    used 54304K, committed 55232K, reserved 1048576K
}
Event: 4961.043 {metaspace Before GC invocations=351 (full 6):
 Metaspace       used 340509K, committed 342592K, reserved 1376256K
  class space    used 54304K, committed 55232K, reserved 1048576K
}
Event: 4961.143 {metaspace After GC invocations=352 (full 6):
 Metaspace       used 340509K, committed 342592K, reserved 1376256K
  class space    used 54304K, committed 55232K, reserved 1048576K
}
Event: 4978.543 {metaspace Before GC invocations=352 (full 6):
 Metaspace       used 340509K, committed 342592K, reserved 1376256K
  class space    used 54304K, committed 55232K, reserved 1048576K
}
Event: 4978.582 {metaspace After GC invocations=353 (full 6):
 Metaspace       used 340509K, committed 342592K, reserved 1376256K
  class space    used 54304K, committed 55232K, reserved 1048576K
}
Event: 5010.390 {metaspace Before GC invocations=354 (full 6):
 Metaspace       used 340510K, committed 342592K, reserved 1376256K
  class space    used 54304K, committed 55232K, reserved 1048576K
}
Event: 5010.438 {metaspace After GC invocations=355 (full 6):
 Metaspace       used 340510K, committed 342592K, reserved 1376256K
  class space    used 54304K, committed 55232K, reserved 1048576K
}
Event: 5043.448 {metaspace Before GC invocations=355 (full 6):
 Metaspace       used 340510K, committed 342592K, reserved 1376256K
  class space    used 54304K, committed 55232K, reserved 1048576K
}
Event: 5043.556 {metaspace After GC invocations=356 (full 6):
 Metaspace       used 340510K, committed 342592K, reserved 1376256K
  class space    used 54304K, committed 55232K, reserved 1048576K
}
Event: 5075.599 {metaspace Before GC invocations=356 (full 6):
 Metaspace       used 340510K, committed 342592K, reserved 1376256K
  class space    used 54304K, committed 55232K, reserved 1048576K
}
Event: 5075.645 {metaspace After GC invocations=357 (full 6):
 Metaspace       used 340510K, committed 342592K, reserved 1376256K
  class space    used 54304K, committed 55232K, reserved 1048576K
}
Event: 5106.210 {metaspace Before GC invocations=358 (full 6):
 Metaspace       used 340513K, committed 342592K, reserved 1376256K
  class space    used 54305K, committed 55232K, reserved 1048576K
}
Event: 5106.239 {metaspace After GC invocations=359 (full 6):
 Metaspace       used 340513K, committed 342592K, reserved 1376256K
  class space    used 54305K, committed 55232K, reserved 1048576K
}
Event: 5134.431 {metaspace Before GC invocations=359 (full 6):
 Metaspace       used 340517K, committed 342592K, reserved 1376256K
  class space    used 54305K, committed 55232K, reserved 1048576K
}
Event: 5134.515 {metaspace After GC invocations=360 (full 6):
 Metaspace       used 340517K, committed 342592K, reserved 1376256K
  class space    used 54305K, committed 55232K, reserved 1048576K
}
Event: 5151.073 {metaspace Before GC invocations=360 (full 6):
 Metaspace       used 340541K, committed 342592K, reserved 1376256K
  class space    used 54306K, committed 55232K, reserved 1048576K
}
Event: 5151.139 {metaspace After GC invocations=361 (full 6):
 Metaspace       used 340541K, committed 342592K, reserved 1376256K
  class space    used 54306K, committed 55232K, reserved 1048576K
}

Dll operation events (20 events):
Event: 0.040 Loaded shared library /Library/Java/JavaVirtualMachines/zulu-25.jdk/Contents/Home/lib/libnio.dylib
Event: 0.044 Loaded shared library /Library/Java/JavaVirtualMachines/zulu-25.jdk/Contents/Home/lib/libzip.dylib
Event: 0.132 Loaded shared library /Library/Java/JavaVirtualMachines/zulu-25.jdk/Contents/Home/lib/libjimage.dylib
Event: 0.229 Loaded shared library /Library/Java/JavaVirtualMachines/zulu-25.jdk/Contents/Home/lib/libmanagement.dylib
Event: 0.231 Loaded shared library /Library/Java/JavaVirtualMachines/zulu-25.jdk/Contents/Home/lib/libmanagement_ext.dylib
Event: 0.283 Loaded shared library /Library/Java/JavaVirtualMachines/zulu-25.jdk/Contents/Home/lib/libnet.dylib
Event: 0.637 Loaded shared library /Library/Java/JavaVirtualMachines/zulu-25.jdk/Contents/Home/lib/libverify.dylib
Event: 1.596 Loaded shared library /Users/gottfrid.nordstrom@live.vasteras.se/Library/Caches/JNA/temp/jna11176368940754263816.tmp
Event: 2.091 Loaded shared library /Library/Java/JavaVirtualMachines/zulu-25.jdk/Contents/Home/lib/libextnet.dylib
Event: 2.635 Loaded shared library /Library/Java/JavaVirtualMachines/zulu-25.jdk/Contents/Home/lib/libawt.dylib
Event: 2.646 Loaded shared library /Library/Java/JavaVirtualMachines/zulu-25.jdk/Contents/Home/lib/libawt_lwawt.dylib
Event: 2.664 Loaded shared library /Library/Java/JavaVirtualMachines/zulu-25.jdk/Contents/Home/lib/libfontmanager.dylib
Event: 3.072 Loaded shared library /Library/Java/JavaVirtualMachines/zulu-25.jdk/Contents/Home/lib/libosxui.dylib
Event: 8.885 Loaded shared library /private/var/folders/9t/cxbxd1216db1g5brjglfds9r0000gn/T/lwjgl_gottfrid.nordstrom@live.vasteras.se/3.3.6-snapshot/arm64/liblwjgl.dylib
Event: 10.084 Loaded shared library /private/var/folders/9t/cxbxd1216db1g5brjglfds9r0000gn/T/lwjgl_gottfrid.nordstrom@live.vasteras.se/3.3.6-snapshot/arm64/liblwjgl_opengl.dylib
Event: 12.867 Loaded shared library /Library/Java/JavaVirtualMachines/zulu-25.jdk/Contents/Home/lib/libsyslookup.dylib
Event: 18.524 Loaded shared library /Library/Java/JavaVirtualMachines/zulu-25.jdk/Contents/Home/lib/libjavajpeg.dylib
Event: 23.853 Loaded shared library /private/var/folders/9t/cxbxd1216db1g5brjglfds9r0000gn/T/libzstd-jni-1.5.7-31565523664860439593.dylib
Event: 38.550 Loaded shared library /private/var/folders/9t/cxbxd1216db1g5brjglfds9r0000gn/T/lwjgl_gottfrid.nordstrom@live.vasteras.se/3.3.6-snapshot/arm64/liblwjgl_stb.dylib
Event: 46.445 Loaded shared library /private/var/folders/9t/cxbxd1216db1g5brjglfds9r0000gn/T/libjcocoa14138142384428459378.dylib

Deoptimization events (20 events):
Event: 5150.039 Thread 0x0000000839da8000 DEOPT PACKING pc=0x00000001187a6e08 sp=0x000000034608a590
Event: 5150.039 Thread 0x0000000839da8000 DEOPT UNPACKING pc=0x000000011bc910bc sp=0x000000034608a2b0 mode 0
Event: 5150.195 Thread 0x00000001052d4700 Uncommon trap: trap_request=0xffffff45 fr.pc=0x000000011c6da844 relative=0x0000000000003204
Event: 5150.195 Thread 0x00000001052d4700 Uncommon trap: reason=unstable_if action=reinterpret pc=0x000000011c6da844 method=org.lwjgl.glfw.GLFW.glfwWindowShouldClose(J)Z @ 20 c2
Event: 5150.195 Thread 0x00000001052d4700 DEOPT PACKING pc=0x000000011c6da844 sp=0x000000016b40a130
Event: 5150.195 Thread 0x00000001052d4700 DEOPT UNPACKING pc=0x000000011bd69e9c sp=0x000000016b409ff0 mode 2
Event: 5150.211 Thread 0x00000001052d4700 Uncommon trap: trap_request=0xffffff45 fr.pc=0x000000011d99bf60 relative=0x00000000000000e0
Event: 5150.211 Thread 0x00000001052d4700 Uncommon trap: reason=unstable_if action=reinterpret pc=0x000000011d99bf60 method=net.minecraft.client.Minecraft.func_99999_d()V @ 35 c2
Event: 5150.211 Thread 0x00000001052d4700 DEOPT PACKING pc=0x000000011d99bf60 sp=0x000000016b40a1d0
Event: 5150.211 Thread 0x00000001052d4700 DEOPT UNPACKING pc=0x000000011bd69e9c sp=0x000000016b40a140 mode 2
Event: 5150.231 Thread 0x0000000839ed5400 DEOPT PACKING pc=0x0000000114e445b4 sp=0x000000032bc26640
Event: 5150.231 Thread 0x0000000839ed5400 DEOPT UNPACKING pc=0x000000011bc910bc sp=0x000000032bc26350 mode 0
Event: 5150.232 Thread 0x000000082d5d2800 Uncommon trap: trap_request=0xffffff45 fr.pc=0x000000011db315fc relative=0x00000000000004fc
Event: 5150.232 Thread 0x000000082d5d2800 Uncommon trap: reason=unstable_if action=reinterpret pc=0x000000011db315fc method=net.minecraft.network.NetworkManager$4.run()V @ 53 c2
Event: 5150.232 Thread 0x000000082d5d2800 DEOPT PACKING pc=0x000000011db315fc sp=0x0000000345a66680
Event: 5150.232 Thread 0x000000082d5d2800 DEOPT UNPACKING pc=0x000000011bd69e9c sp=0x0000000345a66620 mode 2
Event: 5151.579 Thread 0x00000008335aa800 Uncommon trap: trap_request=0xffffff45 fr.pc=0x000000011db5b9d8 relative=0x0000000000000818
Event: 5151.579 Thread 0x00000008335aa800 Uncommon trap: reason=unstable_if action=reinterpret pc=0x000000011db5b9d8 method=paulscode.sound.CommandThread.run()V @ 36 c2
Event: 5151.579 Thread 0x00000008335aa800 DEOPT PACKING pc=0x000000011db5b9d8 sp=0x0000000338316a60
Event: 5151.579 Thread 0x00000008335aa800 DEOPT UNPACKING pc=0x000000011bd69e9c sp=0x00000003383169d0 mode 2

Classes loaded (20 events):
Event: 3826.013 Loading class java/awt/geom/Ellipse2D$Double
Event: 3826.014 Loading class java/awt/geom/Ellipse2D
Event: 3826.014 Loading class java/awt/geom/Ellipse2D done
Event: 3826.014 Loading class java/awt/geom/Ellipse2D$Double done
Event: 4086.737 Loading class java/util/stream/ReduceOps$9
Event: 4086.738 Loading class java/util/stream/ReduceOps$9 done
Event: 4086.738 Loading class java/util/stream/ReduceOps$CountingSink$OfInt
Event: 4086.738 Loading class java/util/stream/ReduceOps$CountingSink$OfInt done
Event: 4087.093 Loading class java/lang/ObjectBeanInfo
Event: 4087.093 Loading class java/lang/ObjectBeanInfo done
Event: 4087.093 Loading class java/lang/ObjectBeanInfo
Event: 4087.093 Loading class java/lang/ObjectBeanInfo done
Event: 4087.093 Loading class java/lang/ObjectBeanInfo
Event: 4087.093 Loading class java/lang/ObjectBeanInfo done
Event: 4087.093 Loading class java/lang/ObjectCustomizer
Event: 4087.093 Loading class java/lang/ObjectCustomizer done
Event: 4087.093 Loading class java/lang/ObjectCustomizer
Event: 4087.093 Loading class java/lang/ObjectCustomizer done
Event: 4087.093 Loading class java/lang/ObjectCustomizer
Event: 4087.093 Loading class java/lang/ObjectCustomizer done

Classes unloaded (20 events):
Event: 4522.090 Thread 0x000000082b0d9e00 Unloading class 0x00000400045eb800 'java/lang/invoke/LambdaForm$MH+0x00000400045eb800'
Event: 4522.090 Thread 0x000000082b0d9e00 Unloading class 0x00000400045eb400 'java/lang/invoke/LambdaForm$MH+0x00000400045eb400'
Event: 4522.090 Thread 0x000000082b0d9e00 Unloading class 0x00000400045eb000 'java/lang/invoke/LambdaForm$MH+0x00000400045eb000'
Event: 4522.090 Thread 0x000000082b0d9e00 Unloading class 0x00000400045eac00 'java/lang/invoke/LambdaForm$MH+0x00000400045eac00'
Event: 4522.090 Thread 0x000000082b0d9e00 Unloading class 0x00000400045ea800 'java/lang/invoke/LambdaForm$MH+0x00000400045ea800'
Event: 4522.090 Thread 0x000000082b0d9e00 Unloading class 0x00000400045ea400 'java/lang/invoke/LambdaForm$MH+0x00000400045ea400'
Event: 4522.090 Thread 0x000000082b0d9e00 Unloading class 0x00000400045e9af0 'postInit/tooltip$_run_closure1'
Event: 4522.090 Thread 0x000000082b0d9e00 Unloading class 0x00000400045e9800 'postInit/tooltip'
Event: 4522.090 Thread 0x000000082b0d9e00 Unloading class 0x00000400045e9000 'java/lang/invoke/LambdaForm$MH+0x00000400045e9000'
Event: 4522.090 Thread 0x000000082b0d9e00 Unloading class 0x00000400045e8c00 'java/lang/invoke/LambdaForm$MH+0x00000400045e8c00'
Event: 4522.090 Thread 0x000000082b0d9e00 Unloading class 0x00000400045e8800 'java/lang/invoke/LambdaForm$MH+0x00000400045e8800'
Event: 4522.090 Thread 0x000000082b0d9e00 Unloading class 0x00000400045e8400 'java/lang/invoke/LambdaForm$MH+0x00000400045e8400'
Event: 4522.090 Thread 0x000000082b0d9e00 Unloading class 0x00000400045e8000 'java/lang/invoke/LambdaForm$MH+0x00000400045e8000'
Event: 4522.090 Thread 0x000000082b0d9e00 Unloading class 0x00000400045e3c00 'java/lang/invoke/LambdaForm$MH+0x00000400045e3c00'
Event: 4522.090 Thread 0x000000082b0d9e00 Unloading class 0x00000400045e3800 'java/lang/invoke/LambdaForm$MH+0x00000400045e3800'
Event: 4522.090 Thread 0x000000082b0d9e00 Unloading class 0x00000400045e3400 'java/lang/invoke/LambdaForm$MH+0x00000400045e3400'
Event: 4522.090 Thread 0x000000082b0d9e00 Unloading class 0x00000400045e3000 'java/lang/invoke/LambdaForm$MH+0x00000400045e3000'
Event: 4522.090 Thread 0x000000082b0d9e00 Unloading class 0x00000400045e2c00 'java/lang/invoke/LambdaForm$MH+0x00000400045e2c00'
Event: 4522.090 Thread 0x000000082b0d9e00 Unloading class 0x00000400045e22f0 'postInit/tooltip$_run_closure1'
Event: 4522.090 Thread 0x000000082b0d9e00 Unloading class 0x00000400045e2000 'postInit/tooltip'

Classes redefined (0 events):
No events

Internal exceptions (20 events):
Event: 5149.975 Thread 0x00000008335aa800 Exception <a 'java/lang/InterruptedException'{0x0000000c91a0df58}: sleep interrupted> (0x0000000c91a0df58) 
thrown [src/hotspot/share/prims/jvm.cpp, line 2904]
Event: 5149.981 Thread 0x00000008335aa800 Exception <a 'java/lang/InterruptedException'{0x0000000c91a0e270}: sleep interrupted> (0x0000000c91a0e270) 
thrown [src/hotspot/share/prims/jvm.cpp, line 2904]
Event: 5149.991 Thread 0x00000008335aa800 Exception <a 'java/lang/InterruptedException'{0x0000000c8efb4a90}: sleep interrupted> (0x0000000c8efb4a90) 
thrown [src/hotspot/share/prims/jvm.cpp, line 2904]
Event: 5149.997 Thread 0x00000008335aa800 Exception <a 'java/lang/InterruptedException'{0x0000000c8efb4da8}: sleep interrupted> (0x0000000c8efb4da8) 
thrown [src/hotspot/share/prims/jvm.cpp, line 2904]
Event: 5150.003 Thread 0x00000008335aa800 Exception <a 'java/lang/InterruptedException'{0x0000000c8efb50c0}: sleep interrupted> (0x0000000c8efb50c0) 
thrown [src/hotspot/share/prims/jvm.cpp, line 2904]
Event: 5150.010 Thread 0x00000008335aa800 Exception <a 'java/lang/InterruptedException'{0x0000000c8efb53d8}: sleep interrupted> (0x0000000c8efb53d8) 
thrown [src/hotspot/share/prims/jvm.cpp, line 2904]
Event: 5150.017 Thread 0x00000008335aa800 Exception <a 'java/lang/InterruptedException'{0x0000000c8efb56f0}: sleep interrupted> (0x0000000c8efb56f0) 
thrown [src/hotspot/share/prims/jvm.cpp, line 2904]
Event: 5150.023 Thread 0x00000008335aa800 Exception <a 'java/lang/InterruptedException'{0x0000000c8efb5a08}: sleep interrupted> (0x0000000c8efb5a08) 
thrown [src/hotspot/share/prims/jvm.cpp, line 2904]
Event: 5150.030 Thread 0x00000008335aa800 Exception <a 'java/lang/InterruptedException'{0x0000000c8efb5d20}: sleep interrupted> (0x0000000c8efb5d20) 
thrown [src/hotspot/share/prims/jvm.cpp, line 2904]
Event: 5150.043 Thread 0x00000008335aa800 Exception <a 'java/lang/InterruptedException'{0x0000000c8efb6038}: sleep interrupted> (0x0000000c8efb6038) 
thrown [src/hotspot/share/prims/jvm.cpp, line 2904]
Event: 5150.049 Thread 0x00000008335aa800 Exception <a 'java/lang/InterruptedException'{0x0000000c8efb6350}: sleep interrupted> (0x0000000c8efb6350) 
thrown [src/hotspot/share/prims/jvm.cpp, line 2904]
Event: 5150.057 Thread 0x00000008335aa800 Exception <a 'java/lang/InterruptedException'{0x0000000c8efb6668}: sleep interrupted> (0x0000000c8efb6668) 
thrown [src/hotspot/share/prims/jvm.cpp, line 2904]
Event: 5150.063 Thread 0x00000008335aa800 Exception <a 'java/lang/InterruptedException'{0x0000000c8efb6980}: sleep interrupted> (0x0000000c8efb6980) 
thrown [src/hotspot/share/prims/jvm.cpp, line 2904]
Event: 5150.071 Thread 0x00000008335aa800 Exception <a 'java/lang/InterruptedException'{0x0000000c8efb6c98}: sleep interrupted> (0x0000000c8efb6c98) 
thrown [src/hotspot/share/prims/jvm.cpp, line 2904]
Event: 5150.078 Thread 0x00000008335aa800 Exception <a 'java/lang/InterruptedException'{0x0000000c8efb6fb0}: sleep interrupted> (0x0000000c8efb6fb0) 
thrown [src/hotspot/share/prims/jvm.cpp, line 2904]
Event: 5150.084 Thread 0x00000008335aa800 Exception <a 'java/lang/InterruptedException'{0x0000000c8efb72c8}: sleep interrupted> (0x0000000c8efb72c8) 
thrown [src/hotspot/share/prims/jvm.cpp, line 2904]
Event: 5150.196 Thread 0x00000008335aa800 Exception <a 'java/lang/InterruptedException'{0x0000000c8efb75e0}: sleep interrupted> (0x0000000c8efb75e0) 
thrown [src/hotspot/share/prims/jvm.cpp, line 2904]
Event: 5150.196 Thread 0x00000008335aa800 Exception <a 'java/lang/InterruptedException'{0x0000000c8efb78f8}: sleep interrupted> (0x0000000c8efb78f8) 
thrown [src/hotspot/share/prims/jvm.cpp, line 2882]
Event: 5151.579 Thread 0x00000008335aa800 Exception <a 'java/lang/InterruptedException'{0x0000000dcf000040}: sleep interrupted> (0x0000000dcf000040) 
thrown [src/hotspot/share/prims/jvm.cpp, line 2904]
Event: 5151.680 Thread 0x000000082f027200 Exception <a 'java/lang/InterruptedException'{0x0000000dcf009a90}: sleep interrupted> (0x0000000dcf009a90) 
thrown [src/hotspot/share/prims/jvm.cpp, line 2904]

VM Operations (20 events):
Event: 5049.515 Executing non-safepoint VM operation: RendezvousGCThreads
Event: 5049.515 Executing non-safepoint VM operation: RendezvousGCThreads done
Event: 5075.591 Executing safepoint VM operation: G1CollectForAllocation (G1 Evacuation Pause)
Event: 5075.645 Executing safepoint VM operation: G1CollectForAllocation (G1 Evacuation Pause) done
Event: 5078.151 Executing safepoint VM operation: G1PauseRemark
Event: 5078.181 Executing safepoint VM operation: G1PauseRemark done
Event: 5079.767 Executing safepoint VM operation: G1PauseCleanup
Event: 5079.767 Executing safepoint VM operation: G1PauseCleanup done
Event: 5106.210 Executing safepoint VM operation: G1CollectForAllocation (G1 Evacuation Pause)
Event: 5106.239 Executing safepoint VM operation: G1CollectForAllocation (G1 Evacuation Pause) done
Event: 5109.608 Executing non-safepoint VM operation: HandshakeAllThreads (HandshakeForDeflation)
Event: 5109.608 Executing non-safepoint VM operation: HandshakeAllThreads (HandshakeForDeflation) done
Event: 5109.608 Executing non-safepoint VM operation: RendezvousGCThreads
Event: 5109.608 Executing non-safepoint VM operation: RendezvousGCThreads done
Event: 5134.431 Executing safepoint VM operation: G1CollectForAllocation (G1 Evacuation Pause)
Event: 5134.515 Executing safepoint VM operation: G1CollectForAllocation (G1 Evacuation Pause) done
Event: 5135.386 Executing non-safepoint VM operation: HandshakeAllThreads (Deoptimize)
Event: 5135.386 Executing non-safepoint VM operation: HandshakeAllThreads (Deoptimize) done
Event: 5151.073 Executing safepoint VM operation: G1CollectForAllocation (G1 Evacuation Pause)
Event: 5151.139 Executing safepoint VM operation: G1CollectForAllocation (G1 Evacuation Pause) done

Memory protections (20 events):
Event: 4404.444 Protecting memory [0x000000032d24c000,0x000000032d258000] with protection modes 3
Event: 4405.491 Protecting memory [0x000000032d24c000,0x000000032d258000] with protection modes 0
Event: 4446.029 Protecting memory [0x000000034f524000,0x000000034f530000] with protection modes 0
Event: 4446.029 Protecting memory [0x000000034f730000,0x000000034f73c000] with protection modes 0
Event: 4447.399 Protecting memory [0x000000032d24c000,0x000000032d258000] with protection modes 3
Event: 4448.189 Protecting memory [0x000000032d24c000,0x000000032d258000] with protection modes 0
Event: 4492.689 Protecting memory [0x000000034f93c000,0x000000034f948000] with protection modes 0
Event: 4492.690 Protecting memory [0x000000034fb48000,0x000000034fb54000] with protection modes 0
Event: 4494.092 Protecting memory [0x000000032d24c000,0x000000032d258000] with protection modes 3
Event: 4494.234 Protecting memory [0x000000032d24c000,0x000000032d258000] with protection modes 0
Event: 4843.537 Protecting memory [0x000000034fd54000,0x000000034fd60000] with protection modes 0
Event: 4843.852 Protecting memory [0x000000034ff60000,0x000000034ff6c000] with protection modes 0
Event: 4843.852 Protecting memory [0x000000034ff60000,0x000000034ff6c000] with protection modes 3
Event: 4844.121 Protecting memory [0x000000034ff60000,0x000000034ff6c000] with protection modes 0
Event: 4844.121 Protecting memory [0x000000034ff60000,0x000000034ff6c000] with protection modes 3
Event: 5150.226 Protecting memory [0x000000032d038000,0x000000032d044000] with protection modes 3
Event: 5150.905 Protecting memory [0x000000032b818000,0x000000032b824000] with protection modes 3
Event: 5151.568 Protecting memory [0x000000032ba24000,0x000000032ba30000] with protection modes 3
Event: 5151.579 Protecting memory [0x0000000338114000,0x0000000338120000] with protection modes 3
Event: 5151.680 Protecting memory [0x000000033a5c0000,0x000000033a5cc000] with protection modes 3

Nmethod flushes (20 events):
Event: 5078.180 Thread 0x000000082b0d9e00 flushing  nmethod 0x00000001147388c8
Event: 5078.180 Thread 0x000000082b0d9e00 flushing  nmethod 0x0000000114b8be48
Event: 5078.180 Thread 0x000000082b0d9e00 flushing  nmethod 0x0000000117bf3c08
Event: 5078.180 Thread 0x000000082b0d9e00 flushing  nmethod 0x0000000117bf4b08
Event: 5078.180 Thread 0x000000082b0d9e00 flushing  nmethod 0x0000000116201fc8
Event: 5078.180 Thread 0x000000082b0d9e00 flushing  nmethod 0x0000000114735a08
Event: 5078.180 Thread 0x000000082b0d9e00 flushing  nmethod 0x0000000114ae0508
Event: 5078.180 Thread 0x000000082b0d9e00 flushing  nmethod 0x0000000114a3f088
Event: 5078.180 Thread 0x000000082b0d9e00 flushing  nmethod 0x0000000114e959c8
Event: 5078.180 Thread 0x000000082b0d9e00 flushing  nmethod 0x00000001179747c8
Event: 5078.180 Thread 0x000000082b0d9e00 flushing  nmethod 0x0000000114d59888
Event: 5078.180 Thread 0x000000082b0d9e00 flushing  nmethod 0x0000000118721a08
Event: 5078.180 Thread 0x000000082b0d9e00 flushing  nmethod 0x0000000118722148
Event: 5078.180 Thread 0x000000082b0d9e00 flushing  nmethod 0x0000000114786248
Event: 5078.180 Thread 0x000000082b0d9e00 flushing  nmethod 0x000000011478c208
Event: 5078.180 Thread 0x000000082b0d9e00 flushing  nmethod 0x0000000114c81508
Event: 5078.180 Thread 0x000000082b0d9e00 flushing  nmethod 0x0000000114e00448
Event: 5078.180 Thread 0x000000082b0d9e00 flushing  nmethod 0x0000000114e25188
Event: 5078.180 Thread 0x000000082b0d9e00 flushing  nmethod 0x0000000115a10908
Event: 5078.180 Thread 0x000000082b0d9e00 flushing  nmethod 0x0000000116622848

Events (20 events):
Event: 4404.444 Thread 0x0000000836c10000 Thread exited: 0x0000000836c10000
Event: 4405.491 Thread 0x000000082b38f200 Thread added: 0x000000082e0a7200
Event: 4446.029 Thread 0x0000000839ed5400 Thread added: 0x000000083b4c5400
Event: 4446.029 Thread 0x000000083b4c5400 Thread added: 0x000000083aa39400
Event: 4447.399 Thread 0x000000082e0a7200 Thread exited: 0x000000082e0a7200
Event: 4448.189 Thread 0x000000082b38f200 Thread added: 0x0000000834f76800
Event: 4492.689 Thread 0x0000000839ed5400 Thread added: 0x000000083b735400
Event: 4492.690 Thread 0x000000083b735400 Thread added: 0x00000008335bde00
Event: 4494.092 Thread 0x0000000834f76800 Thread exited: 0x0000000834f76800
Event: 4494.234 Thread 0x000000082b38f200 Thread added: 0x0000000833144a00
Event: 4843.537 Thread 0x0000000839ed5400 Thread added: 0x0000000834258a00
Event: 4843.852 Thread 0x0000000834258a00 Thread added: 0x000000083a95b200
Event: 4843.852 Thread 0x000000083a95b200 Thread exited: 0x000000083a95b200
Event: 4844.121 Thread 0x0000000834258a00 Thread added: 0x000000083043d400
Event: 4844.121 Thread 0x000000083043d400 Thread exited: 0x000000083043d400
Event: 5150.226 Thread 0x000000082e0a6800 Thread exited: 0x000000082e0a6800
Event: 5150.905 Thread 0x000000083adf4a00 Thread exited: 0x000000083adf4a00
Event: 5151.568 Thread 0x0000000839ed5400 Thread exited: 0x0000000839ed5400
Event: 5151.579 Thread 0x00000008335aa800 Thread exited: 0x00000008335aa800
Event: 5151.680 Thread 0x000000082f027200 Thread exited: 0x000000082f027200


Dynamic libraries:
0x0000000104cc4000 	/Library/Java/JavaVirtualMachines/zulu-25.jdk/Contents/Home/lib/libjli.dylib
0x00000001a400e000 	/System/Library/Frameworks/ApplicationServices.framework/Versions/A/ApplicationServices
0x000000018e1c4000 	/System/Library/Frameworks/CoreGraphics.framework/Versions/A/CoreGraphics
0x000000018a348000 	/System/Library/Frameworks/CoreText.framework/Versions/A/CoreText
0x000000019455f000 	/System/Library/Frameworks/ImageIO.framework/Versions/A/ImageIO
0x000000018e91a000 	/System/Library/Frameworks/ColorSync.framework/Versions/A/ColorSync
0x000000019b42d000 	/System/Library/Frameworks/ApplicationServices.framework/Versions/A/Frameworks/ATS.framework/Versions/A/ATS
0x000000019f941000 	/System/Library/Frameworks/CoreServices.framework/Versions/A/CoreServices
0x000000018eac2000 	/System/Library/Frameworks/ApplicationServices.framework/Versions/A/Frameworks/HIServices.framework/Versions/A/HIServices
0x0000000199afe000 	/System/Library/Frameworks/ApplicationServices.framework/Versions/A/Frameworks/PrintCore.framework/Versions/A/PrintCore
0x000000019b7df000 	/System/Library/Frameworks/ApplicationServices.framework/Versions/A/Frameworks/QD.framework/Versions/A/QD
0x000000019b7da000 	/System/Library/Frameworks/ApplicationServices.framework/Versions/A/Frameworks/ColorSyncLegacy.framework/Versions/A/ColorSyncLegacy
0x000000019b3ff000 	/System/Library/Frameworks/ApplicationServices.framework/Versions/A/Frameworks/SpeechSynthesis.framework/Versions/A/SpeechSynthesis
0x0000000197274000 	/usr/lib/libSystem.B.dylib
0x000000018dc0d000 	/System/Library/PrivateFrameworks/SkyLight.framework/Versions/A/SkyLight
0x000000018f304000 	/System/Library/PrivateFrameworks/ProtocolBuffer.framework/Versions/A/ProtocolBuffer
0x0000000197278000 	/System/Library/PrivateFrameworks/SoftLinking.framework/Versions/A/SoftLinking
0x000000018b126000 	/usr/lib/libicucore.A.dylib
0x0000000190fb6000 	/System/Library/PrivateFrameworks/CoreAnalytics.framework/Versions/A/CoreAnalytics
0x0000000193f3a000 	/System/Library/PrivateFrameworks/FontServices.framework/libFontParser.dylib
0x000000019fbc0000 	/System/Library/Frameworks/Accelerate.framework/Versions/A/Accelerate
0x0000000193a6c000 	/System/Library/Frameworks/IOSurface.framework/Versions/A/IOSurface
0x0000000191cfa000 	/usr/lib/libxml2.2.dylib
0x000000018d77e000 	/System/Library/Frameworks/CFNetwork.framework/Versions/A/CFNetwork
0x0000000187465000 	/System/Library/Frameworks/CoreFoundation.framework/Versions/A/CoreFoundation
0x0000000188cd2000 	/System/Library/Frameworks/Foundation.framework/Versions/C/Foundation
0x00000001971be000 	/usr/lib/libz.1.dylib
0x0000000186fc0000 	/usr/lib/libobjc.A.dylib
0x0000000187335000 	/usr/lib/libc++.1.dylib
0x000000018ad07000 	/System/Library/Frameworks/Security.framework/Versions/A/Security
0x000000023fcaf000 	/System/Library/PrivateFrameworks/CollectionsInternal.framework/Versions/A/CollectionsInternal
0x000000019aae4000 	/usr/lib/swift/libswiftCore.dylib
0x00000001b4732000 	/usr/lib/swift/libswiftCoreFoundation.dylib
0x00000001a16ad000 	/usr/lib/swift/libswiftDispatch.dylib
0x00000001b4793000 	/usr/lib/swift/libswiftIOKit.dylib
0x00000001a4685000 	/usr/lib/swift/libswiftObjectiveC.dylib
0x00000001b4745000 	/usr/lib/swift/libswiftXPC.dylib
0x000000028bda6000 	/usr/lib/swift/libswift_Builtin_float.dylib
0x000000023c976000 	/System/Library/PrivateFrameworks/BiomeLibrary.framework/Versions/A/BiomeLibrary
0x000000018f5ab000 	/System/Library/PrivateFrameworks/BaseBoard.framework/Versions/A/BaseBoard
0x00000001a1a0e000 	/System/Library/PrivateFrameworks/BoardServices.framework/Versions/A/BoardServices
0x00000001a38db000 	/System/Library/PrivateFrameworks/BackBoardServices.framework/Versions/A/BackBoardServices
0x000000023c87b000 	/System/Library/PrivateFrameworks/BackBoardHIDEventFoundation.framework/Versions/A/BackBoardHIDEventFoundation
0x0000000191de1000 	/System/Library/Frameworks/CoreVideo.framework/Versions/A/CoreVideo
0x0000000190fe6000 	/usr/lib/libDiagnosticMessagesClient.dylib
0x0000000189e64000 	/System/Library/Frameworks/CoreDisplay.framework/Versions/A/CoreDisplay
0x00000001964cb000 	/usr/lib/libbsm.0.dylib
0x0000000199457000 	/System/Library/Frameworks/VideoToolbox.framework/Versions/A/VideoToolbox
0x0000000197494000 	/System/Library/Frameworks/MetalPerformanceShaders.framework/Versions/A/MetalPerformanceShaders
0x000000019617a000 	/System/Library/PrivateFrameworks/IOMobileFramebuffer.framework/Versions/A/IOMobileFramebuffer
0x000000026aab8000 	/System/Library/PrivateFrameworks/ProDisplayLibrary.framework/Versions/A/ProDisplayLibrary
0x00000001a770c000 	/System/Library/PrivateFrameworks/IOSurfaceAccelerator.framework/Versions/A/IOSurfaceAccelerator
0x000000018f69d000 	/System/Library/PrivateFrameworks/RunningBoardServices.framework/Versions/A/RunningBoardServices
0x0000000188941000 	/System/Library/Frameworks/SystemConfiguration.framework/Versions/A/SystemConfiguration
0x0000000193a94000 	/System/Library/Frameworks/Metal.framework/Versions/A/Metal
0x0000000193a89000 	/System/Library/PrivateFrameworks/IOAccelerator.framework/Versions/A/IOAccelerator
0x0000000193d98000 	/System/Library/Frameworks/CoreMedia.framework/Versions/A/CoreMedia
0x000000018dbe9000 	/System/Library/PrivateFrameworks/TCC.framework/Versions/A/TCC
0x000000018db51000 	/usr/lib/libMobileGestalt.dylib
0x000000019940f000 	/System/Library/PrivateFrameworks/WatchdogClient.framework/Versions/A/WatchdogClient
0x0000000191510000 	/System/Library/Frameworks/QuartzCore.framework/Versions/A/QuartzCore
0x000000018b77e000 	/System/Library/Frameworks/IOKit.framework/Versions/A/IOKit
0x000000019749c000 	/usr/lib/libcompression.dylib
0x0000000199411000 	/System/Library/PrivateFrameworks/MultitouchSupport.framework/Versions/A/MultitouchSupport
0x00000001cc56a000 	/usr/lib/swift/libswiftAccelerate.dylib
0x00000001b4712000 	/usr/lib/swift/libswiftCoreAudio.dylib
0x00000001d06e5000 	/usr/lib/swift/libswiftCoreMedia.dylib
0x00000001c26d3000 	/usr/lib/swift/libswiftMetal.dylib
0x00000001d1e98000 	/usr/lib/swift/libswiftOSLog.dylib
0x00000001c7ac7000 	/usr/lib/swift/libswiftQuartzCore.dylib
0x00000001cc55a000 	/usr/lib/swift/libswiftUniformTypeIdentifiers.dylib
0x000000028bd8e000 	/usr/lib/swift/libswiftVideoToolbox.dylib
0x00000001a4689000 	/usr/lib/swift/libswiftos.dylib
0x00000001b8284000 	/usr/lib/swift/libswiftsimd.dylib
0x00000001c373e000 	/System/Library/PrivateFrameworks/BiomeStreams.framework/Versions/A/BiomeStreams
0x00000001c9a21000 	/System/Library/PrivateFrameworks/BiomeStorage.framework/Versions/A/BiomeStorage
0x00000001bf7a4000 	/System/Library/PrivateFrameworks/BiomeFoundation.framework/Versions/A/BiomeFoundation
0x0000000258fd5000 	/System/Library/PrivateFrameworks/IntelligencePlatformLibrary.framework/Versions/A/IntelligencePlatformLibrary
0x000000018f320000 	/usr/lib/libsqlite3.dylib
0x000000026987c000 	/System/Library/PrivateFrameworks/PoirotSchematizer.framework/Versions/A/PoirotSchematizer
0x000000023d229000 	/System/Library/PrivateFrameworks/BiomeSync.framework/Versions/A/BiomeSync
0x000000023c95c000 	/System/Library/PrivateFrameworks/BiomeDSL.framework/Versions/A/BiomeDSL
0x00000001c99c0000 	/System/Library/PrivateFrameworks/BiomePubSub.framework/Versions/A/BiomePubSub
0x00000001b45f4000 	/System/Library/PrivateFrameworks/LoggingSupport.framework/Versions/A/LoggingSupport
0x00000001a55f0000 	/System/Library/PrivateFrameworks/ProactiveSupport.framework/Versions/A/ProactiveSupport
0x00000001e2a84000 	/System/Library/PrivateFrameworks/FeatureFlags.framework/Versions/A/FeatureFlags
0x00000001da8bb000 	/System/Library/PrivateFrameworks/InternalSwiftProtobuf.framework/Versions/A/InternalSwiftProtobuf
0x00000002698ea000 	/System/Library/PrivateFrameworks/PoirotUDFs.framework/Versions/A/PoirotUDFs
0x000000028bed7000 	/usr/lib/swift/libswift_StringProcessing.dylib
0x000000019726e000 	/usr/lib/system/libcache.dylib
0x0000000197229000 	/usr/lib/system/libcommonCrypto.dylib
0x0000000197254000 	/usr/lib/system/libcompiler_rt.dylib
0x0000000197249000 	/usr/lib/system/libcopyfile.dylib
0x0000000187169000 	/usr/lib/system/libcorecrypto.dylib
0x0000000187269000 	/usr/lib/system/libdispatch.dylib
0x0000000187013000 	/usr/lib/system/libdyld.dylib
0x0000000197264000 	/usr/lib/system/libkeymgr.dylib
0x000000019720c000 	/usr/lib/system/libmacho.dylib
0x00000001964a3000 	/usr/lib/system/libquarantine.dylib
0x0000000197261000 	/usr/lib/system/libremovefile.dylib
0x000000018dbd1000 	/usr/lib/system/libsystem_asl.dylib
0x00000001870ef000 	/usr/lib/system/libsystem_blocks.dylib
0x00000001872b4000 	/usr/lib/system/libsystem_c.dylib
0x0000000197258000 	/usr/lib/system/libsystem_collections.dylib
0x0000000194e44000 	/usr/lib/system/libsystem_configuration.dylib
0x0000000193a33000 	/usr/lib/system/libsystem_containermanager.dylib
0x0000000196c42000 	/usr/lib/system/libsystem_coreservices.dylib
0x000000018b3fc000 	/usr/lib/system/libsystem_darwin.dylib
0x000000028c0c8000 	/usr/lib/system/libsystem_darwindirectory.dylib
0x0000000197265000 	/usr/lib/system/libsystem_dnssd.dylib
0x000000028c0cc000 	/usr/lib/system/libsystem_eligibility.dylib
0x00000001872b1000 	/usr/lib/system/libsystem_featureflags.dylib
0x0000000187435000 	/usr/lib/system/libsystem_info.dylib
0x00000001971cd000 	/usr/lib/system/libsystem_m.dylib
0x0000000187218000 	/usr/lib/system/libsystem_malloc.dylib
0x000000018db34000 	/usr/lib/system/libsystem_networkextension.dylib
0x000000018b867000 	/usr/lib/system/libsystem_notify.dylib
0x0000000194e49000 	/usr/lib/system/libsystem_sandbox.dylib
0x000000028c0d6000 	/usr/lib/system/libsystem_sanitizers.dylib
0x000000019725d000 	/usr/lib/system/libsystem_secinit.dylib
0x00000001873e1000 	/usr/lib/system/libsystem_kernel.dylib
0x000000018742c000 	/usr/lib/system/libsystem_platform.dylib
0x000000018741f000 	/usr/lib/system/libsystem_pthread.dylib
0x000000018f78f000 	/usr/lib/system/libsystem_symptoms.dylib
0x0000000187148000 	/usr/lib/system/libsystem_trace.dylib
0x000000028c0de000 	/usr/lib/system/libsystem_trial.dylib
0x0000000197237000 	/usr/lib/system/libunwind.dylib
0x00000001870f3000 	/usr/lib/system/libxpc.dylib
0x00000001873c6000 	/usr/lib/libc++abi.dylib
0x000000028a4ab000 	/usr/lib/libRosetta.dylib
0x000000028b931000 	/usr/lib/libswiftPrespecialized.dylib
0x0000000191cb1000 	/System/Library/PrivateFrameworks/CoreAutoLayout.framework/Versions/A/CoreAutoLayout
0x0000000197276000 	/usr/lib/libfakelink.dylib
0x00000001910e1000 	/System/Library/Frameworks/DiskArbitration.framework/Versions/A/DiskArbitration
0x00000001972c9000 	/usr/lib/libarchive.2.dylib
0x0000000194e57000 	/usr/lib/liblangid.dylib
0x000000019d5db000 	/System/Library/Frameworks/Combine.framework/Versions/A/Combine
0x000000026bbae000 	/System/Library/PrivateFrameworks/ReflectionInternal.framework/Versions/A/ReflectionInternal
0x000000026cb01000 	/System/Library/PrivateFrameworks/RuntimeInternal.framework/Versions/A/RuntimeInternal
0x00000001b15ca000 	/usr/lib/swift/libswiftDarwin.dylib
0x000000028bd74000 	/usr/lib/swift/libswiftSystem.dylib
0x000000028bda7000 	/usr/lib/swift/libswift_Concurrency.dylib
0x000000028be33000 	/usr/lib/swift/libswift_DarwinFoundation1.dylib
0x000000018b6fe000 	/System/Library/PrivateFrameworks/CoreServicesInternal.framework/Versions/A/CoreServicesInternal
0x0000000197241000 	/usr/lib/liboah.dylib
0x00000001a3ab9000 	/System/Library/PrivateFrameworks/DiskImages.framework/Versions/A/DiskImages
0x00000001b106f000 	/System/Library/Frameworks/NetFS.framework/Versions/A/NetFS
0x0000000191c76000 	/System/Library/Frameworks/CoreServices.framework/Versions/A/Frameworks/FSEvents.framework/Versions/A/FSEvents
0x000000018b406000 	/System/Library/Frameworks/CoreServices.framework/Versions/A/Frameworks/CarbonCore.framework/Versions/A/CarbonCore
0x0000000191055000 	/System/Library/Frameworks/CoreServices.framework/Versions/A/Frameworks/Metadata.framework/Versions/A/Metadata
0x0000000196c49000 	/System/Library/Frameworks/CoreServices.framework/Versions/A/Frameworks/OSServices.framework/Versions/A/OSServices
0x00000001973c1000 	/System/Library/Frameworks/CoreServices.framework/Versions/A/Frameworks/SearchKit.framework/Versions/A/SearchKit
0x000000018f709000 	/System/Library/Frameworks/CoreServices.framework/Versions/A/Frameworks/AE.framework/Versions/A/AE
0x00000001879c4000 	/System/Library/Frameworks/CoreServices.framework/Versions/A/Frameworks/LaunchServices.framework/Versions/A/LaunchServices
0x0000000198747000 	/System/Library/Frameworks/CoreServices.framework/Versions/A/Frameworks/DictionaryServices.framework/Versions/A/DictionaryServices
0x0000000191c83000 	/System/Library/Frameworks/CoreServices.framework/Versions/A/Frameworks/SharedFileList.framework/Versions/A/SharedFileList
0x0000000197454000 	/usr/lib/libapple_nghttp2.dylib
0x000000018f509000 	/System/Library/Frameworks/Accounts.framework/Versions/A/Accounts
0x00000001a3cfb000 	/System/Library/PrivateFrameworks/AppSupport.framework/Versions/A/AppSupport
0x00000001b34f6000 	/System/Library/Frameworks/AVFoundation.framework/Versions/A/AVFoundation
0x000000019b816000 	/System/Library/Frameworks/GSS.framework/Versions/A/GSS
0x0000000199c08000 	/System/Library/PrivateFrameworks/InternationalSupport.framework/Versions/A/InternationalSupport
0x00000001a460d000 	/System/Library/PrivateFrameworks/StreamingZip.framework/Versions/A/StreamingZip
0x000000018db4f000 	/usr/lib/libenergytrace.dylib
0x000000018f798000 	/System/Library/Frameworks/Network.framework/Versions/A/Network
0x0000000197210000 	/usr/lib/system/libkxld.dylib
0x000000023b28f000 	/System/Library/PrivateFrameworks/AppleKeyStore.framework/Versions/A/AppleKeyStore
0x000000028a1ad000 	/usr/lib/libCoreEntitlements.dylib
0x0000000260291000 	/System/Library/PrivateFrameworks/MessageSecurity.framework/Versions/A/MessageSecurity
0x00000001a0abc000 	/System/Library/PrivateFrameworks/SymptomDiagnosticReporter.framework/Versions/A/SymptomDiagnosticReporter
0x000000019898c000 	/System/Library/PrivateFrameworks/CrashReporterSupport.framework/Versions/A/CrashReporterSupport
0x0000000196c29000 	/System/Library/PrivateFrameworks/AppleFSCompression.framework/Versions/A/AppleFSCompression
0x00000001964b3000 	/usr/lib/libcoretls.dylib
0x00000001987bd000 	/usr/lib/libcoretls_cfhelpers.dylib
0x0000000197496000 	/usr/lib/libpam.2.dylib
0x0000000198833000 	/usr/lib/libxar.1.dylib
0x00000001987bf000 	/System/Library/PrivateFrameworks/APFS.framework/Versions/A/APFS
0x000000027822e000 	/System/Library/PrivateFrameworks/SwiftASN1Internal.framework/Versions/A/SwiftASN1Internal
0x0000000198842000 	/usr/lib/libutil.dylib
0x0000000194e52000 	/System/Library/PrivateFrameworks/AppleSystemInfo.framework/Versions/A/AppleSystemInfo
0x00000001a3419000 	/System/Library/PrivateFrameworks/CoreWiFi.framework/Versions/A/CoreWiFi
0x000000019b879000 	/System/Library/PrivateFrameworks/MobileAsset.framework/Versions/A/MobileAsset
0x00000001a0acc000 	/System/Library/PrivateFrameworks/PowerLog.framework/Versions/A/PowerLog
0x00000001a1f8e000 	/System/Library/PrivateFrameworks/Rapport.framework/Versions/A/Rapport
0x0000000233eb2000 	/System/Library/Frameworks/SwiftData.framework/Versions/A/SwiftData
0x000000018d1b3000 	/System/Library/Frameworks/UniformTypeIdentifiers.framework/Versions/A/UniformTypeIdentifiers
0x0000000191ea3000 	/System/Library/PrivateFrameworks/UserManagement.framework/Versions/A/UserManagement
0x000000018d6a5000 	/usr/lib/libboringssl.dylib
0x000000018f77d000 	/usr/lib/libdns_services.dylib
0x00000001b362a000 	/usr/lib/libquic.dylib
0x000000019aa75000 	/usr/lib/libusrtcp.dylib
0x000000023c148000 	/System/Library/PrivateFrameworks/AtomicsInternal.framework/Versions/A/AtomicsInternal
0x000000028bbfb000 	/usr/lib/swift/libswiftDistributed.dylib
0x000000028bc24000 	/usr/lib/swift/libswiftObservation.dylib
0x000000028bd60000 	/usr/lib/swift/libswiftSynchronization.dylib
0x0000000194e50000 	/System/Library/PrivateFrameworks/AggregateDictionary.framework/Versions/A/AggregateDictionary
0x000000018ef16000 	/System/Library/Frameworks/CoreData.framework/Versions/A/CoreData
0x0000000235f0d000 	/System/Library/Frameworks/_LocationEssentials.framework/Versions/A/_LocationEssentials
0x000000019879e000 	/usr/lib/liblzma.5.dylib
0x00000001963ac000 	/System/Library/PrivateFrameworks/MobileKeyBag.framework/Versions/A/MobileKeyBag
0x00000001a400f000 	/System/Library/PrivateFrameworks/InternationalTextSearch.framework/Versions/A/InternationalTextSearch
0x00000001bbc80000 	/System/Library/PrivateFrameworks/SoftwareUpdateCoreSupport.framework/Versions/A/SoftwareUpdateCoreSupport
0x00000001c41dc000 	/System/Library/PrivateFrameworks/SoftwareUpdateCoreConnect.framework/Versions/A/SoftwareUpdateCoreConnect
0x00000001a3bb3000 	/System/Library/PrivateFrameworks/RemoteServiceDiscovery.framework/Versions/A/RemoteServiceDiscovery
0x00000001bb858000 	/System/Library/PrivateFrameworks/MSUDataAccessor.framework/Versions/A/MSUDataAccessor
0x00000001b67c0000 	/usr/lib/libbootpolicy.dylib
0x00000001a3bca000 	/System/Library/PrivateFrameworks/RemoteXPC.framework/Versions/A/RemoteXPC
0x00000001c3612000 	/usr/lib/libFDR.dylib
0x00000001c95c2000 	/usr/lib/libamsupport.dylib
0x000000028a4a3000 	/usr/lib/libReverseProxyDevice.dylib
0x000000023aaff000 	/System/Library/PrivateFrameworks/AppleDeviceQuerySupport.framework/Versions/A/AppleDeviceQuerySupport
0x00000001cc784000 	/usr/lib/libpartition2_dynamic.dylib
0x0000000197430000 	/System/Library/PrivateFrameworks/AppleSauce.framework/Versions/A/AppleSauce
0x000000028a058000 	/usr/lib/libAppleArchive.dylib
0x0000000196c35000 	/usr/lib/libbz2.1.0.dylib
0x00000001910eb000 	/System/Library/Frameworks/Accelerate.framework/Versions/A/Frameworks/vImage.framework/Versions/A/vImage
0x000000019f91c000 	/System/Library/Frameworks/Accelerate.framework/Versions/A/Frameworks/vecLib.framework/Versions/A/vecLib
0x0000000198879000 	/System/Library/Frameworks/Accelerate.framework/Versions/A/Frameworks/vecLib.framework/Versions/A/libvMisc.dylib
0x0000000187ec8000 	/System/Library/Frameworks/Accelerate.framework/Versions/A/Frameworks/vecLib.framework/Versions/A/libBLAS.dylib
0x000000022c90c000 	/System/Library/Frameworks/OpenGL.framework/Versions/A/OpenGL
0x000000024ec8c000 	/System/Library/PrivateFrameworks/GPUCompiler.framework/Versions/32023/Libraries/libllvm-flatbuffers.dylib
0x00000002496eb000 	/System/Library/PrivateFrameworks/FramePacing.framework/Versions/A/FramePacing
0x000000022c8fe000 	/System/Library/Frameworks/OpenGL.framework/Versions/A/Libraries/libCoreFSCache.dylib
0x000000024a819000 	/System/Library/PrivateFrameworks/GPUCompiler.framework/Versions/32023/Libraries/libGPUCompilerUtils.dylib
0x000000022c95d000 	/System/Library/Frameworks/OpenGL.framework/Versions/A/Libraries/libGLU.dylib
0x000000022c920000 	/System/Library/Frameworks/OpenGL.framework/Versions/A/Libraries/libGFXShared.dylib
0x000000022caed000 	/System/Library/Frameworks/OpenGL.framework/Versions/A/Libraries/libGL.dylib
0x000000022c929000 	/System/Library/Frameworks/OpenGL.framework/Versions/A/Libraries/libGLImage.dylib
0x000000022c91d000 	/System/Library/Frameworks/OpenGL.framework/Versions/A/Libraries/libCVMSPluginSupport.dylib
0x000000022c906000 	/System/Library/Frameworks/OpenGL.framework/Versions/A/Libraries/libCoreVMClient.dylib
0x0000000196008000 	/System/Library/Frameworks/Accelerate.framework/Versions/A/Frameworks/vecLib.framework/Versions/A/libvDSP.dylib
0x0000000197576000 	/System/Library/Frameworks/Accelerate.framework/Versions/A/Frameworks/vecLib.framework/Versions/A/libLAPACK.dylib
0x000000019653f000 	/System/Library/Frameworks/Accelerate.framework/Versions/A/Frameworks/vecLib.framework/Versions/A/libLinearAlgebra.dylib
0x000000019746d000 	/System/Library/Frameworks/Accelerate.framework/Versions/A/Frameworks/vecLib.framework/Versions/A/libSparseBLAS.dylib
0x0000000197571000 	/System/Library/Frameworks/Accelerate.framework/Versions/A/Frameworks/vecLib.framework/Versions/A/libQuadrature.dylib
0x0000000194f80000 	/System/Library/Frameworks/Accelerate.framework/Versions/A/Frameworks/vecLib.framework/Versions/A/libBNNS.dylib
0x00000001887d3000 	/System/Library/Frameworks/Accelerate.framework/Versions/A/Frameworks/vecLib.framework/Versions/A/libSparse.dylib
0x000000025b085000 	/System/Library/PrivateFrameworks/MIL.framework/Versions/A/MIL
0x00000001c662d000 	/System/Library/PrivateFrameworks/OSAnalytics.framework/Versions/A/OSAnalytics
0x0000000247358000 	/System/Library/PrivateFrameworks/DeviceRecovery.framework/Versions/A/DeviceRecovery
0x00000001a1e26000 	/System/Library/PrivateFrameworks/CoreSymbolication.framework/Versions/A/CoreSymbolication
0x00000001d5f67000 	/System/Library/PrivateFrameworks/Symbolication.framework/Versions/A/Symbolication
0x00000001a1e04000 	/System/Library/PrivateFrameworks/DebugSymbols.framework/Versions/A/DebugSymbols
0x00000001b4683000 	/System/Library/PrivateFrameworks/MallocStackLogging.framework/Versions/A/MallocStackLogging
0x000000028be38000 	/usr/lib/swift/libswift_RegexParser.dylib
0x000000019d6cf000 	/System/Library/PrivateFrameworks/GeoServices.framework/Versions/A/GeoServices
0x000000019b0ff000 	/System/Library/PrivateFrameworks/LocationSupport.framework/Versions/A/LocationSupport
0x00000001a09b1000 	/System/Library/Frameworks/CoreBluetooth.framework/Versions/A/CoreBluetooth
0x00000002527df000 	/System/Library/PrivateFrameworks/GeoServicesCore.framework/Versions/A/GeoServicesCore
0x00000001ad4b8000 	/System/Library/PrivateFrameworks/PhoneNumbers.framework/Versions/A/PhoneNumbers
0x000000019b9f0000 	/System/Library/PrivateFrameworks/CorePhoneNumbers.framework/Versions/A/CorePhoneNumbers
0x00000001972ae000 	/usr/lib/libiconv.2.dylib
0x000000019720b000 	/usr/lib/libcharset.1.dylib
0x000000022e988000 	/System/Library/Frameworks/ExtensionFoundation.framework/Versions/A/ExtensionFoundation
0x0000000198e66000 	/System/Library/PrivateFrameworks/AppServerSupport.framework/Versions/A/AppServerSupport
0x00000002652f2000 	/System/Library/PrivateFrameworks/OSEligibility.framework/Versions/A/OSEligibility
0x0000000198c69000 	/System/Library/PrivateFrameworks/IconServices.framework/Versions/A/IconServices
0x000000022fd6c000 	/System/Library/Frameworks/LightweightCodeRequirements.framework/Versions/A/LightweightCodeRequirements
0x0000000198ae3000 	/System/Library/PrivateFrameworks/PlugInKit.framework/Versions/A/PlugInKit
0x00000001963c4000 	/System/Library/PrivateFrameworks/AssertionServices.framework/Versions/A/AssertionServices
0x0000000199209000 	/System/Library/PrivateFrameworks/AppleJPEG.framework/Versions/A/AppleJPEG
0x0000000198be3000 	/usr/lib/libexpat.1.dylib
0x00000001999d4000 	/System/Library/Frameworks/ImageIO.framework/Versions/A/Resources/libPng.dylib
0x00000001999ff000 	/System/Library/Frameworks/ImageIO.framework/Versions/A/Resources/libTIFF.dylib
0x0000000199ae7000 	/System/Library/Frameworks/ImageIO.framework/Versions/A/Resources/libGIF.dylib
0x000000019924e000 	/System/Library/Frameworks/ImageIO.framework/Versions/A/Resources/libJP2.dylib
0x00000001988f3000 	/usr/lib/libate.dylib
0x0000000199a8e000 	/System/Library/Frameworks/ImageIO.framework/Versions/A/Resources/libJPEG.dylib
0x0000000199a85000 	/System/Library/Frameworks/ImageIO.framework/Versions/A/Resources/libRadiance.dylib
0x000000028be36000 	/usr/lib/swift/libswift_DarwinFoundation2.dylib
0x000000028be37000 	/usr/lib/swift/libswift_DarwinFoundation3.dylib
0x0000000198c08000 	/System/Library/PrivateFrameworks/IconFoundation.framework/Versions/A/IconFoundation
0x0000000255b63000 	/System/Library/PrivateFrameworks/IconRendering.framework/Versions/A/IconRendering
0x0000000191978000 	/System/Library/PrivateFrameworks/CoreUI.framework/Versions/A/CoreUI
0x000000019489f000 	/System/Library/Frameworks/CoreImage.framework/Versions/A/CoreImage
0x000000026cccd000 	/System/Library/PrivateFrameworks/SFSymbols.framework/Versions/A/SFSymbols
0x000000022e83e000 	/System/Library/Frameworks/DeveloperToolsSupport.framework/Versions/A/DeveloperToolsSupport
0x00000001ab881000 	/System/Library/PrivateFrameworks/RenderBox.framework/Versions/A/RenderBox
0x0000000194521000 	/System/Library/PrivateFrameworks/CoreSVG.framework/Versions/A/CoreSVG
0x0000000199b71000 	/System/Library/PrivateFrameworks/TextureIO.framework/Versions/A/TextureIO
0x00000001b4792000 	/usr/lib/swift/libswiftCoreImage.dylib
0x0000000198e16000 	/System/Library/PrivateFrameworks/GraphVisualizer.framework/Versions/A/GraphVisualizer
0x00000002495f6000 	/System/Library/PrivateFrameworks/FontServices.framework/Versions/A/FontServices
0x0000000198e26000 	/System/Library/PrivateFrameworks/OTSVG.framework/Versions/A/OTSVG
0x0000000191926000 	/System/Library/Frameworks/ApplicationServices.framework/Versions/A/Frameworks/ATS.framework/Versions/A/Resources/libFontRegistry.dylib
0x000000028af6b000 	/usr/lib/libhvf.dylib
0x0000000265f7e000 	/System/Library/PrivateFrameworks/ParsingInternal.framework/Versions/A/ParsingInternal
0x00000002495fa000 	/System/Library/PrivateFrameworks/FontServices.framework/libXTFontStaticRegistryData.dylib
0x0000000194d8a000 	/System/Library/Frameworks/MetalPerformanceShaders.framework/Versions/A/Frameworks/MPSCore.framework/Versions/A/MPSCore
0x0000000196b94000 	/System/Library/Frameworks/MetalPerformanceShaders.framework/Versions/A/Frameworks/MPSImage.framework/Versions/A/MPSImage
0x0000000196553000 	/System/Library/Frameworks/MetalPerformanceShaders.framework/Versions/A/Frameworks/MPSNeuralNetwork.framework/Versions/A/MPSNeuralNetwork
0x0000000196992000 	/System/Library/Frameworks/MetalPerformanceShaders.framework/Versions/A/Frameworks/MPSMatrix.framework/Versions/A/MPSMatrix
0x00000001967aa000 	/System/Library/Frameworks/MetalPerformanceShaders.framework/Versions/A/Frameworks/MPSRayIntersector.framework/Versions/A/MPSRayIntersector
0x00000001969c4000 	/System/Library/Frameworks/MetalPerformanceShaders.framework/Versions/A/Frameworks/MPSNDArray.framework/Versions/A/MPSNDArray
0x0000000230bf1000 	/System/Library/Frameworks/MetalPerformanceShaders.framework/Versions/A/Frameworks/MPSFunctions.framework/Versions/A/MPSFunctions
0x0000000230bd2000 	/System/Library/Frameworks/MetalPerformanceShaders.framework/Versions/A/Frameworks/MPSBenchmarkLoop.framework/Versions/A/MPSBenchmarkLoop
0x0000000230c05000 	/System/Library/Frameworks/MetalPerformanceShaders.framework/Versions/A/Frameworks/MPSHost.framework/Versions/A/MPSHost
0x0000000187cdf000 	/System/Library/PrivateFrameworks/MetalTools.framework/Versions/A/MetalTools
0x00000001b99a9000 	/System/Library/PrivateFrameworks/IOAccelMemoryInfo.framework/Versions/A/IOAccelMemoryInfo
0x00000001c7eba000 	/System/Library/PrivateFrameworks/kperf.framework/Versions/A/kperf
0x00000001b470e000 	/System/Library/PrivateFrameworks/GPURawCounter.framework/Versions/A/GPURawCounter
0x00000001a577b000 	/System/Library/PrivateFrameworks/ASEProcessing.framework/Versions/A/ASEProcessing
0x000000026942b000 	/System/Library/PrivateFrameworks/PhotosensitivityProcessing.framework/Versions/A/PhotosensitivityProcessing
0x000000026cd53000 	/System/Library/PrivateFrameworks/SILManager.framework/Versions/A/SILManager
0x000000027b681000 	/System/Library/PrivateFrameworks/Tightbeam.framework/Versions/A/Tightbeam
0x00000001c26e1000 	/usr/lib/swift/libswiftCompression.dylib
0x00000001cccf1000 	/System/Library/PrivateFrameworks/AFKUser.framework/Versions/A/AFKUser
0x0000000199ab9000 	/System/Library/Frameworks/ApplicationServices.framework/Versions/A/Frameworks/ATSUI.framework/Versions/A/ATSUI
0x000000019b18f000 	/System/Library/Frameworks/AudioToolbox.framework/Versions/A/AudioToolbox
0x0000000197002000 	/System/Library/Frameworks/UserNotifications.framework/Versions/A/UserNotifications
0x00000001ba13e000 	/System/Library/PrivateFrameworks/SiriInstrumentation.framework/Versions/A/SiriInstrumentation
0x000000026f1ae000 	/System/Library/PrivateFrameworks/SiriAnalytics.framework/Versions/A/SiriAnalytics
0x00000001b78a6000 	/System/Library/PrivateFrameworks/FeedbackLogger.framework/Versions/A/FeedbackLogger
0x00000001d2131000 	/usr/lib/swift/libswiftAVFoundation.dylib
0x000000027dea9000 	/System/Library/PrivateFrameworks/UnifiedAssetFramework.framework/Versions/A/UnifiedAssetFramework
0x0000000189f85000 	/System/Library/PrivateFrameworks/AudioToolboxCore.framework/Versions/A/AudioToolboxCore
0x000000019b364000 	/System/Library/PrivateFrameworks/AudioSession.framework/Versions/A/AudioSession
0x00000001a69fe000 	/System/Library/Frameworks/CoreMIDI.framework/Versions/A/CoreMIDI
0x000000019b3e5000 	/usr/lib/libAudioStatistics.dylib
0x0000000193d6e000 	/System/Library/PrivateFrameworks/caulk.framework/Versions/A/caulk
0x000000018a571000 	/System/Library/Frameworks/CoreAudio.framework/Versions/A/CoreAudio
0x00000001999ae000 	/usr/lib/libAudioToolboxUtility.dylib
0x00000001bb06c000 	/usr/lib/swift/libswiftCoreMIDI.dylib
0x000000019b7e8000 	/System/Library/PrivateFrameworks/perfdata.framework/Versions/A/perfdata
0x00000001b371f000 	/System/Library/PrivateFrameworks/SystemPolicy.framework/Versions/A/SystemPolicy
0x000000019b68d000 	/usr/lib/libSMC.dylib
0x000000019b7f6000 	/usr/lib/libperfcheck.dylib
0x000000023c217000 	/System/Library/PrivateFrameworks/AudioAnalytics.framework/Versions/A/AudioAnalytics
0x00000001da5a9000 	/System/Library/Frameworks/OSLog.framework/Versions/A/OSLog
0x00000001b46b5000 	/usr/lib/libmis.dylib
0x00000001a1f83000 	/System/Library/PrivateFrameworks/CoreTime.framework/Versions/A/CoreTime
0x0000000198d27000 	/System/Library/PrivateFrameworks/MediaExperience.framework/Versions/A/MediaExperience
0x000000019b139000 	/System/Library/PrivateFrameworks/AudioSession.framework/libSessionUtility.dylib
0x0000000199aed000 	/System/Library/PrivateFrameworks/CMCaptureCore.framework/Versions/A/CMCaptureCore
0x0000000198e73000 	/usr/lib/libspindump.dylib
0x0000000196237000 	/System/Library/PrivateFrameworks/CoreUtils.framework/Versions/A/CoreUtils
0x00000001ac5b4000 	/System/Library/PrivateFrameworks/HID.framework/Versions/A/HID
0x0000000246271000 	/System/Library/PrivateFrameworks/CoreUtilsExtras.framework/Versions/A/CoreUtilsExtras
0x0000000255ab8000 	/System/Library/PrivateFrameworks/IO80211.framework/Versions/A/IO80211
0x000000019d327000 	/System/Library/Frameworks/IOBluetooth.framework/Versions/A/IOBluetooth
0x000000028bc43000 	/usr/lib/swift/libswiftRegexBuilder.dylib
0x0000000198983000 	/usr/lib/libIOReport.dylib
0x00000001e2b08000 	/System/Library/PrivateFrameworks/WiFiPeerToPeer.framework/Versions/A/WiFiPeerToPeer
0x00000001963d3000 	/System/Library/Frameworks/SecurityFoundation.framework/Versions/A/SecurityFoundation
0x000000023e913000 	/System/Library/PrivateFrameworks/Centauri.framework/Versions/A/Centauri
0x00000001886c3000 	/System/Library/PrivateFrameworks/Lexicon.framework/Versions/A/Lexicon
0x000000028b3bb000 	/usr/lib/libmrc.dylib
0x0000000255b23000 	/System/Library/PrivateFrameworks/IPConfiguration.framework/Versions/A/IPConfiguration
0x00000001d673e000 	/System/Library/PrivateFrameworks/Netrb.framework/Versions/A/Netrb
0x00000001a1934000 	/System/Library/PrivateFrameworks/FrontBoardServices.framework/Versions/A/FrontBoardServices
0x000000019653c000 	/usr/lib/libgermantok.dylib
0x0000000194f79000 	/System/Library/PrivateFrameworks/LinguisticData.framework/Versions/A/LinguisticData
0x00000001a1adb000 	/System/Library/PrivateFrameworks/GraphicsServices.framework/Versions/A/GraphicsServices
0x00000001a0bba000 	/System/Library/PrivateFrameworks/MediaKit.framework/Versions/A/MediaKit
0x00000001a0b08000 	/System/Library/Frameworks/DiscRecording.framework/Versions/A/DiscRecording
0x0000000198bfe000 	/usr/lib/libheimdal-asn1.dylib
0x00000001a45e3000 	/System/Library/Frameworks/AudioUnit.framework/Versions/A/AudioUnit
0x0000000191c3e000 	/System/Library/Frameworks/OpenDirectory.framework/Versions/A/OpenDirectory
0x0000000191c4c000 	/System/Library/Frameworks/OpenDirectory.framework/Versions/A/Frameworks/CFOpenDirectory.framework/Versions/A/CFOpenDirectory
0x000000022ce79000 	/System/Library/Frameworks/AVFAudio.framework/Versions/A/AVFAudio
0x000000022cfbd000 	/System/Library/Frameworks/AVRouting.framework/Versions/A/AVRouting
0x00000001ad5d0000 	/usr/lib/libAccessibility.dylib
0x0000000259951000 	/System/Library/PrivateFrameworks/IsolatedCoreAudioClient.framework/Versions/A/IsolatedCoreAudioClient
0x00000002420a9000 	/System/Library/PrivateFrameworks/CoreAudioOrchestration.framework/Versions/A/CoreAudioOrchestration
0x0000000199fd5000 	/System/Library/Frameworks/MediaToolbox.framework/Versions/A/MediaToolbox
0x00000001a0ce0000 	/System/Library/PrivateFrameworks/CoreAVCHD.framework/Versions/A/CoreAVCHD
0x000000019fc0f000 	/System/Library/Frameworks/MediaAccessibility.framework/Versions/A/MediaAccessibility
0x00000001a0cdc000 	/System/Library/PrivateFrameworks/Mangrove.framework/Versions/A/Mangrove
0x000000023df4f000 	/System/Library/PrivateFrameworks/CMPhoto.framework/Versions/A/CMPhoto
0x00000001a14a9000 	/System/Library/Frameworks/CoreTelephony.framework/Versions/A/CoreTelephony
0x00000001a0ccf000 	/System/Library/PrivateFrameworks/CoreAUC.framework/Versions/A/CoreAUC
0x000000023b0c0000 	/System/Library/PrivateFrameworks/AppleJPEGXL.framework/Versions/A/AppleJPEGXL
0x000000027fdf1000 	/System/Library/PrivateFrameworks/VideoToolboxParavirtualizationSupport.framework/Versions/A/VideoToolboxParavirtualizationSupport
0x0000000198b9a000 	/System/Library/PrivateFrameworks/AppleVA.framework/Versions/A/AppleVA
0x000000019ba00000 	/usr/lib/libTelephonyUtilDynamic.dylib
0x0000000199a80000 	/System/Library/PrivateFrameworks/GPUWrangler.framework/Versions/A/GPUWrangler
0x0000000199a60000 	/System/Library/PrivateFrameworks/IOPresentment.framework/Versions/A/IOPresentment
0x0000000199a88000 	/System/Library/PrivateFrameworks/DSExternalDisplay.framework/Versions/A/DSExternalDisplay
0x00000001dd69a000 	/System/Library/Frameworks/CryptoKit.framework/Versions/A/CryptoKit
0x00000001a45de000 	/System/Library/PrivateFrameworks/CryptoKitCBridging.framework/Versions/A/CryptoKitCBridging
0x00000001a1aed000 	/System/Library/Frameworks/CryptoTokenKit.framework/Versions/A/CryptoTokenKit
0x0000000246dc9000 	/System/Library/PrivateFrameworks/Dendrite.framework/Versions/A/Dendrite
0x00000001b42b6000 	/System/Library/Frameworks/NaturalLanguage.framework/Versions/A/NaturalLanguage
0x00000002524e2000 	/System/Library/PrivateFrameworks/GenerativeModels.framework/Versions/A/GenerativeModels
0x00000001e2a90000 	/usr/lib/swift/libswiftNaturalLanguage.dylib
0x000000023bc36000 	/System/Library/PrivateFrameworks/AppleMobileFileIntegrity.framework/Versions/A/AppleMobileFileIntegrity
0x000000028a51a000 	/usr/lib/libTLE.dylib
0x00000001ec197000 	/System/Library/PrivateFrameworks/ConfigProfileHelper.framework/Versions/A/ConfigProfileHelper
0x00000001a476d000 	/System/Library/PrivateFrameworks/Espresso.framework/Versions/A/Espresso
0x00000001923cd000 	/System/Library/Frameworks/CoreML.framework/Versions/A/CoreML
0x00000001e094d000 	/usr/lib/libedit.3.dylib
0x0000000229c88000 	/System/Library/PrivateFrameworks/ANECompiler.framework/Versions/A/ANECompiler
0x00000001a6842000 	/System/Library/PrivateFrameworks/AppleNeuralEngine.framework/Versions/A/AppleNeuralEngine
0x0000000230c0b000 	/System/Library/Frameworks/MetalPerformanceShadersGraph.framework/Versions/A/MetalPerformanceShadersGraph
0x000000025b7f4000 	/System/Library/PrivateFrameworks/MLCompilerServices.framework/Versions/A/MLCompilerServices
0x00000001a55bf000 	/System/Library/PrivateFrameworks/ANEServices.framework/Versions/A/ANEServices
0x00000001b996c000 	/usr/lib/libncurses.5.4.dylib
0x000000018b87a000 	/usr/lib/libsandbox.1.dylib
0x0000000198b24000 	/usr/lib/libMatch.1.dylib
0x0000000265074000 	/System/Library/PrivateFrameworks/ODIE.framework/Versions/A/ODIE
0x000000025e481000 	/System/Library/PrivateFrameworks/MLModelAsset.framework/Versions/A/MLModelAsset
0x000000025b79a000 	/System/Library/PrivateFrameworks/MLCompilerRuntime.framework/Versions/A/MLCompilerRuntime
0x00000001967ff000 	/System/Library/Frameworks/MLCompute.framework/Versions/A/MLCompute
0x000000025b71c000 	/System/Library/PrivateFrameworks/MLAssetIO.framework/Versions/A/MLAssetIO
0x000000028bc15000 	/usr/lib/swift/libswiftMLCompute.dylib
0x00000001a16c4000 	/System/Library/PrivateFrameworks/AVFCore.framework/Versions/A/AVFCore
0x00000001aaed2000 	/System/Library/PrivateFrameworks/AVFCapture.framework/Versions/A/AVFCapture
0x000000023dd46000 	/System/Library/PrivateFrameworks/CMImaging.framework/Versions/A/CMImaging
0x00000001ab114000 	/System/Library/PrivateFrameworks/Quagga.framework/Versions/A/Quagga
0x00000001ab245000 	/System/Library/PrivateFrameworks/CMCapture.framework/Versions/A/CMCapture
0x000000019b58a000 	/System/Library/Frameworks/CoreMediaIO.framework/Versions/A/CoreMediaIO
0x000000023dc81000 	/System/Library/PrivateFrameworks/CMCaptureDevice.framework/Versions/A/CMCaptureDevice
0x0000000198f5f000 	/System/Library/PrivateFrameworks/CoreBrightness.framework/Versions/A/CoreBrightness
0x000000023ee0a000 	/System/Library/PrivateFrameworks/CinematicFraming.framework/Versions/A/CinematicFraming
0x000000026155c000 	/System/Library/PrivateFrameworks/ModelManagerServices.framework/Versions/A/ModelManagerServices
0x00000001cf19b000 	/System/Library/PrivateFrameworks/CPMS.framework/Versions/A/CPMS
0x0000000278da9000 	/System/Library/PrivateFrameworks/SystemStatus.framework/Versions/A/SystemStatus
0x00000001b30f4000 	/System/Library/Frameworks/CoreMotion.framework/Versions/A/CoreMotion
0x00000001c36bd000 	/System/Library/PrivateFrameworks/TimeSync.framework/Versions/A/TimeSync
0x000000024778f000 	/System/Library/PrivateFrameworks/DistributedSensing.framework/Versions/A/DistributedSensing
0x00000001beab4000 	/System/Library/PrivateFrameworks/MobileBluetooth.framework/Versions/A/MobileBluetooth
0x00000001c537a000 	/System/Library/PrivateFrameworks/IOKitten.framework/Versions/A/IOKitten
0x000000025af67000 	/System/Library/PrivateFrameworks/LocationLogEncryption.framework/Versions/A/LocationLogEncryption
0x000000023af3a000 	/System/Library/PrivateFrameworks/AppleIntelligenceReporting.framework/Versions/A/AppleIntelligenceReporting
0x000000023e85f000 	/System/Library/PrivateFrameworks/CascadeSets.framework/Versions/A/CascadeSets
0x0000000196146000 	/System/Library/PrivateFrameworks/CoreEmoji.framework/Versions/A/CoreEmoji
0x00000001889d5000 	/usr/lib/libCRFSuite.dylib
0x0000000189cb5000 	/System/Library/PrivateFrameworks/LanguageModeling.framework/Versions/A/LanguageModeling
0x0000000194e59000 	/System/Library/PrivateFrameworks/CoreNLP.framework/Versions/A/CoreNLP
0x000000018ec2b000 	/System/Library/PrivateFrameworks/Montreal.framework/Versions/A/Montreal
0x00000001972b6000 	/usr/lib/libcmph.dylib
0x00000001964dd000 	/usr/lib/libmecab.dylib
0x0000000197427000 	/usr/lib/libThaiTokenizer.dylib
0x00000002525c4000 	/System/Library/PrivateFrameworks/GenerativeModelsFoundation.framework/Versions/A/GenerativeModelsFoundation
0x000000027bb86000 	/System/Library/PrivateFrameworks/TokenGeneration.framework/Versions/A/TokenGeneration
0x0000000252398000 	/System/Library/PrivateFrameworks/GenerativeFunctions.framework/Versions/A/GenerativeFunctions
0x00000002523e6000 	/System/Library/PrivateFrameworks/GenerativeFunctionsFoundation.framework/Versions/A/GenerativeFunctionsFoundation
0x0000000261222000 	/System/Library/PrivateFrameworks/ModelCatalog.framework/Versions/A/ModelCatalog
0x000000026e3c8000 	/System/Library/PrivateFrameworks/SensitiveContentAnalysisML.framework/Versions/A/SensitiveContentAnalysisML
0x000000025247c000 	/System/Library/PrivateFrameworks/GenerativeFunctionsInstrumentation.framework/Versions/A/GenerativeFunctionsInstrumentation
0x000000026b240000 	/System/Library/PrivateFrameworks/PromptKit.framework/Versions/A/PromptKit
0x000000026ac57000 	/System/Library/PrivateFrameworks/ProactiveDaemonSupport.framework/Versions/A/ProactiveDaemonSupport
0x000000027bdbe000 	/System/Library/PrivateFrameworks/TokenGenerationCore.framework/Versions/A/TokenGenerationCore
0x00000001b5181000 	/System/Library/PrivateFrameworks/Trial.framework/Versions/A/Trial
0x00000001b5102000 	/System/Library/PrivateFrameworks/TrialProto.framework/Versions/A/TrialProto
0x000000023ab66000 	/System/Library/PrivateFrameworks/AppleFlatBuffers.framework/Versions/A/AppleFlatBuffers
0x000000026e698000 	/System/Library/PrivateFrameworks/SentencePieceInternal.framework/Versions/A/SentencePieceInternal
0x000000019fc69000 	/System/Library/Frameworks/Vision.framework/Versions/A/Vision
0x0000000245f53000 	/System/Library/PrivateFrameworks/CoreSceneUnderstanding.framework/Versions/A/CoreSceneUnderstanding
0x00000002809fe000 	/System/Library/PrivateFrameworks/VisionCore.framework/Versions/A/VisionCore
0x0000000199f12000 	/System/Library/PrivateFrameworks/DataDetectorsCore.framework/Versions/A/DataDetectorsCore
0x00000001bda42000 	/System/Library/Frameworks/Vision.framework/libfaceCore.dylib
0x00000001be55c000 	/System/Library/PrivateFrameworks/Futhark.framework/Versions/A/Futhark
0x00000001c249a000 	/System/Library/PrivateFrameworks/InertiaCam.framework/Versions/A/InertiaCam
0x00000001be2e9000 	/System/Library/PrivateFrameworks/TextRecognition.framework/Versions/A/TextRecognition
0x000000022e827000 	/System/Library/Frameworks/DataDetection.framework/Versions/A/DataDetection
0x00000001b8512000 	/System/Library/PrivateFrameworks/TextInput.framework/Versions/A/TextInput
0x00000001989c1000 	/System/Library/PrivateFrameworks/CVNLP.framework/Versions/A/CVNLP
0x000000022e30c000 	/System/Library/Frameworks/CoreTransferable.framework/Versions/A/CoreTransferable
0x000000019b7cd000 	/System/Library/PrivateFrameworks/NetAuth.framework/Versions/A/NetAuth
0x0000000191e62000 	/System/Library/PrivateFrameworks/login.framework/Versions/A/Frameworks/loginsupport.framework/Versions/A/loginsupport
0x000000018cffa000 	/System/Library/PrivateFrameworks/UIFoundation.framework/Versions/A/UIFoundation
0x0000000198e7a000 	/System/Library/PrivateFrameworks/Heimdal.framework/Versions/A/Heimdal
0x000000019b475000 	/usr/lib/libresolv.9.dylib
0x000000019b868000 	/System/Library/PrivateFrameworks/CommonAuth.framework/Versions/A/CommonAuth
0x00000001964a7000 	/usr/lib/libCheckFix.dylib
0x0000000190fe8000 	/System/Library/PrivateFrameworks/MetadataUtilities.framework/Versions/A/MetadataUtilities
0x00000002565aa000 	/System/Library/PrivateFrameworks/InstalledContentLibrary.framework/Versions/A/InstalledContentLibrary
0x000000018b73e000 	/System/Library/PrivateFrameworks/CoreServicesStore.framework/Versions/A/CoreServicesStore
0x0000000191cad000 	/usr/lib/libapp_launch_measurement.dylib
0x00000001c7fd1000 	/System/Library/PrivateFrameworks/MobileSystemServices.framework/Versions/A/MobileSystemServices
0x0000000198846000 	/usr/lib/libxslt.1.dylib
0x0000000196466000 	/System/Library/PrivateFrameworks/BackgroundTaskManagement.framework/Versions/A/BackgroundTaskManagement
0x00000001a3c74000 	/usr/lib/libcurl.4.dylib
0x000000028ad1f000 	/usr/lib/libcrypto.46.dylib
0x000000028b8be000 	/usr/lib/libssl.48.dylib
0x00000001a394e000 	/System/Library/Frameworks/LDAP.framework/Versions/A/LDAP
0x000000019b804000 	/System/Library/Frameworks/Kerberos.framework/Versions/A/Kerberos
0x00000001a398a000 	/System/Library/PrivateFrameworks/TrustEvaluationAgent.framework/Versions/A/TrustEvaluationAgent
0x000000019b492000 	/usr/lib/libsasl2.2.dylib
0x00000001a45e2000 	/System/Library/Frameworks/Kerberos.framework/Versions/A/Libraries/libHeimdalProxy.dylib
0x000000026983f000 	/System/Library/PrivateFrameworks/PoirotSQLite.framework/Versions/A/PoirotSQLite
0x00000001daa92000 	/System/Library/PrivateFrameworks/HIDDisplay.framework/Versions/A/HIDDisplay
0x000000019b76e000 	/usr/lib/libcups.2.dylib
0x00000001ad4c4000 	/System/Library/PrivateFrameworks/AXCoreUtilities.framework/Versions/A/AXCoreUtilities
0x00000001bd88d000 	/System/Library/PrivateFrameworks/AttributeGraph.framework/Versions/A/AttributeGraph
0x000000028a01b000 	/usr/lib/libAXSafeCategoryBundle.dylib
0x0000000234f96000 	/System/Library/Frameworks/TabularData.framework/Versions/A/TabularData
0x000000023bde6000 	/System/Library/PrivateFrameworks/ArgumentParserInternal.framework/Versions/A/ArgumentParserInternal
0x00000001a6bf1000 	/System/Library/Frameworks/Cocoa.framework/Versions/A/Cocoa
0x000000018b8d7000 	/System/Library/Frameworks/AppKit.framework/Versions/C/AppKit
0x000000023fc8a000 	/System/Library/PrivateFrameworks/CollectionViewCore.framework/Versions/A/CollectionViewCore
0x000000019451b000 	/System/Library/PrivateFrameworks/XCTTargetBootstrap.framework/Versions/A/XCTTargetBootstrap
0x0000000199f64000 	/System/Library/PrivateFrameworks/UserActivity.framework/Versions/A/UserActivity
0x00000002496f8000 	/System/Library/PrivateFrameworks/FrontBoard.framework/Versions/A/FrontBoard
0x000000027d7ce000 	/System/Library/PrivateFrameworks/UIIntelligenceSupport.framework/Versions/A/UIIntelligenceSupport
0x000000023401f000 	/System/Library/Frameworks/SwiftUICore.framework/Versions/A/SwiftUICore
0x0000000284363000 	/System/Library/PrivateFrameworks/WritingTools.framework/Versions/A/WritingTools
0x000000028315e000 	/System/Library/PrivateFrameworks/WindowManagement.framework/Versions/A/WindowManagement
0x000000024942d000 	/System/Library/PrivateFrameworks/FocusEngine.framework/Versions/A/FocusEngine
0x0000000246e39000 	/System/Library/PrivateFrameworks/DesignLibrary.framework/Versions/A/DesignLibrary
0x0000000194506000 	/System/Library/PrivateFrameworks/DFRFoundation.framework/Versions/A/DFRFoundation
0x000000027e717000 	/System/Library/PrivateFrameworks/UpdateCycle.framework/Versions/A/UpdateCycle
0x000000019420a000 	/System/Library/Frameworks/Carbon.framework/Versions/A/Frameworks/HIToolbox.framework/Versions/A/HIToolbox
0x000000019f52f000 	/System/Library/Frameworks/Carbon.framework/Versions/A/Frameworks/SpeechRecognition.framework/Versions/A/SpeechRecognition
0x0000000191c34000 	/System/Library/PrivateFrameworks/PerformanceAnalysis.framework/Versions/A/PerformanceAnalysis
0x000000019f8bf000 	/System/Library/Frameworks/Accessibility.framework/Versions/A/Accessibility
0x0000000234f7c000 	/System/Library/Frameworks/Symbols.framework/Versions/A/Symbols
0x000000025298d000 	/System/Library/PrivateFrameworks/Gestures.framework/Versions/A/Gestures
0x000000028bce6000 	/usr/lib/swift/libswiftSpatial.dylib
0x00000001b15c9000 	/usr/lib/swift/libswiftCoreGraphics.dylib
0x00000001a0303000 	/usr/lib/swift/libswiftFoundation.dylib
0x00000001ebb3b000 	/usr/lib/swift/libswiftSwiftOnoneSupport.dylib
0x000000028bf6c000 	/usr/lib/swift/libswiftsys_time.dylib
0x00000001d677c000 	/System/Library/PrivateFrameworks/CoreMaterial.framework/Versions/A/CoreMaterial
0x000000028a517000 	/usr/lib/libSpatial.dylib
0x0000000289f38000 	/System/Library/SubFrameworks/UIUtilities.framework/Versions/A/UIUtilities
0x000000010a93c000 	/Library/Java/JavaVirtualMachines/zulu-25.jdk/Contents/Home/lib/server/libjvm.dylib
0x0000000104cec000 	/Library/Java/JavaVirtualMachines/zulu-25.jdk/Contents/Home/lib/libjimage.dylib
0x0000000104d70000 	/Library/Java/JavaVirtualMachines/zulu-25.jdk/Contents/Home/lib/libjava.dylib
0x0000000104fac000 	/Library/Java/JavaVirtualMachines/zulu-25.jdk/Contents/Home/lib/libnio.dylib
0x0000000104db8000 	/Library/Java/JavaVirtualMachines/zulu-25.jdk/Contents/Home/lib/libnet.dylib
0x0000000109ae0000 	/Library/Java/JavaVirtualMachines/zulu-25.jdk/Contents/Home/lib/libzip.dylib
0x0000000104fcc000 	/Library/Java/JavaVirtualMachines/zulu-25.jdk/Contents/Home/lib/libmanagement.dylib
0x0000000109ab8000 	/Library/Java/JavaVirtualMachines/zulu-25.jdk/Contents/Home/lib/libmanagement_ext.dylib
0x0000000109b24000 	/Library/Java/JavaVirtualMachines/zulu-25.jdk/Contents/Home/lib/libverify.dylib
0x0000000109b68000 	/Users/gottfrid.nordstrom@live.vasteras.se/Library/Caches/JNA/temp/jna11176368940754263816.tmp
0x0000000109b08000 	/Library/Java/JavaVirtualMachines/zulu-25.jdk/Contents/Home/lib/libextnet.dylib
0x0000000109c1c000 	/Library/Java/JavaVirtualMachines/zulu-25.jdk/Contents/Home/lib/libawt.dylib
0x000000022fd63000 	/System/Library/Frameworks/JavaRuntimeSupport.framework/Versions/A/JavaRuntimeSupport
0x00000001b30f3000 	/System/Library/Frameworks/Carbon.framework/Versions/A/Carbon
0x00000001a92f2000 	/System/Library/Frameworks/Carbon.framework/Versions/A/Frameworks/CommonPanels.framework/Versions/A/CommonPanels
0x00000001a3c5f000 	/System/Library/Frameworks/Carbon.framework/Versions/A/Frameworks/Help.framework/Versions/A/Help
0x00000001a92f6000 	/System/Library/Frameworks/Carbon.framework/Versions/A/Frameworks/ImageCapture.framework/Versions/A/ImageCapture
0x00000001a92d1000 	/System/Library/Frameworks/Carbon.framework/Versions/A/Frameworks/OpenScripting.framework/Versions/A/OpenScripting
0x00000001a92f1000 	/System/Library/Frameworks/Carbon.framework/Versions/A/Frameworks/Ink.framework/Versions/A/Ink
0x00000001a92ee000 	/System/Library/Frameworks/Carbon.framework/Versions/A/Frameworks/SecurityHI.framework/Versions/A/SecurityHI
0x000000028a38b000 	/usr/lib/libInterpreterSecurity.dylib
0x00000001c9d4d000 	/System/Library/PrivateFrameworks/XprotectFramework.framework/Versions/A/XprotectFramework
0x00000001ac8d5000 	/System/Library/PrivateFrameworks/yara.framework/Versions/A/yara
0x000000028a308000 	/usr/lib/libEndpointSecuritySystem.dylib
0x0000000109e00000 	/Library/Java/JavaVirtualMachines/zulu-25.jdk/Contents/Home/lib/libawt_lwawt.dylib
0x0000000109bc0000 	/Library/Java/JavaVirtualMachines/zulu-25.jdk/Contents/Home/lib/libosxapp.dylib
0x00000001b1632000 	/System/Library/Frameworks/ExceptionHandling.framework/Versions/A/ExceptionHandling
0x000000010a080000 	/Library/Java/JavaVirtualMachines/zulu-25.jdk/Contents/Home/lib/libfontmanager.dylib
0x0000000109f30000 	/Library/Java/JavaVirtualMachines/zulu-25.jdk/Contents/Home/lib/libfreetype.dylib
0x000000022d12d000 	/System/Library/Frameworks/AppIntents.framework/Versions/A/AppIntents
0x00000002336ee000 	/System/Library/Frameworks/RelevanceKit.framework/Versions/A/RelevanceKit
0x0000000197053000 	/System/Library/Frameworks/CoreSpotlight.framework/Versions/A/CoreSpotlight
0x000000025aadc000 	/System/Library/PrivateFrameworks/LinkServices.framework/Versions/A/LinkServices
0x00000001a05c8000 	/System/Library/Frameworks/Contacts.framework/Versions/A/Contacts
0x00000002397b0000 	/System/Library/PrivateFrameworks/AppIntentsTypeSupport.framework/Versions/A/AppIntentsTypeSupport
0x000000024788b000 	/System/Library/PrivateFrameworks/DoNotDisturb.framework/Versions/A/DoNotDisturb
0x000000025a92a000 	/System/Library/PrivateFrameworks/LinkMetadata.framework/Versions/A/LinkMetadata
0x00000001b4739000 	/usr/lib/swift/libswiftIntents.dylib
0x00000001b9ac6000 	/System/Library/PrivateFrameworks/IntentsCore.framework/Versions/A/IntentsCore
0x000000023c6f6000 	/System/Library/PrivateFrameworks/AvailabilityKit.framework/Versions/A/AvailabilityKit
0x0000000239393000 	/System/Library/PrivateFrameworks/AppIntentSchemas.framework/Versions/A/AppIntentSchemas
0x000000022f27a000 	/System/Library/Frameworks/GeoToolbox.framework/Versions/A/GeoToolbox
0x000000024f22a000 	/System/Library/PrivateFrameworks/GRDBInternal.framework/Versions/A/GRDBInternal
0x0000000277915000 	/System/Library/PrivateFrameworks/StatusKit.framework/Versions/A/StatusKit
0x00000001a03df000 	/System/Library/PrivateFrameworks/ContactsPersistence.framework/Versions/A/ContactsPersistence
0x000000019f533000 	/System/Library/PrivateFrameworks/AppleLDAP.framework/Versions/A/AppleLDAP
0x00000001a4012000 	/System/Library/Frameworks/ClassKit.framework/Versions/A/ClassKit
0x00000001a62c1000 	/System/Library/PrivateFrameworks/CoreSuggestions.framework/Versions/A/CoreSuggestions
0x00000001a0304000 	/System/Library/PrivateFrameworks/ContactsFoundation.framework/Versions/A/ContactsFoundation
0x00000001a1a9b000 	/System/Library/PrivateFrameworks/vCard.framework/Versions/A/vCard
0x000000024025b000 	/System/Library/PrivateFrameworks/ContactsMetrics.framework/Versions/A/ContactsMetrics
0x0000000198f3b000 	/System/Library/PrivateFrameworks/login.framework/Versions/A/login
0x000000025ef10000 	/System/Library/PrivateFrameworks/ManagedOrganizationContacts.framework/Versions/A/ManagedOrganizationContacts
0x00000001922f8000 	/System/Library/PrivateFrameworks/CloudDocs.framework/Versions/A/CloudDocs
0x00000001ace78000 	/System/Library/PrivateFrameworks/ProactiveEventTracker.framework/Versions/A/ProactiveEventTracker
0x00000001a0ee5000 	/System/Library/PrivateFrameworks/GenerationalStorage.framework/Versions/A/GenerationalStorage
0x000000019b95e000 	/System/Library/PrivateFrameworks/CacheDelete.framework/Versions/A/CacheDelete
0x00000001a471f000 	/System/Library/Frameworks/QuickLookThumbnailing.framework/Versions/A/QuickLookThumbnailing
0x00000001a0d0e000 	/System/Library/Frameworks/FileProvider.framework/Versions/A/FileProvider
0x000000018d1ca000 	/System/Library/PrivateFrameworks/DesktopServicesPriv.framework/Versions/A/DesktopServicesPriv
0x00000001b4194000 	/System/Library/PrivateFrameworks/FTServices.framework/Versions/A/FTServices
0x00000001ac569000 	/System/Library/PrivateFrameworks/CloudServices.framework/Versions/A/CloudServices
0x00000001937b2000 	/System/Library/Frameworks/CoreLocation.framework/Versions/A/CoreLocation
0x00000001a2d9f000 	/System/Library/Frameworks/Intents.framework/Versions/A/Intents
0x0000000196c7b000 	/System/Library/PrivateFrameworks/AuthKit.framework/Versions/A/AuthKit
0x00000001bb04a000 	/usr/lib/swift/libswiftCoreLocation.dylib
0x000000019cf1e000 	/System/Library/PrivateFrameworks/Sharing.framework/Versions/A/Sharing
0x000000019c8a3000 	/System/Library/PrivateFrameworks/IDSFoundation.framework/Versions/A/IDSFoundation
0x00000001a3418000 	/System/Library/PrivateFrameworks/Apple80211.framework/Versions/A/Apple80211
0x00000001961b4000 	/System/Library/Frameworks/CoreWLAN.framework/Versions/A/CoreWLAN
0x000000019b086000 	/System/Library/PrivateFrameworks/IMFoundation.framework/Versions/A/IMFoundation
0x00000001ac8d4000 	/System/Library/PrivateFrameworks/Marco.framework/Versions/A/Marco
0x000000018f594000 	/System/Library/PrivateFrameworks/CommonUtilities.framework/Versions/A/CommonUtilities
0x00000001a92b9000 	/System/Library/PrivateFrameworks/Engram.framework/Versions/A/Engram
0x000000028486a000 	/System/Library/PrivateFrameworks/XPCDistributed.framework/Versions/A/XPCDistributed
0x00000001a9257000 	/usr/lib/libtidy.A.dylib
0x000000019918e000 	/System/Library/PrivateFrameworks/Bom.framework/Versions/A/Bom
0x000000019b4b2000 	/usr/lib/libParallelCompression.dylib
0x000000019b4a5000 	/System/Library/PrivateFrameworks/MultiverseSupport.framework/Versions/A/MultiverseSupport
0x00000001a0bec000 	/System/Library/PrivateFrameworks/DiskManagement.framework/Versions/A/DiskManagement
0x00000001a0afb000 	/System/Library/PrivateFrameworks/AppleIDAuthSupport.framework/Versions/A/AppleIDAuthSupport
0x000000023682d000 	/System/Library/PrivateFrameworks/AAAFoundation.framework/Versions/A/AAAFoundation
0x000000019b9ad000 	/System/Library/PrivateFrameworks/KeychainCircle.framework/Versions/A/KeychainCircle
0x00000001ad4ba000 	/System/Library/PrivateFrameworks/URLFormatting.framework/Versions/A/URLFormatting
0x00000001a3c68000 	/usr/lib/libcsfde.dylib
0x0000000198b2c000 	/usr/lib/libCoreStorage.dylib
0x000000019d3fd000 	/System/Library/PrivateFrameworks/ProtectedCloudStorage.framework/Versions/A/ProtectedCloudStorage
0x00000001a3c63000 	/System/Library/PrivateFrameworks/EFILogin.framework/Versions/A/EFILogin
0x00000001a0f0c000 	/System/Library/PrivateFrameworks/OctagonTrust.framework/Versions/A/OctagonTrust
0x000000019c67d000 	/System/Library/PrivateFrameworks/IDS.framework/Versions/A/IDS
0x00000001a1b6f000 	/System/Library/Frameworks/LocalAuthentication.framework/Versions/A/LocalAuthentication
0x000000025ad1a000 	/System/Library/PrivateFrameworks/LocalAuthenticationCore.framework/Versions/A/LocalAuthenticationCore
0x000000025aee2000 	/System/Library/PrivateFrameworks/LocalAuthenticationCredentialServices.framework/Versions/A/LocalAuthenticationCredentialServices
0x00000001a1bdc000 	/System/Library/Frameworks/LocalAuthentication.framework/Support/SharedUtils.framework/Versions/A/SharedUtils
0x000000023c0a1000 	/System/Library/PrivateFrameworks/AsyncAlgorithmsInternal.framework/Versions/A/AsyncAlgorithmsInternal
0x00000001c3128000 	/System/Library/PrivateFrameworks/FTAWD.framework/Versions/A/FTAWD
0x00000001a46a7000 	/System/Library/PrivateFrameworks/IntentsFoundation.framework/Versions/A/IntentsFoundation
0x0000000191e65000 	/System/Library/PrivateFrameworks/ApplePushService.framework/Versions/A/ApplePushService
0x0000000191ed0000 	/System/Library/Frameworks/CloudKit.framework/Versions/A/CloudKit
0x00000001cb15a000 	/System/Library/PrivateFrameworks/DeviceIdentity.framework/Versions/A/DeviceIdentity
0x0000000233b78000 	/System/Library/Frameworks/SharedWithYouCore.framework/Versions/A/SharedWithYouCore
0x000000023f6e9000 	/System/Library/PrivateFrameworks/CloudTelemetry.framework/Versions/A/CloudTelemetry
0x00000001a40da000 	/System/Library/PrivateFrameworks/AppleAccount.framework/Versions/A/AppleAccount
0x00000001a46c2000 	/System/Library/PrivateFrameworks/C2.framework/Versions/A/C2
0x000000023f33d000 	/System/Library/PrivateFrameworks/CloudCoreInternal.framework/Versions/A/CloudCoreInternal
0x000000023f0a5000 	/System/Library/PrivateFrameworks/CloudAsset.framework/Versions/A/CloudAsset
0x00000001a46b8000 	/System/Library/Frameworks/PushKit.framework/Versions/A/PushKit
0x000000023f70e000 	/System/Library/PrivateFrameworks/CloudTelemetryTools.framework/Versions/A/CloudTelemetryTools
0x000000023f6ff000 	/System/Library/PrivateFrameworks/CloudTelemetryShared.dylib
0x00000001a6598000 	/System/Library/PrivateFrameworks/RTCReporting.framework/Versions/A/RTCReporting
0x0000000236850000 	/System/Library/PrivateFrameworks/AAAFoundationSwift.framework/Versions/A/AAAFoundationSwift
0x00000001a4360000 	/System/Library/PrivateFrameworks/AppleIDSSOAuthentication.framework/Versions/A/AppleIDSSOAuthentication
0x0000000191aff000 	/System/Library/PrivateFrameworks/ViewBridge.framework/Versions/A/ViewBridge
0x0000000235e03000 	/System/Library/Frameworks/_AppIntents_AppKit.framework/Versions/A/_AppIntents_AppKit
0x0000000109fd0000 	/usr/lib/libobjc-trampolines.dylib
0x00000001be65c000 	/System/Library/CoreServices/RawCamera.bundle/Contents/MacOS/RawCamera
0x00000001bb02f000 	/System/Library/Frameworks/Accelerate.framework/Versions/A/Frameworks/vImage.framework/Versions/A/Libraries/libCGInterfaces.dylib
0x000000028a01f000 	/usr/lib/libAccessibilityBaseImplementations.dylib
0x0000000284368000 	/System/Library/PrivateFrameworks/WritingToolsUI.framework/Versions/A/WritingToolsUI
0x00000002521b3000 	/System/Library/PrivateFrameworks/GenerativeAssistantSettings.framework/Versions/A/GenerativeAssistantSettings
0x0000000279682000 	/System/Library/PrivateFrameworks/TextComposer.framework/Versions/A/TextComposer
0x0000000252186000 	/System/Library/PrivateFrameworks/GenerativeAssistantCommon.framework/Versions/A/GenerativeAssistantCommon
0x00000001bc143000 	/System/Library/Frameworks/SwiftUI.framework/Versions/A/SwiftUI
0x00000002390b0000 	/System/Library/PrivateFrameworks/Anvil.framework/Versions/A/Anvil
0x000000025263a000 	/System/Library/PrivateFrameworks/GenerativePartnerService.framework/Versions/A/GenerativePartnerService
0x0000000252665000 	/System/Library/PrivateFrameworks/GenerativePartnerServiceUI.framework/Versions/A/GenerativePartnerServiceUI
0x00000001b4330000 	/System/Library/Frameworks/SafariServices.framework/Versions/A/SafariServices
0x00000001b16c2000 	/System/Library/Frameworks/WebKit.framework/Versions/A/WebKit
0x0000000235e42000 	/System/Library/Frameworks/_AuthenticationServices_SwiftUI.framework/Versions/A/_AuthenticationServices_SwiftUI
0x00000001bb6c2000 	/System/Library/PrivateFrameworks/AppStoreDaemon.framework/Versions/A/AppStoreDaemon
0x00000001a6c47000 	/System/Library/PrivateFrameworks/AppleMediaServices.framework/Versions/A/AppleMediaServices
0x00000001b78d5000 	/System/Library/PrivateFrameworks/AppleMediaServicesUI.framework/Versions/A/AppleMediaServicesUI
0x00000001eb095000 	/System/Library/PrivateFrameworks/JetEngine.framework/Versions/A/JetEngine
0x00000001b5012000 	/System/Library/PrivateFrameworks/OnBoardingKit.framework/Versions/A/OnBoardingKit
0x000000026e9d9000 	/System/Library/PrivateFrameworks/Settings.framework/Versions/A/Settings
0x000000022eafc000 	/System/Library/Frameworks/ExtensionKit.framework/Versions/A/ExtensionKit
0x000000022eb3f000 	/System/Library/Frameworks/FSKit.framework/Versions/A/FSKit
0x000000027955e000 	/System/Library/PrivateFrameworks/TextAnimationSupport.framework/Versions/A/TextAnimationSupport
0x000000026bb06000 	/System/Library/PrivateFrameworks/RecapPerformanceTesting.framework/Versions/A/RecapPerformanceTesting
0x00000001b5002000 	/System/Library/PrivateFrameworks/SignpostCollection.framework/Versions/A/SignpostCollection
0x00000001a65c9000 	/System/Library/Frameworks/WebKit.framework/Versions/A/Frameworks/WebKitLegacy.framework/Versions/A/WebKitLegacy
0x00000001a43b1000 	/System/Library/PrivateFrameworks/CorePrediction.framework/Versions/A/CorePrediction
0x0000000192c07000 	/System/Library/Frameworks/WebKit.framework/Versions/A/Frameworks/WebCore.framework/Versions/A/Frameworks/libwebrtc.dylib
0x000000019b51a000 	/System/Library/Frameworks/SecurityInterface.framework/Versions/A/SecurityInterface
0x00000001b5011000 	/System/Library/PrivateFrameworks/WebInspectorUI.framework/Versions/A/WebInspectorUI
0x00000001a92f9000 	/System/Library/Frameworks/JavaScriptCore.framework/Versions/A/JavaScriptCore
0x00000001ad607000 	/System/Library/Frameworks/WebKit.framework/Versions/A/Frameworks/WebCore.framework/Versions/A/WebCore
0x000000022dbfe000 	/System/Library/Frameworks/BrowserEngineCore.framework/Versions/A/BrowserEngineCore
0x00000002359b9000 	/System/Library/Frameworks/WebKit.framework/Versions/A/Frameworks/WebCore.framework/Versions/A/Frameworks/libANGLE-shared.dylib
0x0000000282bb3000 	/System/Library/PrivateFrameworks/WebGPU.framework/Versions/A/WebGPU
0x00000001b6f50000 	/System/Library/Frameworks/SceneKit.framework/Versions/A/SceneKit
0x00000001c888e000 	/System/Library/Frameworks/ModelIO.framework/Versions/A/ModelIO
0x000000019d4fd000 	/System/Library/Frameworks/MetalKit.framework/Versions/A/MetalKit
0x000000019f841000 	/System/Library/Frameworks/GLKit.framework/Versions/A/GLKit
0x000000028c2bf000 	/usr/lib/usd/libusd_ms.dylib
0x000000027dd6f000 	/System/Library/PrivateFrameworks/USDLib_FormatLoaderProxy.framework/Versions/A/USDLib_FormatLoaderProxy
0x000000028bf67000 	/usr/lib/swift/libswift_errno.dylib
0x00000001b4175000 	/System/Library/PrivateFrameworks/CoreOptimization.framework/Versions/A/CoreOptimization
0x000000023c5a3000 	/System/Library/PrivateFrameworks/AuthenticationServicesCore.framework/Versions/A/AuthenticationServicesCore
0x00000001beaf4000 	/System/Library/Frameworks/AuthenticationServices.framework/Versions/A/AuthenticationServices
0x0000000198abf000 	/System/Library/PrivateFrameworks/SharedWebCredentials.framework/Versions/A/SharedWebCredentials
0x00000001b5edc000 	/System/Library/PrivateFrameworks/SafariCore.framework/Versions/A/SafariCore
0x00000001be605000 	/System/Library/PrivateFrameworks/SafariFoundation.framework/Versions/A/SafariFoundation
0x000000023d8f6000 	/System/Library/PrivateFrameworks/CBORLibrary.framework/Versions/A/CBORLibrary
0x000000023e958000 	/System/Library/PrivateFrameworks/Chirp.framework/Versions/A/Chirp
0x000000023f5ac000 	/System/Library/PrivateFrameworks/CloudSubscriptionFeatures.framework/Versions/A/CloudSubscriptionFeatures
0x00000001ec4d6000 	/System/Library/PrivateFrameworks/RemoteManagement.framework/Versions/A/RemoteManagement
0x000000026bef5000 	/System/Library/PrivateFrameworks/RemoteManagementModel.framework/Versions/A/RemoteManagementModel
0x000000026bf86000 	/System/Library/PrivateFrameworks/RemoteManagementStore.framework/Versions/A/RemoteManagementStore
0x000000019d51c000 	/usr/lib/libxcselect.dylib
0x00000001be574000 	/System/Library/PrivateFrameworks/DifferentialPrivacy.framework/Versions/A/DifferentialPrivacy
0x000000025ef16000 	/System/Library/PrivateFrameworks/ManagedSettingsObjC.framework/Versions/A/ManagedSettingsObjC
0x00000001a57a0000 	/System/Library/PrivateFrameworks/ConfigurationProfiles.framework/Versions/A/ConfigurationProfiles
0x000000025af6c000 	/System/Library/PrivateFrameworks/LockdownMode.framework/Versions/A/LockdownMode
0x000000027ea31000 	/System/Library/PrivateFrameworks/VDAF.framework/Versions/A/VDAF
0x000000019fc28000 	/System/Library/PrivateFrameworks/SystemAdministration.framework/Versions/A/SystemAdministration
0x00000001aadd9000 	/System/Library/PrivateFrameworks/PowerlogControl.framework/Versions/A/PowerlogControl
0x00000001aaddb000 	/usr/lib/libUniversalAccess.dylib
0x00000001a7717000 	/System/Library/PrivateFrameworks/FamilyControls.framework/Versions/A/FamilyControls
0x000000019f507000 	/System/Library/Frameworks/DirectoryService.framework/Versions/A/DirectoryService
0x00000001a3cf5000 	/System/Library/PrivateFrameworks/LoginUIKit.framework/Versions/A/Frameworks/LoginUICore.framework/Versions/A/LoginUICore
0x000000019918c000 	/usr/lib/libodfde.dylib
0x00000001a7711000 	/System/Library/PrivateFrameworks/UniversalAccess.framework/Versions/A/Libraries/libUAPreferences.dylib
0x00000001a7739000 	/System/Library/PrivateFrameworks/CommerceKit.framework/Versions/A/Frameworks/CommerceCore.framework/Versions/A/CommerceCore
0x000000019b554000 	/System/Library/PrivateFrameworks/CoreFollowUp.framework/Versions/A/CoreFollowUp
0x0000000246929000 	/System/Library/PrivateFrameworks/DMCUtilities.framework/Versions/A/DMCUtilities
0x000000025affb000 	/System/Library/PrivateFrameworks/MDMClientLibrary.framework/Versions/A/MDMClientLibrary
0x000000026bf7a000 	/System/Library/PrivateFrameworks/RemoteManagementProtocol.framework/Versions/A/RemoteManagementProtocol
0x000000024688b000 	/System/Library/PrivateFrameworks/DEPClientLibrary.framework/Versions/A/DEPClientLibrary
0x00000002468b8000 	/System/Library/PrivateFrameworks/DMCEnrollmentLibrary.framework/Versions/A/DMCEnrollmentLibrary
0x00000001aaec0000 	/System/Library/PrivateFrameworks/SetupAssistantFramework.framework/Versions/A/SetupAssistantFramework
0x00000001a4407000 	/System/Library/PrivateFrameworks/AuthKitUI.framework/Versions/A/AuthKitUI
0x00000001a3d3f000 	/System/Library/PrivateFrameworks/AppSSO.framework/Versions/A/AppSSO
0x00000001bb415000 	/System/Library/PrivateFrameworks/LocalAuthenticationUI.framework/Versions/A/LocalAuthenticationUI
0x000000026948f000 	/System/Library/PrivateFrameworks/PlatformSSO.framework/Versions/A/PlatformSSO
0x000000026957d000 	/System/Library/PrivateFrameworks/PlatformSSOCore.framework/Versions/A/PlatformSSOCore
0x000000022fdf3000 	/System/Library/Frameworks/LocalAuthenticationEmbeddedUI.framework/Versions/A/LocalAuthenticationEmbeddedUI
0x00000001bbf0d000 	/System/Library/PrivateFrameworks/AOSUI.framework/Versions/A/AOSUI
0x00000001acc39000 	/System/Library/Frameworks/ContactsUI.framework/Versions/A/ContactsUI
0x00000001a0887000 	/System/Library/PrivateFrameworks/FamilyCircle.framework/Versions/A/FamilyCircle
0x00000001ca15c000 	/System/Library/Frameworks/LinkPresentation.framework/Versions/A/LinkPresentation
0x00000001ac7b9000 	/System/Library/PrivateFrameworks/IASUtilities.framework/Versions/A/IASUtilities
0x00000002559ed000 	/System/Library/PrivateFrameworks/IASUtilitiesCore.framework/Versions/A/IASUtilitiesCore
0x000000026bfef000 	/System/Library/PrivateFrameworks/RemoteUI.framework/Versions/A/RemoteUI
0x000000025a27f000 	/System/Library/PrivateFrameworks/LiftUI.framework/Versions/A/LiftUI
0x000000028498f000 	/System/Library/PrivateFrameworks/_IconServices_SwiftUI.framework/Versions/A/_IconServices_SwiftUI
0x000000023f4e2000 	/System/Library/PrivateFrameworks/CloudSettings.framework/Versions/A/CloudSettings
0x00000001a6394000 	/System/Library/Frameworks/EventKit.framework/Versions/A/EventKit
0x00000001b522b000 	/System/Library/PrivateFrameworks/SearchFoundation.framework/Versions/A/SearchFoundation
0x00000001cc2c3000 	/System/Library/PrivateFrameworks/Email.framework/Versions/A/Email
0x00000001b3d84000 	/System/Library/PrivateFrameworks/CoreRoutine.framework/Versions/A/CoreRoutine
0x00000001ebe2f000 	/System/Library/PrivateFrameworks/VoiceShortcutClient.framework/Versions/A/VoiceShortcutClient
0x00000001c3d09000 	/System/Library/PrivateFrameworks/Categories.framework/Versions/A/Categories
0x00000001bbdb1000 	/System/Library/PrivateFrameworks/ChronoServices.framework/Versions/A/ChronoServices
0x000000023e38f000 	/System/Library/PrivateFrameworks/CalendarDatabase.framework/Versions/A/CalendarDatabase
0x000000023e2d0000 	/System/Library/PrivateFrameworks/CalendarDaemon.framework/Versions/A/CalendarDaemon
0x00000001a56db000 	/System/Library/PrivateFrameworks/CalendarFoundation.framework/Versions/A/CalendarFoundation
0x00000001a5696000 	/System/Library/PrivateFrameworks/iCalendar.framework/Versions/A/iCalendar
0x0000000246b2e000 	/System/Library/PrivateFrameworks/DataAccessExpress.framework/Versions/A/DataAccessExpress
0x00000001acda1000 	/System/Library/PrivateFrameworks/ContactsAutocomplete.framework/Versions/A/ContactsAutocomplete
0x00000001bbcfd000 	/System/Library/PrivateFrameworks/FTClientServices.framework/Versions/A/FTClientServices
0x0000000277f9f000 	/System/Library/PrivateFrameworks/StorageContainersPrivate.framework/Versions/A/StorageContainersPrivate
0x000000028bbf6000 	/usr/lib/swift/libswiftCoreMediaIO.dylib
0x00000001ac63a000 	/System/Library/PrivateFrameworks/CoreDAV.framework/Versions/A/CoreDAV
0x00000001a625e000 	/System/Library/PrivateFrameworks/CalDAV.framework/Versions/A/CalDAV
0x00000001b1317000 	/System/Library/PrivateFrameworks/TelephonyUtilities.framework/Versions/A/TelephonyUtilities
0x000000022fdaf000 	/System/Library/Frameworks/LiveCommunicationKit.framework/Versions/A/LiveCommunicationKit
0x000000023fe07000 	/System/Library/PrivateFrameworks/CommunicationTrust.framework/Versions/A/CommunicationTrust
0x00000001b5ceb000 	/System/Library/Frameworks/CallKit.framework/Versions/A/CallKit
0x00000001a0880000 	/System/Library/PrivateFrameworks/CommunicationsFilter.framework/Versions/A/CommunicationsFilter
0x00000001e0a8c000 	/System/Library/PrivateFrameworks/IMTransferServices.framework/Versions/A/IMTransferServices
0x00000001b418e000 	/System/Library/PrivateFrameworks/IncomingCallFilter.framework/Versions/A/IncomingCallFilter
0x0000000264247000 	/System/Library/PrivateFrameworks/NeighborhoodActivityConduit.framework/Versions/A/NeighborhoodActivityConduit
0x00000001b829c000 	/System/Library/PrivateFrameworks/CallHistory.framework/Versions/A/CallHistory
0x000000028a198000 	/usr/lib/libBASupport.dylib
0x000000023e7d6000 	/System/Library/PrivateFrameworks/CallsUtilities.framework/Versions/A/CallsUtilities
0x000000023e7e2000 	/System/Library/PrivateFrameworks/CallsXPC.framework/Versions/A/CallsXPC
0x00000001ec641000 	/usr/lib/swift/libswiftCallKit.dylib
0x000000023e7c8000 	/System/Library/PrivateFrameworks/CallsPersistence.framework/Versions/A/CallsPersistence
0x00000002339c6000 	/System/Library/Frameworks/SensitiveContentAnalysis.framework/Versions/A/SensitiveContentAnalysis
0x00000001b931a000 	/System/Library/PrivateFrameworks/PeopleSuggester.framework/Versions/A/PeopleSuggester
0x00000001c2a83000 	/System/Library/PrivateFrameworks/SpotlightReceiver.framework/Versions/A/SpotlightReceiver
0x000000028494f000 	/System/Library/PrivateFrameworks/_AppIntentsServices_AppIntents.framework/Versions/A/_AppIntentsServices_AppIntents
0x0000000239515000 	/System/Library/PrivateFrameworks/AppIntentsServices.framework/Versions/A/AppIntentsServices
0x00000001a567f000 	/System/Library/PrivateFrameworks/CoreRecents.framework/Versions/A/CoreRecents
0x0000000235ec5000 	/System/Library/Frameworks/_GeoToolbox_AppIntents.framework/Versions/A/_GeoToolbox_AppIntents
0x00000001d6122000 	/System/Library/PrivateFrameworks/DiagnosticRequest.framework/Versions/A/DiagnosticRequest
0x000000026bbb7000 	/System/Library/PrivateFrameworks/RegulatoryDomain.framework/Versions/A/RegulatoryDomain
0x000000019f91a000 	/usr/lib/libCTGreenTeaLogger.dylib
0x000000025af3f000 	/System/Library/PrivateFrameworks/LocalStatusKit.framework/Versions/A/LocalStatusKit
0x00000001b11fe000 	/System/Library/PrivateFrameworks/CoreParsec.framework/Versions/A/CoreParsec
0x00000001cc2b7000 	/System/Library/PrivateFrameworks/EmailAddressing.framework/Versions/A/EmailAddressing
0x00000001c8097000 	/System/Library/PrivateFrameworks/EmailCore.framework/Versions/A/EmailCore
0x00000001c918b000 	/System/Library/PrivateFrameworks/EmailFoundation.framework/Versions/A/EmailFoundation
0x0000000266d65000 	/System/Library/PrivateFrameworks/PegasusAPI.framework/Versions/A/PegasusAPI
0x0000000267b21000 	/System/Library/PrivateFrameworks/PegasusConfiguration.framework/Versions/A/PegasusConfiguration
0x000000027c19c000 	/System/Library/PrivateFrameworks/ToolKit.framework/Versions/A/ToolKit
0x000000026c3a9000 	/System/Library/PrivateFrameworks/ReplicatorEngine.framework/Versions/A/ReplicatorEngine
0x000000026c564000 	/System/Library/PrivateFrameworks/ReplicatorServices.framework/Versions/A/ReplicatorServices
0x0000000278e22000 	/System/Library/PrivateFrameworks/SystemWake.framework/Versions/A/SystemWake
0x00000001b5ec2000 	/System/Library/PrivateFrameworks/ContextKit.framework/Versions/A/ContextKit
0x00000002403a5000 	/System/Library/PrivateFrameworks/ContextKitCore.framework/Versions/A/ContextKitCore
0x00000001b4425000 	/System/Library/Frameworks/LocalAuthentication.framework/Support/DaemonUtils.framework/Versions/A/DaemonUtils
0x000000025aea1000 	/System/Library/PrivateFrameworks/LocalAuthenticationCoreUI.framework/Versions/A/LocalAuthenticationCoreUI
0x00000001b789b000 	/System/Library/PrivateFrameworks/BridgeXPC.framework/Versions/A/BridgeXPC
0x00000001b50f2000 	/System/Library/PrivateFrameworks/CoreKDL.framework/Versions/A/CoreKDL
0x00000001b3718000 	/System/Library/PrivateFrameworks/EmbeddedOSSupportHost.framework/Versions/A/EmbeddedOSSupportHost
0x00000001a8273000 	/System/Library/PrivateFrameworks/LoginUIKit.framework/Versions/A/LoginUIKit
0x00000001c4209000 	/System/Library/PrivateFrameworks/StorageKit.framework/Versions/A/StorageKit
0x000000022b302000 	/System/Library/Frameworks/DeviceCheck.framework/Versions/A/DeviceCheck
0x0000000247536000 	/System/Library/PrivateFrameworks/DiskImages2.framework/Versions/A/DiskImages2
0x00000001c4283000 	/System/Library/PrivateFrameworks/CoreWLANKit.framework/Versions/A/CoreWLANKit
0x0000000281f09000 	/System/Library/PrivateFrameworks/Wallpaper.framework/Versions/A/Wallpaper
0x000000028bc11000 	/usr/lib/swift/libswiftGLKit.dylib
0x000000028bc1d000 	/usr/lib/swift/libswiftMetalKit.dylib
0x000000028bc1f000 	/usr/lib/swift/libswiftModelIO.dylib
0x000000028bce2000 	/usr/lib/swift/libswiftSceneKit.dylib
0x00000001cd23f000 	/System/Library/PrivateFrameworks/DynamicDesktop.framework/Versions/A/DynamicDesktop
0x000000028209c000 	/System/Library/PrivateFrameworks/WallpaperFoundation.framework/Versions/A/WallpaperFoundation
0x00000002820fb000 	/System/Library/PrivateFrameworks/WallpaperTypes.framework/Versions/A/WallpaperTypes
0x00000001e2882000 	/System/Library/PrivateFrameworks/SystemDesktopAppearance.framework/Versions/A/SystemDesktopAppearance
0x0000000287a60000 	/System/Library/PrivateFrameworks/icloudMCCKit.framework/Versions/A/icloudMCCKit
0x000000023a861000 	/System/Library/PrivateFrameworks/AppleAccountUI.framework/Versions/A/AppleAccountUI
0x00000001d6748000 	/System/Library/PrivateFrameworks/PreferencePanesSupport.framework/Versions/A/PreferencePanesSupport
0x00000001bc0bb000 	/System/Library/PrivateFrameworks/FindMyDeviceUI.framework/Versions/A/FindMyDeviceUI
0x0000000285637000 	/System/Library/PrivateFrameworks/iCloudQuotaUI.framework/Versions/A/iCloudQuotaUI
0x00000001d68f9000 	/System/Library/PrivateFrameworks/CoreCDPUI.framework/Versions/A/CoreCDPUI
0x00000001b5c1b000 	/System/Library/PrivateFrameworks/CoreFollowUpUI.framework/Versions/A/CoreFollowUpUI
0x00000001c2d07000 	/System/Library/PrivateFrameworks/IMCore.framework/Versions/A/IMCore
0x00000001aae40000 	/System/Library/PrivateFrameworks/CoreCDP.framework/Versions/A/CoreCDP
0x00000001a6c32000 	/System/Library/PrivateFrameworks/AskPermission.framework/Versions/A/AskPermission
0x00000001b9a3a000 	/System/Library/Frameworks/Quartz.framework/Versions/A/Quartz
0x00000001c676d000 	/System/Library/PrivateFrameworks/CloudPhotoServicesConfiguration.framework/Versions/A/CloudPhotoServicesConfiguration
0x00000001b80bc000 	/System/Library/PrivateFrameworks/CommerceKit.framework/Versions/A/CommerceKit
0x00000001c8169000 	/System/Library/PrivateFrameworks/FindMyMac.framework/Versions/A/FindMyMac
0x00000001c8039000 	/System/Library/Frameworks/PreferencePanes.framework/Versions/A/PreferencePanes
0x00000001bb503000 	/System/Library/Frameworks/AddressBook.framework/Versions/A/AddressBook
0x00000001a5ac5000 	/System/Library/PrivateFrameworks/AOSAccounts.framework/Versions/A/AOSAccounts
0x000000019fc22000 	/System/Library/PrivateFrameworks/AppleSRP.framework/Versions/A/AppleSRP
0x00000001a45f2000 	/System/Library/PrivateFrameworks/NetFSServer.framework/Versions/A/NetFSServer
0x00000001b6e27000 	/System/Library/Frameworks/PDFKit.framework/Versions/A/PDFKit
0x000000028bc35000 	/usr/lib/swift/libswiftPassKit.dylib
0x00000001da9cd000 	/System/Library/Frameworks/PassKit.framework/Versions/A/PassKit
0x00000001a8382000 	/System/Library/PrivateFrameworks/PassKitCore.framework/Versions/A/PassKitCore
0x000000026667e000 	/System/Library/PrivateFrameworks/PassKitMacHelperTemp.framework/Versions/A/PassKitMacHelperTemp
0x000000028a0f3000 	/usr/lib/libAppleSSE.dylib
0x00000001b446d000 	/System/Library/PrivateFrameworks/BiometricKit.framework/Versions/A/BiometricKit
0x000000026cbc2000 	/System/Library/PrivateFrameworks/SEService.framework/Versions/A/SEService
0x000000022ec09000 	/System/Library/Frameworks/FinanceKit.framework/Versions/A/FinanceKit
0x00000001b9ae6000 	/System/Library/PrivateFrameworks/NearField.framework/Versions/A/NearField
0x000000026cb39000 	/System/Library/PrivateFrameworks/SESShared.framework/Versions/A/SESShared
0x000000026ce2b000 	/System/Library/PrivateFrameworks/STSXPCHelperClient.framework/Versions/A/STSXPCHelperClient
0x00000001bb91d000 	/usr/lib/libnfshared.dylib
0x0000000278ba2000 	/System/Library/PrivateFrameworks/Symptoms.framework/Versions/A/Frameworks/SymptomPresentationFeed.framework/Versions/A/SymptomPresentationFeed
0x000000023b339000 	/System/Library/PrivateFrameworks/AppleMediaServicesKitInternal.framework/Versions/A/AppleMediaServicesKitInternal
0x00000002788dd000 	/System/Library/PrivateFrameworks/SymptomShared.framework/Versions/A/SymptomShared
0x00000001dd910000 	/System/Library/PrivateFrameworks/PassKitUIFoundation.framework/Versions/A/PassKitUIFoundation
0x000000019f545000 	/System/Library/Frameworks/MapKit.framework/Versions/A/MapKit
0x0000000252709000 	/System/Library/PrivateFrameworks/GeoAnalytics.framework/Versions/A/GeoAnalytics
0x00000001bb94b000 	/System/Library/PrivateFrameworks/Navigation.framework/Versions/A/Navigation
0x00000001c57ee000 	/System/Library/PrivateFrameworks/VectorKit.framework/Versions/A/VectorKit
0x00000001ac882000 	/System/Library/PrivateFrameworks/VirtualGarage.framework/Versions/A/VirtualGarage
0x00000001bbb48000 	/System/Library/Frameworks/ExternalAccessory.framework/ExternalAccessory
0x00000001bbb63000 	/System/Library/PrivateFrameworks/IAP.framework/Versions/A/IAP
0x000000019f807000 	/System/Library/PrivateFrameworks/IOPlatformPluginFamily.framework/Versions/A/IOPlatformPluginFamily
0x000000023c6f9000 	/System/Library/PrivateFrameworks/AvatarKit.framework/Versions/A/AvatarKit
0x000000023c7b8000 	/System/Library/PrivateFrameworks/AvatarPersistence.framework/Versions/A/AvatarPersistence
0x0000000235333000 	/System/Library/Frameworks/TipKit.framework/Versions/A/TipKit
0x00000001a7e39000 	/System/Library/PrivateFrameworks/IMSharedUtilities.framework/Versions/A/IMSharedUtilities
0x000000028bbd6000 	/usr/lib/swift/libswiftAppleArchive.dylib
0x000000027eb2d000 	/System/Library/PrivateFrameworks/VFX.framework/Versions/A/VFX
0x00000001d8573000 	/System/Library/PrivateFrameworks/AppleCVA.framework/Versions/A/AppleCVA
0x000000023c7b7000 	/System/Library/PrivateFrameworks/AvatarKitContent.framework/Versions/A/AvatarKitContent
0x0000000230b5c000 	/System/Library/Frameworks/MetalFX.framework/Versions/A/MetalFX
0x000000023ff1e000 	/System/Library/PrivateFrameworks/CompositorNonUI.framework/Versions/A/CompositorNonUI
0x000000022ce78000 	/System/Library/Frameworks/ARKit.framework/Versions/A/ARKit
0x0000000237b60000 	/System/Library/PrivateFrameworks/ARKitCore.framework/Versions/A/ARKitCore
0x000000028a1e4000 	/usr/lib/libDisplayWarpSupport.dylib
0x00000002421f0000 	/System/Library/PrivateFrameworks/CoreComposite.framework/Versions/A/CoreComposite
0x000000028abb3000 	/usr/lib/libchannel.dylib
0x000000028b82f000 	/usr/lib/librealtime_safety.dylib
0x0000000237bec000 	/System/Library/PrivateFrameworks/ARKitFoundation.framework/Versions/A/ARKitFoundation
0x000000023a8fd000 	/System/Library/PrivateFrameworks/AppleDepth.framework/Versions/A/AppleDepth
0x000000023aa7a000 	/System/Library/PrivateFrameworks/AppleDepthCore.framework/Versions/A/AppleDepthCore
0x000000019f942000 	/System/Library/PrivateFrameworks/CoreAppleCVA.framework/Versions/A/CoreAppleCVA
0x00000001ac9b8000 	/System/Library/PrivateFrameworks/ContactsUICore.framework/Versions/A/ContactsUICore
0x00000001b4299000 	/System/Library/PrivateFrameworks/ContactsDonation.framework/Versions/A/ContactsDonation
0x00000001b3b55000 	/System/Library/PrivateFrameworks/DataDetectors.framework/Versions/A/DataDetectors
0x00000001a624a000 	/System/Library/Frameworks/MediaLibrary.framework/Versions/A/MediaLibrary
0x00000001a086f000 	/System/Library/PrivateFrameworks/PersonaKit.framework/Versions/A/PersonaKit
0x00000001ac9a5000 	/System/Library/PrivateFrameworks/PersonaUI.framework/Versions/A/PersonaUI
0x00000001c7a4f000 	/System/Library/PrivateFrameworks/Transparency.framework/Versions/A/Transparency
0x0000000249095000 	/System/Library/PrivateFrameworks/FindMyLocate.framework/Versions/A/FindMyLocate
0x00000001b5b98000 	/System/Library/PrivateFrameworks/IntlPreferences.framework/Versions/A/IntlPreferences
0x000000024624e000 	/System/Library/PrivateFrameworks/CoreTransparency.framework/Versions/A/CoreTransparency
0x0000000248f69000 	/System/Library/PrivateFrameworks/FindMyCommon.framework/Versions/A/FindMyCommon
0x0000000248d3c000 	/System/Library/PrivateFrameworks/FindMyBase.framework/Versions/A/FindMyBase
0x00000002325f1000 	/System/Library/Frameworks/NearbyInteraction.framework/Versions/A/NearbyInteraction
0x00000001a045e000 	/System/Library/PrivateFrameworks/AddressBookCore.framework/Versions/A/AddressBookCore
0x00000001bb6a0000 	/System/Library/PrivateFrameworks/ToneKit.framework/Versions/A/ToneKit
0x00000001b5bdf000 	/System/Library/PrivateFrameworks/ToneLibrary.framework/Versions/A/ToneLibrary
0x0000000240227000 	/System/Library/PrivateFrameworks/ContactsAccounts.framework/Versions/A/ContactsAccounts
0x00000001b9951000 	/System/Library/PrivateFrameworks/Lookup.framework/Versions/A/Lookup
0x0000000232f12000 	/System/Library/Frameworks/QuickLookUI.framework/Versions/A/QuickLookUI
0x000000023393f000 	/System/Library/Frameworks/ScreenCaptureKit.framework/Versions/A/ScreenCaptureKit
0x00000001b6946000 	/System/Library/Frameworks/Quartz.framework/Versions/A/Frameworks/QuartzComposer.framework/Versions/A/QuartzComposer
0x00000001b5b6f000 	/System/Library/Frameworks/Quartz.framework/Versions/A/Frameworks/QuartzFilters.framework/Versions/A/QuartzFilters
0x00000001b4bf6000 	/System/Library/Frameworks/Quartz.framework/Versions/A/Frameworks/ImageKit.framework/Versions/A/ImageKit
0x000000022cc79000 	/System/Library/Frameworks/OpenCL.framework/Versions/A/OpenCL
0x00000001b30f2000 	/System/Library/PrivateFrameworks/CorePDF.framework/Versions/A/CorePDF
0x000000019d496000 	/System/Library/Frameworks/QuickLook.framework/Versions/A/QuickLook
0x00000001a826e000 	/System/Library/PrivateFrameworks/DisplayServices.framework/Versions/A/DisplayServices
0x00000001b5af3000 	/System/Library/Frameworks/ImageCaptureCore.framework/Versions/A/ImageCaptureCore
0x0000000280a4b000 	/System/Library/PrivateFrameworks/VisionKitCore.framework/Versions/A/VisionKitCore
0x00000001b11ce000 	/System/Library/PrivateFrameworks/QuickLookSupport.framework/Versions/A/QuickLookSupport
0x000000025f80b000 	/System/Library/PrivateFrameworks/MediaAnalysisServices.framework/Versions/A/MediaAnalysisServices
0x00000001b88da000 	/System/Library/PrivateFrameworks/PhotoLibraryServices.framework/Versions/A/PhotoLibraryServices
0x00000001b5704000 	/System/Library/Frameworks/Photos.framework/Versions/A/Photos
0x00000001ca55c000 	/System/Library/PrivateFrameworks/PhotosFormats.framework/Versions/A/PhotosFormats
0x000000027fb86000 	/System/Library/PrivateFrameworks/VectorSearch.framework/Versions/A/VectorSearch
0x00000001c6799000 	/System/Library/PrivateFrameworks/CloudPhotoLibrary.framework/Versions/A/CloudPhotoLibrary
0x00000001cfff6000 	/System/Library/PrivateFrameworks/CloudPhotoServices.framework/Versions/A/CloudPhotoServices
0x00000001cc43a000 	/System/Library/PrivateFrameworks/CoreMediaStream.framework/Versions/A/CoreMediaStream
0x00000001a0f3e000 	/System/Library/PrivateFrameworks/CPAnalytics.framework/Versions/A/CPAnalytics
0x00000001c87c5000 	/System/Library/PrivateFrameworks/MediaConversionService.framework/Versions/A/MediaConversionService
0x00000001a7e25000 	/System/Library/PrivateFrameworks/PhotoFoundation.framework/Versions/A/PhotoFoundation
0x000000026814d000 	/System/Library/PrivateFrameworks/PhotoLibraryServicesCore.framework/Versions/A/PhotoLibraryServicesCore
0x00000001c23ee000 	/System/Library/PrivateFrameworks/MMCS.framework/Versions/A/MMCS
0x00000001a60a5000 	/System/Library/PrivateFrameworks/ChunkingLibrary.framework/Versions/A/ChunkingLibrary
0x000000019fbef000 	/System/Library/PrivateFrameworks/AssetCacheServices.framework/Versions/A/AssetCacheServices
0x00000001a1bea000 	/System/Library/PrivateFrameworks/AVFoundationCF.framework/Versions/A/AVFoundationCF
0x00000001e0983000 	/usr/lib/swift/libswiftDemangle.dylib
0x0000000255bdc000 	/System/Library/PrivateFrameworks/ImageCaptureDevices.framework/Versions/A/ImageCaptureDevices
0x00000001b3e1a000 	/System/Library/PrivateFrameworks/MediaStream.framework/Versions/A/MediaStream
0x00000001c8cb3000 	/System/Library/PrivateFrameworks/NeutrinoCore.framework/Versions/A/NeutrinoCore
0x000000018ee20000 	/System/Library/PrivateFrameworks/NLP.framework/Versions/A/NLP
0x00000001ced4b000 	/System/Library/PrivateFrameworks/PhotoImaging.framework/Versions/A/PhotoImaging
0x00000001cffb7000 	/System/Library/PrivateFrameworks/PhotosImagingFoundation.framework/Versions/A/PhotosImagingFoundation
0x0000000268cfa000 	/System/Library/PrivateFrameworks/PhotosIntelligenceCore.framework/Versions/A/PhotosIntelligenceCore
0x00000001a2082000 	/System/Library/PrivateFrameworks/EmbeddedAcousticRecognition.framework/Versions/A/EmbeddedAcousticRecognition
0x00000001bd8d3000 	/System/Library/PrivateFrameworks/EmojiFoundation.framework/Versions/A/EmojiFoundation
0x00000001c6a13000 	/System/Library/PrivateFrameworks/SDAPI.framework/Versions/A/SDAPI
0x0000000259946000 	/System/Library/PrivateFrameworks/IsolatedContextLogging.framework/Versions/A/IsolatedContextLogging
0x00000001d0005000 	/System/Library/PrivateFrameworks/AutoLoop.framework/Versions/A/AutoLoop
0x0000000269920000 	/System/Library/PrivateFrameworks/Portrait.framework/Versions/A/Portrait
0x00000002497ba000 	/System/Library/PrivateFrameworks/FusionTracker.framework/Versions/A/FusionTracker
0x00000001b63c9000 	/System/Library/PrivateFrameworks/iTunesCloud.framework/Versions/A/iTunesCloud
0x00000001bf7fc000 	/System/Library/PrivateFrameworks/DAAPKit.framework/Versions/A/DAAPKit
0x00000001b1568000 	/System/Library/PrivateFrameworks/DeviceManagement.framework/Versions/A/DeviceManagement
0x00000001d6074000 	/System/Library/PrivateFrameworks/ScreenTimeUI.framework/Versions/A/ScreenTimeUI
0x00000001b3b4f000 	/System/Library/PrivateFrameworks/QuickLookNonBaseSystem.framework/Versions/A/QuickLookNonBaseSystem
0x00000001b4370000 	/System/Library/PrivateFrameworks/Catalyst.framework/Versions/A/Catalyst
0x00000001b5d93000 	/System/Library/PrivateFrameworks/ScreenTimeCore.framework/Versions/A/ScreenTimeCore
0x00000001c99b9000 	/System/Library/PrivateFrameworks/ScreenTimeServiceUI.framework/Versions/A/ScreenTimeServiceUI
0x00000001c2580000 	/System/Library/PrivateFrameworks/ConfigurationEngineModel.framework/Versions/A/ConfigurationEngineModel
0x00000001c57a8000 	/System/Library/PrivateFrameworks/UsageTracking.framework/Versions/A/UsageTracking
0x000000022e856000 	/System/Library/Frameworks/DeviceActivity.framework/Versions/A/DeviceActivity
0x00000001c5777000 	/System/Library/PrivateFrameworks/KnowledgeMonitor.framework/Versions/A/KnowledgeMonitor
0x00000001dd8b6000 	/System/Library/PrivateFrameworks/BluetoothManager.framework/Versions/A/BluetoothManager
0x000000022fee6000 	/System/Library/Frameworks/ManagedSettings.framework/Versions/A/ManagedSettings
0x000000025ef5b000 	/System/Library/PrivateFrameworks/ManagedSettingsSupport.framework/Versions/A/ManagedSettingsSupport
0x00000001daa9e000 	/System/Library/Frameworks/ReplayKit.framework/Versions/A/ReplayKit
0x00000001a928b000 	/System/Library/PrivateFrameworks/MarkupUI.framework/Versions/A/MarkupUI
0x00000001b3b26000 	/System/Library/PrivateFrameworks/SidecarCore.framework/Versions/A/SidecarCore
0x00000001b67fa000 	/System/Library/PrivateFrameworks/AnnotationKit.framework/Versions/A/AnnotationKit
0x00000001b4e29000 	/System/Library/Frameworks/PencilKit.framework/Versions/A/PencilKit
0x00000001b4fed000 	/System/Library/PrivateFrameworks/SidecarUI.framework/Versions/A/SidecarUI
0x00000001b4794000 	/System/Library/PrivateFrameworks/CoreHandwriting.framework/Versions/A/CoreHandwriting
0x0000000188a0a000 	/usr/lib/libmecabra.dylib
0x00000001acfb3000 	/System/Library/PrivateFrameworks/Calculate.framework/Versions/A/Calculate
0x0000000198871000 	/usr/lib/libChineseTokenizer.dylib
0x00000001ec3fb000 	/System/Library/PrivateFrameworks/ScreenReaderCore.framework/Versions/A/ScreenReaderCore
0x0000000277f31000 	/System/Library/PrivateFrameworks/StocksKit.framework/Versions/A/StocksKit
0x00000001abf5a000 	/System/Library/PrivateFrameworks/OAuth.framework/Versions/A/OAuth
0x0000000277c27000 	/System/Library/PrivateFrameworks/StocksCore.framework/Versions/A/StocksCore
0x0000000279138000 	/System/Library/PrivateFrameworks/TeaFoundation.framework/Versions/A/TeaFoundation
0x000000027931f000 	/System/Library/PrivateFrameworks/TeaSettings.framework/Versions/A/TeaSettings
0x00000001e209f000 	/System/Library/PrivateFrameworks/NewsCore.framework/Versions/A/NewsCore
0x00000002790d5000 	/System/Library/PrivateFrameworks/TeaDB.framework/Versions/A/TeaDB
0x00000001dea2e000 	/System/Library/PrivateFrameworks/RemoteConfiguration.framework/Versions/A/RemoteConfiguration
0x00000001e1c86000 	/System/Library/PrivateFrameworks/NewsTransport.framework/Versions/A/NewsTransport
0x00000001e208f000 	/System/Library/PrivateFrameworks/NewsFoundation.framework/Versions/A/NewsFoundation
0x000000026484e000 	/System/Library/PrivateFrameworks/NewsURLBucket.framework/Versions/A/NewsURLBucket
0x00000001b84d9000 	/System/Library/PrivateFrameworks/MobileInstallation.framework/Versions/A/MobileInstallation
0x000000023549c000 	/System/Library/Frameworks/Translation.framework/Versions/A/Translation
0x00000001d19e0000 	/System/Library/PrivateFrameworks/RevealCore.framework/Versions/A/RevealCore
0x00000001d19d4000 	/System/Library/PrivateFrameworks/Reveal.framework/Versions/A/Reveal
0x00000001c9664000 	/System/Library/Frameworks/Speech.framework/Versions/A/Speech
0x000000023698f000 	/System/Library/PrivateFrameworks/AIMLExperimentationAnalytics.framework/Versions/A/AIMLExperimentationAnalytics
0x0000000238e35000 	/System/Library/PrivateFrameworks/AlgorithmsInternal.framework/Versions/A/AlgorithmsInternal
0x000000027caa1000 	/System/Library/PrivateFrameworks/TranslationUIServices.framework/Versions/A/TranslationUIServices
0x000000027b7f3000 	/System/Library/PrivateFrameworks/TipKitCore.framework/Versions/A/TipKitCore
0x00000001bd958000 	/System/Library/PrivateFrameworks/CoreCDPInternal.framework/Versions/A/CoreCDPInternal
0x00000002563b6000 	/System/Library/PrivateFrameworks/InputAnalytics.framework/Versions/A/InputAnalytics
0x00000001c3601000 	/System/Library/Frameworks/InstantMessage.framework/Versions/A/InstantMessage
0x00000001bb40e000 	/System/Library/PrivateFrameworks/IDSKVStore.framework/Versions/A/IDSKVStore
0x00000001bb0b1000 	/System/Library/PrivateFrameworks/IMDPersistence.framework/Versions/A/IMDPersistence
0x000000027ea27000 	/System/Library/PrivateFrameworks/UserSafety.framework/Versions/A/UserSafety
0x00000001dc940000 	/System/Library/PrivateFrameworks/BlastDoor.framework/Versions/A/BlastDoor
0x000000025aaad000 	/System/Library/PrivateFrameworks/LinkPresentationStyleSheetParsing.framework/Versions/A/LinkPresentationStyleSheetParsing
0x0000000269ae1000 	/System/Library/PrivateFrameworks/PosterFoundation.framework/Versions/A/PosterFoundation
0x0000000269b6f000 	/System/Library/PrivateFrameworks/PosterModel.framework/Versions/A/PosterModel
0x0000000269b49000 	/System/Library/PrivateFrameworks/PosterFuturesKit.framework/Versions/A/PosterFuturesKit
0x0000000248b14000 	/System/Library/PrivateFrameworks/FeedbackService.framework/Versions/A/FeedbackService
0x00000001b41ed000 	/System/Library/PrivateFrameworks/CoreSDB.framework/Versions/A/CoreSDB
0x000000023be78000 	/System/Library/PrivateFrameworks/AskToCore.framework/Versions/A/AskToCore
0x00000001d68f6000 	/System/Library/PrivateFrameworks/MachineSettings.framework/Versions/A/MachineSettings
0x00000001c7fb2000 	/System/Library/PrivateFrameworks/BezelServices.framework/Versions/A/BezelServices
0x00000001bf887000 	/System/Library/PrivateFrameworks/SPOwner.framework/Versions/A/SPOwner
0x00000001b8121000 	/System/Library/PrivateFrameworks/FMCore.framework/Versions/A/FMCore
0x0000000285589000 	/System/Library/PrivateFrameworks/iCloudQuota.framework/Versions/A/iCloudQuota
0x00000001ac91e000 	/System/Library/PrivateFrameworks/CoreRecognition.framework/Versions/A/CoreRecognition
0x00000001c8072000 	/System/Library/PrivateFrameworks/InAppMessages.framework/Versions/A/InAppMessages
0x00000001eafae000 	/System/Library/PrivateFrameworks/JetUI.framework/Versions/A/JetUI
0x0000000259ca5000 	/System/Library/PrivateFrameworks/JetPack.framework/Versions/A/JetPack
0x00000001c8069000 	/System/Library/PrivateFrameworks/InAppMessagesCore.framework/Versions/A/InAppMessagesCore
0x000000028499f000 	/System/Library/PrivateFrameworks/_JetEngine_SwiftUI.framework/Versions/A/_JetEngine_SwiftUI
0x0000000278bcb000 	/System/Library/PrivateFrameworks/Synapse.framework/Versions/A/Synapse
0x000000023e11e000 	/System/Library/PrivateFrameworks/CSExattrCrypto.framework/Versions/A/CSExattrCrypto
0x00000001b9648000 	/System/Library/PrivateFrameworks/StoreFoundation.framework/Versions/A/StoreFoundation
0x00000001b811b000 	/System/Library/PrivateFrameworks/ServerInformation.framework/Versions/A/ServerInformation
0x00000001b7b31000 	/System/Library/PrivateFrameworks/Install.framework/Frameworks/DistributionKit.framework/Versions/A/DistributionKit
0x00000001b0fa2000 	/System/Library/PrivateFrameworks/PackageKit.framework/Versions/A/PackageKit
0x00000001b7b54000 	/System/Library/PrivateFrameworks/OSPersonalization.framework/Versions/A/OSPersonalization
0x00000001b9bae000 	/System/Library/PrivateFrameworks/BridgeOSSoftwareUpdate.framework/Versions/A/BridgeOSSoftwareUpdate
0x00000001b4693000 	/System/Library/PrivateFrameworks/StorageManagement.framework/Versions/A/StorageManagement
0x00000001c94e4000 	/usr/lib/libauthinstall.dylib
0x00000001b9bb7000 	/System/Library/PrivateFrameworks/InstallerDiagnostics.framework/Versions/A/InstallerDiagnostics
0x00000001c9ba0000 	/usr/lib/libcrypto.42.dylib
0x000000028c112000 	/usr/lib/updaters/libAppleTconUARPUpdater.dylib
0x000000028c2a7000 	/usr/lib/updaters/libT200Updater.dylib
0x00000001b9b9c000 	/System/Library/PrivateFrameworks/GPUInfo.framework/Versions/A/GPUInfo
0x00000001c816f000 	/System/Library/PrivateFrameworks/MobileActivationMacOS.framework/Versions/A/MobileActivationMacOS
0x00000001abe9f000 	/System/Library/PrivateFrameworks/AccountsDaemon.framework/Versions/A/AccountsDaemon
0x00000001b9bfa000 	/System/Library/PrivateFrameworks/AOSKit.framework/Versions/A/AOSKit
0x00000001989a0000 	/System/Library/PrivateFrameworks/AppSSOCore.framework/Versions/A/AppSSOCore
0x000000023c8c4000 	/System/Library/PrivateFrameworks/BackgroundSystemTasks.framework/Versions/A/BackgroundSystemTasks
0x00000001a462c000 	/System/Library/PrivateFrameworks/DuetActivityScheduler.framework/Versions/A/DuetActivityScheduler
0x00000001c66c4000 	/System/Library/PrivateFrameworks/NetworkServiceProxy.framework/Versions/A/NetworkServiceProxy
0x000000019f87b000 	/usr/lib/libnetworkextension.dylib
0x00000002788ed000 	/System/Library/PrivateFrameworks/Symptoms.framework/Versions/A/Frameworks/SymptomAnalytics.framework/Versions/A/SymptomAnalytics
0x000000019c3b3000 	/System/Library/Frameworks/NetworkExtension.framework/Versions/A/NetworkExtension
0x00000001a2d48000 	/System/Library/PrivateFrameworks/CoreDuetContext.framework/Versions/A/CoreDuetContext
0x000000018d474000 	/System/Library/PrivateFrameworks/CoreDuet.framework/Versions/A/CoreDuet
0x00000001a7b5f000 	/System/Library/PrivateFrameworks/AssistantServices.framework/Versions/A/AssistantServices
0x00000001a1d2d000 	/System/Library/PrivateFrameworks/SAObjects.framework/Versions/A/SAObjects
0x00000001a7746000 	/System/Library/PrivateFrameworks/MediaRemote.framework/Versions/A/MediaRemote
0x000000027545b000 	/System/Library/PrivateFrameworks/SiriTTSService.framework/Versions/A/SiriTTSService
0x000000026fb57000 	/System/Library/PrivateFrameworks/SiriCrossDeviceArbitration.framework/Versions/A/SiriCrossDeviceArbitration
0x000000024869e000 	/System/Library/PrivateFrameworks/FaceTimeNameUtility.framework/Versions/A/FaceTimeNameUtility
0x000000026fbab000 	/System/Library/PrivateFrameworks/SiriCrossDeviceArbitrationFeedback.framework/Versions/A/SiriCrossDeviceArbitrationFeedback
0x00000001c89f7000 	/System/Library/PrivateFrameworks/UIKitServices.framework/Versions/A/UIKitServices
0x00000001ac72e000 	/System/Library/PrivateFrameworks/MediaServices.framework/Versions/A/MediaServices
0x0000000198de9000 	/System/Library/PrivateFrameworks/PersistentConnection.framework/Versions/A/PersistentConnection
0x0000000276d3e000 	/System/Library/PrivateFrameworks/SonicFoundation.framework/Versions/A/SonicFoundation
0x00000001bc10e000 	/usr/lib/libtailspin.dylib
0x00000001d0117000 	/System/Library/PrivateFrameworks/Osprey.framework/Versions/A/Osprey
0x0000000274adb000 	/System/Library/PrivateFrameworks/SiriTTS.framework/Versions/A/SiriTTS
0x000000027369b000 	/System/Library/PrivateFrameworks/SiriPowerInstrumentation.framework/Versions/A/SiriPowerInstrumentation
0x00000002790d3000 	/System/Library/PrivateFrameworks/TailspinSymbolication.framework/Versions/A/TailspinSymbolication
0x00000002469f4000 	/System/Library/PrivateFrameworks/Darwinup.framework/Versions/A/Darwinup
0x00000001c8800000 	/System/Library/PrivateFrameworks/SignpostSupport.framework/Versions/A/SignpostSupport
0x00000001b417a000 	/System/Library/PrivateFrameworks/FeatureFlagsSupport.framework/Versions/A/FeatureFlagsSupport
0x00000001c7ec0000 	/System/Library/PrivateFrameworks/ktrace.framework/Versions/A/ktrace
0x00000001c8a2f000 	/System/Library/PrivateFrameworks/SampleAnalysis.framework/Versions/A/SampleAnalysis
0x00000001d19ae000 	/System/Library/PrivateFrameworks/kperfdata.framework/Versions/A/kperfdata
0x000000019d5d4000 	/usr/lib/libdscsym.dylib
0x00000001d1e83000 	/System/Library/PrivateFrameworks/BulkSymbolication.framework/Versions/A/BulkSymbolication
0x00000001a577a000 	/System/Library/PrivateFrameworks/CoreDuetDaemonProtocol.framework/Versions/A/CoreDuetDaemonProtocol
0x00000001b94c9000 	/System/Library/PrivateFrameworks/CaptiveNetwork.framework/Versions/A/CaptiveNetwork
0x00000001a3b73000 	/System/Library/PrivateFrameworks/EAP8021X.framework/Versions/A/EAP8021X
0x00000002467ba000 	/System/Library/PrivateFrameworks/CryptoKitPrivate.framework/Versions/A/CryptoKitPrivate
0x00000001b3748000 	/System/Library/PrivateFrameworks/FindMyDevice.framework/Versions/A/FindMyDevice
0x00000001a8361000 	/System/Library/PrivateFrameworks/FMCoreLite.framework/Versions/A/FMCoreLite
0x0000000196498000 	/System/Library/Frameworks/ServiceManagement.framework/Versions/A/ServiceManagement
0x0000000145c20000 	/System/Library/Extensions/AGXMetalG14G.bundle/Contents/MacOS/AGXMetalG14G
0x00000001ac5c8000 	/System/Library/PrivateFrameworks/IOGPU.framework/Versions/A/IOGPU
0x00000001314a0000 	/Library/Java/JavaVirtualMachines/zulu-25.jdk/Contents/Home/lib/libosxui.dylib
0x0000000145020000 	/private/var/folders/9t/cxbxd1216db1g5brjglfds9r0000gn/T/lwjgl_gottfrid.nordstrom@live.vasteras.se/3.3.6-snapshot/arm64/liblwjgl.dylib
0x000000014506c000 	/private/var/folders/9t/cxbxd1216db1g5brjglfds9r0000gn/T/lwjgl_gottfrid.nordstrom@live.vasteras.se/3.3.6-snapshot/arm64/libglfw_async.dylib
0x000000022caf7000 	/System/Library/Frameworks/OpenGL.framework/Versions/A/Resources/GLEngine.bundle/GLEngine
0x000000022c997000 	/System/Library/Frameworks/OpenGL.framework/Versions/A/Libraries/libGLProgrammability.dylib
0x00000001451e8000 	/System/Library/Extensions/AppleMetalOpenGLRenderer.bundle/Contents/MacOS/AppleMetalOpenGLRenderer
0x000000022cc55000 	/System/Library/Frameworks/OpenGL.framework/Versions/A/Resources/GLRendererFloat.bundle/GLRendererFloat
0x00000002798ed000 	/System/Library/PrivateFrameworks/TextInputUI.framework/Versions/A/TextInputUI
0x0000000279923000 	/System/Library/PrivateFrameworks/TextInputUIMacHelper.framework/Versions/A/TextInputUIMacHelper
0x0000000145784000 	/private/var/folders/9t/cxbxd1216db1g5brjglfds9r0000gn/T/lwjgl_gottfrid.nordstrom@live.vasteras.se/3.3.6-snapshot/arm64/libjemalloc.dylib
0x00000001451ac000 	/private/var/folders/9t/cxbxd1216db1g5brjglfds9r0000gn/T/lwjgl_gottfrid.nordstrom@live.vasteras.se/3.3.6-snapshot/arm64/liblwjgl_opengl.dylib
0x00000001be64c000 	/System/Library/PrivateFrameworks/SafariPlatformSupport.framework/Versions/A/SafariPlatformSupport
0x0000000146bb4000 	/Library/Java/JavaVirtualMachines/zulu-25.jdk/Contents/Home/lib/libsyslookup.dylib
0x000000017e28c000 	/Library/Java/JavaVirtualMachines/zulu-25.jdk/Contents/Home/lib/libjavajpeg.dylib
0x000000031bf34000 	/private/var/folders/9t/cxbxd1216db1g5brjglfds9r0000gn/T/libzstd-jni-1.5.7-31565523664860439593.dylib
0x000000032be48000 	/private/var/folders/9t/cxbxd1216db1g5brjglfds9r0000gn/T/lwjgl_gottfrid.nordstrom@live.vasteras.se/3.3.6-snapshot/arm64/libopenal.dylib
0x000000032c2bc000 	/System/Library/Components/CoreAudio.component/Contents/MacOS/CoreAudio
0x000000032bfc0000 	/System/Library/Frameworks/Security.framework/Versions/A/PlugIns/csparser.bundle/Contents/MacOS/csparser
0x000000032c240000 	/private/var/folders/9t/cxbxd1216db1g5brjglfds9r0000gn/T/lwjgl_gottfrid.nordstrom@live.vasteras.se/3.3.6-snapshot/arm64/liblwjgl_stb.dylib
0x0000000146e00000 	/private/var/folders/9t/cxbxd1216db1g5brjglfds9r0000gn/T/libjcocoa14138142384428459378.dylib
0x00000001c3d1c000 	/System/Library/PrivateFrameworks/TextToSpeech.framework/Versions/A/TextToSpeech
0x00000001c8fbe000 	/System/Library/PrivateFrameworks/AXAssetLoader.framework/Versions/A/AXAssetLoader
0x00000002786d1000 	/System/Library/PrivateFrameworks/SwiftSQLite.framework/Versions/A/SwiftSQLite
0x000000023822b000 	/System/Library/PrivateFrameworks/AccessibilityUtilities.framework/Versions/A/AccessibilityUtilities
0x00000001b39f5000 	/System/Library/PrivateFrameworks/AccessibilitySharedSupport.framework/Versions/A/AccessibilitySharedSupport
0x00000001d60c3000 	/System/Library/PrivateFrameworks/AXRuntime.framework/Versions/A/AXRuntime
0x00000001b94d7000 	/System/Library/PrivateFrameworks/UniversalAccess.framework/Versions/A/UniversalAccess
0x000000026d1de000 	/System/Library/PrivateFrameworks/Sage.framework/Versions/A/Sage
0x00000001c7eb0000 	/System/Library/PrivateFrameworks/AccessibilitySupport.framework/Versions/A/AccessibilitySupport
0x00000001c9b5c000 	/System/Library/PrivateFrameworks/UniversalAccess.framework/Versions/A/Frameworks/UniversalAccessCore.framework/Versions/A/UniversalAccessCore
0x00000001d1e5a000 	/System/Library/PrivateFrameworks/AccessibilitySupport.framework/Versions/A/Frameworks/AccessibilityEvents.framework/Versions/A/AccessibilityEvents
0x00000001c8bda000 	/System/Library/PrivateFrameworks/AccessibilitySupport.framework/Versions/A/Frameworks/AccessibilityFoundation.framework/Versions/A/AccessibilityFoundation
0x00000001d1d83000 	/System/Library/PrivateFrameworks/AccessibilitySupport.framework/Versions/A/Frameworks/AccessibilityKit.framework/Versions/A/AccessibilityKit
0x00000001d1ded000 	/System/Library/PrivateFrameworks/AccessibilitySupport.framework/Versions/A/Frameworks/AccessibilityVisuals.framework/Versions/A/AccessibilityVisuals
0x00000001a1cf8000 	/System/Library/PrivateFrameworks/BatteryUIKit.framework/Versions/A/BatteryUIKit
0x000000027e4ed000 	/System/Library/PrivateFrameworks/UniversalControl.framework/Versions/A/UniversalControl
0x00000001a45e4000 	/usr/lib/libScreenReader.dylib

JVMTI agents: none


VM Arguments:
jvm_args: -Duser.language=en -Dgroovyscript.run_ls=true -Dfile.encoding=UTF-8 -Xms512m -Xmx10240m -Djava.library.path=/Users/gottfrid.nordstrom@live.vasteras.se/Library/Application Support/PrismLauncher/instances/Emergent-Engineering/natives 
java_command: org.prismlauncher.EntryPoint
java_class_path (initial): /Applications/Prism Launcher.app/Contents/MacOS/jars/NewLaunch.jar:/Users/gottfrid.nordstrom@live.vasteras.se/Library/Application Support/PrismLauncher/libraries/org/lwjgl/lwjgl-glfw/3.3.6/lwjgl-glfw-3.3.6.jar:/Users/gottfrid.nordstrom@live.vasteras.se/Library/Application Support/PrismLauncher/libraries/org/lwjgl/lwjgl-jemalloc/3.3.6/lwjgl-jemalloc-3.3.6.jar:/Users/gottfrid.nordstrom@live.vasteras.se/Library/Application Support/PrismLauncher/libraries/org/lwjgl/lwjgl-openal/3.3.6/lwjgl-openal-3.3.6.jar:/Users/gottfrid.nordstrom@live.vasteras.se/Library/Application Support/PrismLauncher/libraries/org/lwjgl/lwjgl-opengl/3.3.6/lwjgl-opengl-3.3.6.jar:/Users/gottfrid.nordstrom@live.vasteras.se/Library/Application Support/PrismLauncher/libraries/org/lwjgl/lwjgl-stb/3.3.6/lwjgl-stb-3.3.6.jar:/Users/gottfrid.nordstrom@live.vasteras.se/Library/Application Support/PrismLauncher/libraries/org/lwjgl/lwjgl-tinyfd/3.3.6/lwjgl-tinyfd-3.3.6.jar:/Users/gottfrid.nordstrom@live.vasteras.se/Library/Application Support/PrismLauncher/libraries/org/lwjgl/lwjgl/3.3.6/lwjgl-3.3.6.jar:/Users/gottfrid.nordstrom@live.vasteras.se/Library/Application Support/PrismLauncher/libraries/org/lwjgl/lwjgl-glfw/3.3.6/lwjgl-glfw-3.3.6-natives-macos-arm64.jar:/Users/gottfrid.nordstrom@live.vasteras.se/Library/Application Support/PrismLauncher/libraries/org/lwjgl/lwjgl-jemalloc/3.3.6/lwjgl-jemalloc-3.3.6-natives-macos-arm64.jar:/Users/gottfrid.nordstrom@live.vasteras.se/Library/Application Support/PrismLauncher/libraries/org/lwjgl/lwjgl-openal/3.3.6/lwjgl-openal-3.3.6-natives-macos-arm64.jar:/Users/gottfrid.nordstrom@live.vasteras.se/Library/Application Support/PrismLauncher/libraries/org/lwjgl/lwjgl-opengl/3.3.6/lwjgl-opengl-3.3.6-natives-macos-arm64.jar:/Users/gottfrid.nordstrom@live.vasteras.se/Library/Application Support/PrismLauncher/libraries/org/lwjgl/lwjgl-stb/3.3.6/lwjgl-stb-3.3.6-natives-macos-arm64.jar:/Users/gottfrid.nordstrom@live.vasteras.se/Library/Application Support/PrismLauncher/libraries/org/lwjgl/lwjgl-tinyfd/3.3.6/lwjgl-tinyfd-3.3.6-natives-macos-arm64.jar:/Users/gottfrid.nordstrom@live.vasteras.se/Library/Application Support/PrismLauncher/libraries/org/lwjgl/lwjgl/3.3.6/lwjgl-3.3.6-natives-macos-arm64.jar:/Users/gottfrid.nordstrom@live.vasteras.se/Library/Application Support/PrismLauncher/libraries/com/paulscode/codecjorbis/20101023/codecjorbis-20101023.jar:/Users/gottfrid.nordstrom@live.vasteras.se/Library/Application Support/PrismLauncher/libraries/com/paulscode/codecwav/20101023/codecwav-20101023.jar:/Users/gottfrid.nordstrom@live.vasteras.se/Library/Application Support/PrismLauncher/libraries/com/paulscode/libraryjavasound/20101123/libraryjavasound-20101123.jar:/Users/gottfrid.nordstrom@live.vasteras.se/Library/Application Support/PrismLauncher/libraries/com/paulscode/librarylwjglopenal/20100824/librarylwjglopenal-20100824.jar:/Users/gottfrid.nordstrom@live.vasteras.se/Library/Application Support/PrismLauncher/libraries/com/paulscode/soundsystem/20120107/soundsystem-20120107.jar:/Users/gottfrid.nordstrom@live.vasteras.se/Library/Application Support/PrismLauncher/libraries/com/mojang/authlib/1.5.25/authlib-1.5.25.jar:/Users/gottfrid.nordstrom@live.vasteras.se/Library/Application Support/PrismLauncher/libraries/com/mojang/realms/1.10.22/realms-1.10.22.jar:/Users/gottfrid.nordstrom@live.vasteras.se/Library/Application Support/PrismLauncher/libraries/com/mojang/text2speech/1.11.3/text2speech-1.11.3.jar:/Users/gottfrid.nordstrom@live.vasteras.se/Library/Application Support/PrismLauncher/libraries/ca/weblite/java-objc-bridge/1.1.0-mmachina.1/java-objc-bridge-1.1.0-mmachina.1.jar:/Users/gottfrid.nordstrom@live.vasteras.se/Library/Application Support/PrismLauncher/libraries/com/cleanroommc/cleanroom/0.5.8-alpha/cleanroom-0.5.8-alpha.jar:/Users/gottfrid.nordstrom@live.vasteras.se/Library/Application Support/PrismLauncher/libraries/com/cleanroommc/lwjglxx/1.1.17/lwjglxx-1.1.17.jar:/Users/gottfrid.nordstrom@live.vasteras.se/Library/Application Support/PrismLauncher/libraries/org/ow2/asm/asm/9.9.1/asm-9.9.1.jar:/Users/gottfrid.nordstrom@live.vasteras.se/Library/Application Support/PrismLauncher/libraries/org/ow2/asm/asm-commons/9.9.1/asm-commons-9.9.1.jar:/Users/gottfrid.nordstrom@live.vasteras.se/Library/Application Support/PrismLauncher/libraries/org/ow2/asm/asm-tree/9.9.1/asm-tree-9.9.1.jar:/Users/gottfrid.nordstrom@live.vasteras.se/Library/Application Support/PrismLauncher/libraries/org/ow2/asm/asm-util/9.9.1/asm-util-9.9.1.jar:/Users/gottfrid.nordstrom@live.vasteras.se/Library/Application Support/PrismLauncher/libraries/org/ow2/asm/asm-analysis/9.9.1/asm-analysis-9.9.1.jar:/Users/gottfrid.nordstrom@live.vasteras.se/Library/Application Support/PrismLauncher/libraries/org/ow2/asm/asm-deprecated/7.1/asm-deprecated-7.1.jar:/Users/gottfrid.nordstrom@live.vasteras.se/Library/Application Support/PrismLauncher/libraries/top/outlands/foundation/0.19.7/foundation-0.19.7.jar:/Users/gottfrid.nordstrom@live.vasteras.se/Library/Application Support/PrismLauncher/libraries/net/lenni0451/Reflect/1.6.3/Reflect-1.6.3.jar:/Users/gottfrid.nordstrom@live.vasteras.se/Library/Application Support/PrismLauncher/libraries/net/lenni0451/commons/unchecked/1.9.2/unchecked-1.9.2.jar:/Users/gottfrid.nordstrom@live.vasteras.se/Library/Application Support/PrismLauncher/libraries/org/javassist/javassist/3.30.2-GA/javassist-3.30.2-GA.jar:/Users/gottfrid.nordstrom@live.vasteras.se/Library/Application Support/PrismLauncher/libraries/com/ibm/icu/icu4j/78.3/icu4j-78.3.jar:/Users/gottfrid.nordstrom@live.vasteras.se/Library/Application Support/PrismLauncher/libraries/org/jline/jline/4.0.10/jline-4.0.10.jar:/Users/gottfrid.nordstrom@live.vasteras.se/Library/Application Support/PrismLauncher/libraries/org/jline/jline-native/4.0.10/jline-native-4.0.10.jar:/Users/gottfrid.nordstrom@live.vasteras.se/Library/Application Support/PrismLauncher/libraries/net/java/jinput/jinput/2.0.10/jinput-2.0.10.jar:/Users/gottfrid.nordstrom@live.vasteras.se/Library/Application Support/PrismLauncher/libraries/lzma/lzma/0.0.1/lzma-0.0.1.jar:/Users/gottfrid.nordstrom@live.vasteras.se/Library/Application Support/PrismLauncher/libraries/java3d/vecmath/1.5.2/vecmath-1.5.2.jar:/Users/gottfrid.nordstrom@live.vasteras.se/Library/Application Support/PrismLauncher/libraries/net/sf/trove4j/core/3.1.0/core-3.1.0.jar:/Users/gottfrid.nordstrom@live.vasteras.se/Library/Application Support/PrismLauncher/libraries/net/sf/trove4j/experimental/3.1.0/experimental-3.1.0.jar:/Users/gottfrid.nordstrom@live.vasteras.se/Library/Application Support/PrismLauncher/libraries/net/sf/jopt-simple/jopt-simple/5.0.4/jopt-simple-5.0.4.jar:/Users/gottfrid.nordstrom@live.vasteras.se/Library/Application Support/PrismLauncher/libraries/com/github/oshi/oshi-core/6.11.0/oshi-core-6.11.0.jar:/Users/gottfrid.nordstrom@live.vasteras.se/Library/Application Support/PrismLauncher/libraries/net/java/dev/jna/jna/5.18.1/jna-5.18.1.jar:/Users/gottfrid.nordstrom@live.vasteras.se/Library/Application Support/PrismLauncher/libraries/net/java/dev/jna/jna-platform/5.18.1/jna-platform-5.18.1.jar:/Users/gottfrid.nordstrom@live.vasteras.se/Library/Application Support/PrismLauncher/libraries/it/unimi/dsi/fastutil/8.5.18/fastutil-8.5.18.jar:/Users/gottfrid.nordstrom@live.vasteras.se/Library/Application Support/PrismLauncher/libraries/com/google/guava/guava/33.5.0-jre/guava-33.5.0-jre.jar:/Users/gottfrid.nordstrom@live.vasteras.se/Library/Application Support/PrismLauncher/libraries/com/google/guava/failureaccess/1.0.2/failureaccess-1.0.2.jar:/Users/gottfrid.nordstrom@live.vasteras.se/Library/Application Support/PrismLauncher/libraries/com/google/code/gson/gson/2.13.2/gson-2.13.2.jar:/Users/gottfrid.nordstrom@live.vasteras.se/Library/Application Support/PrismLauncher/libraries/org/apache/commons/commons-lang3/3.20.0/commons-lang3-3.20.0.jar:/Users/gottfrid.nordstrom@live.vasteras.se/Library/Application Support/PrismLauncher/libraries/org/apache/commons/commons-compress/1.28.0/commons-compress-1.28.0.jar:/Users/gottfrid.nordstrom@live.vasteras.se/Library/Application Support/PrismLauncher/libraries/commons-codec/commons-codec/1.20.0/commons-codec-1.20.0.jar:/Users/gottfrid.nordstrom@live.vasteras.se/Library/Application Support/PrismLauncher/libraries/commons-io/commons-io/2.21.0/commons-io-2.21.0.jar:/Users/gottfrid.nordstrom@live.vasteras.se/Library/Application Support/PrismLauncher/libraries/commons-logging/commons-logging/1.3.6/commons-logging-1.3.6.jar:/Users/gottfrid.nordstrom@live.vasteras.se/Library/Application Support/PrismLauncher/libraries/org/apache/maven/maven-artifact/3.9.14/maven-artifact-3.9.14.jar:/Users/gottfrid.nordstrom@live.vasteras.se/Library/Application Support/PrismLauncher/libraries/com/google/code/findbugs/jsr305/3.0.2/jsr305-3.0.2.jar:/Users/gottfrid.nordstrom@live.vasteras.se/Library/Application Support/PrismLauncher/libraries/org/jspecify/jspecify/1.0.0/jspecify-1.0.0.jar:/Users/gottfrid.nordstrom@live.vasteras.se/Library/Application Support/PrismLauncher/libraries/org/apache/httpcomponents/core5/httpcore5/5.4.2/httpcore5-5.4.2.jar:/Users/gottfrid.nordstrom@live.vasteras.se/Library/Application Support/PrismLauncher/libraries/org/apache/httpcomponents/core5/httpcore5-h2/5.4.2/httpcore5-h2-5.4.2.jar:/Users/gottfrid.nordstrom@live.vasteras.se/Library/Application Support/PrismLauncher/libraries/org/apache/httpcomponents/client5/httpclient5/5.6/httpclient5-5.6.jar:/Users/gottfrid.nordstrom@live.vasteras.se/Library/Application Support/PrismLauncher/libraries/org/apache/httpcomponents/httpclient/4.5.14/httpclient-4.5.14.jar:/Users/gottfrid.nordstrom@live.vasteras.se/Library/Application Support/PrismLauncher/libraries/org/apache/httpcomponents/httpcore/4.4.16/httpcore-4.4.16.jar:/Users/gottfrid.nordstrom@live.vasteras.se/Library/Application Support/PrismLauncher/libraries/io/netty/netty-codec-base/4.2.12.Final/netty-codec-base-4.2.12.Final.jar:/Users/gottfrid.nordstrom@live.vasteras.se/Library/Application Support/PrismLauncher/libraries/io/netty/netty-buffer/4.2.12.Final/netty-buffer-4.2.12.Final.jar:/Users/gottfrid.nordstrom@live.vasteras.se/Library/Application Support/PrismLauncher/libraries/io/netty/netty-common/4.2.12.Final/netty-common-4.2.12.Final.jar:/Users/gottfrid.nordstrom@live.vasteras.se/Library/Application Support/PrismLauncher/libraries/io/netty/netty-handler/4.2.12.Final/netty-handler-4.2.12.Final.jar:/Users/gottfrid.nordstrom@live.vasteras.se/Library/Application Support/PrismLauncher/libraries/io/netty/netty-resolver/4.2.12.Final/netty-resolver-4.2.12.Final.jar:/Users/gottfrid.nordstrom@live.vasteras.se/Library/Application Support/PrismLauncher/libraries/io/netty/netty-transport/4.2.12.Final/netty-transport-4.2.12.Final.jar:/Users/gottfrid.nordstrom@live.vasteras.se/Library/Application Support/PrismLauncher/libraries/io/netty/netty-transport-native-unix-common/4.2.12.Final-linux-x86_64/netty-transport-native-unix-common-4.2.12.Final-linux-x86_64.jar:/Users/gottfrid.nordstrom@live.vasteras.se/Library/Application Support/PrismLauncher/libraries/io/netty/netty-transport-classes-epoll/4.2.12.Final/netty-transport-classes-epoll-4.2.12.Final.jar:/Users/gottfrid.nordstrom@live.vasteras.se/Library/Application Support/PrismLauncher/libraries/io/netty/netty-transport-native-epoll/4.2.12.Final-linux-x86_64/netty-transport-native-epoll-4.2.12.Final-linux-x86_64.jar:/Users/gottfrid.nordstrom@live.vasteras.se/Library/Application Support/PrismLauncher/libraries/io/netty/netty-codec-http/4.2.12.Final/netty-codec-http-4.2.12.Final.jar:/Users/gottfrid.nordstrom@live.vasteras.se/Library/Application Support/PrismLauncher/libraries/io/netty/netty-codec-http2/4.2.12.Final/netty-codec-http2-4.2.12.Final.jar:/Users/gottfrid.nordstrom@live.vasteras.se/Library/Application Support/PrismLauncher/libraries/io/netty/netty-codec-dns/4.2.12.Final/netty-codec-dns-4.2.12.Final.jar:/Users/gottfrid.nordstrom@live.vasteras.se/Library/Application Support/PrismLauncher/libraries/io/netty/netty-codec-compression/4.2.12.Final/netty-codec-compression-4.2.12.Final.jar:/Users/gottfrid.nordstrom@live.vasteras.se/Library/Application Support/PrismLauncher/libraries/io/netty/netty-resolver-dns/4.2.12.Final/netty-resolver-dns-4.2.12.Final.jar:/Users/gottfrid.nordstrom@live.vasteras.se/Library/Application Support/PrismLauncher/libraries/jakarta/xml/ws/jakarta.xml.ws-api/4.0.2/jakarta.xml.ws-api-4.0.2.jar:/Users/gottfrid.nordstrom@live.vasteras.se/Library/Application Support/PrismLauncher/libraries/jakarta/activation/jakarta.activation-api/2.1.4/jakarta.activation-api-2.1.4.jar:/Users/gottfrid.nordstrom@live.vasteras.se/Library/Application Support/PrismLauncher/libraries/jakarta/annotation/jakarta.annotation-api/3.0.0/jakarta.annotation-api-3.0.0.jar:/Users/gottfrid.nordstrom@live.vasteras.se/Library/Application Support/PrismLauncher/libraries/jakarta/xml/bind/jakarta.xml.bind-api/4.0.4/jakarta.xml.bind-api-4.0.4.jar:/Users/gottfrid.nordstrom@live.vasteras.se/Library/Application Support/PrismLauncher/libraries/jakarta/inject/jakarta.inject-api/2.0.1/jakarta.inject-api-2.0.1.jar:/Users/gottfrid.nordstrom@live.vasteras.se/Library/Application Support/PrismLauncher/libraries/org/apache/logging/log4j/log4j-api/2.25.4/log4j-api-2.25.4.jar:/Users/gottfrid.nordstrom@live.vasteras.se/Library/Application Support/PrismLauncher/libraries/org/apache/logging/log4j/log4j-core/2.25.4/log4j-core-2.25.4.jar:/Users/gottfrid.nordstrom@live.vasteras.se/Library/Application Support/PrismLauncher/libraries/org/apache/logging/log4j/log4j-slf4j2-impl/2.25.4/log4j-slf4j2-impl-2.25.4.jar:/Users/gottfrid.nordstrom@live.vasteras.se/Library/Application Support/PrismLauncher/libraries/org/slf4j/slf4j-api/2.0.17/slf4j-api-2.0.17.jar:/Users/gottfrid.nordstrom@live.vasteras.se/Library/Application Support/PrismLauncher/libraries/org/glassfish/jaxb/jaxb-runtime/4.0.6/jaxb-runtime-4.0.6.jar:/Users/gottfrid.nordstrom@live.vasteras.se/Library/Application Support/PrismLauncher/libraries/org/glassfish/jaxb/jaxb-core/4.0.6/jaxb-core-4.0.6.jar:/Users/gottfrid.nordstrom@live.vasteras.se/Library/Application Support/PrismLauncher/libraries/com/sun/istack/istack-commons-runtime/4.2.0/istack-commons-runtime-4.2.0.jar:/Users/gottfrid.nordstrom@live.vasteras.se/Library/Application Support/PrismLauncher/libraries/org/glassfish/corba/glassfish-corba-omgapi/5.0.0/glassfish-corba-omgapi-5.0.0.jar:/Users/gottfrid.nordstrom@live.vasteras.se/Library/Application Support/PrismLauncher/libraries/org/openjdk/nashorn/nashorn-core/15.7/nashorn-core-15.7.jar:/Users/gottfrid.nordstrom@live.vasteras.se/Library/Application Support/PrismLauncher/libraries/org/joml/joml/1.10.8/joml-1.10.8.jar:/Users/gottfrid.nordstrom@live.vasteras.se/Library/Application Support/PrismLauncher/libraries/io/github/classgraph/classgraph/4.8.184/classgraph-4.8.184.jar:/Users/gottfrid.nordstrom@live.vasteras.se/Library/Application Support/PrismLauncher/libraries/com/cleanroommc/sponge-mixin/0.20.12+mixin.0.8.7/sponge-mixin-0.20.12+mixin.0.8.7.jar:/Users/gottfrid.nordstrom@live.vasteras.se/Library/Application Support/PrismLauncher/libraries/io/github/llamalad7/mixinextras-common/0.5.3/mixinextras-common-0.5.3.jar:/Users/gottfrid.nordstrom@live.vasteras.se/Library/Application Support/PrismLauncher/libraries/com/mojang/minecraft/1.12.2/minecraft-1.12.2-client.jar
Launcher Type: SUN_STANDARD

[Global flags]
     intx CICompilerCount                          = 4                                         {product} {ergonomic}
     uint ConcGCThreads                            = 2                                         {product} {ergonomic}
     uint G1ConcRefinementThreads                  = 8                                         {product} {ergonomic}
   size_t G1HeapRegionSize                         = 8388608                                   {product} {ergonomic}
   size_t InitialHeapSize                          = 536870912                                 {product} {command line}
   size_t MarkStackSize                            = 4194304                                   {product} {ergonomic}
   size_t MarkStackSizeMax                         = 536870912                                 {product} {ergonomic}
   size_t MaxHeapSize                              = 10737418240                               {product} {command line}
   size_t MaxNewSize                               = 6442450944                                {product} {ergonomic}
   size_t MinHeapDeltaBytes                        = 8388608                                   {product} {ergonomic}
   size_t MinHeapSize                              = 536870912                                 {product} {command line}
    uintx NonNMethodCodeHeapSize                   = 5832704                                {pd product} {ergonomic}
    uintx NonProfiledCodeHeapSize                  = 122929152                              {pd product} {ergonomic}
    uintx ProfiledCodeHeapSize                     = 122896384                              {pd product} {ergonomic}
    uintx ReservedCodeCacheSize                    = 251658240                              {pd product} {ergonomic}
     bool SegmentedCodeCache                       = true                                      {product} {ergonomic}
   size_t SoftMaxHeapSize                          = 10737418240                            {manageable} {ergonomic}
     bool UseCompressedOops                        = true                           {product lp64_product} {ergonomic}
     bool UseG1GC                                  = true                                      {product} {ergonomic}
     bool UseNUMA                                  = false                                     {product} {ergonomic}
     bool UseNUMAInterleaving                      = false                                     {product} {ergonomic}

Logging:
Log output configuration:
 #0: stdout all=warning uptime,level,tags foldmultilines=false
 #1: stderr all=off uptime,level,tags foldmultilines=false

Release file:
IMPLEMENTOR="Azul Systems, Inc."
IMPLEMENTOR_VERSION="Zulu25.32+21-CA"
JAVA_RUNTIME_VERSION="25.0.2+10-LTS"
JAVA_VERSION="25.0.2"
JAVA_VERSION_DATE="2026-01-20"
LIBC="default"
MODULES="java.base com.azul.tooling java.logging java.management java.security.sasl java.naming jdk.jfr com.azul.crs.client java.compiler java.datatransfer java.xml java.prefs java.desktop java.instrument java.rmi java.management.rmi java.net.http java.scripting java.security.jgss java.transaction.xa java.sql java.sql.rowset java.xml.crypto java.se java.smartcardio jdk.accessibility jdk.internal.jvmstat jdk.attach jdk.charsets jdk.internal.opt jdk.zipfs jdk.compiler jdk.crypto.cryptoki jdk.crypto.ec jdk.dynalink jdk.internal.ed jdk.editpad jdk.internal.vm.ci jdk.graal.compiler jdk.graal.compiler.management jdk.hotspot.agent jdk.httpserver jdk.incubator.vector jdk.internal.le jdk.internal.md jdk.jartool jdk.javadoc jdk.jcmd jdk.management jdk.management.agent jdk.jconsole jdk.jdeps jdk.jdwp.agent jdk.jdi jdk.jlink jdk.jpackage jdk.jshell jdk.jsobject jdk.jstatd jdk.localedata jdk.management.jfr jdk.naming.dns jdk.naming.rmi jdk.net jdk.nio.mapmode jdk.sctp jdk.security.auth jdk.security.jgss jdk.unsupported jdk.unsupported.desktop jdk.xml.dom"
OS_ARCH="aarch64"
OS_NAME="Darwin"
SOURCE=".:git:01de820c8b9e"

Environment Variables:
PATH=/usr/bin:/bin:/usr/sbin:/sbin
SHELL=/bin/zsh
TMPDIR=/var/folders/9t/cxbxd1216db1g5brjglfds9r0000gn/T/

Active Locale:
LC_ALL=C
LC_COLLATE=C
LC_CTYPE=C
LC_MESSAGES=C
LC_MONETARY=C
LC_NUMERIC=C
LC_TIME=C

Signal Handlers:
   SIGSEGV: crash_handler in libjvm.dylib, mask=11100110000111110111111111111111, flags=SA_ONSTACK|SA_RESTART|SA_SIGINFO, unblocked
    SIGBUS: crash_handler in libjvm.dylib, mask=11100110000111110111111111111111, flags=SA_RESTART|SA_SIGINFO, unblocked
    SIGFPE: crash_handler in libjvm.dylib, mask=11100110000111110111111111111111, flags=SA_RESTART|SA_SIGINFO, unblocked
   SIGPIPE: javaSignalHandler in libjvm.dylib, mask=11100110000111110111111111111111, flags=SA_RESTART|SA_SIGINFO, blocked
   SIGXFSZ: javaSignalHandler in libjvm.dylib, mask=11100110000111110111111111111111, flags=SA_RESTART|SA_SIGINFO, blocked
    SIGILL: crash_handler in libjvm.dylib, mask=11100110000111110111111111111111, flags=SA_RESTART|SA_SIGINFO, unblocked
   SIGUSR2: SR_handler in libjvm.dylib, mask=00000000000000000000000000000000, flags=SA_RESTART|SA_SIGINFO, blocked
    SIGHUP: UserHandler in libjvm.dylib, mask=11100110000111110111111111111111, flags=SA_RESTART|SA_SIGINFO, blocked
    SIGINT: UserHandler in libjvm.dylib, mask=11100110000111110111111111111111, flags=SA_RESTART|SA_SIGINFO, blocked
   SIGTERM: UserHandler in libjvm.dylib, mask=11100110000111110111111111111111, flags=SA_RESTART|SA_SIGINFO, blocked
   SIGQUIT: UserHandler in libjvm.dylib, mask=11100110000111110111111111111111, flags=SA_RESTART|SA_SIGINFO, blocked
   SIGTRAP: crash_handler in libjvm.dylib, mask=11100110000111110111111111111111, flags=SA_RESTART|SA_SIGINFO, unblocked


Compilation memory statistics disabled.

Periodic native trim disabled

---------------  S Y S T E M  ---------------

OS:
uname: Darwin 25.5.0 Darwin Kernel Version 25.5.0: Mon Apr 27 20:40:51 PDT 2026; root:xnu-12377.121.6~2/RELEASE_ARM64_T8112 arm64
OS uptime: 8 days 1:02 hours
rlimit (soft/hard): STACK 8176k/65520k , CORE 0k/infinity , NPROC 2666/4000 , NOFILE 1048576/infinity , AS infinity/infinity , CPU infinity/infinity , DATA infinity/infinity , FSIZE infinity/infinity , MEMLOCK infinity/infinity , RSS infinity/infinity
load average: 4.00 3.87 3.50

CPU: total 8 (initial active 8) 0x61:0x0:0xda33d83d:0, fp, asimd, aes, pmull, sha1, sha256, crc32, lse, sha3, sha512
machdep.cpu.brand_string:Apple M2
hw.cachelinesize:128
hw.l1icachesize:131072
hw.l1dcachesize:65536
hw.l2cachesize:4194304

Memory: 16k page, physical 16777216k(72768k free), swap 3145728k(1033216k free)

vm_info: OpenJDK 64-Bit Server VM (25.0.2+10-LTS) for bsd-aarch64 JRE (25.0.2+10-LTS) (Zulu25.32+21-CA), built on 2026-01-23T20:28:36Z with clang Apple LLVM 14.0.3 (clang-1403.0.22.14.1)

END.
