[00:57:07] [main/INFO] [Foundation]: Loading tweak name net.minecraftforge.fml.common.launcher.FMLTweaker
[00:57:07] [main/INFO] [FML.TWEAK]: Initializing Mixins...
[00:57:07] [main/INFO] [mixin]: SpongePowered MIXIN Subsystem Version=0.8.7 Source=jar:file:/Users/gottfrid.nordstrom@live.vasteras.se/Library/Application%20Support/PrismLauncher/libraries/com/cleanroommc/sponge-mixin/0.20.12+mixin.0.8.7/sponge-mixin-0.20.12+mixin.0.8.7.jar!/org/spongepowered/asm/mixin/MixinEnvironment.class Service=LaunchWrapper Env=UNKNOWN
[00:57:07] [main/INFO] [FML.TWEAK]: Initializing MixinExtras...
[00:57:07] [main/INFO] [Foundation]: Using primary tweak name net.minecraftforge.fml.common.launcher.FMLTweaker
[00:57:07] [main/INFO] [Foundation]: Loading tweak name org.spongepowered.asm.mixin.EnvironmentStateTweaker
[00:57:07] [main/INFO] [Foundation]: Calling tweak net.minecraftforge.fml.common.launcher.FMLTweaker@2e61d218
[00:57:07] [main/INFO] [FML.TWEAK]: Jar location: file:/Users/gottfrid.nordstrom@live.vasteras.se/Library/Application%20Support/PrismLauncher/libraries/com/cleanroommc/cleanroom/0.5.8-alpha/cleanroom-0.5.8-alpha.jar
[00:57:08] [main/INFO] [FML]: Forge Mod Loader version 14.23.5.2864 for Minecraft 1.12.2 loading
[00:57:08] [main/INFO] [FML]: Cleanroom version 0.5.8-alpha
[00:57:08] [main/INFO] [FML]: Java is OpenJDK 64-Bit Server VM, version 25.0.2, running on Mac OS X:aarch64:15.7.3, installed at /Library/Java/JavaVirtualMachines/zulu-25.jdk/Contents/Home
[00:57:09] [main/INFO] [FML]: Searching /Users/gottfrid.nordstrom@live.vasteras.se/Library/Application Support/PrismLauncher/instances/Emergent-Engineering/minecraft/mods for mods
[00:57:09] [main/INFO] [FML]: Searching /Users/gottfrid.nordstrom@live.vasteras.se/Library/Application Support/PrismLauncher/instances/Emergent-Engineering/minecraft/mods/1.12.2 for mods
[00:57:09] [main/INFO] [FML]: Found FMLCorePluginContainsFMLMod marker in !!!CrashAssistant-forge-1.12.2-1.11.8.jar.
[00:57:09] [main/INFO] [CrashAssistantJarInJarHelper]: Launching CrashAssistantApp (!!!CrashAssistant-forge-1.12.2-1.11.8.jar)
[00:57:09] [main/WARN] [FML]: The mod with loading plugin com.cleanroommc.configanytime.ConfigAnytimePlugin is in blacklist and won't be loaded. Check forge_early.cfg for more info.
[00:57:09] [main/INFO] [FML]: Loading tweaker org.spongepowered.asm.launch.MixinTweaker from !mixinbooter-10.7.jar
[00:57:09] [main/WARN] [FML]: The mod with loading plugin zone.rong.mixinbooter.MixinBooterPlugin is in blacklist and won't be loaded. Check forge_early.cfg for more info.
[00:57:09] [main/INFO] [FML]: Loading tweaker net.jan.moddirector.launchwrapper.ModDirectorTweaker from !mod-director-launchwrapper-1.9.1.jar
[00:57:09] [main/INFO] [FML]: Found FMLCorePluginContainsFMLMod marker in !Red-Core-MC-1.8-1.12-0.7.1.jar.
[00:57:09] [main/INFO] [FML]: Found FMLCorePluginContainsFMLMod marker in +Fugue-0.23.4.jar.
[00:57:09] [main/INFO] [FML]: Found FMLCorePluginContainsFMLMod marker in [MC-1.12.2] Key Binding Patch v1.3.3.3 - 2024-12-1.jar.
[00:57:09] [main/INFO] [FML]: Loading tweaker org.spongepowered.asm.launch.MixinTweaker from `FermiumBooter-1.4.1.jar
[00:57:09] [main/INFO] [FML]: Found FMLCorePluginContainsFMLMod marker in `FermiumBooter-1.4.1.jar.
[00:57:09] [main/INFO] [FermiumBooter]: FermiumBooter beginning forced mixin config handling.
[00:57:09] [main/INFO] [FermiumBooter]: FermiumBooter finished forced mixin config handling, removed 0 mixin configs.
[00:57:09] [main/INFO] [FML]: Found FMLCorePluginContainsFMLMod marker in ae2-uel-v0.56.7.jar.
[00:57:10] [main/INFO] [FML]: Found FMLCorePluginContainsFMLMod marker in Alfheim-1.6.jar.
[00:57:10] [main/INFO] [FML]: Loading config hijacker dev.redstudio.alfheim.asm.AlfheimPlugin.
[00:57:10] [main/INFO] [FML]: Found FMLCorePluginContainsFMLMod marker in anothertips-1.0.5.jar.
[00:57:10] [main/INFO] [FML]: Found FMLCorePluginContainsFMLMod marker in AppleCore-mc1.12.2-3.4.0.jar.
[00:57:10] [main/INFO] [FML]: Found FMLCorePluginContainsFMLMod marker in AquaAcrobatics-1.15.4.jar.
[00:57:10] [main/INFO] [FML]: Found FMLCorePluginContainsFMLMod marker in astralsorcery-1.12.2-1.10.27.jar.
[00:57:10] [main/INFO] [Astral Core]: [AstralCore] Initialized.
[00:57:10] [main/INFO] [FML]: Loading tweaker org.spongepowered.asm.launch.MixinTweaker from Atlas-Lib-1.12.2-1.1.10.jar
[00:57:10] [main/INFO] [FML]: Found FMLCorePluginContainsFMLMod marker in Atlas-Lib-1.12.2-1.1.10.jar.
[00:57:10] [main/INFO] [FML]: Loading tweaker org.spongepowered.asm.launch.MixinTweaker from betterbiomeblend-1.2.0-1.12.2.jar
[00:57:10] [main/INFO] [FML]: Found FMLCorePluginContainsFMLMod marker in betterbiomeblend-1.2.0-1.12.2.jar.
[00:57:10] [main/INFO] [FML]: Found FMLCorePluginContainsFMLMod marker in betterhorses-1.5.jar.
[00:57:10] [main/INFO] [FML]: Found FMLCorePluginContainsFMLMod marker in bogosorter-1.6.2.jar.
[00:57:10] [main/INFO] [FML]: Loading tweaker org.spongepowered.asm.launch.MixinTweaker from brigo_forge-1.1.1+1.12.x.jar
[00:57:10] [main/INFO] [FML]: Found FMLCorePluginContainsFMLMod marker in mixin container brigo_forge-1.1.1+1.12.x.jar.
[00:57:10] [main/INFO] [FML]: Found FMLCorePluginContainsFMLMod marker in BTFixes-1.12.2-1.2.2.jar.
[00:57:10] [main/INFO] [Battle Towers Fixes]: BTFixesCore initializing...
[00:57:10] [main/INFO] [FML]: Found FMLCorePluginContainsFMLMod marker in Bubbles-2.4.10.jar.
[00:57:10] [main/INFO] [FML]: Found FMLCorePluginContainsFMLMod marker in celeritas-forge-mc12.2-2.4.0-dev.jar.
[00:57:10] [main/INFO] [FML]: Found FMLCorePluginContainsFMLMod marker in ChunkAnimator-1.12.2-1.2.1.jar.
[00:57:10] [main/INFO] [FML]: Found FMLCorePluginContainsFMLMod marker in CTM-MC1.12.2-1.0.2.31.jar.
[00:57:10] [main/INFO] [FML]: Found FMLCorePluginContainsFMLMod marker in DeepBloodEvolution-1.1.6-e.jar.
[00:57:10] [main/INFO] [FML]: Found FMLCorePluginContainsFMLMod marker in endermodpacktweaks-0.5.11.jar.
[00:57:10] [main/INFO] [FML]: Loading tweaker org.spongepowered.asm.launch.MixinTweaker from EntityCulling-1.12.2-6.5.0.jar
[00:57:10] [main/INFO] [FML]: Found FMLCorePluginContainsFMLMod marker in EntityCulling-1.12.2-6.5.0.jar.
[00:57:10] [main/INFO] [FML]: Found FMLCorePluginContainsFMLMod marker in esm-legacy-1.12.2-1.0.9.jar.
[00:57:10] [main/INFO] [FML]: Found FMLCorePluginContainsFMLMod marker in fermiumasm-5.31.jar.
[00:57:10] [main/INFO] [FermiumASM]: FermiumASM is on the client-side.
[00:57:10] [main/INFO] [FermiumASM]: FermiumASM is preparing and loading in mixins
[00:57:10] [main/WARN] [FermiumASM]: Replacing CA Certs with an updated one...
[00:57:10] [main/INFO] [FermiumASM]: Initializing StacktraceDeobfuscator...
[00:57:10] [main/INFO] [FermiumASM]: Found MCP stable-39 method mappings: methods-stable_39.csv
[00:57:10] [main/INFO] [FermiumASM]: Initialized StacktraceDeobfuscator.
[00:57:10] [main/INFO] [FermiumASM]: Installing DeobfuscatingRewritePolicy...
[00:57:10] [main/INFO] [FermiumASM]: Installed DeobfuscatingRewritePolicy.
[00:57:10] [main/INFO] [FermiumASM]: FermiumASM enqueueing early mixins
[00:57:10] [main/INFO] [FermiumRegistryAPI]: FermiumRegistryAPI supplied "mixins.devenv.json" for early mixin enqueue, adding.
[00:57:10] [main/INFO] [FermiumRegistryAPI]: FermiumRegistryAPI supplied "mixins.internal.json" for early mixin enqueue, adding.
[00:57:10] [main/INFO] [FermiumRegistryAPI]: FermiumRegistryAPI supplied "mixins.vanities.json" for early mixin enqueue, adding.
[00:57:10] [main/INFO] [FermiumRegistryAPI]: FermiumRegistryAPI supplied "mixins.registries.json" for early mixin enqueue, adding.
[00:57:10] [main/INFO] [FermiumRegistryAPI]: FermiumRegistryAPI supplied "mixins.stripitemstack.json" for early mixin enqueue, adding.
[00:57:10] [main/INFO] [FermiumRegistryAPI]: FermiumRegistryAPI supplied "mixins.lockcode.json" for early mixin enqueue, adding.
[00:57:10] [main/INFO] [FermiumRegistryAPI]: FermiumRegistryAPI supplied "mixins.recipes.json" for early mixin enqueue, adding.
[00:57:10] [main/INFO] [FermiumRegistryAPI]: FermiumRegistryAPI supplied "mixins.misc_fluidregistry.json" for early mixin enqueue, adding.
[00:57:10] [main/INFO] [FermiumRegistryAPI]: FermiumRegistryAPI supplied "mixins.forgefixes.json" for early mixin enqueue, adding.
[00:57:10] [main/INFO] [FermiumRegistryAPI]: FermiumRegistryAPI supplied "mixins.capability.json" for early mixin enqueue, adding.
[00:57:10] [main/INFO] [FermiumRegistryAPI]: FermiumRegistryAPI supplied "mixins.singletonevents.json" for early mixin enqueue, adding.
[00:57:10] [main/INFO] [FermiumRegistryAPI]: FermiumRegistryAPI supplied "mixins.efficienthashing.json" for early mixin enqueue, adding.
[00:57:10] [main/INFO] [FermiumRegistryAPI]: FermiumRegistryAPI supplied "mixins.crashes.json" for early mixin enqueue, adding.
[00:57:10] [main/INFO] [FermiumRegistryAPI]: FermiumRegistryAPI supplied "mixins.fix_mc129057.json" for early mixin enqueue, adding.
[00:57:10] [main/INFO] [FermiumRegistryAPI]: FermiumRegistryAPI supplied "mixins.priorities.json" for early mixin enqueue, adding.
[00:57:10] [main/INFO] [FermiumRegistryAPI]: FermiumRegistryAPI supplied "mixins.bucket.json" for early mixin enqueue, adding.
[00:57:10] [main/INFO] [FermiumRegistryAPI]: FermiumRegistryAPI supplied "mixins.rendering.json" for early mixin enqueue, adding.
[00:57:10] [main/INFO] [FermiumRegistryAPI]: FermiumRegistryAPI supplied "mixins.datastructures_modelmanager.json" for early mixin enqueue, adding.
[00:57:10] [main/INFO] [FermiumRegistryAPI]: FermiumRegistryAPI supplied "mixins.screenshot.json" for early mixin enqueue, adding.
[00:57:10] [main/INFO] [FermiumRegistryAPI]: FermiumRegistryAPI supplied "mixins.ondemand_sprites.json" for early mixin enqueue, adding.
[00:57:10] [main/INFO] [FermiumRegistryAPI]: FermiumRegistryAPI supplied "mixins.searchtree_vanilla.json" for early mixin enqueue, adding.
[00:57:10] [main/INFO] [FermiumRegistryAPI]: FermiumRegistryAPI supplied "mixins.resolve_mc2071.json" for early mixin enqueue, adding.
[00:57:10] [main/INFO] [FermiumRegistryAPI]: FermiumRegistryAPI supplied "mixins.fix_mc_skindownloading.json" for early mixin enqueue, adding.
[00:57:10] [main/INFO] [FermiumRegistryAPI]: FermiumRegistryAPI supplied "mixins.fix_mc186052.json" for early mixin enqueue, adding.
[00:57:10] [main/INFO] [FermiumRegistryAPI]: FermiumRegistryAPI supplied "mixins.vfix_bugfixes.json" for early mixin enqueue, adding.
[00:57:10] [main/INFO] [FermiumASM]: FermiumASM enqueueing late mixins
[00:57:10] [main/INFO] [FermiumRegistryAPI]: FermiumRegistryAPI supplied "mixins.bakedquadsquasher.json" for late mixin enqueue, adding.
[00:57:10] [main/INFO] [FermiumRegistryAPI]: FermiumRegistryAPI supplied "mixins.modfixes_immersiveengineering.json" for late mixin enqueue, adding.
[00:57:10] [main/INFO] [FermiumRegistryAPI]: FermiumRegistryAPI supplied "mixins.modfixes_evilcraftcompat.json" for late mixin enqueue, adding.
[00:57:10] [main/INFO] [FermiumRegistryAPI]: FermiumRegistryAPI supplied "mixins.modfixes_ebwizardry.json" for late mixin enqueue, adding.
[00:57:10] [main/INFO] [FermiumRegistryAPI]: FermiumRegistryAPI supplied "mixins.modfixes_xu2.json" for late mixin enqueue, adding.
[00:57:10] [main/INFO] [FermiumRegistryAPI]: FermiumRegistryAPI supplied "mixins.searchtree_mod.json" for late mixin enqueue, adding.
[00:57:10] [main/INFO] [FermiumRegistryAPI]: FermiumRegistryAPI supplied "mixins.modfixes_astralsorcery.json" for late mixin enqueue, adding.
[00:57:10] [main/INFO] [FermiumRegistryAPI]: FermiumRegistryAPI supplied "mixins.capability_astralsorcery.json" for late mixin enqueue, adding.
[00:57:10] [main/INFO] [FermiumRegistryAPI]: FermiumRegistryAPI supplied "mixins.modfixes_b3m.json" for late mixin enqueue, adding.
[00:57:10] [main/INFO] [FermiumRegistryAPI]: FermiumRegistryAPI supplied "mixins.modfixes_railcraft.json" for late mixin enqueue, adding.
[00:57:10] [main/INFO] [FermiumRegistryAPI]: FermiumRegistryAPI supplied "mixins.modfixes_disable_broken_particles.json" for late mixin enqueue, adding.
[00:57:10] [main/INFO] [FermiumRegistryAPI]: FermiumRegistryAPI supplied "mixins.modfixes_crafttweaker.json" for late mixin enqueue, adding.
[00:57:10] [main/INFO] [FermiumASM]: FermiumASM finished mixin enqueue
[00:57:10] [main/INFO] [FML]: Loading tweaker org.spongepowered.asm.launch.MixinTweaker from FermiumMixins-1.0.12.jar
[00:57:10] [main/INFO] [FML]: Found FMLCorePluginContainsFMLMod marker in FermiumMixins-1.0.12.jar.
[00:57:10] [main/INFO] [FML]: Found FMLCorePluginContainsFMLMod marker in Fixeroo-2.3.6.jar.
[00:57:10] [main/INFO] [FML]: Found FMLCorePluginContainsFMLMod marker in Fluid Craft for AE2-2.6.6-r.jar.
[00:57:10] [main/WARN] [FML]: The mod with loading plugin net.shadowfacts.forgelin.preloader.ForgelinPlugin is in blacklist and won't be loaded. Check forge_early.cfg for more info.
[00:57:10] [main/INFO] [FML]: Found FMLCorePluginContainsFMLMod marker in Forgelin-Continuous-2.3.10.0.jar.
[00:57:10] [main/INFO] [FML]: Loading tweaker org.spongepowered.asm.launch.MixinTweaker from FurnaceXPStorage-1.3.1.jar
[00:57:10] [main/INFO] [FML]: Found FMLCorePluginContainsFMLMod marker in FurnaceXPStorage-1.3.1.jar.
[00:57:10] [main/INFO] [FermiumRegistryAPI]: FermiumRegistryAPI supplied "mixins.furnacexpstorage.json" for early mixin enqueue, adding.
[00:57:10] [main/INFO] [FermiumRegistryAPI]: FermiumRegistryAPI supplied "mixins.furnacexpstorage.nethercraft.json" for late mixin enqueue, adding.
[00:57:10] [main/INFO] [FermiumRegistryAPI]: FermiumRegistryAPI supplied "mixins.furnacexpstorage.betternether.json" for late mixin enqueue, adding.
[00:57:10] [main/INFO] [FermiumRegistryAPI]: FermiumRegistryAPI supplied "mixins.furnacexpstorage.fastfurnace.json" for late mixin enqueue, adding.
[00:57:10] [main/INFO] [FermiumRegistryAPI]: FermiumRegistryAPI supplied "mixins.furnacexpstorage.ironfurnaces.json" for late mixin enqueue, adding.
[00:57:10] [main/INFO] [FermiumRegistryAPI]: FermiumRegistryAPI supplied "mixins.furnacexpstorage.betterwithmods.json" for late mixin enqueue, adding.
[00:57:10] [main/INFO] [FermiumRegistryAPI]: FermiumRegistryAPI supplied "mixins.furnacexpstorage.morefurnaces.json" for late mixin enqueue, adding.
[00:57:10] [main/INFO] [FermiumRegistryAPI]: FermiumRegistryAPI supplied "mixins.furnacexpstorage.morefurnacesnomifactory.json" for late mixin enqueue, adding.
[00:57:10] [main/INFO] [FermiumRegistryAPI]: FermiumRegistryAPI supplied "mixins.furnacexpstorage.betterfurnacesreforged.json" for late mixin enqueue, adding.
[00:57:10] [main/INFO] [FermiumRegistryAPI]: FermiumRegistryAPI supplied "mixins.furnacexpstorage.furnaceoverhaul.json" for late mixin enqueue, adding.
[00:57:10] [main/INFO] [FermiumRegistryAPI]: FermiumRegistryAPI supplied "mixins.furnacexpstorage.furnus.json" for late mixin enqueue, adding.
[00:57:10] [main/INFO] [FermiumRegistryAPI]: FermiumRegistryAPI supplied "mixins.furnacexpstorage.mysticalagriculture.json" for late mixin enqueue, adding.
[00:57:10] [main/INFO] [FermiumRegistryAPI]: FermiumRegistryAPI supplied "mixins.furnacexpstorage.nuclearcraft.json" for late mixin enqueue, adding.
[00:57:10] [main/INFO] [FermiumRegistryAPI]: FermiumRegistryAPI supplied "mixins.furnacexpstorage.divinerpg.json" for late mixin enqueue, adding.
[00:57:10] [main/INFO] [FermiumRegistryAPI]: FermiumRegistryAPI supplied "mixins.furnacexpstorage.simplecore.json" for late mixin enqueue, adding.
[00:57:10] [main/INFO] [FermiumRegistryAPI]: FermiumRegistryAPI supplied "mixins.furnacexpstorage.natura.json" for late mixin enqueue, adding.
[00:57:10] [main/INFO] [FermiumRegistryAPI]: FermiumRegistryAPI supplied "mixins.furnacexpstorage.crafttweaker.json" for late mixin enqueue, adding.
[00:57:10] [main/INFO] [FermiumRegistryAPI]: FermiumRegistryAPI supplied "mixins.furnacexpstorage.jei.json" for late mixin enqueue, adding.
[00:57:10] [main/INFO] [FermiumRegistryAPI]: FermiumRegistryAPI supplied "mixins.furnacexpstorage.hei.json" for late mixin enqueue, adding.
[00:57:10] [main/INFO] [FML]: Found FMLCorePluginContainsFMLMod marker in gnetum-1.4.1.jar.
[00:57:10] [main/INFO] [FML]: Found FMLCorePluginContainsFMLMod marker in groovyscript-1.4.3.jar.
[00:57:10] [main/INFO] [FML]: Loading tweaker org.spongepowered.asm.launch.MixinTweaker from Highlighter-1.12.2-forge-1.1.7.jar
[00:57:10] [main/INFO] [FML]: Found FMLCorePluginContainsFMLMod marker in Highlighter-1.12.2-forge-1.1.7.jar.
[00:57:10] [main/INFO] [FML]: Found FMLCorePluginContainsFMLMod marker in Ice and Fire-2.0.0.jar.
[00:57:10] [main/INFO] [FML]: Found FMLCorePluginContainsFMLMod marker in IFPatcher-2.4.0.jar.
[00:57:10] [main/INFO] [FML]: Found FMLCorePluginContainsFMLMod marker in JEI-Utilities-1.12.2-0.2.13.jar.
[00:57:10] [main/INFO] [FML]: Found FMLCorePluginContainsFMLMod marker in jei_area_fixer-2.3.0.jar.
[00:57:10] [main/INFO] [FML]: Found FMLCorePluginContainsFMLMod marker in justenoughmagiculture-1.12.2-1.2.2.jar.
[00:57:10] [main/INFO] [FML]: Loading tweaker org.spongepowered.asm.launch.MixinTweaker from konkrete_forge_1.6.1_MC_1.12-1.12.2.jar
[00:57:10] [main/INFO] [FML]: Found FMLCorePluginContainsFMLMod marker in konkrete_forge_1.6.1_MC_1.12-1.12.2.jar.
[00:57:10] [main/INFO] [de.keksuccino.konkrete.core.KonkreteCore]: [KONKRETE] LOADING CORE PLUGIN!
[00:57:10] [main/INFO] [FML]: Found FMLCorePluginContainsFMLMod marker in lemonskin-4.0.0.jar.
[00:57:10] [main/INFO] [FML]: Loading tweaker org.spongepowered.asm.launch.MixinTweaker from LootTweaker-0.5.1+MC1.12.2-DLS0.jar
[00:57:10] [main/INFO] [FML]: Found FMLCorePluginContainsFMLMod marker in mixin container LootTweaker-0.5.1+MC1.12.2-DLS0.jar.
[00:57:10] [main/INFO] [FML]: Found FMLCorePluginContainsFMLMod marker in mcmouser-1.12.2-forge-1.0.2.jar.
[00:57:10] [main/INFO] [me.virb3.mcmouser.CoreMod]: Everything loaded
[00:57:10] [main/INFO] [FML]: Found FMLCorePluginContainsFMLMod marker in ModularMachinery-CE-2.3.2.jar.
[00:57:10] [main/INFO] [FML]: Found FMLCorePluginContainsFMLMod marker in modularui-3.1.6.jar.
[00:57:10] [main/INFO] [FML]: Found FMLCorePluginContainsFMLMod marker in Nether-API-v1.4.2-mc1.12.2.jar.
[00:57:10] [main/INFO] [FML]: Loading tweaker org.spongepowered.asm.launch.MixinTweaker from NoiseThreader-1.1.3.jar
[00:57:10] [main/INFO] [FML]: Found FMLCorePluginContainsFMLMod marker in NoiseThreader-1.1.3.jar.
[00:57:10] [main/INFO] [FermiumRegistryAPI]: FermiumRegistryAPI supplied "mixins.noisethreader.vanilla.json" for early mixin enqueue, adding.
[00:57:10] [main/INFO] [FermiumRegistryAPI]: FermiumRegistryAPI supplied "mixins.noisethreader.vanilla.cache.json" for early mixin enqueue, adding.
[00:57:10] [main/INFO] [FermiumRegistryAPI]: FermiumRegistryAPI supplied "mixins.noisethreader.otg.json" for late mixin enqueue, adding.
[00:57:10] [main/INFO] [FermiumRegistryAPI]: FermiumRegistryAPI supplied "mixins.noisethreader.otg.cache.json" for late mixin enqueue, adding.
[00:57:10] [main/INFO] [FermiumRegistryAPI]: FermiumRegistryAPI supplied "mixins.noisethreader.bettercaves.json" for late mixin enqueue, adding.
[00:57:10] [main/INFO] [FML]: Loading tweaker org.spongepowered.asm.launch.MixinTweaker from particleculling-1.12.2-v1.4.3.jar
[00:57:10] [main/INFO] [FML]: Found FMLCorePluginContainsFMLMod marker in particleculling-1.12.2-v1.4.3.jar.
[00:57:10] [main/INFO] [FML]: Found FMLCorePluginContainsFMLMod marker in patternbanners-1.2.3.jar.
[00:57:10] [main/INFO] [FML]: Found FMLCorePluginContainsFMLMod marker in peteams-1.12.2-1.4.0.jar.
[00:57:10] [main/INFO] [FML]: Found FMLCorePluginContainsFMLMod marker in QuarkRotN-r1.6-191.jar.
[00:57:10] [main/INFO] [FML]: Found FMLCorePluginContainsFMLMod marker in RandomTweaker-1.4.10.jar.
[00:57:10] [main/INFO] [FML]: Found FMLCorePluginContainsFMLMod marker in ReachFix-1.12.2-1.1.3.jar.
[00:57:10] [main/INFO] [FML]: Found FMLCorePluginContainsFMLMod marker in rebind-1.12.2-2.7.5-0.jar.
[00:57:10] [main/INFO] [FML]: Loading tweaker org.spongepowered.asm.launch.MixinTweaker from RenderLib-1.12.2-1.4.5.jar
[00:57:10] [main/INFO] [FML]: Found FMLCorePluginContainsFMLMod marker in RenderLib-1.12.2-1.4.5.jar.
[00:57:10] [main/INFO] [FML]: Found FMLCorePluginContainsFMLMod marker in ResourceLoader-MC1.12.1-1.5.3.jar.
[00:57:10] [main/INFO] [FML]: Found FMLCorePluginContainsFMLMod marker in RLTweaker-1.12.2-0.7.5.jar.
[00:57:10] [main/INFO] [FML]: Found FMLCorePluginContainsFMLMod marker in roidtweaker-1.2.2.jar.
[00:57:10] [main/INFO] [FML]: Found FMLCorePluginContainsFMLMod marker in RoughlyEnoughIDs-2.3.0.jar.
[00:57:10] [main/INFO] [io.dogboy.serializationisbad.core.SerializationIsBad]: Initializing SerializationIsBad, implementation type: legacyforge
[00:57:10] [CrashAssistantApp process logger/INFO] [ChildProcessLogger]: CrashAssistantApp process successfully started.
[00:57:10] [main/INFO] [io.dogboy.serializationisbad.core.SerializationIsBad]: Using remote config file
[00:57:10] [main/INFO] [io.dogboy.serializationisbad.core.SerializationIsBad]: Loaded config file
[00:57:10] [main/INFO] [io.dogboy.serializationisbad.core.SerializationIsBad]:   Blocking Enabled: true
[00:57:10] [main/INFO] [io.dogboy.serializationisbad.core.SerializationIsBad]:   Loaded Patch Modules: 39
[00:57:10] [main/INFO] [FML]: Loading tweaker org.spongepowered.asm.launch.MixinTweaker from Sledgehammer-1.12.2-2.0.26.jar
[00:57:10] [main/INFO] [FML]: Found FMLCorePluginContainsFMLMod marker in Sledgehammer-1.12.2-2.0.26.jar.
[00:57:11] [main/INFO] [FML]: Loading tweaker org.spongepowered.asm.launch.MixinTweaker from spark-unforged-1.11.140-forge.jar
[00:57:11] [main/INFO] [FML]: Found FMLCorePluginContainsFMLMod marker in spark-unforged-1.11.140-forge.jar.
[00:57:11] [main/INFO] [FML]: Found FMLCorePluginContainsFMLMod marker in splashlogofix-1.0.jar.
[00:57:11] [main/INFO] [FML]: Found FMLCorePluginContainsFMLMod marker in StellarCore-1.5.22.jar.
[00:57:11] [main/INFO] [stellar_core]: [StellarEnvironment] Processor count: 8
[00:57:11] [main/INFO] [stellar_core]: [StellarEnvironment] Parallel execution is enabled.
[00:57:11] [main/INFO] [FML]: Found FMLCorePluginContainsFMLMod marker in TheAetherBaubles-2.0.1.jar.
[00:57:11] [main/INFO] [FML]: Found FMLCorePluginContainsFMLMod marker in twilightforest-1.12.2-3.15.1.jar.
[00:57:11] [main/INFO] [FML]: Found FMLCorePluginContainsFMLMod marker in UniversalTweaks-1.12.2-1.19.1.jar.
[00:57:11] [main/INFO] [FML]: Found FMLCorePluginContainsFMLMod marker in vintagefix-0.7.0.jar.
[00:57:11] [main/INFO] [FML]: Found FMLCorePluginContainsFMLMod marker in Wither-Config-1.2.1.jar.
[00:57:11] [main/INFO] [FML]: Loading tweaker org.spongepowered.asm.launch.MixinTweaker from WorseHurtTimer-1.12.2-1.5.0.3.jar
[00:57:11] [main/INFO] [FML]: Found FMLCorePluginContainsFMLMod marker in WorseHurtTimer-1.12.2-1.5.0.3.jar.
[00:57:11] [main/INFO] [FML]: Found FMLCorePluginContainsFMLMod marker in zenrecipereloading-1.4.5.jar.
[00:57:11] [main/INFO] [FML]: Found FMLCorePluginContainsFMLMod marker in zenutils-1.27.0.jar.
[00:57:11] [main/INFO] [FML]: Found FMLCorePluginContainsFMLMod marker in zspacket-0.0.1.jar.
[00:57:11] [main/INFO] [FML]: Loading tweaker org.spongepowered.asm.launch.MixinTweaker from DaomephstaLootShared-0.0.2.jar
[00:57:11] [main/INFO] [FML]: Found FMLCorePluginContainsFMLMod marker in mixin container DaomephstaLootShared-0.0.2.jar.
[00:57:11] [main/INFO] [Foundation]: Calling tweak io.github.lxgaming.sledgehammer.launch.SledgehammerTweaker@584ca390
[00:57:11] [main/INFO] [Foundation]: Calling tweak org.spongepowered.asm.mixin.EnvironmentStateTweaker@224d86d2
[00:57:11] [main/INFO] [Foundation]: Loading tweak name net.minecraftforge.fml.common.launcher.FMLInjectionAndSortingTweaker
[00:57:11] [main/INFO] [Foundation]: Loading tweak name org.spongepowered.asm.launch.MixinTweaker
[00:57:11] [main/WARN] [Foundation]: Tweak name org.spongepowered.asm.launch.MixinTweaker has already been visited -- skipping
[00:57:11] [main/INFO] [Foundation]: Loading tweak name net.jan.moddirector.launchwrapper.ModDirectorTweaker
[00:57:11] [main/WARN] [ModDirector[CORE]]: Successfully replaced CA certificates with updated ones!
[00:57:11] [main/INFO] [ModDirector[CORE]]: Mod director loaded!
[00:57:11] [main/INFO] [ModDirector/Tweaker[Launchwrapper]]: ModDirector bootstrapped from Launchwrapper!
[00:57:11] [main/INFO] [Foundation]: Loading tweak name com.cleanroommc.fugue.common.LateBootstrapTweaker
[00:57:11] [main/WARN] [Foundation]: Tweak name org.spongepowered.asm.launch.MixinTweaker has already been visited -- skipping
[00:57:11] [main/WARN] [Foundation]: Tweak name org.spongepowered.asm.launch.MixinTweaker has already been visited -- skipping
[00:57:11] [main/WARN] [Foundation]: Tweak name org.spongepowered.asm.launch.MixinTweaker has already been visited -- skipping
[00:57:11] [main/WARN] [Foundation]: Tweak name org.spongepowered.asm.launch.MixinTweaker has already been visited -- skipping
[00:57:11] [main/WARN] [Foundation]: Tweak name org.spongepowered.asm.launch.MixinTweaker has already been visited -- skipping
[00:57:11] [main/WARN] [Foundation]: Tweak name org.spongepowered.asm.launch.MixinTweaker has already been visited -- skipping
[00:57:11] [main/WARN] [Foundation]: Tweak name org.spongepowered.asm.launch.MixinTweaker has already been visited -- skipping
[00:57:11] [main/WARN] [Foundation]: Tweak name org.spongepowered.asm.launch.MixinTweaker has already been visited -- skipping
[00:57:11] [main/WARN] [Foundation]: Tweak name org.spongepowered.asm.launch.MixinTweaker has already been visited -- skipping
[00:57:11] [main/WARN] [Foundation]: Tweak name org.spongepowered.asm.launch.MixinTweaker has already been visited -- skipping
[00:57:11] [main/WARN] [Foundation]: Tweak name org.spongepowered.asm.launch.MixinTweaker has already been visited -- skipping
[00:57:11] [main/WARN] [Foundation]: Tweak name org.spongepowered.asm.launch.MixinTweaker has already been visited -- skipping
[00:57:11] [main/WARN] [Foundation]: Tweak name org.spongepowered.asm.launch.MixinTweaker has already been visited -- skipping
[00:57:11] [main/INFO] [Foundation]: Loading tweak name meldexun.renderlib.asm.RenderLibTweaker
[00:57:11] [main/WARN] [Foundation]: Tweak name org.spongepowered.asm.launch.MixinTweaker has already been visited -- skipping
[00:57:11] [main/WARN] [Foundation]: Tweak name org.spongepowered.asm.launch.MixinTweaker has already been visited -- skipping
[00:57:11] [main/WARN] [Foundation]: Tweak name org.spongepowered.asm.launch.MixinTweaker has already been visited -- skipping
[00:57:11] [main/WARN] [Foundation]: Tweak name org.spongepowered.asm.launch.MixinTweaker has already been visited -- skipping
[00:57:11] [main/INFO] [Foundation]: Loading tweak name net.minecraftforge.fml.common.launcher.FMLDeobfTweaker
[00:57:11] [main/INFO] [Foundation]: Calling tweak net.minecraftforge.fml.common.launcher.FMLInjectionAndSortingTweaker@3e0a9b1d
[00:57:11] [main/INFO] [Foundation]: Calling tweak Red Core
[00:57:11] [main/INFO] [Foundation]: Calling tweak BTFixesCore
[00:57:11] [main/INFO] [Foundation]: Calling tweak EnderModpackTweaksCore
[00:57:11] [main/INFO] [Foundation]: Calling tweak Sledgehammer
[00:57:11] [main/INFO] [Foundation]: Calling tweak UniversalTweaksCore
[00:57:11] [main/INFO] [Foundation]: Calling tweak WorseCore
[00:57:11] [main/INFO] [Foundation]: Calling tweak net.minecraftforge.fml.common.launcher.FMLInjectionAndSortingTweaker@3e0a9b1d
[00:57:11] [main/INFO] [Foundation]: Calling tweak net.jan.moddirector.launchwrapper.ModDirectorTweaker@240a2619
[00:57:11] [main/INFO] [ModDirector/ConfigurationController[CORE]]: Loading config config/mod-director/requisites.bundle.json
[00:57:14] [main/INFO] [ModDirector/ForgeLateLoader[Launchwrapper]]: Found new CoreModManager at net.minecraftforge.fml.relauncher.CoreModManager!
[00:57:14] [main/INFO] [ModDirector/ForgeLateLoader[Launchwrapper]]: Found new ModAccessTransformer at net.minecraftforge.fml.common.asm.transformers.ModAccessTransformer!
[00:57:14] [main/INFO] [ModDirector/ForgeLateLoader[Launchwrapper]]: Trying to late load 0 mods
[00:57:14] [main/WARN] [ModDirector/ForgeLateLoader[Launchwrapper]]: Failed to find deobf tweaker, injecting after deobf tweaker at first place
[00:57:14] [main/INFO] [Foundation]: Calling tweak GroovyScript-Core
[00:57:14] [main/INFO] [Foundation]: Calling tweak Spark
[00:57:14] [main/INFO] [Foundation]: Calling tweak FermiumMixins
[00:57:14] [main/INFO] [Foundation]: Calling tweak ZenUtilsPlugin
[00:57:14] [main/INFO] [Foundation]: Calling tweak FMLCorePlugin
[00:57:14] [main/INFO] [mixin]: Initialised Mixin FML Remapper Adapter with net.minecraftforge.fml.common.asm.transformers.deobf.FMLDeobfuscatingRemapper@5d00b469
[00:57:14] [main/INFO] [FML]: Found valid fingerprint for Minecraft. Certificate fingerprint cd99959656f753dc28d863b46769f7f8fbaefcfc
[00:57:14] [main/INFO] [FML]: FML appears to be missing any signature data. This is expected, don't worry.
[00:57:14] [main/INFO] [Foundation]: Calling tweak FMLForgePlugin
[00:57:14] [main/INFO] [Foundation]: Calling tweak CrashAssistantEntrypoint
[00:57:14] [main/INFO] [Foundation]: Calling tweak Fugue
[00:57:14] [main/INFO] [Foundation]: Calling tweak EarlyMixinInit
[00:57:14] [main/INFO] [Foundation]: Calling tweak AlfheimPlugin
[00:57:14] [main/INFO] [Foundation]: Calling tweak Another Tips Core
[00:57:14] [main/INFO] [Foundation]: Calling tweak Aqua Acrobatics Transformer
[00:57:14] [main/INFO] [Aqua Acrobatics Transformer]: Running in obf, thanks for playing with the mod!
[00:57:14] [main/INFO] [Foundation]: Calling tweak MixinLoader
[00:57:14] [main/INFO] [Foundation]: Calling tweak Betterer Biomer Blender
[00:57:14] [main/INFO] [Foundation]: Calling tweak BHLoader
[00:57:14] [main/INFO] [Foundation]: Calling tweak BogoSorter-Core
[00:57:14] [main/INFO] [Foundation]: Calling tweak Celeritas
[00:57:14] [main/INFO] [Foundation]: Calling tweak DeepBloodEvolutionCore
[00:57:14] [main/INFO] [Foundation]: Calling tweak EntityCullingPlugin
[00:57:14] [main/INFO] [Foundation]: Calling tweak FermiumASM
[00:57:14] [main/INFO] [Foundation]: Calling tweak FluidCraftCore
[00:57:14] [main/INFO] [Foundation]: Calling tweak Forgelin-Continuous
[00:57:14] [main/INFO] [Foundation]: Calling tweak FurnaceXPStoragePlugin
[00:57:14] [main/INFO] [Foundation]: Calling tweak Gnetum
[00:57:14] [main/INFO] [Foundation]: Calling tweak MixinLoader
[00:57:14] [main/INFO] [Foundation]: Calling tweak JeiUtilitiesLoadingPlugin
[00:57:14] [main/INFO] [Foundation]: Calling tweak JEIAreaFixerEarlyMixin
[00:57:14] [main/INFO] [Foundation]: Calling tweak ASMPlugin
[00:57:14] [main/INFO] [Foundation]: Calling tweak LemonSkinPlugin
[00:57:14] [main/INFO] [Foundation]: Calling tweak McMouser
[00:57:14] [main/INFO] [Foundation]: Calling tweak MMCEEarlyMixinLoader
[00:57:14] [main/INFO] [Foundation]: Calling tweak NoiseThreaderPlugin
[00:57:14] [main/INFO] [Foundation]: Calling tweak ParticleCullingLoadingPlugin
[00:57:14] [main/INFO] [Foundation]: Calling tweak PETeamsCore
[00:57:14] [main/INFO] [Foundation]: Calling tweak RandomTweaker CoreMod Boot
[00:57:14] [main/INFO] [Foundation]: Calling tweak ReBind Core
[00:57:14] [main/INFO] [ReBind Core]: External config up-to-date!
[00:57:14] [main/INFO] [Foundation]: Calling tweak RenderLibPlugin
[00:57:14] [main/INFO] [Foundation]: Calling tweak RoidTweakerEarlyMixinLoader
[00:57:14] [main/INFO] [Foundation]: Calling tweak JustEnoughIDs Extension Plugin
[00:57:14] [main/INFO] [Foundation]: Calling tweak ScalarLoadingPlugin
[00:57:14] [main/INFO] [Foundation]: Calling tweak serializationisbad
[00:57:14] [main/INFO] [Foundation]: Calling tweak LoadingPlugin
[00:57:14] [main/INFO] [Foundation]: Calling tweak StellarCoreEarlyMixinLoader
[00:57:14] [main/INFO] [stellar_core]: [StellarCore-MixinLoader] Adding mixins.stellar_core_minecraft_advancements.json to mixin configuration.
[00:57:14] [main/INFO] [stellar_core]: [StellarCore-MixinLoader] Mixin config mixins.stellar_core_minecraft_bakedmodel.json is disabled by config or mod is not loaded.
[00:57:14] [main/INFO] [stellar_core]: [StellarCore-MixinLoader] Mixin config mixins.stellar_core_minecraft_bakedquad.json is disabled by config or mod is not loaded.
[00:57:14] [main/INFO] [stellar_core]: [StellarCore-MixinLoader] Adding mixins.stellar_core_minecraft_blockfaceuv.json to mixin configuration.
[00:57:14] [main/INFO] [stellar_core]: [StellarCore-MixinLoader] Adding mixins.stellar_core_minecraft_blockpart.json to mixin configuration.
[00:57:14] [main/INFO] [stellar_core]: [StellarCore-MixinLoader] Adding mixins.stellar_core_minecraft_blockstateimpl.json to mixin configuration.
[00:57:14] [main/INFO] [stellar_core]: [StellarCore-MixinLoader] Mixin config mixins.stellar_core_minecraft_chunktecache.json is disabled by config or mod is not loaded.
[00:57:14] [main/INFO] [stellar_core]: [StellarCore-MixinLoader] Mixin config mixins.stellar_core_minecraft_chunktemap.json is disabled by config or mod is not loaded.
[00:57:14] [main/INFO] [stellar_core]: [StellarCore-MixinLoader] Adding mixins.stellar_core_minecraft_chunktequeue.json to mixin configuration.
[00:57:14] [main/INFO] [stellar_core]: [StellarCore-MixinLoader] Adding mixins.stellar_core_minecraft_classmultimap.json to mixin configuration.
[00:57:14] [main/INFO] [stellar_core]: [StellarCore-MixinLoader] Adding mixins.stellar_core_minecraft_entitytracker.json to mixin configuration.
[00:57:14] [main/INFO] [stellar_core]: [StellarCore-MixinLoader] Mixin config mixins.stellar_core_minecraft_entitytracker_y_range.json is disabled by config or mod is not loaded.
[00:57:14] [main/INFO] [stellar_core]: [StellarCore-MixinLoader] Mixin config mixins.stellar_core_minecraft_itemstack_cap.json is disabled by config or mod is not loaded.
[00:57:14] [main/INFO] [stellar_core]: [StellarCore-MixinLoader] Mixin config mixins.stellar_core_minecraft_longnbtkiller.json is disabled by config or mod is not loaded.
[00:57:14] [main/INFO] [stellar_core]: [StellarCore-MixinLoader] Mixin config mixins.stellar_core_minecraft_modelblock.json is disabled by config or mod is not loaded.
[00:57:14] [main/INFO] [stellar_core]: [StellarCore-MixinLoader] Mixin config mixins.stellar_core_minecraft_nbtmaplist.json is disabled by config or mod is not loaded.
[00:57:14] [main/INFO] [stellar_core]: [StellarCore-MixinLoader] Adding mixins.stellar_core_minecraft_nbtpool.json to mixin configuration.
[00:57:14] [main/INFO] [stellar_core]: [StellarCore-MixinLoader] Mixin config mixins.stellar_core_minecraft_nethandlerplayserver.json is disabled by config or mod is not loaded.
[00:57:14] [main/INFO] [stellar_core]: [StellarCore-MixinLoader] Adding mixins.stellar_core_minecraft_nnlist.json to mixin configuration.
[00:57:14] [main/INFO] [stellar_core]: [StellarCore-MixinLoader] Mixin config mixins.stellar_core_minecraft_noglerror.json is disabled by config or mod is not loaded.
[00:57:14] [main/INFO] [stellar_core]: [StellarCore-MixinLoader] Adding mixins.stellar_core_minecraft_property.json to mixin configuration.
[00:57:14] [main/INFO] [stellar_core]: [StellarCore-MixinLoader] Mixin config mixins.stellar_core_minecraft_phys.json is disabled by config or mod is not loaded.
[00:57:14] [main/INFO] [stellar_core]: [StellarCore-MixinLoader] Mixin config mixins.stellar_core_minecraft_randomtick.json is disabled by config or mod is not loaded.
[00:57:14] [main/INFO] [stellar_core]: [StellarCore-MixinLoader] Mixin config mixins.stellar_core_minecraft_renderglobal.json is disabled by config or mod is not loaded.
[00:57:14] [main/INFO] [stellar_core]: [StellarCore-MixinLoader] Adding mixins.stellar_core_minecraft_resourcelocation.json to mixin configuration.
[00:57:14] [main/INFO] [stellar_core]: [StellarCore-MixinLoader] Mixin config mixins.stellar_core_minecraft_resourcelocation_async.json is disabled by config or mod is not loaded.
[00:57:14] [main/INFO] [stellar_core]: [StellarCore-MixinLoader] Mixin config mixins.stellar_core_minecraft_resourcepack.json is disabled by config or mod is not loaded.
[00:57:14] [main/INFO] [stellar_core]: [StellarCore-MixinLoader] Mixin config mixins.stellar_core_minecraft_world.json is disabled by config or mod is not loaded.
[00:57:14] [main/INFO] [stellar_core]: [StellarCore-MixinLoader] Adding mixins.stellar_core_minecraft_world_load.json to mixin configuration.
[00:57:14] [main/INFO] [stellar_core]: [StellarCore-MixinLoader] Adding mixins.stellar_core_minecraft_world_pos_judgement.json to mixin configuration.
[00:57:14] [main/INFO] [stellar_core]: [StellarCore-MixinLoader] Adding mixins.stellar_core_minecraft_worldclient.json to mixin configuration.
[00:57:14] [main/INFO] [stellar_core]: [StellarCore-MixinLoader] Adding mixins.stellar_core_minecraft_worldserver.json to mixin configuration.
[00:57:14] [main/INFO] [stellar_core]: [StellarCore-MixinLoader] Adding mixins.stellar_core_minecraft_statemapperbase.json to mixin configuration.
[00:57:14] [main/INFO] [stellar_core]: [StellarCore-MixinLoader] Mixin config mixins.stellar_core_minecraft_stitcher.json is disabled by config or mod is not loaded.
[00:57:14] [main/INFO] [stellar_core]: [StellarCore-MixinLoader] Mixin config mixins.stellar_core_minecraft_texture_load.json is disabled by config or mod is not loaded.
[00:57:14] [main/INFO] [stellar_core]: [StellarCore-MixinLoader] Adding mixins.stellar_core_forge.json to mixin configuration.
[00:57:14] [main/INFO] [stellar_core]: [StellarCore-MixinLoader] Mixin config mixins.stellar_core_forge_asmdatatable.json is disabled by config or mod is not loaded.
[00:57:14] [main/INFO] [stellar_core]: [StellarCore-MixinLoader] Adding mixins.stellar_core_forge_asmmodparser.json to mixin configuration.
[00:57:14] [main/INFO] [stellar_core]: [StellarCore-MixinLoader] Mixin config mixins.stellar_core_forge_bakedquad.json is disabled by config or mod is not loaded.
[00:57:14] [main/INFO] [stellar_core]: [StellarCore-MixinLoader] Mixin config mixins.stellar_core_forge_bakedquad_vertexdata.json is disabled by config or mod is not loaded.
[00:57:14] [main/INFO] [stellar_core]: [StellarCore-MixinLoader] Adding mixins.stellar_core_forge_capability.json to mixin configuration.
[00:57:14] [main/INFO] [stellar_core]: [StellarCore-MixinLoader] Adding mixins.stellar_core_forge_chunkmanager.json to mixin configuration.
[00:57:14] [main/INFO] [stellar_core]: [StellarCore-MixinLoader] Mixin config mixins.stellar_core_forge_modelloader.json is disabled by config or mod is not loaded.
[00:57:14] [main/INFO] [stellar_core]: [StellarCore-MixinLoader] Adding mixins.stellar_core_forge_registry.json to mixin configuration.
[00:57:14] [main/INFO] [stellar_core]: [StellarCore-MixinLoader] Mixin config mixins.stellar_core_hudcaching.json is disabled by config or mod is not loaded.
[00:57:14] [main/INFO] [stellar_core]: [StellarCore-MixinLoader] Mixin config mixins.stellar_core_ebwizardry_early.json is disabled by config or mod is not loaded.
[00:57:14] [main/INFO] [Foundation]: Calling tweak FMLPlugin
[00:57:14] [main/INFO] [Foundation]: Calling tweak TFCore
[00:57:14] [main/INFO] [Foundation]: Calling tweak VintageFix
[00:57:14] [main/INFO] [VintageFix]: Loading JarDiscovererCache
[00:57:15] [main/INFO] [Foundation]: Calling tweak WitherConfigPlugin
[00:57:15] [main/INFO] [Foundation]: Calling tweak ZenRecipeReloadingPlugin
[00:57:15] [main/INFO] [Foundation]: Calling tweak ZSPacketPlugin
[00:57:15] [main/INFO] [Foundation]: Calling tweak ToolProgressionPlugin
[00:57:15] [main/INFO] [Foundation]: Calling tweak org.spongepowered.asm.launch.MixinTweaker@54d46c8
[00:57:15] [main/INFO] [Foundation]: Calling tweak com.cleanroommc.fugue.common.LateBootstrapTweaker@7dfec0bc
[00:57:15] [main/INFO] [Foundation]: Calling tweak MixinBooter
[00:57:15] [main/INFO] [FML]: Loading early loader zzzank.mod.jei_area_fixer.mixin.JEIAreaFixerEarlyMixin for its mixins.
[00:57:15] [main/INFO] [FML]: Adding mixins.minecraft.json mixin configuration.
[00:57:15] [main/INFO] [FML]: Loading early loader io.wdsj.zspacket.ZSPacketPlugin for its mixins.
[00:57:15] [main/INFO] [FML]: Adding mixins.zspacket.json mixin configuration.
[00:57:15] [main/INFO] [FML]: Loading early loader io.github.kurrycat2004.peteams.core.PETeamsCore for its mixins.
[00:57:15] [main/INFO] [FML]: Loading early loader com.bluefire.betterhorses.core.BHLoader for its mixins.
[00:57:15] [main/INFO] [FML]: Adding mixins.mods.betterhorses.json mixin configuration.
[00:57:15] [main/INFO] [FML]: Loading early loader youyihj.zenutils.impl.core.ZenUtilsPlugin for its mixins.
[00:57:15] [main/INFO] [FML]: Adding mixins.zenutils.vanilla.json mixin configuration.
[00:57:15] [main/INFO] [FML]: Loading early loader com.cleanroommc.bogosorter.core.BogoSorterCore for its mixins.
[00:57:15] [main/INFO] [FML]: Adding mixin.bogosorter.json mixin configuration.
[00:57:15] [main/INFO] [FML]: Loading early loader com.leobeliik.extremesoundmuffler.core.ESMCore for its mixins.
[00:57:15] [main/INFO] [FML]: Adding mixins.extremesoundmuffler.json mixin configuration.
[00:57:15] [main/INFO] [FML]: Loading early loader roidrole.patternbanners.core.PatternBannersCore for its mixins.
[00:57:15] [main/INFO] [FML]: Adding mixins.patternbanners.wear_banners.json mixin configuration.
[00:57:15] [main/INFO] [FML]: Adding mixins.patternbanners.no_vanilla_pattern_apply.json mixin configuration.
[00:57:15] [main/INFO] [FML]: Loading early loader dev.redstudio.witherconfig.asm.WitherConfigPlugin for its mixins.
[00:57:15] [main/INFO] [FML]: Adding mixins.witherConfig.json mixin configuration.
[00:57:15] [main/INFO] [FML]: Adding mixins.witherConfig.boatFix.json mixin configuration.
[00:57:15] [main/INFO] [FML]: Loading early loader roidrole.roidtweaker.mixins.RoidTweakerEarlyMixinLoader for its mixins.
[00:57:15] [main/INFO] [FML]: Adding mixins.roidtweaker.villager.accessor.json mixin configuration.
[00:57:15] [main/INFO] [FML]: Loading early loader org.taumc.celeritas.core.CeleritasLoadingPlugin for its mixins.
[00:57:15] [main/INFO] [FML]: Adding mixins.celeritas.json mixin configuration.
[00:57:15] [main/INFO] [FML]: Loading early loader io.enderdev.endermodpacktweaks.core.EMTLoadingPlugin for its mixins.
[00:57:15] [main/INFO] [FML]: Adding mixins/mixins.emt.minecraft.client.json mixin configuration.
[00:57:15] [main/INFO] [FML]: Adding mixins/mixins.emt.minecraft.window.json mixin configuration.
[00:57:15] [main/INFO] [FML]: Adding mixins/mixins.emt.minecraftforge.json mixin configuration.
[00:57:15] [main/INFO] [FML]: Loading early loader dev.redstudio.alfheim.asm.AlfheimPlugin for its mixins.
[00:57:15] [main/INFO] [FML]: Adding mixins.alfheim.json mixin configuration.
[00:57:15] [main/INFO] [FML]: Loading early loader mod.acgaming.btfixes.core.BTFixesLoadingPlugin for its mixins.
[00:57:15] [main/INFO] [FML]: Adding btfixes.vanilla.mixins.json mixin configuration.
[00:57:15] [main/INFO] [FML]: Loading early loader org.dimdev.jeid.core.JEIDLoadingPlugin for its mixins.
[00:57:15] [main/INFO] [FML]: Adding mixins.jeid.core.json mixin configuration.
[00:57:15] [main/INFO] [FML]: Loading early loader com.kbp.client.EarlyMixinInit for its mixins.
[00:57:15] [main/INFO] [FML]: Adding mixins.kbp.json mixin configuration.
[00:57:15] [main/INFO] [FML]: Loading early loader arekkuusu.betterhurttimer.common.core.EarlyMixinLoader for its mixins.
[00:57:15] [main/INFO] [FML]: Adding assets/betterhurttimer/betterhurttimer.mixins.json mixin configuration.
[00:57:15] [main/INFO] [FML]: Loading early loader mod.acgaming.universaltweaks.core.UTLoadingPlugin for its mixins.
[00:57:16] [main/INFO] [FML]: Adding mixins/tweaks/mixins.blocks.betterrailplacement.json mixin configuration.
[00:57:16] [main/INFO] [FML]: Adding mixins/tweaks/mixins.misc.buttons.anaglyph.json mixin configuration.
[00:57:16] [main/INFO] [FML]: Adding mixins/tweaks/mixins.performance.textureatlas.json mixin configuration.
[00:57:16] [main/INFO] [FML]: Adding mixins/tweaks/mixins.performance.audioreload.json mixin configuration.
[00:57:16] [main/INFO] [FML]: Adding mixins/tweaks/mixins.misc.gui.keybindlistentry.json mixin configuration.
[00:57:16] [main/INFO] [FML]: Adding mixins/bugfixes/mixins.misc.spectatormenu.json mixin configuration.
[00:57:16] [main/INFO] [FML]: Adding mixins/bugfixes/mixins.entities.elytrarender.json mixin configuration.
[00:57:16] [main/INFO] [FML]: Adding mixins/bugfixes/mixins.entities.entitylists.client.json mixin configuration.
[00:57:16] [main/INFO] [FML]: Adding mixins/bugfixes/mixins.misc.actionbar.json mixin configuration.
[00:57:16] [main/INFO] [FML]: Adding mixins/bugfixes/mixins.misc.startup.json mixin configuration.
[00:57:16] [main/INFO] [FML]: Adding mixins/tweaks/mixins.performance.resourcemanager.json mixin configuration.
[00:57:16] [main/INFO] [FML]: Adding mixins/tweaks/mixins.performance.connectionspeed.json mixin configuration.
[00:57:16] [main/INFO] [FML]: Adding mixins/bugfixes/mixins.blocks.selectionbox.json mixin configuration.
[00:57:16] [main/INFO] [FML]: Adding mixins/tweaks/mixins.items.itementities.client.json mixin configuration.
[00:57:16] [main/INFO] [FML]: Adding mixins/tweaks/mixins.misc.gui.ping.json mixin configuration.
[00:57:16] [main/INFO] [FML]: Adding mixins/bugfixes/mixins.entities.elytra.json mixin configuration.
[00:57:16] [main/INFO] [FML]: Adding mixins/tweaks/mixins.misc.viewbobbing.json mixin configuration.
[00:57:16] [main/INFO] [FML]: Adding mixins/bugfixes/mixins.world.difficultyconsistency.json mixin configuration.
[00:57:16] [main/INFO] [FML]: Adding mixins/bugfixes/mixins.blocks.blockoverlay.json mixin configuration.
[00:57:16] [main/INFO] [FML]: Adding mixins/bugfixes/mixins.world.culling.frustum.json mixin configuration.
[00:57:16] [main/INFO] [FML]: Adding mixins/tweaks/mixins.misc.gui.lanserverproperties.json mixin configuration.
[00:57:16] [main/INFO] [FML]: Adding mixins/bugfixes/mixins.misc.smoothlighting.json mixin configuration.
[00:57:16] [main/INFO] [FML]: Adding mixins/tweaks/mixins.misc.smoothscrolling.json mixin configuration.
[00:57:16] [main/INFO] [FML]: Adding mixins/tweaks/mixins.misc.timeouts.client.json mixin configuration.
[00:57:16] [main/INFO] [FML]: Adding mixins/tweaks/mixins.performance.fps.json mixin configuration.
[00:57:16] [main/INFO] [FML]: Adding mixins/bugfixes/mixins.misc.itempickup.json mixin configuration.
[00:57:16] [main/INFO] [FML]: Adding mixins/tweaks/mixins.misc.chat.bed.json mixin configuration.
[00:57:16] [main/INFO] [FML]: Adding mixins/bugfixes/mixins.misc.potionamplifier.json mixin configuration.
[00:57:16] [main/INFO] [FML]: Adding mixins/tweaks/mixins.misc.recipebook.client.json mixin configuration.
[00:57:16] [main/INFO] [FML]: Adding mixins/tweaks/mixins.performance.languageswitching.json mixin configuration.
[00:57:16] [main/INFO] [FML]: Adding mixins/bugfixes/mixins.misc.depthmask.json mixin configuration.
[00:57:16] [main/INFO] [FML]: Adding mixins/tweaks/mixins.misc.gui.potionduration.json mixin configuration.
[00:57:16] [main/INFO] [FML]: Adding mixins/bugfixes/mixins.entities.villagermantle.json mixin configuration.
[00:57:16] [main/INFO] [FML]: Adding mixins/tweaks/mixins.misc.gui.modlist.json mixin configuration.
[00:57:16] [main/INFO] [FML]: Adding mixins/bugfixes/mixins.misc.camera.json mixin configuration.
[00:57:16] [main/INFO] [FML]: Adding mixins/tweaks/mixins.misc.toastcontrol.json mixin configuration.
[00:57:16] [main/INFO] [FML]: Adding mixins/tweaks/mixins.entities.ai.saddledwandering.json mixin configuration.
[00:57:16] [main/INFO] [FML]: Adding mixins/tweaks/mixins.items.itementities.server.json mixin configuration.
[00:57:16] [main/INFO] [FML]: Adding mixins/tweaks/mixins.blocks.leafdecay.json mixin configuration.
[00:57:16] [main/INFO] [FML]: Adding mixins/tweaks/mixins.items.bottle.cauldron.json mixin configuration.
[00:57:16] [main/INFO] [FML]: Adding mixins/tweaks/mixins.entities.spawning.husk.json mixin configuration.
[00:57:16] [main/INFO] [FML]: Adding mixins/bugfixes/mixins.entities.maxhealth.json mixin configuration.
[00:57:16] [main/INFO] [FML]: Adding mixins/bugfixes/mixins.blocks.falling.json mixin configuration.
[00:57:16] [main/INFO] [FML]: Adding mixins/bugfixes/mixins.misc.crafteditemstatistics.json mixin configuration.
[00:57:16] [main/INFO] [FML]: Adding mixins/tweaks/mixins.entities.spawning.stray.json mixin configuration.
[00:57:16] [main/INFO] [FML]: Adding mixins/bugfixes/mixins.blocks.comparatortiming.json mixin configuration.
[00:57:16] [main/INFO] [FML]: Adding mixins/bugfixes/mixins.blocks.hopper.boundingbox.json mixin configuration.
[00:57:16] [main/INFO] [FML]: Adding mixins/bugfixes/mixins.entities.ai.rails.json mixin configuration.
[00:57:16] [main/INFO] [FML]: Adding mixins/tweaks/mixins.performance.entityradiuscheck.lesscollisions.json mixin configuration.
[00:57:16] [main/INFO] [FML]: Adding mixins/tweaks/mixins.entities.burning.mobs.json mixin configuration.
[00:57:16] [main/INFO] [FML]: Adding mixins/bugfixes/mixins.world.tileentities.json mixin configuration.
[00:57:16] [main/INFO] [FML]: Adding mixins/bugfixes/mixins.entities.deathtime.json mixin configuration.
[00:57:16] [main/INFO] [FML]: Adding mixins/bugfixes/mixins.entities.tracker.json mixin configuration.
[00:57:16] [main/INFO] [FML]: Adding mixins/tweaks/mixins.performance.pathfinding.json mixin configuration.
[00:57:16] [main/INFO] [FML]: Adding mixins/tweaks/mixins.entities.ai.json mixin configuration.
[00:57:16] [main/INFO] [FML]: Adding mixins/bugfixes/mixins.misc.enchantmentlevel.json mixin configuration.
[00:57:16] [main/INFO] [FML]: Adding mixins/bugfixes/mixins.entities.minecart.json mixin configuration.
[00:57:16] [main/INFO] [FML]: Adding mixins/bugfixes/mixins.entities.skeletonaim.json mixin configuration.
[00:57:16] [main/INFO] [FML]: Adding mixins/tweaks/mixins.performance.prefixcheck.json mixin configuration.
[00:57:16] [main/INFO] [FML]: Adding mixins/bugfixes/mixins.misc.particlespawning.json mixin configuration.
[00:57:16] [main/INFO] [FML]: Adding mixins/bugfixes/mixins.misc.durabilitycap.json mixin configuration.
[00:57:16] [main/INFO] [FML]: Adding mixins/tweaks/mixins.misc.recipebook.server.json mixin configuration.
[00:57:16] [main/INFO] [FML]: Adding mixins/bugfixes/mixins.entities.suffocation.json mixin configuration.
[00:57:16] [main/INFO] [FML]: Adding mixins/tweaks/mixins.items.rarity.json mixin configuration.
[00:57:16] [main/INFO] [FML]: Adding mixins/bugfixes/mixins.misc.packetsize.json mixin configuration.
[00:57:16] [main/INFO] [FML]: Adding mixins/tweaks/mixins.blocks.sapling.json mixin configuration.
[00:57:16] [main/INFO] [FML]: Adding mixins/bugfixes/mixins.entities.sleeping.json mixin configuration.
[00:57:16] [main/INFO] [FML]: Adding mixins/tweaks/mixins.items.eating.soupbowl.json mixin configuration.
[00:57:16] [main/INFO] [FML]: Adding mixins/tweaks/mixins.performance.dyeblending.json mixin configuration.
[00:57:16] [main/INFO] [FML]: Adding mixins/tweaks/mixins.performance.craftingcache.json mixin configuration.
[00:57:16] [main/INFO] [FML]: Adding mixins/bugfixes/mixins.entities.desync.json mixin configuration.
[00:57:16] [main/INFO] [FML]: Adding mixins/bugfixes/mixins.entities.attackradius.json mixin configuration.
[00:57:16] [main/INFO] [FML]: Adding mixins/bugfixes/mixins.entities.entitylists.json mixin configuration.
[00:57:16] [main/INFO] [FML]: Adding mixins/bugfixes/mixins.blocks.itemframevoid.json mixin configuration.
[00:57:16] [main/INFO] [FML]: Adding mixins/bugfixes/mixins.blocks.miningglitch.json mixin configuration.
[00:57:16] [main/INFO] [FML]: Adding mixins/bugfixes/mixins.blocks.hopper.tile.json mixin configuration.
[00:57:16] [main/INFO] [FML]: Adding mixins/tweaks/mixins.blocks.lenientpaths.json mixin configuration.
[00:57:16] [main/INFO] [FML]: Adding mixins/tweaks/mixins.misc.difficulty.singleplayer.json mixin configuration.
[00:57:16] [main/INFO] [FML]: Adding mixins/tweaks/mixins.misc.timeouts.json mixin configuration.
[00:57:16] [main/INFO] [FML]: Adding mixins/bugfixes/mixins.world.village.json mixin configuration.
[00:57:16] [main/INFO] [FML]: Adding mixins/mixins.vanilla.mod.accessors.json mixin configuration.
[00:57:16] [main/INFO] [FML]: Adding mixins/tweaks/mixins.entities.sleeping.json mixin configuration.
[00:57:16] [main/INFO] [FML]: Adding mixins/tweaks/mixins.entities.taming.horse.json mixin configuration.
[00:57:16] [main/INFO] [FML]: Adding mixins/bugfixes/mixins.blocks.ladderflying.json mixin configuration.
[00:57:16] [main/INFO] [FML]: Adding mixins/tweaks/mixins.world.stronghold.json mixin configuration.
[00:57:16] [main/INFO] [FML]: Adding mixins/tweaks/mixins.performance.entityradiuscheck.reducesearchsize.json mixin configuration.
[00:57:16] [main/INFO] [FML]: Adding mixins/bugfixes/mixins.entities.dimensionchange.json mixin configuration.
[00:57:16] [main/INFO] [FML]: Adding mixins/bugfixes/mixins.entities.destroypacket.json mixin configuration.
[00:57:16] [main/INFO] [FML]: Adding mixins/bugfixes/mixins.entities.horsefalling.json mixin configuration.
[00:57:16] [main/INFO] [FML]: Adding mixins/tweaks/mixins.misc.incurablepotions.json mixin configuration.
[00:57:16] [main/INFO] [FML]: Adding mixins/bugfixes/mixins.world.witchhut.json mixin configuration.
[00:57:16] [main/INFO] [FML]: Adding mixins/bugfixes/mixins.entities.boundingbox.json mixin configuration.
[00:57:16] [main/INFO] [FML]: Adding mixins/bugfixes/mixins.entities.mount.json mixin configuration.
[00:57:16] [main/INFO] [FML]: Adding mixins/tweaks/mixins.entities.burning.horse.json mixin configuration.
[00:57:16] [main/INFO] [FML]: Adding mixins/bugfixes/mixins.entities.blockfire.json mixin configuration.
[00:57:16] [main/INFO] [FML]: Adding mixins/bugfixes/mixins.entities.saturation.json mixin configuration.
[00:57:16] [main/INFO] [FML]: Adding mixins/bugfixes/mixins.blocks.falling.dupe.json mixin configuration.
[00:57:16] [main/INFO] [FML]: Adding mixins/bugfixes/mixins.entities.boat.breaking.json mixin configuration.
[00:57:16] [main/INFO] [FML]: Adding mixins/tweaks/mixins.misc.commands.seed.json mixin configuration.
[00:57:16] [main/INFO] [FML]: Adding mixins/bugfixes/mixins.world.portal.json mixin configuration.
[00:57:16] [main/INFO] [FML]: Adding mixins/bugfixes/mixins.entities.boat.offset.json mixin configuration.
[00:57:16] [main/INFO] [FML]: Adding mixins/bugfixes/mixins.blocks.piston.tile.json mixin configuration.
[00:57:16] [main/INFO] [FML]: Adding mixins/tweaks/mixins.blocks.endportal.json mixin configuration.
[00:57:16] [main/INFO] [FML]: Adding mixins/bugfixes/mixins.entities.untippedarrowparticles.json mixin configuration.
[00:57:16] [main/INFO] [FML]: Adding mixins/tweaks/mixins.blocks.bedobstruction.json mixin configuration.
[00:57:16] [main/INFO] [FML]: Adding mixins/bugfixes/mixins.entities.entityid.json mixin configuration.
[00:57:16] [main/INFO] [FML]: Adding mixins/tweaks/mixins.performance.advancements.triggers.json mixin configuration.
[00:57:16] [main/INFO] [FML]: Loading early loader youyihj.zenrecipereloading.core.ZenRecipeReloadingPlugin for its mixins.
[00:57:16] [main/INFO] [FML]: Adding mixins.zenrecipereloading.json mixin configuration.
[00:57:16] [main/INFO] [FML]: Loading early loader org.embeddedt.vintagefix.core.VintageFixCore for its mixins.
[00:57:16] [main/INFO] [FML]: Adding mixins.vintagefix.init.json mixin configuration.
[00:57:16] [main/INFO] [FML]: Adding mixins.vintagefix.json mixin configuration.
[00:57:16] [main/INFO] [FML]: Loading early loader com.tttsaurus.anothertips.AnotherTipsCoremod for its mixins.
[00:57:16] [main/INFO] [FML]: Adding mixins.anothertips.early.json mixin configuration.
[00:57:16] [main/INFO] [FML]: Loading early loader com.cleanroommc.modularui.core.ModularUICore for its mixins.
[00:57:16] [main/INFO] [FML]: Adding mixin.modularui.json mixin configuration.
[00:57:16] [main/INFO] [FML]: Loading early loader me.decce.gnetum.GnetumPlugin for its mixins.
[00:57:16] [main/INFO] [FML]: Adding mixins.gnetum.early.json mixin configuration.
[00:57:16] [main/INFO] [FML]: Loading early loader ua.myxazaur.lemonskin.asm.LemonSkinPlugin for its mixins.
[00:57:16] [main/INFO] [FML]: Adding mixins.lemonskin.json mixin configuration.
[00:57:16] [main/INFO] [FML]: Loading early loader com.cleanroommc.groovyscript.core.GroovyScriptCore for its mixins.
[00:57:16] [main/INFO] [FML]: Adding mixin.groovyscript.json mixin configuration.
[00:57:16] [main/INFO] [Foundation]: Calling tweak KonkreteCore
[00:57:16] [main/INFO] [Foundation]: Calling tweak Bubbles
[00:57:16] [main/INFO] [Foundation]: Calling tweak FermiumBooter
[00:57:16] [main/INFO] [FermiumJarScanner]: FermiumJarScanner beginning jar searching.
[00:57:16] [main/INFO] [FML]: Searching /Users/gottfrid.nordstrom@live.vasteras.se/Library/Application Support/PrismLauncher/instances/Emergent-Engineering/minecraft/./mods for mods
[00:57:16] [main/INFO] [FML]: Searching /Users/gottfrid.nordstrom@live.vasteras.se/Library/Application Support/PrismLauncher/instances/Emergent-Engineering/minecraft/./mods/1.12.2 for mods
[00:57:20] [main/INFO] [FermiumJarScanner]: FermiumJarScanner finished jar searching, found 222 ModIDs.
[00:57:20] [main/INFO] [FermiumJarScanner]: FermiumMixinConfig beginning MixinConfig parsing.
[00:57:20] [main/INFO] [FermiumJarScanner]: FermiumMixinConfig enqueueing mixin(s) parsed from annotated config Append General Mixin Exceptions To Crash Reports from fermiumbooter.
[00:57:20] [main/INFO] [FermiumRegistryAPI]: FermiumRegistryAPI supplied "mixins.fermiumbooter.crashreport.json" for early mixin enqueue, adding.
[00:57:20] [main/ERROR] [FermiumJarScanner]: FermiumMixinConfig config "BetterFoliage Whitelist/Blacklist Cache (BetterFoliage)" from fermiummixins disabled as incompatible without betterfoliage: Requires mod to properly function.
[00:57:20] [main/ERROR] [FermiumJarScanner]: FermiumMixinConfig config "BetterFoliage Geometry Offset (BetterFoliage)" from fermiummixins disabled as incompatible without betterfoliage: Requires mod to properly function.
[00:57:20] [main/ERROR] [FermiumJarScanner]: FermiumMixinConfig config "Excess Mineshaft Chunk Generation Fix (BetterMineshafts)" from fermiummixins disabled as incompatible without bettermineshafts: Requires mod to properly function.
[00:57:20] [main/ERROR] [FermiumJarScanner]: FermiumMixinConfig config "Fix Disabled Biome Crash (NetherAPI/BetterNether)" from fermiummixins disabled as incompatible without betternether: Requires mod to properly function.
[00:57:20] [main/INFO] [FermiumJarScanner]: FermiumMixinConfig enqueueing mixin(s) parsed from annotated config Random Respawn Placement Protection (NetherAPI) from fermiummixins.
[00:57:20] [main/INFO] [FermiumRegistryAPI]: FermiumRegistryAPI supplied "mixins.fermiummixins.early.netherapi.respawnprotection.json" for early mixin enqueue, adding.
[00:57:20] [main/INFO] [FermiumJarScanner]: FermiumMixinConfig enqueueing mixin(s) parsed from annotated config Optifine Rune Render Fix (Quark) from fermiummixins.
[00:57:20] [main/INFO] [FermiumRegistryAPI]: FermiumRegistryAPI supplied "mixins.fermiummixins.early.quark.runeoptifine.json" for early mixin enqueue, adding.
[00:57:20] [main/INFO] [FermiumJarScanner]: FermiumMixinConfig enqueueing mixin(s) parsed from annotated config Stoneling Dupe Patch (Quark) from fermiummixins.
[00:57:20] [main/INFO] [FermiumRegistryAPI]: FermiumRegistryAPI supplied "mixins.fermiummixins.late.quark.stonelingdupe.json" for late mixin enqueue, adding.
[00:57:20] [main/INFO] [FermiumJarScanner]: FermiumMixinConfig enqueueing mixin(s) parsed from annotated config Sync Sign Edit Config (Quark) from fermiummixins.
[00:57:20] [main/INFO] [FermiumRegistryAPI]: FermiumRegistryAPI supplied "mixins.fermiummixins.late.quark.signeditsync.json" for late mixin enqueue, adding.
[00:57:20] [main/INFO] [FermiumJarScanner]: FermiumMixinConfig enqueueing mixin(s) parsed from annotated config Chest Boat Dupe (Quark) from fermiummixins.
[00:57:20] [main/INFO] [FermiumRegistryAPI]: FermiumRegistryAPI supplied "mixins.fermiummixins.late.quark.chestboatdupe.json" for late mixin enqueue, adding.
[00:57:20] [main/INFO] [FermiumJarScanner]: FermiumMixinConfig enqueueing mixin(s) parsed from annotated config Chat Link NBT Crash (Quark) from fermiummixins.
[00:57:20] [main/INFO] [FermiumRegistryAPI]: FermiumRegistryAPI supplied "mixins.fermiummixins.late.quark.chatlinkcrash.json" for late mixin enqueue, adding.
[00:57:20] [main/INFO] [FermiumJarScanner]: FermiumMixinConfig enqueueing mixin(s) parsed from annotated config Ender Watcher Performance Patch (Quark) from fermiummixins.
[00:57:20] [main/INFO] [FermiumRegistryAPI]: FermiumRegistryAPI supplied "mixins.fermiummixins.late.quark.enderwatcher.json" for late mixin enqueue, adding.
[00:57:20] [main/INFO] [FermiumJarScanner]: FermiumMixinConfig enqueueing mixin(s) parsed from annotated config Springy Slime Force Disable (Quark) from fermiummixins.
[00:57:20] [main/INFO] [FermiumRegistryAPI]: FermiumRegistryAPI supplied "mixins.fermiummixins.late.quark.disablespringyslime.json" for late mixin enqueue, adding.
[00:57:20] [main/INFO] [FermiumJarScanner]: FermiumMixinConfig enqueueing mixin(s) parsed from annotated config Emotes Force Disable (Quark) from fermiummixins.
[00:57:20] [main/INFO] [FermiumRegistryAPI]: FermiumRegistryAPI supplied "mixins.fermiummixins.late.quark.disableemotes.json" for late mixin enqueue, adding.
[00:57:20] [main/INFO] [FermiumJarScanner]: FermiumMixinConfig enqueueing mixin(s) parsed from annotated config Potion Colorizer Force Disable (Quark) from fermiummixins.
[00:57:20] [main/INFO] [FermiumRegistryAPI]: FermiumRegistryAPI supplied "mixins.fermiummixins.late.quark.disablecolorizer.json" for late mixin enqueue, adding.
[00:57:20] [main/INFO] [FermiumJarScanner]: FermiumMixinConfig enqueueing mixin(s) parsed from annotated config Reduced Villager Double Door AI Checks (Quark) from fermiummixins.
[00:57:20] [main/INFO] [FermiumRegistryAPI]: FermiumRegistryAPI supplied "mixins.fermiummixins.late.quark.villagerdoorai.json" for late mixin enqueue, adding.
[00:57:20] [main/INFO] [FermiumJarScanner]: FermiumMixinConfig enqueueing mixin(s) parsed from annotated config Stoneling Eyeheight Stall Patch (Quark) from fermiummixins.
[00:57:20] [main/INFO] [FermiumRegistryAPI]: FermiumRegistryAPI supplied "mixins.fermiummixins.late.quark.stonelingstall.json" for late mixin enqueue, adding.
[00:57:20] [main/INFO] [FermiumJarScanner]: FermiumMixinConfig enqueueing mixin(s) parsed from annotated config Stoneling Spawn Patch (Quark) from fermiummixins.
[00:57:20] [main/INFO] [FermiumRegistryAPI]: FermiumRegistryAPI supplied "mixins.fermiummixins.late.quark.stonelingspawn.json" for late mixin enqueue, adding.
[00:57:20] [main/INFO] [FermiumJarScanner]: FermiumMixinConfig enqueueing mixin(s) parsed from annotated config Enchanted Book Tooltip Rendering Patch (Quark) from fermiummixins.
[00:57:20] [main/INFO] [FermiumRegistryAPI]: FermiumRegistryAPI supplied "mixins.fermiummixins.late.quark.enchanttooltip.json" for late mixin enqueue, adding.
[00:57:20] [main/INFO] [FermiumJarScanner]: FermiumMixinConfig enqueueing mixin(s) parsed from annotated config Monster Box Check Player Performance (Quark) from fermiummixins.
[00:57:20] [main/INFO] [FermiumRegistryAPI]: FermiumRegistryAPI supplied "mixins.fermiummixins.late.quark.monsterboxperformance.json" for late mixin enqueue, adding.
[00:57:20] [main/INFO] [FermiumJarScanner]: FermiumMixinConfig enqueueing mixin(s) parsed from annotated config MC-119971 Outdated Chunk Data Patch (Vanilla) from fermiummixins.
[00:57:20] [main/INFO] [FermiumRegistryAPI]: FermiumRegistryAPI supplied "mixins.fermiummixins.early.vanilla.outdatedchunkdata.json" for early mixin enqueue, adding.
[00:57:20] [main/INFO] [FermiumJarScanner]: FermiumMixinConfig enqueueing mixin(s) parsed from annotated config Lowered Crouch Eye Height (Vanilla) from fermiummixins.
[00:57:20] [main/INFO] [FermiumRegistryAPI]: FermiumRegistryAPI supplied "mixins.fermiummixins.early.vanilla.lowercroucheyeheight.json" for early mixin enqueue, adding.
[00:57:20] [main/INFO] [FermiumJarScanner]: FermiumMixinConfig enqueueing mixin(s) parsed from annotated config Health Desync Patch (Vanilla) from fermiummixins.
[00:57:20] [main/INFO] [FermiumRegistryAPI]: FermiumRegistryAPI supplied "mixins.fermiummixins.early.vanilla.healthdesyncpatch.json" for early mixin enqueue, adding.
[00:57:20] [main/INFO] [FermiumJarScanner]: FermiumMixinConfig enqueueing mixin(s) parsed from annotated config Mending Priorities (Vanilla) from fermiummixins.
[00:57:20] [main/INFO] [FermiumRegistryAPI]: FermiumRegistryAPI supplied "mixins.fermiummixins.early.vanilla.mendingpriorities.json" for early mixin enqueue, adding.
[00:57:20] [main/INFO] [FermiumJarScanner]: FermiumMixinConfig enqueueing mixin(s) parsed from annotated config MC-92916 Entity Tracker Desync Patch (Vanilla) from fermiummixins.
[00:57:20] [main/INFO] [FermiumRegistryAPI]: FermiumRegistryAPI supplied "mixins.fermiummixins.early.vanilla.entitytrackerdesync.json" for early mixin enqueue, adding.
[00:57:20] [main/INFO] [FermiumJarScanner]: FermiumMixinConfig enqueueing mixin(s) parsed from annotated config Particle Render Patch (Vanilla) from fermiummixins.
[00:57:20] [main/INFO] [FermiumRegistryAPI]: FermiumRegistryAPI supplied "mixins.fermiummixins.early.vanilla.particlerenderpatch.json" for early mixin enqueue, adding.
[00:57:20] [main/INFO] [FermiumJarScanner]: FermiumMixinConfig enqueueing mixin(s) parsed from annotated config MC-108469 Chunk Entity List Patch (Vanilla) from fermiummixins.
[00:57:20] [main/INFO] [FermiumRegistryAPI]: FermiumRegistryAPI supplied "mixins.fermiummixins.early.vanilla.chunkentitylistpatch.json" for early mixin enqueue, adding.
[00:57:20] [main/INFO] [FermiumJarScanner]: FermiumMixinConfig enqueueing mixin(s) parsed from annotated config Giant Zombie Spawn Fix (Vanilla) from fermiummixins.
[00:57:20] [main/INFO] [FermiumRegistryAPI]: FermiumRegistryAPI supplied "mixins.fermiummixins.early.vanilla.giantzombiespawnfix.json" for early mixin enqueue, adding.
[00:57:20] [main/INFO] [FermiumJarScanner]: FermiumMixinConfig enqueueing mixin(s) parsed from annotated config Teleporting Lag Patch (Vanilla) from fermiummixins.
[00:57:20] [main/INFO] [FermiumRegistryAPI]: FermiumRegistryAPI supplied "mixins.fermiummixins.early.vanilla.teleportinglagpatch.json" for early mixin enqueue, adding.
[00:57:20] [main/INFO] [FermiumJarScanner]: FermiumMixinConfig enqueueing mixin(s) parsed from annotated config Prevent Idle Guardian Sinking (Vanilla) from fermiummixins.
[00:57:20] [main/INFO] [FermiumRegistryAPI]: FermiumRegistryAPI supplied "mixins.fermiummixins.early.vanilla.idleguardiansinking.json" for early mixin enqueue, adding.
[00:57:20] [main/INFO] [FermiumJarScanner]: FermiumMixinConfig enqueueing mixin(s) parsed from annotated config Potion Amplifier Visibility (Vanilla) from fermiummixins.
[00:57:20] [main/INFO] [FermiumRegistryAPI]: FermiumRegistryAPI supplied "mixins.fermiummixins.early.vanilla.potionamplifiervisibility.json" for early mixin enqueue, adding.
[00:57:20] [main/INFO] [FermiumJarScanner]: FermiumMixinConfig enqueueing mixin(s) parsed from annotated config MC-63340 Stop Sleep Resetting Weather (Vanilla) from fermiummixins.
[00:57:20] [main/INFO] [FermiumRegistryAPI]: FermiumRegistryAPI supplied "mixins.fermiummixins.early.vanilla.stopsleepresettingweather.json" for early mixin enqueue, adding.
[00:57:20] [main/INFO] [FermiumJarScanner]: FermiumMixinConfig enqueueing mixin(s) parsed from annotated config World Border Time Cache (Vanilla) from fermiummixins.
[00:57:20] [main/INFO] [FermiumRegistryAPI]: FermiumRegistryAPI supplied "mixins.fermiummixins.early.vanilla.worldbordertimecache.json" for early mixin enqueue, adding.
[00:57:20] [main/INFO] [FermiumJarScanner]: FermiumMixinConfig enqueueing mixin(s) parsed from annotated config Water Chunk Gen Ticking Fix (Vanilla) from fermiummixins.
[00:57:20] [main/INFO] [FermiumRegistryAPI]: FermiumRegistryAPI supplied "mixins.fermiummixins.early.vanilla.waterchunkgenticking.json" for early mixin enqueue, adding.
[00:57:20] [main/INFO] [FermiumJarScanner]: FermiumMixinConfig enqueueing mixin(s) parsed from annotated config Random Respawn Placement Protection (Vanilla) from fermiummixins.
[00:57:20] [main/INFO] [FermiumRegistryAPI]: FermiumRegistryAPI supplied "mixins.fermiummixins.early.vanilla.respawnprotection.json" for early mixin enqueue, adding.
[00:57:20] [main/INFO] [FermiumJarScanner]: FermiumMixinConfig enqueueing mixin(s) parsed from annotated config Chunk Visibility Cache (Vanilla) from fermiummixins.
[00:57:20] [main/INFO] [FermiumRegistryAPI]: FermiumRegistryAPI supplied "mixins.fermiummixins.early.vanilla.chunkvisibilitycache.json" for early mixin enqueue, adding.
[00:57:20] [main/INFO] [FermiumJarScanner]: FermiumMixinConfig enqueueing mixin(s) parsed from annotated config World Flammable BlockPos Patch (Vanilla) from fermiummixins.
[00:57:20] [main/INFO] [FermiumRegistryAPI]: FermiumRegistryAPI supplied "mixins.fermiummixins.early.vanilla.worldflammablepos.json" for early mixin enqueue, adding.
[00:57:20] [main/INFO] [FermiumJarScanner]: FermiumMixinConfig enqueueing mixin(s) parsed from annotated config Particle Collision Fix (Vanilla) from fermiummixins.
[00:57:20] [main/INFO] [FermiumRegistryAPI]: FermiumRegistryAPI supplied "mixins.fermiummixins.early.vanilla.particlecollisionfix.json" for early mixin enqueue, adding.
[00:57:20] [main/INFO] [FermiumJarScanner]: FermiumMixinConfig enqueueing mixin(s) parsed from annotated config Untipped Arrow Particles Fix (Vanilla) from fermiummixins.
[00:57:20] [main/INFO] [FermiumRegistryAPI]: FermiumRegistryAPI supplied "mixins.fermiummixins.early.vanilla.untippedarrowparticles.json" for early mixin enqueue, adding.
[00:57:20] [main/INFO] [FermiumJarScanner]: FermiumMixinConfig enqueueing mixin(s) parsed from annotated config Player Death Shake Fix (Vanilla) from fermiummixins.
[00:57:20] [main/INFO] [FermiumRegistryAPI]: FermiumRegistryAPI supplied "mixins.fermiummixins.early.vanilla.playerdeathshakefix.json" for early mixin enqueue, adding.
[00:57:20] [main/INFO] [FermiumJarScanner]: FermiumMixinConfig enqueueing mixin(s) parsed from annotated config Furnace XP Limit Fix (Vanilla) from fermiummixins.
[00:57:20] [main/INFO] [FermiumRegistryAPI]: FermiumRegistryAPI supplied "mixins.fermiummixins.early.vanilla.furnacexplimitfix.json" for early mixin enqueue, adding.
[00:57:20] [main/INFO] [FermiumJarScanner]: FermiumMixinConfig enqueueing mixin(s) parsed from annotated config Suppress AddPacket For Removed Entity Warnings (Vanilla) from fermiummixins.
[00:57:20] [main/INFO] [FermiumRegistryAPI]: FermiumRegistryAPI supplied "mixins.fermiummixins.early.vanilla.suppressaddpacket.json" for early mixin enqueue, adding.
[00:57:20] [main/INFO] [FermiumJarScanner]: FermiumMixinConfig enqueueing mixin(s) parsed from annotated config Suppress Received Passengers For Unknown Entity Warnings (Vanilla) from fermiummixins.
[00:57:20] [main/INFO] [FermiumRegistryAPI]: FermiumRegistryAPI supplied "mixins.fermiummixins.early.vanilla.suppressreceivedpassengers.json" for early mixin enqueue, adding.
[00:57:20] [main/INFO] [FermiumJarScanner]: FermiumMixinConfig enqueueing mixin(s) parsed from annotated config Hardcore Game Over Unloading Fix (Vanilla) from fermiummixins.
[00:57:20] [main/INFO] [FermiumRegistryAPI]: FermiumRegistryAPI supplied "mixins.fermiummixins.early.vanilla.hardcoregameoverfix.json" for early mixin enqueue, adding.
[00:57:20] [main/INFO] [FermiumJarScanner]: FermiumMixinConfig enqueueing mixin(s) parsed from annotated config Fix Delayed Packet Errors (Vanilla) from fermiummixins.
[00:57:20] [main/INFO] [FermiumRegistryAPI]: FermiumRegistryAPI supplied "mixins.fermiummixins.early.vanilla.delayedpacketerrors.json" for early mixin enqueue, adding.
[00:57:20] [main/INFO] [FermiumJarScanner]: FermiumMixinConfig enqueueing mixin(s) parsed from annotated config Prevent Mob Spawns in Lazy Chunks (Vanilla) from fermiummixins.
[00:57:20] [main/INFO] [FermiumRegistryAPI]: FermiumRegistryAPI supplied "mixins.fermiummixins.early.vanilla.lazychunkmobspawns.json" for early mixin enqueue, adding.
[00:57:20] [main/INFO] [FermiumJarScanner]: FermiumMixinConfig enqueueing mixin(s) parsed from annotated config Stackable Soup Return Bowls Fix (Vanilla) from fermiummixins.
[00:57:20] [main/INFO] [FermiumRegistryAPI]: FermiumRegistryAPI supplied "mixins.fermiummixins.early.vanilla.stackablesoupbowlfix.json" for early mixin enqueue, adding.
[00:57:20] [main/INFO] [FermiumJarScanner]: FermiumMixinConfig enqueueing mixin(s) parsed from annotated config Suppress Dangerous Prefix Errors (Vanilla) from fermiummixins.
[00:57:20] [main/INFO] [FermiumRegistryAPI]: FermiumRegistryAPI supplied "mixins.fermiummixins.early.vanilla.suppressdangerousprefix.json" for early mixin enqueue, adding.
[00:57:20] [main/INFO] [FermiumJarScanner]: FermiumMixinConfig enqueueing mixin(s) parsed from annotated config Suppress Broken Ore Dictionary Errors (Vanilla) from fermiummixins.
[00:57:20] [main/INFO] [FermiumRegistryAPI]: FermiumRegistryAPI supplied "mixins.fermiummixins.early.vanilla.suppressbrokenoredict.json" for early mixin enqueue, adding.
[00:57:20] [main/INFO] [FermiumJarScanner]: FermiumMixinConfig enqueueing mixin(s) parsed from annotated config Prevent Pathfinding Chunk Loading (Vanilla) from fermiummixins.
[00:57:20] [main/INFO] [FermiumRegistryAPI]: FermiumRegistryAPI supplied "mixins.fermiummixins.early.vanilla.pathfindingloading.json" for early mixin enqueue, adding.
[00:57:20] [main/INFO] [FermiumJarScanner]: FermiumMixinConfig enqueueing mixin(s) parsed from annotated config World Gen Material Check Fix (Vanilla) from fermiummixins.
[00:57:20] [main/INFO] [FermiumRegistryAPI]: FermiumRegistryAPI supplied "mixins.fermiummixins.early.vanilla.materialcheck.json" for early mixin enqueue, adding.
[00:57:20] [main/INFO] [FermiumJarScanner]: FermiumMixinConfig enqueueing mixin(s) parsed from annotated config Falling Block Tick Performance (Vanilla) from fermiummixins.
[00:57:20] [main/INFO] [FermiumRegistryAPI]: FermiumRegistryAPI supplied "mixins.fermiummixins.early.vanilla.fallblocktick.json" for early mixin enqueue, adding.
[00:57:20] [main/INFO] [FermiumJarScanner]: FermiumMixinConfig finished MixinConfig parsing, parsed 202 config options with 4 warnings
[00:57:20] [main/INFO] [FermiumBooter]: FermiumBooter adding "mixins.fermiummixins.early.quark.runeoptifine.json" for early mixin application.
[00:57:20] [main/INFO] [FermiumBooter]: FermiumBooter adding "mixins.recipes.json" for early mixin application.
[00:57:20] [main/INFO] [FermiumBooter]: FermiumBooter adding "mixins.fermiummixins.early.vanilla.furnacexplimitfix.json" for early mixin application.
[00:57:20] [main/INFO] [FermiumBooter]: FermiumBooter adding "mixins.internal.json" for early mixin application.
[00:57:20] [main/INFO] [FermiumBooter]: FermiumBooter adding "mixins.fermiummixins.early.vanilla.worldbordertimecache.json" for early mixin application.
[00:57:20] [main/INFO] [FermiumBooter]: FermiumBooter adding "mixins.fermiummixins.early.vanilla.worldflammablepos.json" for early mixin application.
[00:57:20] [main/INFO] [FermiumBooter]: FermiumBooter adding "mixins.fermiummixins.early.vanilla.particlerenderpatch.json" for early mixin application.
[00:57:20] [main/INFO] [FermiumBooter]: FermiumBooter adding "mixins.fermiummixins.early.vanilla.teleportinglagpatch.json" for early mixin application.
[00:57:20] [main/INFO] [FermiumBooter]: FermiumBooter adding "mixins.fermiummixins.early.vanilla.pathfindingloading.json" for early mixin application.
[00:57:20] [main/INFO] [FermiumBooter]: FermiumBooter adding "mixins.fermiummixins.early.vanilla.respawnprotection.json" for early mixin application.
[00:57:20] [main/INFO] [FermiumBooter]: FermiumBooter adding "mixins.rendering.json" for early mixin application.
[00:57:20] [main/INFO] [FermiumBooter]: FermiumBooter adding "mixins.fermiummixins.early.vanilla.materialcheck.json" for early mixin application.
[00:57:20] [main/INFO] [FermiumBooter]: FermiumBooter adding "mixins.fermiummixins.early.vanilla.stackablesoupbowlfix.json" for early mixin application.
[00:57:20] [main/INFO] [FermiumBooter]: FermiumBooter adding "mixins.fermiummixins.early.vanilla.fallblocktick.json" for early mixin application.
[00:57:20] [main/INFO] [FermiumBooter]: FermiumBooter adding "mixins.fermiummixins.early.vanilla.stopsleepresettingweather.json" for early mixin application.
[00:57:20] [main/INFO] [FermiumBooter]: FermiumBooter adding "mixins.fermiummixins.early.vanilla.giantzombiespawnfix.json" for early mixin application.
[00:57:20] [main/INFO] [FermiumBooter]: FermiumBooter adding "mixins.furnacexpstorage.json" for early mixin application.
[00:57:20] [main/INFO] [FermiumBooter]: FermiumBooter adding "mixins.vfix_bugfixes.json" for early mixin application.
[00:57:20] [main/INFO] [FermiumBooter]: FermiumBooter adding "mixins.fermiummixins.early.netherapi.respawnprotection.json" for early mixin application.
[00:57:20] [main/INFO] [FermiumBooter]: FermiumBooter adding "mixins.capability.json" for early mixin application.
[00:57:20] [main/INFO] [FermiumBooter]: FermiumBooter adding "mixins.fermiummixins.early.vanilla.waterchunkgenticking.json" for early mixin application.
[00:57:20] [main/INFO] [FermiumBooter]: FermiumBooter adding "mixins.fermiummixins.early.vanilla.suppressdangerousprefix.json" for early mixin application.
[00:57:20] [main/INFO] [FermiumBooter]: FermiumBooter adding "mixins.fermiummixins.early.vanilla.hardcoregameoverfix.json" for early mixin application.
[00:57:20] [main/INFO] [FermiumBooter]: FermiumBooter adding "mixins.searchtree_vanilla.json" for early mixin application.
[00:57:20] [main/INFO] [FermiumBooter]: FermiumBooter adding "mixins.fermiummixins.early.vanilla.lowercroucheyeheight.json" for early mixin application.
[00:57:20] [main/INFO] [FermiumBooter]: FermiumBooter adding "mixins.fermiummixins.early.vanilla.suppressbrokenoredict.json" for early mixin application.
[00:57:20] [main/INFO] [FermiumBooter]: FermiumBooter adding "mixins.fermiummixins.early.vanilla.suppressaddpacket.json" for early mixin application.
[00:57:20] [main/INFO] [FermiumBooter]: FermiumBooter adding "mixins.fermiummixins.early.vanilla.playerdeathshakefix.json" for early mixin application.
[00:57:20] [main/INFO] [FermiumBooter]: FermiumBooter adding "mixins.fermiummixins.early.vanilla.untippedarrowparticles.json" for early mixin application.
[00:57:20] [main/INFO] [FermiumBooter]: FermiumBooter adding "mixins.fermiummixins.early.vanilla.chunkvisibilitycache.json" for early mixin application.
[00:57:20] [main/INFO] [FermiumBooter]: FermiumBooter adding "mixins.resolve_mc2071.json" for early mixin application.
[00:57:20] [main/INFO] [FermiumBooter]: FermiumBooter adding "mixins.fix_mc_skindownloading.json" for early mixin application.
[00:57:20] [main/INFO] [FermiumBooter]: FermiumBooter adding "mixins.misc_fluidregistry.json" for early mixin application.
[00:57:20] [main/INFO] [FermiumBooter]: FermiumBooter adding "mixins.fermiummixins.early.vanilla.mendingpriorities.json" for early mixin application.
[00:57:20] [main/INFO] [FermiumBooter]: FermiumBooter adding "mixins.forgefixes.json" for early mixin application.
[00:57:20] [main/INFO] [FermiumBooter]: FermiumBooter adding "mixins.crashes.json" for early mixin application.
[00:57:20] [main/INFO] [FermiumBooter]: FermiumBooter adding "mixins.fix_mc129057.json" for early mixin application.
[00:57:20] [main/INFO] [FermiumBooter]: FermiumBooter adding "mixins.fermiummixins.early.vanilla.particlecollisionfix.json" for early mixin application.
[00:57:20] [main/INFO] [FermiumBooter]: FermiumBooter adding "mixins.fermiummixins.early.vanilla.delayedpacketerrors.json" for early mixin application.
[00:57:20] [main/INFO] [FermiumBooter]: FermiumBooter adding "mixins.fermiummixins.early.vanilla.outdatedchunkdata.json" for early mixin application.
[00:57:20] [main/INFO] [FermiumBooter]: FermiumBooter adding "mixins.efficienthashing.json" for early mixin application.
[00:57:20] [main/INFO] [FermiumBooter]: FermiumBooter adding "mixins.stripitemstack.json" for early mixin application.
[00:57:20] [main/INFO] [FermiumBooter]: FermiumBooter adding "mixins.lockcode.json" for early mixin application.
[00:57:20] [main/INFO] [FermiumBooter]: FermiumBooter adding "mixins.fermiumbooter.crashreport.json" for early mixin application.
[00:57:20] [main/INFO] [FermiumBooter]: FermiumBooter adding "mixins.datastructures_modelmanager.json" for early mixin application.
[00:57:20] [main/INFO] [FermiumBooter]: FermiumBooter adding "mixins.vanities.json" for early mixin application.
[00:57:20] [main/INFO] [FermiumBooter]: FermiumBooter adding "mixins.fix_mc186052.json" for early mixin application.
[00:57:20] [main/INFO] [FermiumBooter]: FermiumBooter adding "mixins.fermiummixins.early.vanilla.chunkentitylistpatch.json" for early mixin application.
[00:57:20] [main/INFO] [FermiumBooter]: FermiumBooter adding "mixins.fermiummixins.early.vanilla.idleguardiansinking.json" for early mixin application.
[00:57:20] [main/INFO] [FermiumBooter]: FermiumBooter adding "mixins.fermiummixins.early.vanilla.suppressreceivedpassengers.json" for early mixin application.
[00:57:20] [main/INFO] [FermiumBooter]: FermiumBooter adding "mixins.fermiummixins.early.vanilla.entitytrackerdesync.json" for early mixin application.
[00:57:20] [main/INFO] [FermiumBooter]: FermiumBooter adding "mixins.registries.json" for early mixin application.
[00:57:20] [main/INFO] [FermiumBooter]: FermiumBooter adding "mixins.fermiummixins.early.vanilla.healthdesyncpatch.json" for early mixin application.
[00:57:20] [main/INFO] [FermiumBooter]: FermiumBooter adding "mixins.screenshot.json" for early mixin application.
[00:57:20] [main/INFO] [FermiumBooter]: FermiumBooter adding "mixins.noisethreader.vanilla.json" for early mixin application.
[00:57:20] [main/INFO] [FermiumBooter]: FermiumBooter adding "mixins.fermiummixins.early.vanilla.lazychunkmobspawns.json" for early mixin application.
[00:57:20] [main/INFO] [FermiumBooter]: FermiumBooter adding "mixins.fermiummixins.early.vanilla.potionamplifiervisibility.json" for early mixin application.
[00:57:20] [main/INFO] [FermiumBooter]: FermiumBooter adding "mixins.bucket.json" for early mixin application.
[00:57:20] [main/INFO] [FermiumBooter]: FermiumBooter adding "mixins.priorities.json" for early mixin application.
[00:57:20] [main/INFO] [Foundation]: Calling tweak net.minecraftforge.fml.common.launcher.FMLDeobfTweaker@433e72c
[00:57:20] [main/INFO] [Astral Core]: [AstralTransformer] Loading patches...
[00:57:20] [main/INFO] [Astral Core]: [AstralTransformer] Initialized! Loaded 14 class patches!
[00:57:20] [main/INFO] [FermiumASM]: FermiumASM is now preparing to bytecode manipulate your game.
[00:57:20] [main/INFO] [FermiumASM]: Adding class net.minecraft.client.renderer.block.model.BakedQuad to the transformation queue
[00:57:20] [main/INFO] [FermiumASM]: Adding class net.minecraft.client.audio.SoundEventAccessor to the transformation queue
[00:57:20] [main/INFO] [FermiumASM]: Adding class net.minecraft.client.audio.SoundRegistry to the transformation queue
[00:57:20] [main/INFO] [FermiumASM]: Adding class net.minecraftforge.client.model.ModelLoader to the transformation queue
[00:57:20] [main/INFO] [FermiumASM]: Adding class net.minecraft.client.renderer.block.statemap.StateMapperBase to the transformation queue
[00:57:20] [main/INFO] [FermiumASM]: Adding class net.minecraft.client.renderer.BlockModelShapes to the transformation queue
[00:57:20] [main/INFO] [FermiumASM]: Adding class net.minecraft.client.renderer.block.statemap.BlockStateMapper to the transformation queue
[00:57:20] [main/INFO] [FermiumASM]: Adding class net.minecraft.client.renderer.RenderGlobal to the transformation queue
[00:57:20] [main/INFO] [FermiumASM]: Adding class net.minecraft.client.renderer.RenderHelper to the transformation queue
[00:57:20] [main/INFO] [FermiumASM]: Adding class net.minecraft.client.renderer.texture.TextureAtlasSprite to the transformation queue
[00:57:20] [main/INFO] [FermiumASM]: Adding class net.minecraft.client.Minecraft to the transformation queue
[00:57:20] [main/INFO] [FermiumASM]: Adding class net.minecraft.client.network.NetHandlerPlayClient to the transformation queue
[00:57:20] [main/INFO] [FermiumASM]: Adding class net.minecraft.client.renderer.RenderGlobal to the transformation queue
[00:57:20] [main/INFO] [FermiumASM]: Adding class net.minecraft.client.renderer.chunk.RenderChunk to the transformation queue
[00:57:20] [main/INFO] [FermiumASM]: Adding class net.minecraft.util.registry.RegistrySimple to the transformation queue
[00:57:20] [main/INFO] [FermiumASM]: Adding class net.minecraft.nbt.NBTTagString to the transformation queue
[00:57:20] [main/INFO] [FermiumASM]: Adding class net.minecraftforge.fml.common.discovery.ModCandidate to the transformation queue
[00:57:20] [main/INFO] [FermiumASM]: Adding class net.minecraftforge.fml.common.discovery.ASMDataTable$ASMData to the transformation queue
[00:57:20] [main/INFO] [FermiumASM]: Adding class net.minecraft.item.ItemStack to the transformation queue
[00:57:20] [main/INFO] [FermiumASM]: Adding class net.minecraft.item.crafting.FurnaceRecipes to the transformation queue
[00:57:20] [main/INFO] [FermiumASM]: Adding class hellfirepvp.astralsorcery.common.enchantment.amulet.PlayerAmuletHandler to the transformation queue
[00:57:20] [main/INFO] [FermiumASM]: Adding class mezz.jei.suffixtree.Edge to the transformation queue
[00:57:20] [main/INFO] [FermiumASM]: Adding class betterwithmods.event.BlastingOilEvent to the transformation queue
[00:57:20] [main/INFO] [FermiumASM]: Adding class betterwithmods.common.items.ItemMaterial to the transformation queue
[00:57:20] [main/INFO] [FermiumASM]: Adding class lach_01298.qmd.render.entity.BeamRenderer to the transformation queue
[00:57:20] [main/INFO] [FermiumASM]: Adding class net.dries007.tfc.objects.entity.EntityFallingBlockTFC to the transformation queue
[00:57:20] [main/INFO] [FermiumASM]: Adding class net.minecraft.item.ItemStack to the transformation queue
[00:57:20] [main/INFO] [FermiumASM]: Adding class net.minecraft.client.renderer.EntityRenderer to the transformation queue
[00:57:20] [main/INFO] [FermiumASM]: Adding class net.minecraft.client.renderer.EntityRenderer to the transformation queue
[00:57:20] [main/INFO] [FermiumASM]: Adding class net.minecraft.nbt.NBTTagCompound to the transformation queue
[00:57:21] [main/INFO] [Forgelin-Continuous Transformer]: Begin register to-be-transformed classes
[00:57:21] [main/INFO] [Forgelin-Continuous Transformer]: Skipping registration...
[00:57:21] [main/INFO] [Forgelin-Continuous Transformer]: Registration for transformation is completed
[00:57:21] [main/INFO] [RoughlyEnoughIDs]: Adding class net.minecraft.item.ItemStack to the transformation queue
[00:57:21] [main/INFO] [RoughlyEnoughIDs]: Adding class net.minecraft.potion.PotionEffect to the transformation queue
[00:57:21] [main/INFO] [RoughlyEnoughIDs]: Adding class net.minecraft.world.gen.ChunkProviderServer to the transformation queue
[00:57:21] [main/INFO] [RoughlyEnoughIDs]: Adding class pregenerator.impl.processor.generator.ChunkHelper to the transformation queue
[00:57:21] [main/INFO] [RoughlyEnoughIDs]: Adding class zmaster587.advancedRocketry.util.BiomeHandler to the transformation queue
[00:57:21] [main/WARN] [mixin]: Reference map '' for mixins.vintagefix.init.json could not be read. If this is a development environment you can ignore this message
[00:57:21] [main/INFO] [ReBind Core]: Minecraft <Minecraft.class> patched!
[00:57:21] [main/INFO] [MixinExtras|Service]: Initializing MixinExtras via com.llamalad7.mixinextras.service.MixinExtrasServiceImpl(version=0.5.3).
[00:57:21] [main/INFO] [Foundation]: Calling tweak AE2ELCore
[00:57:21] [main/INFO] [Foundation]: Calling tweak LoadingPlugin
[00:57:21] [main/INFO] [Foundation]: Calling tweak IFPatcher
[00:57:21] [main/INFO] [Foundation]: Calling tweak Quark Plugin
[00:57:21] [main/INFO] [Foundation]: Calling tweak ReachFixPlugin
[00:57:21] [main/INFO] [Foundation]: Calling tweak LoadingPlugin
[00:57:21] [main/INFO] [Foundation]: Calling tweak llibrary
[00:57:21] [main/INFO] [Foundation]: Calling tweak IELoadingPlugin
[00:57:21] [main/INFO] [Foundation]: Calling tweak PassableLeavesCore
[00:57:21] [main/INFO] [Foundation]: Calling tweak meldexun.renderlib.asm.RenderLibTweaker@47605298
[00:57:21] [main/INFO] [Foundation]: Calling tweak iceandfire
[00:57:21] [main/INFO] [Foundation]: Calling tweak Nether API Plugin
[00:57:21] [main/INFO] [Foundation]: Calling tweak RLTweaker ASM
[00:57:21] [main/INFO] [Foundation]: Calling tweak AstralCore
[00:57:21] [main/INFO] [Foundation]: Calling tweak ESMCore
[00:57:21] [main/INFO] [Foundation]: Calling tweak AppleCore
[00:57:21] [main/INFO] [Foundation]: Calling tweak Fixeroo
[00:57:21] [main/INFO] [Foundation]: Calling tweak PatternBannersCore
[00:57:21] [main/INFO] [Foundation]: Calling tweak ModularUI-Core
[00:57:21] [main/INFO] [Foundation]: Calling tweak CTMCorePlugin
[00:57:21] [main/INFO] [Foundation]: Calling tweak EnderCorePlugin
[00:57:21] [main/INFO] [Foundation]: Loading tweak name net.jan.moddirector.launchwrapper.forge.AfterDeobfTweaker
[00:57:21] [main/WARN] [Foundation]: Tweak name org.spongepowered.asm.mixin.EnvironmentStateTweaker has already been visited -- skipping
[00:57:21] [main/INFO] [Foundation]: Calling tweak net.jan.moddirector.launchwrapper.forge.AfterDeobfTweaker@211e4811
[00:57:21] [main/INFO] [Sledgehammer]: Successfully loaded configuration file.
[00:57:21] [main/INFO] [Sledgehammer]: Successfully saved configuration file.
[00:57:21] [main/INFO] [CeleritasMixins]: Loaded Celeritas mixin plugin
[00:57:21] [main/WARN] [CeleritasMixins]: RFB class not found, hopefully we're not running with lwjgl3ify, otherwise bad things are about to happen
[00:57:21] [main/WARN] [mixin]: Reference map '' for mixins.celeritas.json could not be read. If this is a development environment you can ignore this message
[00:57:22] [main/INFO] [VintageFix Mixin Loader]: Found 97 mixins
[00:57:22] [main/INFO] [VintageFix Mixin Loader]: Successfully saved config file
[00:57:22] [main/INFO] [FermiumASM]: Transforming EnumFacing::values() to EnumFacing::VALUES in net/minecraft/client/renderer/RenderGlobal
[00:57:22] [main/INFO] [Quark ASM]: Transforming net.minecraft.client.renderer.RenderGlobal
[00:57:22] [main/INFO] [Quark ASM]: Applying Transformation to method (Names [isOutlineActive, func_184383_a] Descriptor (Lnet/minecraft/entity/Entity;Lnet/minecraft/entity/Entity;Lnet/minecraft/client/renderer/culling/ICamera;)Z)
[00:57:22] [main/INFO] [Quark ASM]: Located Method, patching...
[00:57:22] [main/INFO] [Quark ASM]: Patch result: true
[00:57:22] [main/INFO] [ASMUtil]: Transforming class net/minecraft/client/renderer/RenderGlobal
[00:57:22] [main/INFO] [ASMUtil]: Transforming method net/minecraft/client/renderer/RenderGlobal.func_180446_a(Lnet/minecraft/entity/Entity;Lnet/minecraft/client/renderer/culling/ICamera;F)V
[00:57:22] [main/INFO] [org.spongepowered.asm.service.mojang.MixinServiceLaunchWrapper]: A re-entrant transformer 'surreal.fixeroo.core.FixerooTransformer' was detected and will no longer process meta class data
[00:57:22] [main/WARN] [mixin]: Error loading class: net/optifine/CustomColors (java.lang.ClassNotFoundException: The specified class 'net.optifine.CustomColors' was not found)
[00:57:22] [main/WARN] [mixin]: @Mixin target net.optifine.CustomColors was not found mixins.betterbiomeblend.json:optifine.MixinCustomColors from mod unknown-owner
[00:57:22] [main/INFO] [ReBind Core]: Minecraft <GuiContainer.class> patched!
[00:57:22] [main/INFO] [Quark ASM]: Transforming net.minecraft.client.gui.inventory.GuiContainer
[00:57:22] [main/INFO] [Quark ASM]: Applying Transformation to method (Names [drawScreen, func_73863_a] Descriptor (IIF)V)
[00:57:22] [main/INFO] [Quark ASM]: Located Method, patching...
[00:57:22] [main/INFO] [Quark ASM]: Located patch target node INVOKEVIRTUAL net/minecraft/client/gui/inventory/GuiContainer.func_146979_b (II)V
[00:57:22] [main/INFO] [Quark ASM]: Patch result: true
[00:57:22] [main/INFO] [de.keksuccino.konkrete.mixin.KonkreteMixinPlugin]: [KONKRETE] APPLYING MIXIN: de.keksuccino.konkrete.mixin.client.MixinMinecraft | TO TARGET: net.minecraft.client.Minecraft
[00:57:22] [main/INFO] [ASMUtil]: Transforming class net/minecraft/client/particle/ParticleManager
[00:57:22] [main/INFO] [ASMUtil]: Transforming class net/minecraft/client/particle/ParticleManager
[00:57:22] [main/INFO] [Quark ASM]: Transforming net.minecraft.entity.Entity
[00:57:22] [main/INFO] [Quark ASM]: Applying Transformation to method (Names [move, func_70091_d] Descriptor (Lnet/minecraft/entity/MoverType;DDD)V)
[00:57:22] [main/INFO] [Quark ASM]: Located Method, patching...
[00:57:22] [main/INFO] [Quark ASM]: Patch result: true
[00:57:22] [main/INFO] [Quark ASM]: Located Method, patching...
[00:57:22] [main/INFO] [Quark ASM]: Located patch target node INVOKEVIRTUAL net/minecraft/entity/Entity.func_145775_I ()V
[00:57:22] [main/INFO] [Quark ASM]: Patch result: true
[00:57:22] [main/INFO] [Quark ASM]: Applying Transformation to method (Names [onEntityUpdate, func_70030_z] Descriptor ()V)
[00:57:22] [main/INFO] [Quark ASM]: Located Method, patching...
[00:57:22] [main/INFO] [Quark ASM]: Patch result: true
[00:57:22] [main/INFO] [ASMUtil]: Transforming class net/minecraft/entity/Entity
[00:57:22] [main/INFO] [ASMUtil]: Transforming class net/minecraft/entity/Entity
[00:57:22] [main/INFO] [Quark ASM]: Transforming meldexun.renderlib.renderer.entity.EntityRenderer
[00:57:22] [main/INFO] [Quark ASM]: Applying Transformation to method (Names [shouldRenderOutlines, shouldRenderOutlines] Descriptor (Lnet/minecraft/entity/Entity;)Z)
[00:57:22] [main/INFO] [Quark ASM]: Located Method, patching...
[00:57:22] [main/INFO] [Quark ASM]: Located patch target node INVOKESTATIC net/minecraft/client/Minecraft.func_71410_x ()Lnet/minecraft/client/Minecraft;
[00:57:22] [main/INFO] [Quark ASM]: Patch result: true
[00:57:22] [main/INFO] [Astral Core]: [AstralTransformer] Transforming buq : net.minecraft.client.renderer.EntityRenderer with 1 patches!
[00:57:22] [main/INFO] [Astral Core]: [AstralTransformer] Applied patch PATCHENTITYRENDEREREXTENDEDENTITYREACH
[00:57:22] [main/INFO] [Quark ASM]: Transforming net.minecraft.client.renderer.EntityRenderer
[00:57:22] [main/INFO] [Quark ASM]: Applying Transformation to method (Names [renderWorldPass, func_175068_a] Descriptor (IFJ)V)
[00:57:22] [main/INFO] [Quark ASM]: Located Method, patching...
[00:57:22] [main/INFO] [Quark ASM]: Located patch target node INVOKEVIRTUAL net/minecraft/client/renderer/EntityRenderer.func_78479_a (FI)V
[00:57:22] [main/INFO] [Quark ASM]: Patch result: true
[00:57:22] [main/INFO] [ASMUtil]: Transforming class net/minecraft/client/renderer/EntityRenderer
[00:57:22] [main/INFO] [ASMUtil]: Transforming method net/minecraft/client/renderer/EntityRenderer.func_78473_a(F)V
[00:57:22] [main/INFO] [Astral Core]: [AstralTransformer] Transforming amu : net.minecraft.world.World with 2 patches!
[00:57:22] [main/INFO] [Astral Core]: [AstralTransformer] Applied patch PATCHSUNBRIGHTNESSWORLDCLIENT
[00:57:22] [main/INFO] [Astral Core]: [AstralTransformer] Applied patch PATCHSUNBRIGHTNESSWORLDCOMMON
[00:57:22] [main/INFO] [ASMUtil]: Transforming class net/minecraft/world/World
[00:57:22] [main/INFO] [ASMUtil]: Transforming class net/minecraft/world/World
[00:57:22] [main/INFO] [ASMUtil]: Transforming class net/minecraft/world/World
[00:57:22] [main/INFO] [ASMUtil]: Transforming class net/minecraft/world/World
[00:57:22] [main/INFO] [Quark ASM]: Transforming net.minecraft.client.renderer.entity.RenderManager
[00:57:22] [main/INFO] [Quark ASM]: Applying Transformation to method (Names [renderEntity, func_188391_a] Descriptor (Lnet/minecraft/entity/Entity;DDDFFZ)V)
[00:57:22] [main/INFO] [Quark ASM]: Located Method, patching...
[00:57:22] [main/INFO] [Quark ASM]: Located patch target node INVOKEVIRTUAL net/minecraft/client/renderer/entity/Render.func_76986_a (Lnet/minecraft/entity/Entity;DDDFF)V
[00:57:22] [main/INFO] [Quark ASM]: Patch result: true
[00:57:22] [main/INFO] [Quark ASM]: Transforming net.minecraft.client.renderer.entity.Render
[00:57:22] [main/INFO] [Quark ASM]: Applying Transformation to method (Names [renderEntityOnFire, func_76977_a] Descriptor (Lnet/minecraft/entity/Entity;DDDF)V)
[00:57:22] [main/INFO] [Quark ASM]: Located Method, patching...
[00:57:22] [main/INFO] [Quark ASM]: Patch result: true
[00:57:22] [main/INFO] [Quark ASM]: Transforming net.minecraft.tileentity.TileEntityPiston
[00:57:22] [main/INFO] [Quark ASM]: Applying Transformation to method (Names [update, func_73660_a] Descriptor ()V)
[00:57:22] [main/INFO] [Quark ASM]: Located Method, patching...
[00:57:22] [main/INFO] [Quark ASM]: Patch result: true
[00:57:22] [main/INFO] [Quark ASM]: Applying Transformation to method (Names [clearPistonTileEntity, func_145866_f] Descriptor ()V)
[00:57:22] [main/INFO] [Quark ASM]: Located Method, patching...
[00:57:22] [main/INFO] [Quark ASM]: Located patch target node INVOKEVIRTUAL net/minecraft/world/World.func_180501_a (Lnet/minecraft/util/math/BlockPos;Lnet/minecraft/block/state/IBlockState;I)Z
[00:57:22] [main/INFO] [Quark ASM]: Patch result: true
[00:57:22] [main/INFO] [Quark ASM]: Applying Transformation to method (Names [update, func_73660_a] Descriptor ()V)
[00:57:22] [main/INFO] [Quark ASM]: Located Method, patching...
[00:57:22] [main/INFO] [Quark ASM]: Located patch target node INVOKEVIRTUAL net/minecraft/world/World.func_180501_a (Lnet/minecraft/util/math/BlockPos;Lnet/minecraft/block/state/IBlockState;I)Z
[00:57:22] [main/INFO] [Quark ASM]: Patch result: true
[00:57:22] [main/INFO] [Quark ASM]: Transforming net.minecraft.entity.item.EntityBoat
[00:57:22] [main/INFO] [Quark ASM]: Applying Transformation to method (Names [attackEntityFrom, func_70097_a] Descriptor (Lnet/minecraft/util/DamageSource;F)Z)
[00:57:22] [main/INFO] [Quark ASM]: Located Method, patching...
[00:57:22] [main/INFO] [Quark ASM]: Located patch target node INVOKEVIRTUAL net/minecraft/entity/item/EntityBoat.func_145778_a (Lnet/minecraft/item/Item;IF)Lnet/minecraft/entity/item/EntityItem;
[00:57:22] [main/INFO] [Quark ASM]: Patch result: true
[00:57:22] [main/INFO] [Quark ASM]: Transforming net.minecraft.entity.item.EntityItem
[00:57:22] [main/INFO] [Quark ASM]: Applying Transformation to method (Names [onUpdate, func_70071_h_] Descriptor ()V)
[00:57:22] [main/INFO] [Quark ASM]: Located Method, patching...
[00:57:22] [main/INFO] [Quark ASM]: Patch result: true
[00:57:22] [main/INFO] [BogoSorter-Core]: Applied EntityPlayer interactOn ASM
[00:57:22] [main/INFO] [BogoSorter-Core]: Applied EntityPlayer interactOn ASM
[00:57:22] [main/INFO] [BogoSorter-Core]: Applied EntityPlayer interactOn ASM
[00:57:22] [main/INFO] [BogoSorter-Core]: Applied EntityPlayer attackTargetEntityWithCurrentItem ASM
[00:57:22] [main/INFO] [org.spongepowered.asm.service.mojang.MixinServiceLaunchWrapper]: A re-entrant transformer 'com.cleanroommc.bogosorter.core.BogoSorterTransformer' was detected and will no longer process meta class data
[00:57:22] [main/INFO] [EnderCore ASM]: Transforming net.minecraft.entity.player.EntityPlayer finished, added func_184613_cA() overriding EntityLivingBase
[00:57:22] [main/INFO] [ASMUtil]: Transforming class net/minecraft/entity/player/EntityPlayerMP
[00:57:22] [main/INFO] [ASMUtil]: Transforming class net/minecraft/entity/player/EntityPlayerMP
[00:57:22] [main/INFO] [Astral Core]: [AstralTransformer] Transforming vp : net.minecraft.entity.EntityLivingBase with 4 patches!
[00:57:22] [main/INFO] [Astral Core]: [AstralTransformer] Applied patch PATCHAPPLYPOTIONEFFECTEVENT
[00:57:22] [main/INFO] [Astral Core]: [AstralTransformer] Applied patch PATCHENTITYLIVINGBASEWATERSLOWDOWN
[00:57:22] [main/INFO] [Astral Core]: [AstralTransformer] Applied patch PATCHSETPLAYERATTRIBUTE
[00:57:22] [main/INFO] [Astral Core]: [AstralTransformer] Applied patch PATCHUPDATEELYTRA
[00:57:22] [main/INFO] [ASMUtil]: Transforming class net/minecraft/entity/EntityLivingBase
[00:57:22] [main/INFO] [ASMUtil]: Transforming class net/minecraft/entity/EntityLivingBase
[00:57:22] [main/INFO] [ASMUtil]: Transforming class net/minecraft/entity/EntityLivingBase
[00:57:22] [main/INFO] [ASMUtil]: Transforming class net/minecraft/entity/EntityLivingBase
[00:57:22] [main/INFO] [Astral Core]: [AstralTransformer] Transforming pa : net.minecraft.network.NetHandlerPlayServer with 1 patches!
[00:57:22] [main/INFO] [Astral Core]: [AstralTransformer] Applied patch PATCHSERVEREXTENDENTITYINTERACTREACH
[00:57:22] [main/INFO] [ASMUtil]: Transforming class net/minecraft/network/NetHandlerPlayServer
[00:57:22] [main/INFO] [ASMUtil]: Transforming method net/minecraft/network/NetHandlerPlayServer.func_147340_a(Lnet/minecraft/network/play/client/CPacketUseEntity;)V
[00:57:22] [main/INFO] [ASMUtil]: Transforming class net/minecraft/network/NetHandlerPlayServer
[00:57:22] [main/INFO] [ASMUtil]: Transforming method net/minecraft/network/NetHandlerPlayServer.func_147345_a(Lnet/minecraft/network/play/client/CPacketPlayerDigging;)V
[00:57:22] [main/WARN] [LLibrary Core]: Failed to fetch hierarchy node for net.minecraft.util.text.TextComponentTranslation. This may cause patch issues
[00:57:22] [main/WARN] [LLibrary Core]: Failed to fetch hierarchy node for net.minecraft.util.math.BlockPos. This may cause patch issues
[00:57:22] [main/WARN] [LLibrary Core]: Failed to fetch hierarchy node for net.minecraft.tileentity.CommandBlockBaseLogic. This may cause patch issues
[00:57:22] [main/WARN] [LLibrary Core]: Failed to fetch hierarchy node for net.minecraft.item.ItemStack. This may cause patch issues
[00:57:22] [main/INFO] [ReBind Core]: Minecraft <EntityPlayerSP.class> patched!
[00:57:22] [main/INFO] [Quark ASM]: Transforming net.minecraft.client.model.ModelBiped
[00:57:22] [main/INFO] [Quark ASM]: Applying Transformation to method (Names [setRotationAngles, func_78087_a] Descriptor (FFFFFFLnet/minecraft/entity/Entity;)V)
[00:57:22] [main/INFO] [Quark ASM]: Located Method, patching...
[00:57:22] [main/INFO] [Quark ASM]: Located patch target node RETURN
[00:57:22] [main/INFO] [Quark ASM]: Patch result: true
[00:57:22] [main/INFO] [Quark ASM]: Transforming net.minecraft.client.renderer.entity.RenderBoat
[00:57:22] [main/INFO] [Quark ASM]: Applying Transformation to method (Names [doRender, func_188300_b] Descriptor (Lnet/minecraft/entity/item/EntityBoat;DDDFF)V)
[00:57:22] [main/INFO] [Quark ASM]: Located Method, patching...
[00:57:22] [main/INFO] [Quark ASM]: Located patch target node INVOKEINTERFACE net/minecraft/client/model/IMultipassModel.func_187054_b (Lnet/minecraft/entity/Entity;FFFFFF)V (itf)
[00:57:22] [main/INFO] [Quark ASM]: Patch result: true
[00:57:22] [main/INFO] [Quark ASM]: Transforming net.minecraft.world.WorldServer
[00:57:22] [main/INFO] [Quark ASM]: Applying Transformation to method (Names [areAllPlayersAsleep, func_73056_e] Descriptor ()Z)
[00:57:22] [main/INFO] [Quark ASM]: Located Method, patching...
[00:57:22] [main/INFO] [Quark ASM]: Patch result: true
[00:57:22] [main/INFO] [Quark ASM]: Applying Transformation to method (Names [wakeAllPlayers, func_73053_d] Descriptor ()V)
[00:57:22] [main/INFO] [Quark ASM]: Located Method, patching...
[00:57:22] [main/INFO] [Quark ASM]: Patch result: true
[00:57:22] [main/INFO] [ASMUtil]: Transforming class net/minecraft/world/WorldServer
[00:57:22] [main/INFO] [ASMUtil]: Transforming class net/minecraft/world/WorldServer
[00:57:22] [main/INFO] [ASMUtil]: Transforming class net/minecraft/world/WorldServer
[00:57:22] [main/INFO] [ASMUtil]: Transforming class net/minecraft/world/WorldServer
[00:57:22] [main/ERROR] [mixin]: Critical problem: mixins.stellar_core_forge_asmmodparser.json:MixinASMModParser from mod unknown-owner target net.minecraftforge.fml.common.discovery.asm.ASMModParser was loaded too early.
[00:57:23] [main/INFO] [ReBind Core]: Forge <FMLClientHandler.class> patched!
[00:57:23] [main/INFO] [Astral Core]: [AstralTransformer] Transforming aip : net.minecraft.item.ItemStack with 2 patches!
[00:57:23] [main/INFO] [Astral Core]: [AstralTransformer] Applied patch PATCHMODIFYENCHANTMENTLEVELSTOOLTIP
[00:57:23] [main/INFO] [Astral Core]: [AstralTransformer] Applied patch PATCHMODIFYENCHANTMENTLEVELSTOOLTIPEVENT
[00:57:23] [main/INFO] [STDOUT]: [appeng.core.transformer.ItemStackPatch:patchCountGetSet:53]: Patched ItemStack Count getter!
[00:57:23] [main/INFO] [STDOUT]: [appeng.core.transformer.ItemStackPatch:patchCountGetSet:81]: Patched ItemStack Count setter!
[00:57:23] [main/INFO] [Quark ASM]: Transforming net.minecraft.item.ItemStack
[00:57:23] [main/INFO] [Quark ASM]: Applying Transformation to method (Names [getTextComponent, func_151000_E] Descriptor ()Lnet/minecraft/util/text/ITextComponent;)
[00:57:23] [main/INFO] [Quark ASM]: Located Method, patching...
[00:57:23] [main/INFO] [Quark ASM]: Located patch target node ARETURN
[00:57:23] [main/INFO] [Quark ASM]: Patch result: true
[00:57:23] [main/INFO] [Quark ASM]: Transforming net.minecraft.item.ItemBanner
[00:57:23] [main/INFO] [Quark ASM]: Applying Transformation to method (Names [appendHoverTextFromTileEntityTag, func_185054_a] Descriptor (Lnet/minecraft/item/ItemStack;Ljava/util/List;)V)
[00:57:23] [main/INFO] [Quark ASM]: Located Method, patching...
[00:57:23] [main/INFO] [Quark ASM]: Located patch target node BIPUSH 6
[00:57:23] [main/INFO] [Quark ASM]: Patch result: true
[00:57:23] [main/INFO] [STDOUT]: [team.chisel.ctm.client.asm.CTMTransformer:preTransform:230]: Transforming Class [net.minecraft.block.Block], Method [getExtendedState]
[00:57:23] [main/INFO] [STDOUT]: [team.chisel.ctm.client.asm.CTMTransformer:finishTransform:242]: Transforming net.minecraft.block.Block Finished.
[00:57:23] [main/INFO] [ASMUtil]: Transforming class net/minecraft/world/ChunkCache
[00:57:23] [main/INFO] [ASMUtil]: Transforming class net/minecraft/world/ChunkCache
[00:57:23] [main/INFO] [ASMUtil]: Transforming class net/minecraft/world/gen/ChunkProviderServer
[00:57:23] [main/INFO] [ASMUtil]: Transforming class net/minecraft/world/gen/ChunkProviderServer
[00:57:23] [main/INFO] [EnderCore ASM]: Transforming Class [net.minecraft.world.chunk.storage.ExtendedBlockStorage], Method [func_76663_a]
[00:57:23] [main/INFO] [EnderCore ASM]: Transforming net.minecraft.world.chunk.storage.ExtendedBlockStorage Finished.
[00:57:23] [main/INFO] [Quark ASM]: Transforming net.minecraft.client.renderer.BlockModelRenderer
[00:57:23] [main/INFO] [Quark ASM]: Applying Transformation to method (Names [renderQuadsFlat, func_187496_a] Descriptor (Lnet/minecraft/world/IBlockAccess;Lnet/minecraft/block/state/IBlockState;Lnet/minecraft/util/math/BlockPos;IZLnet/minecraft/client/renderer/BufferBuilder;Ljava/util/List;Ljava/util/BitSet;)V)
[00:57:23] [main/INFO] [Quark ASM]: Located Method, patching...
[00:57:23] [main/INFO] [Quark ASM]: Located patch target node INVOKEVIRTUAL net/minecraft/client/renderer/BufferBuilder.func_178987_a (DDD)V
[00:57:23] [main/INFO] [Quark ASM]: Patch result: true
[00:57:23] [main/INFO] [ASMUtil]: Transforming class net/minecraft/entity/monster/EntityMob
[00:57:23] [main/INFO] [ASMUtil]: Transforming class net/minecraft/entity/monster/EntityMob
[00:57:23] [main/INFO] [Astral Core]: [AstralTransformer] Transforming alm : net.minecraft.enchantment.EnchantmentHelper with 1 patches!
[00:57:23] [main/INFO] [Astral Core]: [AstralTransformer] Applied patch PATCHMODIFYENCHANTMENTLEVELS
[00:57:23] [main/INFO] [Quark ASM]: Transforming net.minecraft.enchantment.EnchantmentHelper
[00:57:23] [main/INFO] [Quark ASM]: Applying Transformation to method (Names [getEnchantments, func_82781_a] Descriptor (Lnet/minecraft/item/ItemStack;)Ljava/util/Map;)
[00:57:23] [main/INFO] [Quark ASM]: Located Method, patching...
[00:57:23] [main/INFO] [Quark ASM]: Located patch target node INVOKEVIRTUAL net/minecraft/item/ItemStack.func_77986_q ()Lnet/minecraft/nbt/NBTTagList;
[00:57:23] [main/INFO] [Quark ASM]: Patch result: true
[00:57:23] [main/INFO] [STDOUT]: [appeng.core.transformer.AE2ELTransformer:spliceClasses:140]: Spliced in METHOD: net.minecraft.network.PacketBuffer.func_150791_c
[00:57:23] [main/INFO] [STDOUT]: [appeng.core.transformer.AE2ELTransformer:spliceClasses:140]: Spliced in METHOD: net.minecraft.network.PacketBuffer.func_150788_a
[00:57:23] [main/INFO] [STDOUT]: [com.cleanroommc.modularui.core.temp.ClassSplicer:spliceClasses:106]: Spliced in METHOD: net.minecraftforge.common.util.PacketUtil.writeItemStackFromClientToServer
[00:57:23] [main/INFO] [modularui]: Applied net.minecraftforge.common.util.PacketUtil ASM, specific for AE2, from ModularUI
[00:57:23] [main/INFO] [org.spongepowered.asm.service.mojang.MixinServiceLaunchWrapper]: A re-entrant transformer '$wrapper.com.cleanroommc.modularui.core.ClassTransformer' was detected and will no longer process meta class data
[00:57:23] [main/INFO] [ReBind Core]: Minecraft <GuiKeyBindingList.class> patched!
[00:57:23] [main/INFO] [toolprogression_core]: Transforming: net.minecraftforge.common.ForgeHooks
[00:57:23] [main/INFO] [org.spongepowered.asm.service.mojang.MixinServiceLaunchWrapper]: A re-entrant transformer '$wrapper.appeng.core.transformer.AE2ELTransformer' was detected and will no longer process meta class data
[00:57:23] [main/INFO] [ASMUtil]: Transforming class net/minecraftforge/common/ForgeHooks
[00:57:23] [main/INFO] [ASMUtil]: Transforming class net/minecraftforge/common/ForgeHooks
[00:57:23] [main/INFO] [ASMUtil]: Transforming class net/minecraft/entity/item/EntityFallingBlock
[00:57:23] [main/INFO] [ASMUtil]: Transforming class net/minecraft/entity/item/EntityFallingBlock
[00:57:23] [main/INFO] [ASMUtil]: Transforming class net/minecraft/pathfinding/PathNavigate
[00:57:23] [main/INFO] [ASMUtil]: Transforming class net/minecraft/pathfinding/PathNavigate
[00:57:23] [main/INFO] [Quark ASM]: Transforming net.minecraft.enchantment.Enchantment
[00:57:23] [main/INFO] [Quark ASM]: Applying Transformation to method (Names [canApply, func_92089_a] Descriptor (Lnet/minecraft/item/ItemStack;)Z)
[00:57:23] [main/INFO] [Quark ASM]: Located Method, patching...
[00:57:23] [main/INFO] [Quark ASM]: Located patch target node IRETURN
[00:57:23] [main/INFO] [Quark ASM]: Patch result: true
[00:57:23] [main/INFO] [Quark ASM]: Transforming net.minecraft.entity.item.EntityMinecart
[00:57:23] [main/INFO] [Quark ASM]: Applying Transformation to method (Names [killMinecart, func_94095_a] Descriptor (Lnet/minecraft/util/DamageSource;)V)
[00:57:23] [main/INFO] [Quark ASM]: Located Method, patching...
[00:57:23] [main/INFO] [Quark ASM]: Located patch target node INVOKEVIRTUAL net/minecraft/entity/item/EntityMinecart.func_70099_a (Lnet/minecraft/item/ItemStack;F)Lnet/minecraft/entity/item/EntityItem;
[00:57:23] [main/INFO] [Quark ASM]: Patch result: true
[00:57:23] [main/INFO] [ASMUtil]: Transforming class net/minecraft/entity/item/EntityItemFrame
[00:57:23] [main/INFO] [ASMUtil]: Transforming class net/minecraft/entity/item/EntityItemFrame
[00:57:23] [main/INFO] [EnderCore ASM]: Transforming Class [net.minecraft.entity.item.EntityItemFrame], Method [func_184230_a]
[00:57:23] [main/INFO] [EnderCore ASM]: Transforming net.minecraft.entity.item.EntityItemFrame Finished.
[00:57:23] [main/INFO] [ASMUtil]: Transforming class net/minecraft/server/management/PlayerInteractionManager
[00:57:23] [main/INFO] [ASMUtil]: Transforming method net/minecraft/server/management/PlayerInteractionManager.func_73076_a(Lnet/minecraft/world/GameType;)V
[00:57:23] [main/INFO] [ReBind Core]: Minecraft <GuiScreen.class> patched!
[00:57:23] [main/WARN] [mixin]: Error loading class: Config (java.lang.ClassNotFoundException: The specified class 'Config' was not found)
[00:57:23] [main/INFO] [Quark ASM]: Transforming net.minecraft.client.renderer.entity.layers.LayerArmorBase
[00:57:23] [main/INFO] [Quark ASM]: Applying Transformation to method (Names [renderArmorLayer, func_188361_a] Descriptor (Lnet/minecraft/entity/EntityLivingBase;FFFFFFFLnet/minecraft/inventory/EntityEquipmentSlot;)V)
[00:57:23] [main/INFO] [Quark ASM]: Located Method, patching...
[00:57:23] [main/INFO] [Quark ASM]: Patch result: true
[00:57:23] [main/INFO] [Quark ASM]: Applying Transformation to method (Names [renderEnchantedGlint, func_188364_a] Descriptor (Lnet/minecraft/client/renderer/entity/RenderLivingBase;Lnet/minecraft/entity/EntityLivingBase;Lnet/minecraft/client/model/ModelBase;FFFFFFF)V)
[00:57:23] [main/INFO] [Quark ASM]: Located Method, patching...
[00:57:23] [main/INFO] [Quark ASM]: Located patch target node INVOKESTATIC net/minecraft/client/renderer/GlStateManager.func_179131_c (FFFF)V
[00:57:23] [main/INFO] [Quark ASM]: Located patch target node INVOKESTATIC net/minecraft/client/renderer/GlStateManager.func_179131_c (FFFF)V
[00:57:23] [main/INFO] [Quark ASM]: Patch result: true
[00:57:23] [main/INFO] [FermiumASM]: Improving FurnaceRecipes. Lookups are now a lot faster.
[00:57:23] [main/INFO] [STDOUT]: [team.chisel.ctm.client.asm.CTMTransformer:preTransform:230]: Transforming Class [net.minecraft.client.renderer.texture.TextureAtlasSprite], Method [updateAnimationInterpolated]
[00:57:23] [main/INFO] [STDOUT]: [team.chisel.ctm.client.asm.CTMTransformer:finishTransform:242]: Transforming net.minecraft.client.renderer.texture.TextureAtlasSprite Finished.
[00:57:23] [main/INFO] [STDOUT]: [team.chisel.ctm.client.asm.CTMTransformer:preTransform:230]: Transforming Class [net.minecraft.client.renderer.texture.TextureMap], Method [registerSprite]
[00:57:23] [main/INFO] [STDOUT]: [team.chisel.ctm.client.asm.CTMTransformer:finishTransform:242]: Transforming net.minecraft.client.renderer.texture.TextureMap Finished.
[00:57:23] [main/INFO] [Quark ASM]: Transforming net.minecraft.block.BlockDynamicLiquid
[00:57:23] [main/INFO] [Quark ASM]: Applying Transformation to method (Names [isBlocked, func_176372_g] Descriptor (Lnet/minecraft/world/World;Lnet/minecraft/util/math/BlockPos;Lnet/minecraft/block/state/IBlockState;)Z)
[00:57:23] [main/INFO] [Quark ASM]: Located Method, patching...
[00:57:23] [main/INFO] [Quark ASM]: Located patch target node IRETURN
[00:57:23] [main/INFO] [Quark ASM]: Located patch target node IRETURN
[00:57:23] [main/INFO] [Quark ASM]: Patch result: true
[00:57:23] [main/INFO] [CeleritasMixins]: Found 27 mixin classes
[00:57:23] [main/INFO] [Quark ASM]: Transforming net.minecraft.client.renderer.tileentity.TileEntityPistonRenderer
[00:57:23] [main/INFO] [Quark ASM]: Applying Transformation to method (Names [render, func_192841_a] Descriptor (Lnet/minecraft/tileentity/TileEntityPiston;DDDFIF)V)
[00:57:23] [main/INFO] [Quark ASM]: Located Method, patching...
[00:57:23] [main/INFO] [Quark ASM]: Patch result: true
[00:57:23] [main/INFO] [Quark ASM]: Transforming net.minecraft.client.renderer.RenderItem
[00:57:23] [main/INFO] [Quark ASM]: Applying Transformation to method (Names [renderItem, func_180454_a] Descriptor (Lnet/minecraft/item/ItemStack;Lnet/minecraft/client/renderer/block/model/IBakedModel;)V)
[00:57:23] [main/INFO] [Quark ASM]: Located Method, patching...
[00:57:23] [main/INFO] [Quark ASM]: Patch result: true
[00:57:23] [main/INFO] [Quark ASM]: Applying Transformation to method (Names [renderEffect, func_191966_a] Descriptor (Lnet/minecraft/client/renderer/block/model/IBakedModel;)V)
[00:57:23] [main/INFO] [Quark ASM]: Located Method, patching...
[00:57:23] [main/INFO] [Quark ASM]: Located patch target node LDC -8372020
[00:57:23] [main/INFO] [Quark ASM]: Located patch target node LDC -8372020
[00:57:23] [main/INFO] [Quark ASM]: Patch result: true
[00:57:23] [main/INFO] [EnderCore ASM]: Transforming Class [net.minecraft.client.renderer.RenderItem], Method [func_180453_a, func_184391_a]
[00:57:23] [main/INFO] [EnderCore ASM]: Transforming net.minecraft.client.renderer.RenderItem Finished.
[00:57:24] [main/WARN] [VintageFix Mixin Loader]: Not applying mixin 'org.embeddedt.vintagefix.mixin.version_protest.MinecraftMixin' as 'mixin.version_protest' is disabled in config
[00:57:24] [main/WARN] [VintageFix Mixin Loader]: Not applying mixin 'org.embeddedt.vintagefix.mixin.version_protest.FMLCommonHandlerMixin' as 'mixin.version_protest' is disabled in config
[00:57:24] [main/INFO] [STDOUT]: [team.chisel.ctm.client.asm.CTMTransformer:preTransform:230]: Transforming Class [net.minecraftforge.client.model.ModelLoader$VanillaModelWrapper], Method [getTextures]
[00:57:24] [main/INFO] [STDOUT]: [team.chisel.ctm.client.asm.CTMTransformer:finishTransform:242]: Transforming net.minecraftforge.client.model.ModelLoader$VanillaModelWrapper Finished.
[00:57:24] [main/INFO] [ASMUtil]: Transforming class net/minecraftforge/client/model/ModelLoader
[00:57:24] [main/INFO] [ASMUtil]: Transforming class net/minecraftforge/client/model/ModelLoader
[00:57:24] [main/INFO] [Quark ASM]: Transforming net.minecraftforge.client.model.pipeline.LightUtil
[00:57:24] [main/INFO] [Quark ASM]: Applying Transformation to method (Names [renderQuadColor, ] Descriptor (Lnet/minecraft/client/renderer/BufferBuilder;Lnet/minecraft/client/renderer/block/model/BakedQuad;I)V)
[00:57:24] [main/INFO] [Quark ASM]: Located Method, patching...
[00:57:24] [main/INFO] [Quark ASM]: Patch result: true
[00:57:24] [main/INFO] [Foundation]: Launching wrapped minecraft net.minecraft.client.main.Main
[00:57:24] [main/INFO] [ReBind Core]: Minecraft <Minecraft.class> patched!
[00:57:24] [main/INFO] [STDOUT]: [team.chisel.ctm.client.asm.CTMTransformer:preTransform:230]: Transforming Class [net.minecraftforge.client.ForgeHooksClient], Method [getDamageModel]
[00:57:24] [main/INFO] [STDOUT]: [team.chisel.ctm.client.asm.CTMTransformer:finishTransform:242]: Transforming net.minecraftforge.client.ForgeHooksClient Finished.
[00:57:24] [main/INFO] [ReBind Core]: Minecraft <GuiScreen.class> patched!
[00:57:24] [main/INFO] [Astral Core]: [AstralTransformer] Transforming amu : net.minecraft.world.World with 2 patches!
[00:57:24] [main/INFO] [Astral Core]: [AstralTransformer] Applied patch PATCHSUNBRIGHTNESSWORLDCLIENT
[00:57:24] [main/INFO] [Astral Core]: [AstralTransformer] Applied patch PATCHSUNBRIGHTNESSWORLDCOMMON
[00:57:24] [main/INFO] [ASMUtil]: Transforming class net/minecraft/world/World
[00:57:24] [main/INFO] [ASMUtil]: Transforming class net/minecraft/world/World
[00:57:24] [main/INFO] [ASMUtil]: Transforming class net/minecraft/world/World
[00:57:24] [main/INFO] [ASMUtil]: Transforming class net/minecraft/world/World
[00:57:24] [main/WARN] [mixin]: @Redirect conflict. Skipping mixins.fermiummixins.early.vanilla.chunkentitylistpatch.json:vanilla.World_EntityListPatchMixin from mod unknown-owner->@Redirect::fermiummixins_vanillaWorld_updateEntityWithOptionalForce(Lnet/minecraft/entity/Entity;)Z with priority 1000, already redirected by mixins/bugfixes/mixins.entities.entitylists.json:UTWorldMixin from mod unknown-owner->@Redirect::utAlwaysLoadChunk(Lnet/minecraft/entity/Entity;)Z with priority 1000
[00:57:24] [main/INFO] [Quark ASM]: Transforming net.minecraft.entity.Entity
[00:57:24] [main/INFO] [Quark ASM]: Applying Transformation to method (Names [move, func_70091_d] Descriptor (Lnet/minecraft/entity/MoverType;DDD)V)
[00:57:24] [main/INFO] [Quark ASM]: Located Method, patching...
[00:57:24] [main/INFO] [Quark ASM]: Patch result: true
[00:57:24] [main/INFO] [Quark ASM]: Located Method, patching...
[00:57:24] [main/INFO] [Quark ASM]: Located patch target node INVOKEVIRTUAL net/minecraft/entity/Entity.func_145775_I ()V
[00:57:24] [main/INFO] [Quark ASM]: Patch result: true
[00:57:24] [main/INFO] [Quark ASM]: Applying Transformation to method (Names [onEntityUpdate, func_70030_z] Descriptor ()V)
[00:57:24] [main/INFO] [Quark ASM]: Located Method, patching...
[00:57:24] [main/INFO] [Quark ASM]: Patch result: true
[00:57:24] [main/INFO] [ASMUtil]: Transforming class net/minecraft/entity/Entity
[00:57:24] [main/INFO] [ASMUtil]: Transforming class net/minecraft/entity/Entity
[00:57:24] [main/INFO] [ReBind Core]: Minecraft <EntityPlayerSP.class> patched!
[00:57:24] [main/INFO] [Fixeroo]: Transforming net.minecraft.client.entity.EntityPlayerSP
[00:57:24] [main/INFO] [Quark ASM]: Transforming net.minecraft.util.DamageSource
[00:57:24] [main/INFO] [Quark ASM]: Applying Transformation to method (Names [causePlayerDamage, func_76365_a] Descriptor (Lnet/minecraft/entity/player/EntityPlayer;)Lnet/minecraft/util/DamageSource;)
[00:57:24] [main/INFO] [Quark ASM]: Located Method, patching...
[00:57:24] [main/INFO] [Quark ASM]: Patch result: true
[00:57:24] [main/INFO] [ASMUtil]: Transforming class net/minecraft/client/network/NetworkPlayerInfo
[00:57:24] [main/INFO] [ASMUtil]: Transforming method net/minecraft/client/network/NetworkPlayerInfo.func_178839_a(Lnet/minecraft/world/GameType;)V
[00:57:24] [main/INFO] [BogoSorter-Core]: Applied EntityPlayer interactOn ASM
[00:57:24] [main/INFO] [BogoSorter-Core]: Applied EntityPlayer interactOn ASM
[00:57:24] [main/INFO] [BogoSorter-Core]: Applied EntityPlayer interactOn ASM
[00:57:24] [main/INFO] [BogoSorter-Core]: Applied EntityPlayer attackTargetEntityWithCurrentItem ASM
[00:57:24] [main/INFO] [Fixeroo]: Transforming net.minecraft.entity.player.EntityPlayer
[00:57:24] [main/INFO] [EnderCore ASM]: Transforming net.minecraft.entity.player.EntityPlayer finished, added func_184613_cA() overriding EntityLivingBase
[00:57:24] [main/INFO] [Astral Core]: [AstralTransformer] Transforming vp : net.minecraft.entity.EntityLivingBase with 4 patches!
[00:57:24] [main/INFO] [Astral Core]: [AstralTransformer] Applied patch PATCHAPPLYPOTIONEFFECTEVENT
[00:57:24] [main/INFO] [Astral Core]: [AstralTransformer] Applied patch PATCHENTITYLIVINGBASEWATERSLOWDOWN
[00:57:24] [main/INFO] [Astral Core]: [AstralTransformer] Applied patch PATCHSETPLAYERATTRIBUTE
[00:57:24] [main/INFO] [Astral Core]: [AstralTransformer] Applied patch PATCHUPDATEELYTRA
[00:57:24] [main/INFO] [ASMUtil]: Transforming class net/minecraft/entity/EntityLivingBase
[00:57:24] [main/INFO] [ASMUtil]: Transforming class net/minecraft/entity/EntityLivingBase
[00:57:24] [main/INFO] [ASMUtil]: Transforming class net/minecraft/entity/EntityLivingBase
[00:57:24] [main/INFO] [ASMUtil]: Transforming class net/minecraft/entity/EntityLivingBase
[00:57:24] [main/INFO] [ASMUtil]: Transforming class net/minecraft/potion/PotionEffect
[00:57:24] [main/INFO] [ASMUtil]: Transforming class net/minecraft/potion/PotionEffect
[00:57:24] [main/INFO] [ReBind Core]: Minecraft <GuiContainer.class> patched!
[00:57:24] [main/INFO] [Quark ASM]: Transforming net.minecraft.client.gui.inventory.GuiContainer
[00:57:24] [main/INFO] [Quark ASM]: Applying Transformation to method (Names [drawScreen, func_73863_a] Descriptor (IIF)V)
[00:57:24] [main/INFO] [Quark ASM]: Located Method, patching...
[00:57:24] [main/INFO] [Quark ASM]: Located patch target node INVOKEVIRTUAL net/minecraft/client/gui/inventory/GuiContainer.func_146979_b (II)V
[00:57:24] [main/INFO] [Quark ASM]: Patch result: true
[00:57:25] [StellarCore-LowerCaseStringPool-CanonicalizeWorker/INFO] [stellar_core]: [StellarCore-LowerCaseStringPool] CanonicalizeWorker started.
[00:57:25] [Client thread/INFO] [ASMUtil]: Transforming class net/minecraft/server/MinecraftServer
[00:57:25] [Client thread/INFO] [ASMUtil]: Transforming class net/minecraft/server/MinecraftServer
[00:57:25] [Client thread/INFO] [Quark ASM]: Transforming net.minecraft.world.WorldServer
[00:57:25] [Client thread/INFO] [Quark ASM]: Applying Transformation to method (Names [areAllPlayersAsleep, func_73056_e] Descriptor ()Z)
[00:57:25] [Client thread/INFO] [Quark ASM]: Located Method, patching...
[00:57:25] [Client thread/INFO] [Quark ASM]: Patch result: true
[00:57:25] [Client thread/INFO] [Quark ASM]: Applying Transformation to method (Names [wakeAllPlayers, func_73053_d] Descriptor ()V)
[00:57:25] [Client thread/INFO] [Quark ASM]: Located Method, patching...
[00:57:25] [Client thread/INFO] [Quark ASM]: Patch result: true
[00:57:25] [Client thread/INFO] [ASMUtil]: Transforming class net/minecraft/world/WorldServer
[00:57:25] [Client thread/INFO] [ASMUtil]: Transforming class net/minecraft/world/WorldServer
[00:57:25] [Client thread/INFO] [ASMUtil]: Transforming class net/minecraft/world/WorldServer
[00:57:25] [Client thread/INFO] [ASMUtil]: Transforming class net/minecraft/world/WorldServer
[00:57:25] [Client thread/INFO] [STDOUT]: [team.chisel.ctm.client.asm.CTMTransformer:preTransform:230]: Transforming Class [net.minecraftforge.client.ForgeHooksClient], Method [getDamageModel]
[00:57:25] [Client thread/INFO] [STDOUT]: [team.chisel.ctm.client.asm.CTMTransformer:finishTransform:242]: Transforming net.minecraftforge.client.ForgeHooksClient Finished.
[00:57:25] [Client thread/INFO] [net.minecraft.client.Minecraft]: Setting user: Gottfrid_N
[00:57:25] [Client thread/INFO] [STDOUT]: [team.chisel.ctm.client.asm.CTMTransformer:preTransform:230]: Transforming Class [net.minecraft.block.Block], Method [getExtendedState]
[00:57:25] [Client thread/INFO] [STDOUT]: [team.chisel.ctm.client.asm.CTMTransformer:finishTransform:242]: Transforming net.minecraft.block.Block Finished.
[00:57:25] [Client thread/INFO] [Quark ASM]: Transforming net.minecraft.enchantment.Enchantment
[00:57:25] [Client thread/INFO] [Quark ASM]: Applying Transformation to method (Names [canApply, func_92089_a] Descriptor (Lnet/minecraft/item/ItemStack;)Z)
[00:57:25] [Client thread/INFO] [Quark ASM]: Located Method, patching...
[00:57:25] [Client thread/INFO] [Quark ASM]: Located patch target node IRETURN
[00:57:25] [Client thread/INFO] [Quark ASM]: Patch result: true
[00:57:25] [Client thread/INFO] [Quark ASM]: Transforming net.minecraft.entity.item.EntityItem
[00:57:25] [Client thread/INFO] [Quark ASM]: Applying Transformation to method (Names [onUpdate, func_70071_h_] Descriptor ()V)
[00:57:25] [Client thread/INFO] [Quark ASM]: Located Method, patching...
[00:57:25] [Client thread/INFO] [Quark ASM]: Patch result: true
[00:57:25] [Client thread/INFO] [Fixeroo]: Transforming net.minecraft.entity.item.EntityXPOrb
[00:57:25] [Client thread/WARN] [mixin]: Method overwrite conflict for hashCode in mixins.vintagefix.json:blockstates.FastMapStateHolderMixin from mod unknown-owner, previously written by github.kasuminova.stellarcore.mixin.minecraft.blockstateimpl.MixinStateImplementation. Skipping method.
[00:57:25] [Client thread/INFO] [VintageFix - class definer]: Using Java 9+ class definer
[00:57:25] [Client thread/INFO] [Astral Core]: [AstralTransformer] Transforming aip : net.minecraft.item.ItemStack with 2 patches!
[00:57:25] [Client thread/INFO] [Astral Core]: [AstralTransformer] Applied patch PATCHMODIFYENCHANTMENTLEVELSTOOLTIP
[00:57:25] [Client thread/INFO] [Astral Core]: [AstralTransformer] Applied patch PATCHMODIFYENCHANTMENTLEVELSTOOLTIPEVENT
[00:57:25] [Client thread/INFO] [STDOUT]: [appeng.core.transformer.ItemStackPatch:patchCountGetSet:53]: Patched ItemStack Count getter!
[00:57:25] [Client thread/INFO] [STDOUT]: [appeng.core.transformer.ItemStackPatch:patchCountGetSet:81]: Patched ItemStack Count setter!
[00:57:25] [Client thread/INFO] [Quark ASM]: Transforming net.minecraft.item.ItemStack
[00:57:25] [Client thread/INFO] [Quark ASM]: Applying Transformation to method (Names [getTextComponent, func_151000_E] Descriptor ()Lnet/minecraft/util/text/ITextComponent;)
[00:57:25] [Client thread/INFO] [Quark ASM]: Located Method, patching...
[00:57:25] [Client thread/INFO] [Quark ASM]: Located patch target node ARETURN
[00:57:25] [Client thread/INFO] [Quark ASM]: Patch result: true
[00:57:25] [Client thread/INFO] [ASMUtil]: Transforming class net/minecraft/entity/player/EntityPlayerMP
[00:57:25] [Client thread/INFO] [ASMUtil]: Transforming class net/minecraft/entity/player/EntityPlayerMP
[00:57:25] [Client thread/INFO] [Quark ASM]: Transforming net.minecraft.block.BlockDynamicLiquid
[00:57:25] [Client thread/INFO] [Quark ASM]: Applying Transformation to method (Names [isBlocked, func_176372_g] Descriptor (Lnet/minecraft/world/World;Lnet/minecraft/util/math/BlockPos;Lnet/minecraft/block/state/IBlockState;)Z)
[00:57:25] [Client thread/INFO] [Quark ASM]: Located Method, patching...
[00:57:25] [Client thread/INFO] [Quark ASM]: Located patch target node IRETURN
[00:57:25] [Client thread/INFO] [Quark ASM]: Located patch target node IRETURN
[00:57:25] [Client thread/INFO] [Quark ASM]: Patch result: true
[00:57:25] [Client thread/INFO] [ASMUtil]: Transforming class net/minecraft/entity/item/EntityFallingBlock
[00:57:25] [Client thread/INFO] [ASMUtil]: Transforming class net/minecraft/entity/item/EntityFallingBlock
[00:57:25] [Client thread/INFO] [Fixeroo]: Transforming net.minecraft.tileentity.TileEntity
[00:57:25] [Client thread/INFO] [Quark ASM]: Transforming net.minecraft.block.BlockPistonBase
[00:57:25] [Client thread/INFO] [Quark ASM]: Applying Transformation to method (Names [canPush, func_185646_a] Descriptor (Lnet/minecraft/block/state/IBlockState;Lnet/minecraft/world/World;Lnet/minecraft/util/math/BlockPos;Lnet/minecraft/util/EnumFacing;ZLnet/minecraft/util/EnumFacing;)Z)
[00:57:25] [Client thread/INFO] [Quark ASM]: Located Method, patching...
[00:57:25] [Client thread/INFO] [Quark ASM]: Located patch target node INVOKEVIRTUAL net/minecraft/block/Block.hasTileEntity (Lnet/minecraft/block/state/IBlockState;)Z
[00:57:25] [Client thread/INFO] [Quark ASM]: Patch result: true
[00:57:25] [Client thread/INFO] [Quark ASM]: Applying Transformation to method (Names [doMove, func_176319_a] Descriptor (Lnet/minecraft/world/World;Lnet/minecraft/util/math/BlockPos;Lnet/minecraft/util/EnumFacing;Z)Z)
[00:57:25] [Client thread/INFO] [Quark ASM]: Located Method, patching...
[00:57:25] [Client thread/INFO] [Quark ASM]: Located patch target node INVOKEVIRTUAL net/minecraft/block/state/BlockPistonStructureHelper.func_177254_c ()Ljava/util/List;
[00:57:25] [Client thread/INFO] [Quark ASM]: Patch result: true
[00:57:25] [Client thread/INFO] [Quark ASM]: Applying Transformation to method (Names [doMove, func_176319_a] Descriptor (Lnet/minecraft/world/World;Lnet/minecraft/util/math/BlockPos;Lnet/minecraft/util/EnumFacing;Z)Z)
[00:57:25] [Client thread/INFO] [Quark ASM]: Located Method, patching...
[00:57:25] [Client thread/INFO] [Quark ASM]: Located patch target node INVOKESPECIAL net/minecraft/block/state/BlockPistonStructureHelper.<init> (Lnet/minecraft/world/World;Lnet/minecraft/util/math/BlockPos;Lnet/minecraft/util/EnumFacing;Z)V
[00:57:25] [Client thread/INFO] [Quark ASM]: Patch result: true
[00:57:25] [Client thread/INFO] [Quark ASM]: Applying Transformation to method (Names [checkForMove, func_176316_e] Descriptor (Lnet/minecraft/world/World;Lnet/minecraft/util/math/BlockPos;Lnet/minecraft/block/state/IBlockState;)V)
[00:57:25] [Client thread/INFO] [Quark ASM]: Located Method, patching...
[00:57:25] [Client thread/INFO] [Quark ASM]: Located patch target node INVOKESPECIAL net/minecraft/block/state/BlockPistonStructureHelper.<init> (Lnet/minecraft/world/World;Lnet/minecraft/util/math/BlockPos;Lnet/minecraft/util/EnumFacing;Z)V
[00:57:25] [Client thread/INFO] [Quark ASM]: Patch result: true
[00:57:25] [Client thread/INFO] [Quark ASM]: Transforming net.minecraft.tileentity.TileEntityPiston
[00:57:25] [Client thread/INFO] [Quark ASM]: Applying Transformation to method (Names [update, func_73660_a] Descriptor ()V)
[00:57:25] [Client thread/INFO] [Quark ASM]: Located Method, patching...
[00:57:25] [Client thread/INFO] [Quark ASM]: Patch result: true
[00:57:25] [Client thread/INFO] [Quark ASM]: Applying Transformation to method (Names [clearPistonTileEntity, func_145866_f] Descriptor ()V)
[00:57:25] [Client thread/INFO] [Quark ASM]: Located Method, patching...
[00:57:25] [Client thread/INFO] [Quark ASM]: Located patch target node INVOKEVIRTUAL net/minecraft/world/World.func_180501_a (Lnet/minecraft/util/math/BlockPos;Lnet/minecraft/block/state/IBlockState;I)Z
[00:57:25] [Client thread/INFO] [Quark ASM]: Patch result: true
[00:57:25] [Client thread/INFO] [Quark ASM]: Applying Transformation to method (Names [update, func_73660_a] Descriptor ()V)
[00:57:25] [Client thread/INFO] [Quark ASM]: Located Method, patching...
[00:57:25] [Client thread/INFO] [Quark ASM]: Located patch target node INVOKEVIRTUAL net/minecraft/world/World.func_180501_a (Lnet/minecraft/util/math/BlockPos;Lnet/minecraft/block/state/IBlockState;I)Z
[00:57:25] [Client thread/INFO] [Quark ASM]: Patch result: true
[00:57:25] [Client thread/INFO] [Fixeroo]: Transforming net.minecraft.block.BlockPumpkin
[00:57:25] [Client thread/INFO] [ASMUtil]: Transforming class net/minecraft/entity/monster/EntityMob
[00:57:25] [Client thread/INFO] [ASMUtil]: Transforming class net/minecraft/entity/monster/EntityMob
[00:57:26] [Client thread/INFO] [Quark ASM]: Transforming net.minecraft.enchantment.EnchantmentDamage
[00:57:26] [Client thread/INFO] [Quark ASM]: Applying Transformation to method (Names [canApply, func_92089_a] Descriptor (Lnet/minecraft/item/ItemStack;)Z)
[00:57:26] [Client thread/INFO] [Quark ASM]: Located Method, patching...
[00:57:26] [Client thread/INFO] [Quark ASM]: Located patch target node IRETURN
[00:57:26] [Client thread/INFO] [Quark ASM]: Located patch target node IRETURN
[00:57:26] [Client thread/INFO] [Quark ASM]: Patch result: true
[00:57:26] [Client thread/WARN] [mixin]: @Redirect conflict. Skipping mixins.fermiummixins.early.vanilla.untippedarrowparticles.json:vanilla.EntityTippedArrow_ParticleRenderMixin from mod unknown-owner->@Redirect::fermiummixins_vanillaEntityTippedArrow_refreshColor(I)Ljava/lang/Integer; with priority 1000, already redirected by mixins/bugfixes/mixins.entities.untippedarrowparticles.json:UTEntityTippedArrowMixin from mod unknown-owner->@Redirect::utTippedArrowRefreshColor(I)Ljava/lang/Integer; with priority 1000
[00:57:26] [Client thread/INFO] [ASMUtil]: Transforming class net/minecraft/entity/item/EntityItemFrame
[00:57:26] [Client thread/INFO] [ASMUtil]: Transforming class net/minecraft/entity/item/EntityItemFrame
[00:57:26] [Client thread/INFO] [EnderCore ASM]: Transforming Class [net.minecraft.entity.item.EntityItemFrame], Method [func_184230_a]
[00:57:26] [Client thread/INFO] [EnderCore ASM]: Transforming net.minecraft.entity.item.EntityItemFrame Finished.
[00:57:26] [Client thread/INFO] [Quark ASM]: Transforming net.minecraft.entity.item.EntityMinecart
[00:57:26] [Client thread/INFO] [Quark ASM]: Applying Transformation to method (Names [killMinecart, func_94095_a] Descriptor (Lnet/minecraft/util/DamageSource;)V)
[00:57:26] [Client thread/INFO] [Quark ASM]: Located Method, patching...
[00:57:26] [Client thread/INFO] [Quark ASM]: Located patch target node INVOKEVIRTUAL net/minecraft/entity/item/EntityMinecart.func_70099_a (Lnet/minecraft/item/ItemStack;F)Lnet/minecraft/entity/item/EntityItem;
[00:57:26] [Client thread/INFO] [Quark ASM]: Patch result: true
[00:57:26] [Client thread/INFO] [Quark ASM]: Transforming net.minecraft.entity.item.EntityBoat
[00:57:26] [Client thread/INFO] [Quark ASM]: Applying Transformation to method (Names [attackEntityFrom, func_70097_a] Descriptor (Lnet/minecraft/util/DamageSource;F)Z)
[00:57:26] [Client thread/INFO] [Quark ASM]: Located Method, patching...
[00:57:26] [Client thread/INFO] [Quark ASM]: Located patch target node INVOKEVIRTUAL net/minecraft/entity/item/EntityBoat.func_145778_a (Lnet/minecraft/item/Item;IF)Lnet/minecraft/entity/item/EntityItem;
[00:57:26] [Client thread/INFO] [Quark ASM]: Patch result: true
[00:57:26] [Client thread/INFO] [ASMUtil]: Transforming class net/minecraft/potion/PotionEffect
[00:57:26] [Client thread/INFO] [ASMUtil]: Transforming class net/minecraft/potion/PotionEffect
[00:57:26] [Client thread/INFO] [Quark ASM]: Transforming net.minecraft.item.ItemBanner
[00:57:26] [Client thread/INFO] [Quark ASM]: Applying Transformation to method (Names [appendHoverTextFromTileEntityTag, func_185054_a] Descriptor (Lnet/minecraft/item/ItemStack;Ljava/util/List;)V)
[00:57:26] [Client thread/INFO] [Quark ASM]: Located Method, patching...
[00:57:26] [Client thread/INFO] [Quark ASM]: Located patch target node BIPUSH 6
[00:57:26] [Client thread/INFO] [Quark ASM]: Patch result: true
[00:57:26] [Client thread/INFO] [Astral Core]: [AstralTransformer] Transforming wg : net.minecraft.entity.ai.attributes.AbstractAttributeMap with 1 patches!
[00:57:26] [Client thread/INFO] [Astral Core]: [AstralTransformer] Applied patch PATCHADDPLAYERATTRIBUTE
[00:57:26] [Client thread/INFO] [ASMUtil]: Transforming class net/minecraft/entity/ai/attributes/AttributeMap
[00:57:26] [Client thread/INFO] [ASMUtil]: Transforming class net/minecraft/entity/ai/attributes/AttributeMap
[00:57:26] [Client thread/INFO] [ASMUtil]: Transforming class net/minecraft/pathfinding/PathNavigate
[00:57:26] [Client thread/INFO] [ASMUtil]: Transforming class net/minecraft/pathfinding/PathNavigate
[00:57:26] [Client thread/INFO] [Quark ASM]: Transforming net.minecraft.entity.ai.EntityAITarget
[00:57:26] [Client thread/INFO] [Quark ASM]: Applying Transformation to method (Names [isSuitableTarget, func_179445_a] Descriptor (Lnet/minecraft/entity/EntityLiving;Lnet/minecraft/entity/EntityLivingBase;ZZ)Z)
[00:57:26] [Client thread/INFO] [Quark ASM]: Located Method, patching...
[00:57:26] [Client thread/INFO] [Quark ASM]: Patch result: true
[00:57:26] [Client thread/INFO] [EnderCore ASM]: Transforming Class [net.minecraft.entity.ai.EntityAICreeperSwell], Method [func_75246_d]
[00:57:26] [Client thread/INFO] [EnderCore ASM]: Transforming net.minecraft.entity.ai.EntityAICreeperSwell Finished.
[00:57:26] [Client thread/INFO] [Quark ASM]: Transforming net.minecraft.item.crafting.RecipesBanners$RecipeAddPattern
[00:57:26] [Client thread/INFO] [Quark ASM]: Applying Transformation to method (Names [matches, func_77569_a] Descriptor (Lnet/minecraft/inventory/InventoryCrafting;Lnet/minecraft/world/World;)Z)
[00:57:26] [Client thread/INFO] [Quark ASM]: Located Method, patching...
[00:57:26] [Client thread/INFO] [Quark ASM]: Located patch target node INVOKESTATIC net/minecraft/tileentity/TileEntityBanner.func_175113_c (Lnet/minecraft/item/ItemStack;)I
[00:57:26] [Client thread/INFO] [Quark ASM]: Patch result: true
[00:57:26] [Client thread/INFO] [stellar_core]: [StellarCore-NBTTagPrimitivePool] PrimitiveType NBTTagPrimitivePool initialized, took 9ms.
[00:57:26] [Client thread/INFO] [FermiumASM]: Improving FurnaceRecipes. Lookups are now a lot faster.
[00:57:26] [Client thread/INFO] [Quark ASM]: Transforming net.minecraft.inventory.ContainerMerchant
[00:57:26] [Client thread/INFO] [Quark ASM]: Applying Transformation to method (Names [transferStackInSlot, func_82846_b] Descriptor (Lnet/minecraft/entity/player/EntityPlayer;I)Lnet/minecraft/item/ItemStack;)
[00:57:26] [Client thread/INFO] [Quark ASM]: Located Method, patching...
[00:57:26] [Client thread/INFO] [Quark ASM]: Located patch target node INVOKEVIRTUAL net/minecraft/inventory/ContainerMerchant.func_75135_a (Lnet/minecraft/item/ItemStack;IIZ)Z
[00:57:26] [Client thread/INFO] [Quark ASM]: Located patch target node INVOKEVIRTUAL net/minecraft/inventory/ContainerMerchant.func_75135_a (Lnet/minecraft/item/ItemStack;IIZ)Z
[00:57:26] [Client thread/INFO] [Quark ASM]: Located patch target node INVOKEVIRTUAL net/minecraft/inventory/ContainerMerchant.func_75135_a (Lnet/minecraft/item/ItemStack;IIZ)Z
[00:57:26] [Client thread/INFO] [Quark ASM]: Located patch target node INVOKEVIRTUAL net/minecraft/inventory/ContainerMerchant.func_75135_a (Lnet/minecraft/item/ItemStack;IIZ)Z
[00:57:26] [Client thread/INFO] [Quark ASM]: Patch result: true
[00:57:26] [Client thread/INFO] [EnderCore ASM]: Transforming Class [net.minecraft.inventory.ContainerFurnace], Method [func_82846_b]
[00:57:26] [Client thread/INFO] [EnderCore ASM]: Transforming net.minecraft.inventory.ContainerFurnace Finished.
[00:57:26] [Client thread/INFO] [ReBind Core]: Keybinding id: mc_forward, known: true
[00:57:26] [Client thread/INFO] [ReBind Core]: Keybinding id: mc_left, known: true
[00:57:26] [Client thread/INFO] [ReBind Core]: Keybinding id: mc_back, known: true
[00:57:26] [Client thread/INFO] [ReBind Core]: Keybinding id: mc_right, known: true
[00:57:26] [Client thread/INFO] [ReBind Core]: Keybinding id: mc_jump, known: true
[00:57:26] [Client thread/INFO] [ReBind Core]: Keybinding id: mc_sneak, known: true
[00:57:26] [Client thread/INFO] [ReBind Core]: Keybinding id: mc_sprint, known: true
[00:57:26] [Client thread/INFO] [ReBind Core]: Keybinding id: mc_inventory, known: true
[00:57:26] [Client thread/INFO] [ReBind Core]: Keybinding id: mc_swaphands, known: true
[00:57:26] [Client thread/INFO] [ReBind Core]: Keybinding id: mc_drop, known: true
[00:57:26] [Client thread/INFO] [ReBind Core]: Keybinding id: mc_use, known: true
[00:57:26] [Client thread/INFO] [ReBind Core]: Keybinding id: mc_attack, known: true
[00:57:26] [Client thread/INFO] [ReBind Core]: Keybinding id: mc_pickitem, known: true
[00:57:26] [Client thread/INFO] [ReBind Core]: Keybinding id: mc_chat, known: true
[00:57:26] [Client thread/INFO] [ReBind Core]: Keybinding id: mc_playerlist, known: true
[00:57:26] [Client thread/INFO] [ReBind Core]: Keybinding id: mc_command, known: true
[00:57:26] [Client thread/INFO] [ReBind Core]: Keybinding id: mc_screenshot, known: true
[00:57:26] [Client thread/INFO] [ReBind Core]: Keybinding id: mc_toggleperspective, known: true
[00:57:26] [Client thread/INFO] [ReBind Core]: Keybinding id: mc_smoothcamera, known: true
[00:57:26] [Client thread/INFO] [ReBind Core]: Keybinding id: mc_fullscreen, known: true
[00:57:26] [Client thread/INFO] [ReBind Core]: Keybinding id: mc_spectatoroutlines, known: true
[00:57:26] [Client thread/INFO] [ReBind Core]: Keybinding id: mc_advancements, known: true
[00:57:26] [Client thread/INFO] [ReBind Core]: Keybinding id: mc_hotbar_1, known: true
[00:57:26] [Client thread/INFO] [ReBind Core]: Keybinding id: mc_hotbar_2, known: true
[00:57:26] [Client thread/INFO] [ReBind Core]: Keybinding id: mc_hotbar_3, known: true
[00:57:26] [Client thread/INFO] [ReBind Core]: Keybinding id: mc_hotbar_4, known: true
[00:57:26] [Client thread/INFO] [ReBind Core]: Keybinding id: mc_hotbar_5, known: true
[00:57:26] [Client thread/INFO] [ReBind Core]: Keybinding id: mc_hotbar_6, known: true
[00:57:26] [Client thread/INFO] [ReBind Core]: Keybinding id: mc_hotbar_7, known: true
[00:57:26] [Client thread/INFO] [ReBind Core]: Keybinding id: mc_hotbar_8, known: true
[00:57:26] [Client thread/INFO] [ReBind Core]: Keybinding id: mc_hotbar_9, known: true
[00:57:26] [Client thread/INFO] [ReBind Core]: Keybinding id: mc_savetoolbaractivator, known: true
[00:57:26] [Client thread/INFO] [ReBind Core]: Keybinding id: mc_loadtoolbaractivator, known: true
[00:57:26] [Client thread/WARN] [net.minecraft.client.settings.GameSettings]: Skipping bad option: lastServer:
[00:57:26] [Client thread/WARN] [net.minecraft.client.settings.GameSettings]: Skipping bad option: fov:1.0
[00:57:26] [Client thread/WARN] [net.minecraft.client.settings.GameSettings]: Skipping bad option: ao:2
[00:57:26] [Client thread/INFO] [net.minecraft.client.Minecraft]: LWJGL Version: 3.3.6-snapshot
[00:57:26] [Client thread/WARN] [net.minecraft.client.settings.GameSettings]: Skipping bad option: lastServer:
[00:57:26] [Client thread/WARN] [net.minecraft.client.settings.GameSettings]: Skipping bad option: fov:1.0
[00:57:26] [Client thread/WARN] [net.minecraft.client.settings.GameSettings]: Skipping bad option: ao:2
[00:57:26] [Client thread/INFO] [STDOUT]: [org.lwjgl.opengl.Display:create:200]: [LWJGLXX] Creating Display
[00:57:26] [Client thread/INFO] [STDOUT]: [org.lwjgl.opengl.Display:create:205]: [LWJGLXX] Preferred OpenGL version from forge_early.cfg is 2.1
[00:57:26] [Client thread/INFO] [STDOUT]: [org.lwjgl.opengl.Display:create:236]: [LWJGLXX] OpenGL version after validation is 2.1
[00:57:26] [Client thread/INFO] [STDOUT]: [org.lwjgl.opengl.Display:create:288]: [LWJGLXX] Attempting to create OpenGL 2.1 context
[00:57:27] [Client thread/INFO] [STDOUT]: [org.lwjgl.opengl.Display:create:309]: [LWJGLXX] Obtained OpenGL 2.1 window handle
[00:57:27] [Client thread/INFO] [STDOUT]: [org.lwjgl.opengl.Display:create:545]: [LWJGLXX] Current OpenGL version is 2.1
[00:57:27] [Client thread/INFO] [STDOUT]: [org.lwjgl.opengl.Display:create:548]: [LWJGLXX] Cached current OpenGL version to forge_early.cfg
[00:57:27] [Client thread/INFO] [renderlib]: OpenGL Debug: supported=null, enabled=false
[00:57:27] [Client thread/INFO] [ReBind Core]: Keybinding id: optifine_gnetum_configmapping, known: false
[00:57:27] [Client thread/INFO] [Fixeroo]: Transforming net.minecraft.client.model.ModelBiped
[00:57:27] [Client thread/INFO] [Quark ASM]: Transforming net.minecraft.client.model.ModelBiped
[00:57:27] [Client thread/INFO] [Quark ASM]: Applying Transformation to method (Names [setRotationAngles, func_78087_a] Descriptor (FFFFFFLnet/minecraft/entity/Entity;)V)
[00:57:27] [Client thread/INFO] [Quark ASM]: Located Method, patching...
[00:57:27] [Client thread/INFO] [Quark ASM]: Located patch target node RETURN
[00:57:27] [Client thread/INFO] [Quark ASM]: Patch result: true
[00:57:27] [Client thread/INFO] [Fixeroo]: Transforming net.minecraft.client.model.ModelPlayer
[00:57:27] [Client thread/WARN] [LLibrary Core]: Unable to call Core API! It has not been initialized yet!
[00:57:27] [Client thread/INFO] [ReBind Core]: Forge <FMLClientHandler.class> patched!
[00:57:27] [Client thread/WARN] [mixin]: @Redirect conflict. Skipping mixins.vintagefix.json:bugfix.exit_freeze.IntegratedServerMixin from mod unknown-owner->@Redirect::checkThreadStatus(Ljava/util/concurrent/Future;)Ljava/lang/Object; with priority 1000, already redirected by mixins.vfix_bugfixes.json:client.MixinIntegratedServer from mod unknown-owner->@Redirect::getUnchecked(Ljava/util/concurrent/Future;)Ljava/lang/Object; with priority 1000
[00:57:27] [Client thread/INFO] [FML]: -- System Details --
  Minecraft Version: 1.12.2
  Operating System: Mac OS X (aarch64) version 15.7.3
  Java Version: 25.0.2, Azul Systems, Inc.
  Java VM Version: OpenJDK 64-Bit Server VM (mixed mode, sharing), Azul Systems, Inc.
  Memory: 341725856 bytes (325 MB) / 1207959552 bytes (1152 MB) up to 10737418240 bytes (10240 MB)
  JVM Flags: 2 total; -Xms512m -Xmx10240m
  IntCache: cache: 0, tcache: 0, allocated: 0, tallocated: 0
  FML: 
  Cleanroom Version: 0.5.8-alpha
  Loaded coremods (and transformers): VintageFix (vintagefix-0.7.0.jar)
                                        org.embeddedt.vintagefix.transformer.ASMModParserTransformer
                                      ScalarLoadingPlugin (Scalar Legacy-1.0.1.jar)
                                        
                                      ESMCore (esm-legacy-1.12.2-1.0.9.jar)
                                        
                                      DeepBloodEvolutionCore (DeepBloodEvolution-1.1.6-e.jar)
                                        com.glodblock.github.dmeblood.coremod.DBEClassTransformer
                                      AppleCore (AppleCore-mc1.12.2-3.4.0.jar)
                                        squeek.applecore.asm.TransformerModuleHandler
                                      NoiseThreaderPlugin (NoiseThreader-1.1.3.jar)
                                        
                                      LemonSkinPlugin (lemonskin-4.0.0.jar)
                                        
                                      LoadingPlugin (splashlogofix-1.0.jar)
                                        me.modmuss50.splashlogofix.asm.ClassTransformer
                                      IFPatcher (IFPatcher-2.4.0.jar)
                                        net.eve0415.ifpatcher.Transformer
                                      JeiUtilitiesLoadingPlugin (JEI-Utilities-1.12.2-0.2.13.jar)
                                        com.github.vfyjxf.jeiutilities.asm.JeiUtilitiesClassTransformer
                                      RandomTweaker CoreMod Boot (RandomTweaker-1.4.10.jar)
                                        ink.ikx.rt.classTransforms.RandomTweakerClassTransformer
                                      FluidCraftCore (Fluid Craft for AE2-2.6.6-r.jar)
                                        com.glodblock.github.coremod.FCClassTransformer
                                      PETeamsCore (peteams-1.12.2-1.4.0.jar)
                                        
                                      Bubbles (Bubbles-2.4.10.jar)
                                        
                                      ZenRecipeReloadingPlugin (zenrecipereloading-1.4.5.jar)
                                        
                                      MixinLoader (Atlas-Lib-1.12.2-1.1.10.jar)
                                        
                                      ParticleCullingLoadingPlugin (particleculling-1.12.2-v1.4.3.jar)
                                        
                                      CrashAssistantEntrypoint (!!!CrashAssistant-forge-1.12.2-1.11.8.jar)
                                        dev.kostromdan.mods.crash_assistant.forge_coremod.CrashAssistantTransformer
                                      ReBind Core (rebind-1.12.2-2.7.5-0.jar)
                                        austeretony.rebind.common.core.ReBindClassTransformer
                                      Nether API Plugin (Nether-API-v1.4.2-mc1.12.2.jar)
                                        git.jbredwards.nether_api.mod.asm.ASMHandler$Transformer
                                      BTFixesCore (BTFixes-1.12.2-1.2.2.jar)
                                        
                                      EnderModpackTweaksCore (endermodpacktweaks-0.5.11.jar)
                                        
                                      Betterer Biomer Blender (betterbiomeblend-1.2.0-1.12.2.jar)
                                        
                                      FurnaceXPStoragePlugin (FurnaceXPStorage-1.3.1.jar)
                                        
                                      RenderLibPlugin (RenderLib-1.12.2-1.4.5.jar)
                                        
                                      llibrary (llibrary-core-1.0.11-1.12.2.jar)
                                        net.ilexiconn.llibrary.server.core.plugin.LLibraryTransformer
                                        net.ilexiconn.llibrary.server.core.patcher.LLibraryRuntimePatcher
                                      AstralCore (astralsorcery-1.12.2-1.10.27.jar)
                                        
                                      Spark (spark-unforged-1.11.140-forge.jar)
                                        
                                      Gnetum (gnetum-1.4.1.jar)
                                        
                                      Fugue (+Fugue-0.23.4.jar)
                                        
                                      PatternBannersCore (patternbanners-1.2.3.jar)
                                        
                                      JustEnoughIDs Extension Plugin (RoughlyEnoughIDs-2.3.0.jar)
                                        
                                      EntityCullingPlugin (EntityCulling-1.12.2-6.5.0.jar)
                                        
                                      ModularUI-Core (modularui-3.1.6.jar)
                                        com.cleanroommc.modularui.core.ClassTransformer
                                      WorseCore (WorseHurtTimer-1.12.2-1.5.0.3.jar)
                                        
                                      Forgelin-Continuous (Forgelin-Continuous-2.3.10.0.jar)
                                        
                                      IELoadingPlugin (ImmersiveEngineering-core-0.12-98.jar)
                                        blusunrize.immersiveengineering.common.asm.IEClassTransformer
                                      FermiumASM (fermiumasm-5.31.jar)
                                        
                                      EarlyMixinInit ([MC-1.12.2] Key Binding Patch v1.3.3.3 - 2024-12-1.jar)
                                        
                                      WitherConfigPlugin (Wither-Config-1.2.1.jar)
                                        
                                      LoadingPlugin (ChunkAnimator-1.12.2-1.2.1.jar)
                                        lumien.chunkanimator.asm.ClassTransformer
                                      AlfheimPlugin (Alfheim-1.6.jar)
                                        
                                      ZSPacketPlugin (zspacket-0.0.1.jar)
                                        
                                      FermiumBooter (`FermiumBooter-1.4.1.jar)
                                        
                                      RoidTweakerEarlyMixinLoader (roidtweaker-1.2.2.jar)
                                        
                                      AE2ELCore (ae2-uel-v0.56.7.jar)
                                        appeng.core.transformer.AE2ELTransformer
                                      BogoSorter-Core (bogosorter-1.6.2.jar)
                                        
                                      Red Core (!Red-Core-MC-1.8-1.12-0.7.1.jar)
                                        
                                      JEIAreaFixerEarlyMixin (jei_area_fixer-2.3.0.jar)
                                        
                                      ASMPlugin (justenoughmagiculture-1.12.2-1.2.2.jar)
                                        com.invadermonky.justenoughmagiculture.asm.ASMTransformer
                                      LoadingPlugin (ResourceLoader-MC1.12.1-1.5.3.jar)
                                        lumien.resourceloader.asm.ClassTransformer
                                      FMLPlugin (TheAetherBaubles-2.0.1.jar)
                                        henrykado.aetherbaubles.asm.ClassTransformer
                                      ToolProgressionPlugin (toolprogression-core-1.12.2-1.6.12.jar)
                                        tyra314.toolprogression.core.asm.ToolProgressionClassTransformer
                                      PassableLeavesCore (PassableLeavesCore-1.12.2-1.0.0.jar)
                                        teamrtg.passableleaves.asm.PassableLeavesTransformer
                                      Celeritas (celeritas-forge-mc12.2-2.4.0-dev.jar)
                                        
                                      FermiumMixins (FermiumMixins-1.0.12.jar)
                                        
                                      RLTweaker ASM (RLTweaker-1.12.2-0.7.5.jar)
                                        com.charles445.rltweaker.asm.RLTweakerClassTransformer
                                      BHLoader (betterhorses-1.5.jar)
                                        
                                      UniversalTweaksCore (UniversalTweaks-1.12.2-1.19.1.jar)
                                        
                                      Aqua Acrobatics Transformer (AquaAcrobatics-1.15.4.jar)
                                        
                                      KonkreteCore (konkrete_forge_1.6.1_MC_1.12-1.12.2.jar)
                                        
                                      GroovyScript-Core (groovyscript-1.4.3.jar)
                                        
                                      McMouser (mcmouser-1.12.2-forge-1.0.2.jar)
                                        
                                      Fixeroo (Fixeroo-2.3.6.jar)
                                        
                                      Quark Plugin (QuarkRotN-r1.6-191.jar)
                                        vazkii.quark.base.asm.ClassTransformer
                                      iceandfire (Ice and Fire-2.0.0.jar)
                                        com.github.alexthe666.iceandfire.patcher.IceAndFireRuntimePatcher
                                        com.github.alexthe666.iceandfire.asm.EntityLivingBaseTransformer
                                        com.github.alexthe666.iceandfire.asm.LayerArmorBaseTransformer
                                      CTMCorePlugin (CTM-MC1.12.2-1.0.2.31.jar)
                                        team.chisel.ctm.client.asm.CTMTransformer
                                      EnderCorePlugin (EnderCore-1.12.2-0.5.78-core.jar)
                                        com.enderio.core.common.transform.EnderCoreTransformer
                                        com.enderio.core.common.transform.SimpleMixinPatcher
                                      ReachFixPlugin (ReachFix-1.12.2-1.1.3.jar)
                                        meldexun.reachfix.asm.ReachFixClassTransformer
                                      StellarCoreEarlyMixinLoader (StellarCore-1.5.22.jar)
                                        
                                      ZenUtilsPlugin (zenutils-1.27.0.jar)
                                        youyihj.zenutils.impl.config.ClassProvider
                                        youyihj.zenutils.impl.core.TConTraitRepresentationTransformer
                                      MMCEEarlyMixinLoader (ModularMachinery-CE-2.3.2.jar)
                                        
                                      MixinLoader (Highlighter-1.12.2-forge-1.1.7.jar)
                                        
                                      Another Tips Core (anothertips-1.0.5.jar)
                                        
                                      serializationisbad (serializationisbad-1.5.2.jar)
                                        io.dogboy.serializationisbad.legacyforge.SIBTransformer
                                      MixinBooter (cleanroom-0.5.8-alpha.jar)
                                        
                                      TFCore (twilightforest-1.12.2-3.15.1.jar)
  GL info: ' Vendor: 'Apple' Version: '2.1 Metal - 89.4' Renderer: 'Apple M2'
  Suspected Mods: Unknown

[00:57:27] [Client thread/INFO] [FML]: Cleanroom v0.5.8-alpha Initialized
[00:57:27] [Client thread/INFO] [FML]: Starts to replace vanilla recipe ingredients with ore ingredients.
[00:57:27] [Client thread/INFO] [FML]: Invalid recipe found with multiple oredict ingredients in the same ingredient...
[00:57:27] [Client thread/INFO] [FML]: Replaced 1227 ore ingredients
[00:57:27] [Client thread/INFO] [toolprogression_core]: Transforming: net.minecraftforge.common.ForgeHooks
[00:57:27] [Client thread/INFO] [ASMUtil]: Transforming class net/minecraftforge/common/ForgeHooks
[00:57:27] [Client thread/INFO] [ASMUtil]: Transforming class net/minecraftforge/common/ForgeHooks
[00:57:27] [Client thread/INFO] [Kirino Core]: Initializing Kirino-Engine's Mod Container.
[00:57:27] [Client thread/INFO] [Kirino Core]: Initializing Kirino-ECS's Mod Container.
[00:57:27] [Client thread/INFO] [Kirino Core]: Initializing Kirino-GL's Mod Container.
[00:57:27] [Client thread/WARN] [FML]: Enabling removal of erroring Entities - USE AT YOUR OWN RISK
[00:57:27] [Client thread/WARN] [FML]: Enabling removal of erroring Tile Entities - USE AT YOUR OWN RISK
[00:57:27] [Client thread/WARN] [FML]: Mod crash_assistant is missing the required element 'version' and a version.properties file could not be found. Falling back to metadata version 1.11.8
[00:57:27] [Client thread/WARN] [FML]: Mod brigo is missing the required element 'version' and a version.properties file could not be found. Falling back to metadata version 1.1.1
[00:57:27] [Client thread/WARN] [FML]: Mod celeritas is missing the required element 'version' and a version.properties file could not be found. Falling back to metadata version 2.4.0-dev
[00:57:27] [Client thread/WARN] [FML]: Mod clienttweaks is missing the required element 'version' and a version.properties file could not be found. Falling back to metadata version 3.1.11
[00:57:27] [Client thread/WARN] [FML]: Mod codechickenlib is missing the required element 'version' and a version.properties file could not be found. Falling back to metadata version 3.2.3.358
[00:57:27] [Client thread/WARN] [FML]: Mod defaultoptions is missing the required element 'version' and a version.properties file could not be found. Falling back to metadata version 9.2.8
[00:57:27] [Client thread/WARN] [FML]: Mod elegant_networking is missing the required element 'version' and a version.properties file could not be found. Falling back to metadata version 3.16
[00:57:27] [Client thread/WARN] [FML]: Mod entityculling is missing the required element 'version' and a version.properties file could not be found. Falling back to metadata version 6.5.0
[00:57:28] [Client thread/WARN] [FML]: Mod fpsreducer is missing the required element 'version' and a version.properties file could not be found. Falling back to metadata version mc1.12.2-1.20
[00:57:28] [Client thread/WARN] [FML]: Mod kleeslabs is missing the required element 'version' and a version.properties file could not be found. Falling back to metadata version 5.4.12
[00:57:28] [Client thread/WARN] [FML]: Mod konkrete is missing the required element 'version' and a version.properties file could not be found. Falling back to metadata version 1.6.1
[00:57:28] [Client thread/WARN] [FML]: Mod patchouli is missing the required element 'version' and a version.properties file could not be found. Falling back to metadata version 1.0-23.6
[00:57:28] [Client thread/WARN] [FML]: Mod reachfix is missing the required element 'version' and a version.properties file could not be found. Falling back to metadata version 1.1.3
[00:57:28] [Client thread/WARN] [FML]: Mod reauth is missing the required element 'version' and a version.properties file could not be found. Falling back to metadata version 4.0.7
[00:57:28] [Client thread/WARN] [FML]: Mod renderlib is missing the required element 'version' and a version.properties file could not be found. Falling back to metadata version 1.4.5
[00:57:28] [Client thread/INFO] [FML]: Forge Mod Loader has identified 222 mods to load
[00:57:28] [Client thread/INFO] [FML]: FML has found a non-mod file config-1.2.1.jar in your mods directory. It will now be injected into your classpath.
[00:57:28] [Client thread/INFO] [FML]: FML has found a non-mod file mcmouser-1.12.2-forge-1.0.2.jar in your mods directory. It will now be injected into your classpath.
[00:57:28] [Client thread/INFO] [FML]: FML has found a non-mod file scala-actors-2.11.0.jar in your mods directory. It will now be injected into your classpath.
[00:57:28] [Client thread/INFO] [FML]: FML has found a non-mod file scala-actors-migration_2.11-1.1.0.jar in your mods directory. It will now be injected into your classpath.
[00:57:28] [Client thread/INFO] [FML]: FML has found a non-mod file scala-compiler-2.11.1.jar in your mods directory. It will now be injected into your classpath.
[00:57:28] [Client thread/INFO] [FML]: FML has found a non-mod file scala-continuations-library_2.11-1.0.2_mc.jar in your mods directory. It will now be injected into your classpath.
[00:57:28] [Client thread/INFO] [FML]: FML has found a non-mod file scala-continuations-plugin_2.11.1-1.0.2_mc.jar in your mods directory. It will now be injected into your classpath.
[00:57:28] [Client thread/INFO] [FML]: FML has found a non-mod file scala-library-2.11.1.jar in your mods directory. It will now be injected into your classpath.
[00:57:28] [Client thread/INFO] [FML]: FML has found a non-mod file scala-parser-combinators_2.11-1.0.1.jar in your mods directory. It will now be injected into your classpath.
[00:57:28] [Client thread/INFO] [FML]: FML has found a non-mod file scala-reflect-2.11.1.jar in your mods directory. It will now be injected into your classpath.
[00:57:28] [Client thread/INFO] [FML]: FML has found a non-mod file scala-swing_2.11-1.0.1.jar in your mods directory. It will now be injected into your classpath.
[00:57:28] [Client thread/INFO] [FML]: FML has found a non-mod file scala-xml_2.11-1.0.2.jar in your mods directory. It will now be injected into your classpath.
[00:57:28] [Client thread/INFO] [FML]: FML has found a non-mod file splashlogofix-1.0.jar in your mods directory. It will now be injected into your classpath.
[00:57:28] [Client thread/INFO] [FermiumBooter]: FermiumBooter adding "mixins.fermiummixins.late.quark.enderwatcher.json" for late mixin application.
[00:57:28] [Client thread/INFO] [FermiumBooter]: FermiumBooter adding "mixins.modfixes_astralsorcery.json" for late mixin application.
[00:57:28] [Client thread/INFO] [FermiumBooter]: FermiumBooter adding "mixins.furnacexpstorage.crafttweaker.json" for late mixin application.
[00:57:28] [Client thread/INFO] [FermiumBooter]: FermiumBooter adding "mixins.fermiummixins.late.quark.stonelingdupe.json" for late mixin application.
[00:57:28] [Client thread/INFO] [FermiumBooter]: FermiumBooter adding "mixins.furnacexpstorage.mysticalagriculture.json" for late mixin application.
[00:57:28] [Client thread/INFO] [FermiumBooter]: FermiumBooter adding "mixins.fermiummixins.late.quark.monsterboxperformance.json" for late mixin application.
[00:57:28] [Client thread/INFO] [FermiumBooter]: FermiumBooter adding "mixins.fermiummixins.late.quark.disablecolorizer.json" for late mixin application.
[00:57:28] [Client thread/INFO] [FermiumBooter]: FermiumBooter adding "mixins.fermiummixins.late.quark.signeditsync.json" for late mixin application.
[00:57:28] [Client thread/INFO] [FermiumBooter]: FermiumBooter adding "mixins.furnacexpstorage.hei.json" for late mixin application.
[00:57:28] [Client thread/INFO] [FermiumBooter]: FermiumBooter adding "mixins.furnacexpstorage.nuclearcraft.json" for late mixin application.
[00:57:28] [Client thread/INFO] [FermiumBooter]: FermiumBooter adding "mixins.modfixes_xu2.json" for late mixin application.
[00:57:28] [Client thread/INFO] [FermiumBooter]: FermiumBooter adding "mixins.fermiummixins.late.quark.chatlinkcrash.json" for late mixin application.
[00:57:28] [Client thread/INFO] [FermiumBooter]: FermiumBooter adding "mixins.modfixes_immersiveengineering.json" for late mixin application.
[00:57:28] [Client thread/INFO] [FermiumBooter]: FermiumBooter adding "mixins.fermiummixins.late.quark.disablespringyslime.json" for late mixin application.
[00:57:28] [Client thread/INFO] [FermiumBooter]: FermiumBooter adding "mixins.searchtree_mod.json" for late mixin application.
[00:57:28] [Client thread/INFO] [FermiumBooter]: FermiumBooter adding "mixins.fermiummixins.late.quark.enchanttooltip.json" for late mixin application.
[00:57:28] [Client thread/INFO] [FermiumBooter]: FermiumBooter adding "mixins.fermiummixins.late.quark.villagerdoorai.json" for late mixin application.
[00:57:28] [Client thread/INFO] [FermiumBooter]: FermiumBooter adding "mixins.modfixes_crafttweaker.json" for late mixin application.
[00:57:28] [Client thread/INFO] [FermiumBooter]: FermiumBooter adding "mixins.fermiummixins.late.quark.chestboatdupe.json" for late mixin application.
[00:57:28] [Client thread/INFO] [FermiumBooter]: FermiumBooter adding "mixins.fermiummixins.late.quark.stonelingspawn.json" for late mixin application.
[00:57:28] [Client thread/INFO] [FermiumBooter]: FermiumBooter adding "mixins.modfixes_disable_broken_particles.json" for late mixin application.
[00:57:28] [Client thread/INFO] [FermiumBooter]: FermiumBooter adding "mixins.fermiummixins.late.quark.stonelingstall.json" for late mixin application.
[00:57:28] [Client thread/INFO] [FermiumBooter]: FermiumBooter adding "mixins.fermiummixins.late.quark.disableemotes.json" for late mixin application.
[00:57:28] [Client thread/INFO] [FermiumBooter]: FermiumBooter adding "mixins.capability_astralsorcery.json" for late mixin application.
[00:57:28] [Client thread/INFO] [ASMUtil]: Transforming class vazkii/quark/management/feature/LinkItems
[00:57:28] [Client thread/INFO] [ASMUtil]: Transforming class vazkii/quark/management/feature/LinkItems
[00:57:28] [Client thread/WARN] [mixin]: Error loading class: codechicken/multipart/BlockMultipart (java.lang.ClassNotFoundException: The specified class 'codechicken.multipart.BlockMultipart' was not found)
[00:57:28] [Client thread/WARN] [mixin]: Error loading class: buildcraft/transport/block/BlockPipeHolder (java.lang.ClassNotFoundException: The specified class 'buildcraft.transport.block.BlockPipeHolder' was not found)
[00:57:28] [Client thread/WARN] [mixin]: Error loading class: mrtjp/projectred/illumination/BlockLamp (java.lang.ClassNotFoundException: The specified class 'mrtjp.projectred.illumination.BlockLamp' was not found)
[00:57:28] [Client thread/WARN] [mixin]: Error loading class: mrtjp/projectred/expansion/BlockMachine (java.lang.ClassNotFoundException: The specified class 'mrtjp.projectred.expansion.BlockMachine' was not found)
[00:57:28] [Client thread/WARN] [mixin]: Error loading class: mrtjp/projectred/relocation/BlockFrame (java.lang.ClassNotFoundException: The specified class 'mrtjp.projectred.relocation.BlockFrame' was not found)
[00:57:28] [Client thread/WARN] [mixin]: Error loading class: mrtjp/projectred/exploration/BlockDecorativeWall (java.lang.ClassNotFoundException: The specified class 'mrtjp.projectred.exploration.BlockDecorativeWall' was not found)
[00:57:28] [Client thread/WARN] [mixin]: Error loading class: mrtjp/projectred/fabrication/BlockICMachine (java.lang.ClassNotFoundException: The specified class 'mrtjp.projectred.fabrication.BlockICMachine' was not found)
[00:57:28] [Client thread/WARN] [mixin]: Error loading class: thefloydman/moremystcraft/block/BlockLockedLectern (java.lang.ClassNotFoundException: The specified class 'thefloydman.moremystcraft.block.BlockLockedLectern' was not found)
[00:57:28] [Client thread/WARN] [mixin]: Error loading class: thefloydman/moremystcraft/block/BlockLockedBookstand (java.lang.ClassNotFoundException: The specified class 'thefloydman.moremystcraft.block.BlockLockedBookstand' was not found)
[00:57:28] [Client thread/WARN] [mixin]: Error loading class: buildcraft/lib/engine/BlockEngineBase_BC8 (java.lang.ClassNotFoundException: The specified class 'buildcraft.lib.engine.BlockEngineBase_BC8' was not found)
[00:57:28] [Client thread/WARN] [mixin]: Error loading class: buildcraft/factory/block/BlockDistiller (java.lang.ClassNotFoundException: The specified class 'buildcraft.factory.block.BlockDistiller' was not found)
[00:57:28] [Client thread/INFO] [FML]: Instantiating all ILateMixinLoader implemented classes...
[00:57:28] [Client thread/INFO] [FML]: Instantiating class io.github.kurrycat2004.peteams.core.LateMixinLoader for its mixins.
[00:57:28] [Client thread/INFO] [FML]: Adding mixins.mods.projectex.json mixin configuration.
[00:57:28] [Client thread/INFO] [FML]: Adding mixins.mods.ftblib.json mixin configuration.
[00:57:28] [Client thread/INFO] [FML]: Instantiating class mod.acgaming.universaltweaks.core.UTMixinLoader for its mixins.
[00:57:28] [Client thread/INFO] [FML]: Adding mixins/mods/mixins.hwyla.json mixin configuration.
[00:57:28] [Client thread/INFO] [FML]: Adding mixins/mods/mixins.crafttweaker.json mixin configuration.
[00:57:28] [Client thread/INFO] [FML]: Adding mixins/mods/mixins.enderio.itemrender.json mixin configuration.
[00:57:28] [Client thread/INFO] [FML]: Adding mixins/mods/mixins.fpsreducer.json mixin configuration.
[00:57:28] [Client thread/INFO] [FML]: Adding mixins/mods/mixins.extrautilities.breakcreativemill.json mixin configuration.
[00:57:28] [Client thread/INFO] [FML]: Adding mixins/mods/mixins.enderio.cyclebutton.json mixin configuration.
[00:57:28] [Client thread/INFO] [FML]: Adding mixins/mods/mixins.enderio.redstoneconduit.json mixin configuration.
[00:57:28] [Client thread/INFO] [FML]: Adding mixins/mods/mixins.bloodmagic.ritual.json mixin configuration.
[00:57:28] [Client thread/INFO] [FML]: Adding mixins/mods/mixins.extrautilities.potionlogging.json mixin configuration.
[00:57:28] [Client thread/INFO] [FML]: Adding mixins/mods/mixins.collective.json mixin configuration.
[00:57:28] [Client thread/INFO] [FML]: Adding mixins/mods/mixins.extreme_reactors.reactor_crash.json mixin configuration.
[00:57:28] [Client thread/INFO] [FML]: Adding mixins/mods/mixins.industrialforegoing.dupes.json mixin configuration.
[00:57:28] [Client thread/INFO] [FML]: Adding mixins/mods/mixins.aetherlegacy.eventdrops.json mixin configuration.
[00:57:28] [Client thread/INFO] [FML]: Adding mixins/mods/mixins.immersiveengineering.toolevent.json mixin configuration.
[00:57:28] [Client thread/INFO] [FML]: Adding mixins/mods/mixins.botania.dupes.json mixin configuration.
[00:57:28] [Client thread/INFO] [FML]: Adding mixins/mods/mixins.enderio.chorus.json mixin configuration.
[00:57:28] [Client thread/INFO] [FML]: Adding mixins/mods/mixins.extrautilities.dupes.json mixin configuration.
[00:57:28] [Client thread/INFO] [FML]: Adding mixins/mods/mixins.bloodmagic.boundtool.json mixin configuration.
[00:57:28] [Client thread/INFO] [FML]: Adding mixins/mods/mixins.extrautilities.mutabledrops.json mixin configuration.
[00:57:28] [Client thread/INFO] [FML]: Adding mixins/mods/mixins.xnet.controller_crashes.json mixin configuration.
[00:57:28] [Client thread/INFO] [FML]: Adding mixins/mods/mixins.astralsorcery.neromanticprime.json mixin configuration.
[00:57:28] [Client thread/INFO] [FML]: Adding mixins/mods/mixins.codechickenlib.json mixin configuration.
[00:57:28] [Client thread/INFO] [FML]: Adding mixins/mods/mixins.extrautilities.radarexception.json mixin configuration.
[00:57:28] [Client thread/INFO] [FML]: Adding mixins/mods/mixins.enderio.impulsehopper.json mixin configuration.
[00:57:28] [Client thread/INFO] [FML]: Adding mixins/mods/mixins.cofhcore.json mixin configuration.
[00:57:28] [Client thread/INFO] [FML]: Adding mixins/mods/mixins.astralsorcery.tool.json mixin configuration.
[00:57:28] [Client thread/INFO] [FML]: Adding mixins/mods/mixins.actuallyadditions.dupes.json mixin configuration.
[00:57:28] [Client thread/INFO] [FML]: Adding mixins/mods/mixins.thermalexpansion.json mixin configuration.
[00:57:28] [Client thread/INFO] [FML]: Adding mixins/mods/mixins.immersiveengineering.toolhand.json mixin configuration.
[00:57:28] [Client thread/INFO] [FML]: Adding mixins/mods/mixins.nuclearcraft.json mixin configuration.
[00:57:28] [Client thread/INFO] [FML]: Adding mixins/mods/mixins.astralsorcery.json mixin configuration.
[00:57:28] [Client thread/INFO] [FML]: Adding mixins/mods/mixins.industrialforegoing.rangeaddon.json mixin configuration.
[00:57:28] [Client thread/INFO] [FML]: Adding mixins/mods/mixins.bloodmagic.dupes.json mixin configuration.
[00:57:28] [Client thread/INFO] [FML]: Adding mixins/mods/mixins.botania.json mixin configuration.
[00:57:28] [Client thread/INFO] [FML]: Adding mixins/mods/mixins.rftools.json mixin configuration.
[00:57:28] [Client thread/INFO] [FML]: Adding mixins/mods/mixins.extrautilities.deepdarkstats.json mixin configuration.
[00:57:28] [Client thread/INFO] [FML]: Adding mixins/mods/mixins.thermalexpansion.dupes.json mixin configuration.
[00:57:28] [Client thread/INFO] [FML]: Adding mixins/mods/mixins.quark.dupes.json mixin configuration.
[00:57:28] [Client thread/INFO] [FML]: Adding mixins/mods/mixins.actuallyadditions.relayupgrade.json mixin configuration.
[00:57:28] [Client thread/INFO] [FML]: Adding mixins/mods/mixins.rftoolsdimensions.json mixin configuration.
[00:57:28] [Client thread/INFO] [FML]: Adding mixins/mods/mixins.extrautilities.unstableingot.json mixin configuration.
[00:57:28] [Client thread/INFO] [FML]: Adding mixins/mods/mixins.enderio.soulbinderjei.json mixin configuration.
[00:57:28] [Client thread/INFO] [FML]: Adding mixins/mods/mixins.bloodmagic.fluidrouting.json mixin configuration.
[00:57:28] [Client thread/INFO] [FML]: Adding mixins/mods/mixins.bloodmagic.json mixin configuration.
[00:57:28] [Client thread/INFO] [FML]: Adding mixins/mods/mixins.woot.json mixin configuration.
[00:57:28] [Client thread/INFO] [FML]: Instantiating class arekkuusu.betterhurttimer.common.core.LateMixinLoader for its mixins.
[00:57:28] [Client thread/INFO] [FML]: Instantiating class com.cleanroommc.bogosorter.LateMixin for its mixins.
[00:57:28] [Client thread/INFO] [FML]: Adding mixin.bogosorter.thermalexpansion.json mixin configuration.
[00:57:28] [Client thread/INFO] [FML]: Adding mixin.bogosorter.enderio.json mixin configuration.
[00:57:28] [Client thread/INFO] [FML]: Adding mixin.bogosorter.quark.json mixin configuration.
[00:57:28] [Client thread/INFO] [FML]: Adding mixin.bogosorter.rftools.json mixin configuration.
[00:57:28] [Client thread/INFO] [FML]: Instantiating class roidrole.roidtweaker.mixins.RoidTweakerLateMixinLoader for its mixins.
[00:57:28] [Client thread/INFO] [FML]: Adding mixins.roidtweaker.projecte.json mixin configuration.
[00:57:28] [Client thread/INFO] [FML]: Adding mixins.roidtweaker.immersiveengineering.json mixin configuration.
[00:57:28] [Client thread/INFO] [FML]: Adding mixins.roidtweaker.thermalexpansion.json mixin configuration.
[00:57:28] [Client thread/INFO] [FML]: Adding mixins.roidtweaker.crafttweaker.json mixin configuration.
[00:57:28] [Client thread/INFO] [FML]: Instantiating class com.cleanroommc.groovyscript.core.LateMixin for its mixins.
[00:57:28] [Client thread/INFO] [FML]: Adding mixin.groovyscript.appliedenergistics2.json mixin configuration.
[00:57:28] [Client thread/INFO] [FML]: Adding mixin.groovyscript.astralsorcery.json mixin configuration.
[00:57:28] [Client thread/INFO] [FML]: Adding mixin.groovyscript.bloodmagic.json mixin configuration.
[00:57:28] [Client thread/INFO] [FML]: Adding mixin.groovyscript.botania.json mixin configuration.
[00:57:28] [Client thread/INFO] [FML]: Adding mixin.groovyscript.draconicevolution.json mixin configuration.
[00:57:28] [Client thread/INFO] [FML]: Adding mixin.groovyscript.enderio.json mixin configuration.
[00:57:28] [Client thread/INFO] [FML]: Adding mixin.groovyscript.extendedcrafting.json mixin configuration.
[00:57:28] [Client thread/INFO] [FML]: Adding mixin.groovyscript.extrautils2.json mixin configuration.
[00:57:28] [Client thread/INFO] [FML]: Adding mixin.groovyscript.industrialforegoing.json mixin configuration.
[00:57:28] [Client thread/INFO] [FML]: Adding mixin.groovyscript.jei.json mixin configuration.
[00:57:28] [Client thread/INFO] [FML]: Adding mixin.groovyscript.projecte.json mixin configuration.
[00:57:28] [Client thread/INFO] [FML]: Adding mixin.groovyscript.tconstruct.json mixin configuration.
[00:57:28] [Client thread/INFO] [FML]: Adding mixin.groovyscript.thermalexpansion.json mixin configuration.
[00:57:28] [Client thread/INFO] [FML]: Adding mixin.groovyscript.woot.json mixin configuration.
[00:57:28] [Client thread/INFO] [FML]: Instantiating class org.embeddedt.vintagefix.core.LateMixins for its mixins.
[00:57:28] [Client thread/INFO] [FML]: Adding mixins.vintagefix.late.json mixin configuration.
[00:57:28] [Client thread/INFO] [FML]: Instantiating class ua.myxazaur.lemonskin.asm.LemonSkinLateLoader for its mixins.
[00:57:28] [Client thread/INFO] [FML]: Adding mixins.lemonskin.mantle.json mixin configuration.
[00:57:28] [Client thread/INFO] [FML]: Instantiating class me.decce.gnetum.mixins.LateMixinLoader for its mixins.
[00:57:28] [Client thread/INFO] [FML]: Adding mixins.gnetum.late.json mixin configuration.
[00:57:28] [Client thread/INFO] [FML]: Instantiating class youyihj.zenutils.impl.core.MixinInit for its mixins.
[00:57:28] [Client thread/INFO] [FML]: Adding mixins.zenutils.json mixin configuration.
[00:57:28] [Client thread/INFO] [FML]: Instantiating class youyihj.zenrecipereloading.core.MixinLateInit for its mixins.
[00:57:28] [Client thread/INFO] [FML]: Adding mixins.zenrecipereloading.crafttweaker.json mixin configuration.
[00:57:28] [Client thread/INFO] [FML]: Adding mixins.zenrecipereloading.jei.json mixin configuration.
[00:57:28] [Client thread/INFO] [FML]: Adding mixins.zenrecipereloading.modtweaker.json mixin configuration.
[00:57:28] [Client thread/INFO] [FML]: Adding mixins.zenrecipereloading.tconstruct.json mixin configuration.
[00:57:28] [Client thread/INFO] [FML]: Adding mixins.zenrecipereloading.immersiveengineering.json mixin configuration.
[00:57:28] [Client thread/INFO] [FML]: Instantiating class github.kasuminova.stellarcore.mixin.StellarCoreLateMixinLoader for its mixins.
[00:57:28] [Client thread/INFO] [stellar_core]: [StellarCore-MixinLoader] Mixin config mixins.stellar_core_advancedrocketry.json is disabled by config or mod is not loaded.
[00:57:28] [Client thread/INFO] [FML]: Adding mixins.stellar_core_ae.json mixin configuration.
[00:57:28] [Client thread/INFO] [stellar_core]: [StellarCore-MixinLoader] Mixin config mixins.stellar_core_ancientspellcraft.json is disabled by config or mod is not loaded.
[00:57:28] [Client thread/INFO] [stellar_core]: [StellarCore-MixinLoader] Mixin config mixins.stellar_core_armourers_workshop.json is disabled by config or mod is not loaded.
[00:57:28] [Client thread/INFO] [FML]: Adding mixins.stellar_core_astralsorcery.json mixin configuration.
[00:57:28] [Client thread/INFO] [stellar_core]: [StellarCore-MixinLoader] Mixin config mixins.stellar_core_avaritia.json is disabled by config or mod is not loaded.
[00:57:28] [Client thread/INFO] [stellar_core]: [StellarCore-MixinLoader] Mixin config mixins.stellar_core_avaritiaddons.json is disabled by config or mod is not loaded.
[00:57:28] [Client thread/INFO] [FML]: Adding mixins.stellar_core_betterchat.json mixin configuration.
[00:57:28] [Client thread/INFO] [stellar_core]: [StellarCore-MixinLoader] Mixin config mixins.stellar_core_biomesoplenty.json is disabled by config or mod is not loaded.
[00:57:28] [Client thread/INFO] [FML]: Adding mixins.stellar_core_bloodmagic.json mixin configuration.
[00:57:28] [Client thread/INFO] [FML]: Adding mixins.stellar_core_botania.json mixin configuration.
[00:57:28] [Client thread/INFO] [stellar_core]: [StellarCore-MixinLoader] Mixin config mixins.stellar_core_cfm.json is disabled by config or mod is not loaded.
[00:57:28] [Client thread/INFO] [stellar_core]: [StellarCore-MixinLoader] Mixin config mixins.stellar_core_chisel.json is disabled by config or mod is not loaded.
[00:57:28] [Client thread/INFO] [FML]: Adding mixins.stellar_core_cofhcore.json mixin configuration.
[00:57:28] [Client thread/INFO] [stellar_core]: [StellarCore-MixinLoader] Mixin config mixins.stellar_core_ctm.json is disabled by config or mod is not loaded.
[00:57:28] [Client thread/INFO] [FML]: Adding mixins.stellar_core_cucumber.json mixin configuration.
[00:57:28] [Client thread/INFO] [stellar_core]: [StellarCore-MixinLoader] Mixin config mixins.stellar_core_customloadingscreen.json is disabled by config or mod is not loaded.
[00:57:28] [Client thread/INFO] [stellar_core]: [StellarCore-MixinLoader] Mixin config mixins.stellar_core_customstartinggear.json is disabled by config or mod is not loaded.
[00:57:28] [Client thread/INFO] [FML]: Adding mixins.stellar_core_deepmoblearing.json mixin configuration.
[00:57:28] [Client thread/INFO] [FML]: Adding mixins.stellar_core_draconicevolution.json mixin configuration.
[00:57:28] [Client thread/INFO] [FML]: Adding mixins.stellar_core_draconicevolution_chunk.json mixin configuration.
[00:57:28] [Client thread/INFO] [stellar_core]: [StellarCore-MixinLoader] Mixin config mixins.stellar_core_ebwizardry.json is disabled by config or mod is not loaded.
[00:57:28] [Client thread/INFO] [FML]: Adding mixins.stellar_core_endercore.json mixin configuration.
[00:57:28] [Client thread/INFO] [FML]: Adding mixins.stellar_core_enderio.json mixin configuration.
[00:57:28] [Client thread/INFO] [FML]: Adding mixins.stellar_core_enderioconduits.json mixin configuration.
[00:57:28] [Client thread/INFO] [FML]: Adding mixins.stellar_core_enderioconduits_energy.json mixin configuration.
[00:57:28] [Client thread/INFO] [stellar_core]: [StellarCore-MixinLoader] Mixin config mixins.stellar_core_enderutilities.json is disabled by config or mod is not loaded.
[00:57:28] [Client thread/INFO] [stellar_core]: [StellarCore-MixinLoader] Mixin config mixins.stellar_core_extrabotany.json is disabled by config or mod is not loaded.
[00:57:28] [Client thread/INFO] [stellar_core]: [StellarCore-MixinLoader] Mixin config mixins.stellar_core_fluxnetworks.json is disabled by config or mod is not loaded.
[00:57:28] [Client thread/INFO] [FML]: Adding mixins.stellar_core_ftblib.json mixin configuration.
[00:57:28] [Client thread/INFO] [FML]: Adding mixins.stellar_core_ftbquests.json mixin configuration.
[00:57:28] [Client thread/INFO] [stellar_core]: [StellarCore-MixinLoader] Mixin config mixins.stellar_core_guguutils.json is disabled by config or mod is not loaded.
[00:57:28] [Client thread/INFO] [stellar_core]: [StellarCore-MixinLoader] Mixin config mixins.stellar_core_ic2.json is disabled by config or mod is not loaded.
[00:57:28] [Client thread/INFO] [stellar_core]: [StellarCore-MixinLoader] Mixin config mixins.stellar_core_ic2_energynet.json is disabled by config or mod is not loaded.
[00:57:28] [Client thread/INFO] [stellar_core]: [StellarCore-MixinLoader] Mixin config mixins.stellar_core_igi.json is disabled by config or mod is not loaded.
[00:57:28] [Client thread/INFO] [FML]: Adding mixins.stellar_core_immersiveengineering.json mixin configuration.
[00:57:28] [Client thread/INFO] [stellar_core]: [StellarCore-MixinLoader] Mixin config mixins.stellar_core_jei.json is disabled by config or mod is not loaded.
[00:57:28] [Client thread/INFO] [stellar_core]: [StellarCore-MixinLoader] Mixin config mixins.stellar_core_threng.json is disabled by config or mod is not loaded.
[00:57:28] [Client thread/INFO] [stellar_core]: [StellarCore-MixinLoader] Mixin config mixins.stellar_core_legendarytooltips.json is disabled by config or mod is not loaded.
[00:57:28] [Client thread/INFO] [stellar_core]: [StellarCore-MixinLoader] Mixin config mixins.stellar_core_libnine.json is disabled by config or mod is not loaded.
[00:57:28] [Client thread/INFO] [stellar_core]: [StellarCore-MixinLoader] Mixin config mixins.stellar_core_mek_top.json is disabled by config or mod is not loaded.
[00:57:28] [Client thread/INFO] [stellar_core]: [StellarCore-MixinLoader] Mixin config mixins.stellar_core_mekanism.json is disabled by config or mod is not loaded.
[00:57:28] [Client thread/INFO] [stellar_core]: [StellarCore-MixinLoader] Mixin config mixins.stellar_core_mets.json is disabled by config or mod is not loaded.
[00:57:28] [Client thread/INFO] [stellar_core]: [StellarCore-MixinLoader] Mixin config mixins.stellar_core_modularrouters.json is disabled by config or mod is not loaded.
[00:57:28] [Client thread/INFO] [stellar_core]: [StellarCore-MixinLoader] Mixin config mixins.stellar_core_nco.json is disabled by config or mod is not loaded.
[00:57:28] [Client thread/INFO] [stellar_core]: [StellarCore-MixinLoader] Mixin config mixins.stellar_core_psi.json is disabled by config or mod is not loaded.
[00:57:28] [Client thread/INFO] [stellar_core]: [StellarCore-MixinLoader] Mixin config mixins.stellar_core_rgb_chat.json is disabled by config or mod is not loaded.
[00:57:28] [Client thread/INFO] [stellar_core]: [StellarCore-MixinLoader] Mixin config mixins.stellar_core_scalingguis.json is disabled by config or mod is not loaded.
[00:57:28] [Client thread/INFO] [stellar_core]: [StellarCore-MixinLoader] Mixin config mixins.stellar_core_specialmobs.json is disabled by config or mod is not loaded.
[00:57:28] [Client thread/INFO] [stellar_core]: [StellarCore-MixinLoader] Mixin config mixins.stellar_core_sync.json is disabled by config or mod is not loaded.
[00:57:28] [Client thread/INFO] [stellar_core]: [StellarCore-MixinLoader] Mixin config mixins.stellar_core_sync_techguns.json is disabled by config or mod is not loaded.
[00:57:28] [Client thread/INFO] [stellar_core]: [StellarCore-MixinLoader] Mixin config mixins.stellar_core_tconevo.json is disabled by config or mod is not loaded.
[00:57:28] [Client thread/INFO] [FML]: Adding mixins.stellar_core_tconstruct.json mixin configuration.
[00:57:28] [Client thread/INFO] [stellar_core]: [StellarCore-MixinLoader] Mixin config mixins.stellar_core_techguns.json is disabled by config or mod is not loaded.
[00:57:28] [Client thread/INFO] [stellar_core]: [StellarCore-MixinLoader] Mixin config mixins.stellar_core_theoneprobe.json is disabled by config or mod is not loaded.
[00:57:28] [Client thread/INFO] [FML]: Adding mixins.stellar_core_thermaldynamics.json mixin configuration.
[00:57:28] [Client thread/INFO] [FML]: Adding mixins.stellar_core_thermalexpansion.json mixin configuration.
[00:57:28] [Client thread/INFO] [stellar_core]: [StellarCore-MixinLoader] Mixin config mixins.stellar_core_touhou_little_maid.json is disabled by config or mod is not loaded.
[00:57:28] [Client thread/INFO] [FML]: Adding mixins.stellar_core_vintagefix.json mixin configuration.
[00:57:28] [Client thread/INFO] [FML]: Instantiating class io.enderdev.endermodpacktweaks.core.EMTMixinLoader for its mixins.
[00:57:28] [Client thread/INFO] [FML]: Instantiating class zzzank.mod.jei_area_fixer.mixin.JEIAreaFixerLateMixin for its mixins.
[00:57:28] [Client thread/INFO] [FML]: Adding mixins.mods.json mixin configuration.
[00:57:28] [Client thread/INFO] [FML]: Instantiating class io.github.lxgaming.sledgehammer.mixin.loader.LateLoader for its mixins.
[00:57:28] [Client thread/INFO] [FML]: Adding mixins.sledgehammer.abyssalcraft.json mixin configuration.
[00:57:28] [Client thread/INFO] [FML]: Adding mixins.sledgehammer.actuallyadditions.json mixin configuration.
[00:57:28] [Client thread/INFO] [FML]: Adding mixins.sledgehammer.armorunder.json mixin configuration.
[00:57:28] [Client thread/INFO] [FML]: Adding mixins.sledgehammer.astralsorcery.json mixin configuration.
[00:57:28] [Client thread/INFO] [FML]: Adding mixins.sledgehammer.bdsandm.json mixin configuration.
[00:57:28] [Client thread/INFO] [FML]: Adding mixins.sledgehammer.betterquesting.json mixin configuration.
[00:57:28] [Client thread/INFO] [FML]: Adding mixins.sledgehammer.bewitchment.json mixin configuration.
[00:57:28] [Client thread/INFO] [FML]: Adding mixins.sledgehammer.bibliocraft.json mixin configuration.
[00:57:28] [Client thread/INFO] [FML]: Adding mixins.sledgehammer.biomesoplenty.json mixin configuration.
[00:57:28] [Client thread/INFO] [FML]: Adding mixins.sledgehammer.careerbees.json mixin configuration.
[00:57:28] [Client thread/INFO] [FML]: Adding mixins.sledgehammer.carryon.json mixin configuration.
[00:57:28] [Client thread/INFO] [FML]: Adding mixins.sledgehammer.champions.json mixin configuration.
[00:57:28] [Client thread/INFO] [FML]: Adding mixins.sledgehammer.chesttransporter.json mixin configuration.
[00:57:28] [Client thread/INFO] [FML]: Adding mixins.sledgehammer.conarm.json mixin configuration.
[00:57:28] [Client thread/INFO] [FML]: Adding mixins.sledgehammer.danknull.json mixin configuration.
[00:57:28] [Client thread/INFO] [FML]: Adding mixins.sledgehammer.embers.json mixin configuration.
[00:57:28] [Client thread/INFO] [FML]: Adding mixins.sledgehammer.enderstorage.json mixin configuration.
[00:57:28] [Client thread/INFO] [FML]: Adding mixins.sledgehammer.fluxnetworks.json mixin configuration.
[00:57:28] [Client thread/INFO] [FML]: Adding mixins.sledgehammer.hwell.json mixin configuration.
[00:57:28] [Client thread/INFO] [FML]: Adding mixins.sledgehammer.immersiveengineering.json mixin configuration.
[00:57:28] [Client thread/INFO] [FML]: Adding mixins.sledgehammer.industrialforegoing.json mixin configuration.
[00:57:28] [Client thread/INFO] [FML]: Adding mixins.sledgehammer.integrateddynamicscompat.json mixin configuration.
[00:57:28] [Client thread/INFO] [FML]: Adding mixins.sledgehammer.jetif.json mixin configuration.
[00:57:28] [Client thread/INFO] [FML]: Adding mixins.sledgehammer.journeymap.json mixin configuration.
[00:57:28] [Client thread/INFO] [FML]: Adding mixins.sledgehammer.kubejs.json mixin configuration.
[00:57:28] [Client thread/INFO] [FML]: Adding mixins.sledgehammer.logisticspipes.json mixin configuration.
[00:57:28] [Client thread/INFO] [FML]: Adding mixins.sledgehammer.matteroverdrive.json mixin configuration.
[00:57:28] [Client thread/INFO] [FML]: Adding mixins.sledgehammer.mob_grinding_utils.json mixin configuration.
[00:57:28] [Client thread/INFO] [FML]: Adding mixins.sledgehammer.morph.json mixin configuration.
[00:57:28] [Client thread/INFO] [FML]: Adding mixins.sledgehammer.mowziesmobs.json mixin configuration.
[00:57:28] [Client thread/INFO] [FML]: Adding mixins.sledgehammer.naturesaura.json mixin configuration.
[00:57:28] [Client thread/INFO] [FML]: Adding mixins.sledgehammer.pneumaticcraft.json mixin configuration.
[00:57:28] [Client thread/INFO] [FML]: Adding mixins.sledgehammer.primitivecrafting.json mixin configuration.
[00:57:28] [Client thread/INFO] [FML]: Adding mixins.sledgehammer.primitivemobs.json mixin configuration.
[00:57:28] [Client thread/INFO] [FML]: Adding mixins.sledgehammer.projectred-integration.json mixin configuration.
[00:57:28] [Client thread/INFO] [FML]: Adding mixins.sledgehammer.projectred-transportation.json mixin configuration.
[00:57:28] [Client thread/INFO] [FML]: Adding mixins.sledgehammer.pyrotech.json mixin configuration.
[00:57:28] [Client thread/INFO] [FML]: Adding mixins.sledgehammer.qmd.json mixin configuration.
[00:57:28] [Client thread/INFO] [FML]: Adding mixins.sledgehammer.quark.json mixin configuration.
[00:57:28] [Client thread/INFO] [FML]: Adding mixins.sledgehammer.randomthings.json mixin configuration.
[00:57:28] [Client thread/INFO] [FML]: Adding mixins.sledgehammer.realfilingcabinet.json mixin configuration.
[00:57:28] [Client thread/INFO] [FML]: Adding mixins.sledgehammer.ruins.json mixin configuration.
[00:57:28] [Client thread/INFO] [FML]: Adding mixins.sledgehammer.storagenetwork.json mixin configuration.
[00:57:28] [Client thread/INFO] [FML]: Adding mixins.sledgehammer.tconevo.json mixin configuration.
[00:57:28] [Client thread/INFO] [FML]: Adding mixins.sledgehammer.tconstruct.json mixin configuration.
[00:57:28] [Client thread/INFO] [FML]: Adding mixins.sledgehammer.thaumicwonders.json mixin configuration.
[00:57:28] [Client thread/INFO] [FML]: Adding mixins.sledgehammer.tombmanygraves.json mixin configuration.
[00:57:28] [Client thread/INFO] [FML]: Adding mixins.sledgehammer.topography.json mixin configuration.
[00:57:28] [Client thread/INFO] [FML]: Adding mixins.sledgehammer.vaultopic.json mixin configuration.
[00:57:28] [Client thread/INFO] [FML]: Instantiating class mod.acgaming.btfixes.core.BTFixesMixinLoader for its mixins.
[00:57:28] [Client thread/INFO] [FML]: Adding btfixes.mixins.json mixin configuration.
[00:57:28] [Client thread/INFO] [FML]: Instantiating class ink.ikx.rt.impl.internal.core.MixinInit for its mixins.
[00:57:28] [Client thread/INFO] [FML]: Adding mixins.randomtweaker.mods.json mixin configuration.
[00:57:28] [Client thread/INFO] [FML]: Instantiating class com.cleanroommc.modularui.core.LateMixins for its mixins.
[00:57:28] [Client thread/INFO] [FML]: Adding mixin.modularui.jei.json mixin configuration.
[00:57:28] [Client thread/INFO] [FML]: Instantiating class com.cleanroommc.fugue.common.FugueLateMixinLoader for its mixins.
[00:57:28] [Client thread/INFO] [Aqua Acrobatics Transformer]: Aqua Acrobatics is loading mod compatibility mixins
[00:57:28] [Client thread/INFO] [FML]: Instantiating class github.kasuminova.mmce.mixin.MMCELateMixinLoader for its mixins.
[00:57:28] [Client thread/INFO] [FML]: Adding mixins.mmce_jei_hacky.json mixin configuration.
[00:57:28] [Client thread/INFO] [FML]: Adding mixins.mmce_ae2.json mixin configuration.
[00:57:28] [Client thread/INFO] [FML]: Instantiating class org.dimdev.jeid.core.JEIDMixinLoader for its mixins.
[00:57:28] [Client thread/INFO] [FML]: Adding mixins.jeid.bookshelf.json mixin configuration.
[00:57:28] [Client thread/INFO] [FML]: Adding mixins.jeid.extrautils2.json mixin configuration.
[00:57:28] [Client thread/INFO] [FML]: Adding mixins.jeid.naturescompass.json mixin configuration.
[00:57:28] [Client thread/INFO] [FML]: Adding mixins.jeid.twilightforest.json mixin configuration.
[00:57:28] [Client thread/WARN] [mixin]: Reference map 'mixins.randomtweaker.refmap.json' for mixins.randomtweaker.mods.json could not be read. If this is a development environment you can ignore this message
[00:57:28] [Client thread/INFO] [IFPatcher]: Patching Conveyor Insertion Upgrade from IF
[00:57:28] [Client thread/INFO] [IFPatcher]: Using 'Insertion Conveyor Upgrade' will no longer duplicate items!
[00:57:28] [Client thread/INFO] [IFPatcher]: PatchConveyorInsertionUpgrade succeeded
[00:57:29] [Client thread/WARN] [mixin]: Error loading class: jobicade/betterhud/element/HudElement (java.lang.ClassNotFoundException: The specified class 'jobicade.betterhud.element.HudElement' was not found)
[00:57:29] [Client thread/WARN] [mixin]: Error loading class: spazley/scalingguis/handlers/ClientEventHandler (java.lang.ClassNotFoundException: The specified class 'spazley.scalingguis.handlers.ClientEventHandler' was not found)
[00:57:29] [Client thread/WARN] [mixin]: @Mixin target spazley.scalingguis.handlers.ClientEventHandler was not found mixins.gnetum.late.json:compat.scalingguis.ClientEventHandlerMixin from mod unknown-owner
[00:57:29] [Client thread/WARN] [mixin]: Error loading class: xaero/common/graphics/ImprovedFramebuffer (java.lang.ClassNotFoundException: The specified class 'xaero.common.graphics.ImprovedFramebuffer' was not found)
[00:57:29] [Client thread/INFO] [ASMUtil]: Transforming class crafttweaker/mc1120/entity/MCEntity
[00:57:29] [Client thread/INFO] [ASMUtil]: Transforming class crafttweaker/mc1120/entity/MCEntity
[00:57:29] [Client thread/ERROR] [mixin]: Critical problem: mixins.sledgehammer.quark.json:base.module.ModuleLoaderMixin from mod unknown-owner target vazkii.quark.base.module.ModuleLoader was loaded too early.
[00:57:29] [Client thread/WARN] [mixin]: Error loading class: com/feed_the_beast/mods/ftbultimine/FTBUltimine (java.lang.ClassNotFoundException: The specified class 'com.feed_the_beast.mods.ftbultimine.FTBUltimine' was not found)
[00:57:29] [Client thread/WARN] [mixin]: Error loading class: com/feed_the_beast/mods/ftbultimine/client/FTBUltimineClient (java.lang.ClassNotFoundException: The specified class 'com.feed_the_beast.mods.ftbultimine.client.FTBUltimineClient' was not found)
[00:57:29] [Client thread/WARN] [mixin]: @Mixin target com.feed_the_beast.mods.ftbultimine.client.FTBUltimineClient was not found mixins.randomtweaker.mods.json:ftbultimine.MixinFTBUltimineClient from mod unknown-owner
[00:57:29] [Client thread/INFO] [JEI Utilities]: Transforming : mezz/jei/gui/recipes/RecipesGui; show(Lmezz/jei/api/recipe/IFocus;)V
[00:57:29] [Client thread/INFO] [STDOUT]: [com.glodblock.github.coremod.FCClassTransformer:transform:71]: [AE2FC] Transforming class: appeng.container.implementations.ContainerInterfaceTerminal
[00:57:29] [Client thread/INFO] [STDOUT]: [com.glodblock.github.coremod.FCClassTransformer:transform:71]: [AE2FC] Transforming class: appeng.helpers.DualityInterface
[00:57:29] [Thread-4/INFO] [FML]: Using sync timing. 200 frames of Display.update took 600788670 nanos
[00:57:29] [Client thread/WARN] [mixin]: Error loading class: com/agricraft/agricore/util/ResourceHelper (java.lang.ClassNotFoundException: The specified class 'com.agricraft.agricore.util.ResourceHelper' was not found)
[00:57:29] [Client thread/WARN] [mixin]: Error loading class: thebetweenlands/client/render/model/loader/CustomModelLoader (java.lang.ClassNotFoundException: The specified class 'thebetweenlands.client.render.model.loader.CustomModelLoader' was not found)
[00:57:29] [Client thread/WARN] [mixin]: @Mixin target thebetweenlands.client.render.model.loader.CustomModelLoader was not found mixins.vintagefix.late.json:dynamic_resources.MixinCustomBetweenlandsModels from mod unknown-owner
[00:57:29] [Client thread/WARN] [mixin]: Error loading class: pl/asie/debark/util/ModelLoaderEarlyView (java.lang.ClassNotFoundException: The specified class 'pl.asie.debark.util.ModelLoaderEarlyView' was not found)
[00:57:29] [Client thread/WARN] [mixin]: Error loading class: mod/chiselsandbits/chiseledblock/data/VoxelBlob (java.lang.ClassNotFoundException: The specified class 'mod.chiselsandbits.chiseledblock.data.VoxelBlob' was not found)
[00:57:29] [Client thread/WARN] [mixin]: @Mixin target mod.chiselsandbits.chiseledblock.data.VoxelBlob was not found mixins.vintagefix.late.json:dynamic_resources.VoxelBlobMixin from mod unknown-owner
[00:57:29] [Client thread/WARN] [mixin]: Error loading class: com/zeitheron/hammercore/proxy/RenderProxy_Client (java.lang.ClassNotFoundException: The specified class 'com.zeitheron.hammercore.proxy.RenderProxy_Client' was not found)
[00:57:29] [Client thread/WARN] [mixin]: @Mixin target com.zeitheron.hammercore.proxy.RenderProxy_Client was not found mixins.vintagefix.late.json:dynamic_resources.MixinHammerRenderProxy from mod unknown-owner
[00:57:29] [Client thread/WARN] [mixin]: Error loading class: prospector/traverse/client/Traverse2Textures (java.lang.ClassNotFoundException: The specified class 'prospector.traverse.client.Traverse2Textures' was not found)
[00:57:29] [Client thread/WARN] [mixin]: Error loading class: pl/asie/ucw/util/ModelLoaderEarlyView (java.lang.ClassNotFoundException: The specified class 'pl.asie.ucw.util.ModelLoaderEarlyView' was not found)
[00:57:29] [Client thread/WARN] [mixin]: @Mixin target pl.asie.ucw.util.ModelLoaderEarlyView was not found mixins.vintagefix.late.json:dynamic_resources.MixinModelLoaderEarlyView from mod unknown-owner
[00:57:31] [Client thread/INFO] [FML]: Attempting connection with missing mods [minecraft, mcp, cleanroom, mixinbooter, configanytime, kirino_engine, kirino_ecs, kirino_gl, placeholdername, FML, forge, scalar, passableleavescore, crash_assistant, redcore, fugue, key_binding_patch, fermiumbooter, actuallyadditions, appliedenergistics2, ae2stuff, aether_legacy, alfheim, anothertips, applecore, aquaacrobatics, astralsorcery, athenaeum, atlaslib, autoreglib, badwithernocookiereloaded, base, battletowers, bdlib, beautifiedchatclient, betteradvancements, betterbiomeblend, betterchat, betterhorses, betterinvisibility, sbetterwatersplash, bloodarsenal, bloodmagic, bogosorter, bookshelf, botania, brandonscore, brigo, btfixes, baubles, celeritas, chatflow, cherishedworlds, chunkanimator, clienttweaks, codechickenlib, cofhcore, cofhworld, collective, contenttweaker, copypaste, corpsecomplex, ctgui, crafttweaker, crafttweakerjei, ctm, cucumber, deepmoblearningbm, deepmoblearning, defaultoptions, dimdoors, draconicevolution, dropt, eguilib, elegant_networking, enchdesc, endercore, enderioadditions, enderioeaddons, enderio, enderiobase, gasconduits, enderioconduitsappliedenergistics, enderioconduitsopencomputers, enderioconduitsrefinedstorage, enderioconduits, enderioendergy, enderiointegrationforestry, enderiointegrationtic, enderiointegrationticlate, enderioinvpanel, enderiomachines, enderiopowertools, endermodpacktweaks, entityculling, environmentaltech, extremesoundmuffler, extendedbonemeal, extendedcrafting, extrautils2, bigreactors, extrautils_fixes, normalasm, fermiummixins, xporbclump, ae2fc, forgelin_continuous, forgelin, endertweaker, fpsreducer, ftblib, ftbquests, ftbutilities, furnacexpstorage, gamestages, gnetum, groovyscript, guideapi, jei, highlighter, hungertweaker, waila, iceandfire, ifpatcher, immersivepetroleum, immersiveposts, immersivetweaks, industrialforegoing, itemfilters, jeiutilities, jei_area_fixer, justenoughdimensions, effectinfo, justenoughmagiculture, jeresources, kleeslabs, konkrete, lemonskin, loottweaker, mantle, mcjtylib_ng, mclogs, concheckrmd, modtweaker, modularmachinery, modularui, moretweaker, mousetweaks, mtlib, mysticalagradditions, mysticalagriculture, naturescompass, nether_api, noisethreader, nuclearcraft, packagedauto, packageddraconic, packagedexcrafting, particleculling, patchouli, patternbanners, performancemonitoringenhanc, peteams, pillar, portabledrill, potiondescriptions, probe, projecte, projectex, projectintelligence, pdp, quarkoddities, quark, randomtweaker, reachfix, reauth, rebind, redstoneflux, renderlib, resourceloader, resourcereloader, rftools, rftoolsdim, rltweaker, roidtweaker, jeid, sledgehammer, soundfilters, soundreloader, spark, stellar_core, sasit, teamsmod, teslacorelib, teslacorelib_registries, aether_baubles, thermalcultivation, thermaldynamics, thermalexpansion, thermalfoundation, thermalinnovation, tconstruct, tpp, twilightforest, universaltweaks, universalmodifiers, valkyrielib, vintagefix, witherconfig, woot, betterhurttimer, xnet, zenrecipereloading, zenutils, zerocore, zspacket, toolprogression, llibrary, immersiveengineering, daomephsta_loot_shared, passableleaves, jade] at CLIENT
[00:57:31] [Client thread/INFO] [FML]: Attempting connection with missing mods [minecraft, mcp, cleanroom, mixinbooter, configanytime, kirino_engine, kirino_ecs, kirino_gl, placeholdername, FML, forge, scalar, passableleavescore, crash_assistant, redcore, fugue, key_binding_patch, fermiumbooter, actuallyadditions, appliedenergistics2, ae2stuff, aether_legacy, alfheim, anothertips, applecore, aquaacrobatics, astralsorcery, athenaeum, atlaslib, autoreglib, badwithernocookiereloaded, base, battletowers, bdlib, beautifiedchatclient, betteradvancements, betterbiomeblend, betterchat, betterhorses, betterinvisibility, sbetterwatersplash, bloodarsenal, bloodmagic, bogosorter, bookshelf, botania, brandonscore, brigo, btfixes, baubles, celeritas, chatflow, cherishedworlds, chunkanimator, clienttweaks, codechickenlib, cofhcore, cofhworld, collective, contenttweaker, copypaste, corpsecomplex, ctgui, crafttweaker, crafttweakerjei, ctm, cucumber, deepmoblearningbm, deepmoblearning, defaultoptions, dimdoors, draconicevolution, dropt, eguilib, elegant_networking, enchdesc, endercore, enderioadditions, enderioeaddons, enderio, enderiobase, gasconduits, enderioconduitsappliedenergistics, enderioconduitsopencomputers, enderioconduitsrefinedstorage, enderioconduits, enderioendergy, enderiointegrationforestry, enderiointegrationtic, enderiointegrationticlate, enderioinvpanel, enderiomachines, enderiopowertools, endermodpacktweaks, entityculling, environmentaltech, extremesoundmuffler, extendedbonemeal, extendedcrafting, extrautils2, bigreactors, extrautils_fixes, normalasm, fermiummixins, xporbclump, ae2fc, forgelin_continuous, forgelin, endertweaker, fpsreducer, ftblib, ftbquests, ftbutilities, furnacexpstorage, gamestages, gnetum, groovyscript, guideapi, jei, highlighter, hungertweaker, waila, iceandfire, ifpatcher, immersivepetroleum, immersiveposts, immersivetweaks, industrialforegoing, itemfilters, jeiutilities, jei_area_fixer, justenoughdimensions, effectinfo, justenoughmagiculture, jeresources, kleeslabs, konkrete, lemonskin, loottweaker, mantle, mcjtylib_ng, mclogs, concheckrmd, modtweaker, modularmachinery, modularui, moretweaker, mousetweaks, mtlib, mysticalagradditions, mysticalagriculture, naturescompass, nether_api, noisethreader, nuclearcraft, packagedauto, packageddraconic, packagedexcrafting, particleculling, patchouli, patternbanners, performancemonitoringenhanc, peteams, pillar, portabledrill, potiondescriptions, probe, projecte, projectex, projectintelligence, pdp, quarkoddities, quark, randomtweaker, reachfix, reauth, rebind, redstoneflux, renderlib, resourceloader, resourcereloader, rftools, rftoolsdim, rltweaker, roidtweaker, jeid, sledgehammer, soundfilters, soundreloader, spark, stellar_core, sasit, teamsmod, teslacorelib, teslacorelib_registries, aether_baubles, thermalcultivation, thermaldynamics, thermalexpansion, thermalfoundation, thermalinnovation, tconstruct, tpp, twilightforest, universaltweaks, universalmodifiers, valkyrielib, vintagefix, witherconfig, woot, betterhurttimer, xnet, zenrecipereloading, zenutils, zerocore, zspacket, toolprogression, llibrary, immersiveengineering, daomephsta_loot_shared, passableleaves, jade] at SERVER
[00:57:31] [Client thread/INFO] [STDOUT]: [appeng.core.transformer.AE2ELTransformer:spliceClasses:140]: Spliced in METHOD: net.minecraft.network.PacketBuffer.func_150791_c
[00:57:31] [Client thread/INFO] [STDOUT]: [appeng.core.transformer.AE2ELTransformer:spliceClasses:140]: Spliced in METHOD: net.minecraft.network.PacketBuffer.func_150788_a
[00:57:31] [Client thread/ERROR] [FML]: The mod appliedenergistics2 is expecting signature dfa4d3ac143316c6f32aa1a1beda1e34d42132e5 for source ae2-uel-v0.56.7.jar, however there is no signature matching that description
[00:57:31] [Client thread/INFO] [Quark ASM]: Transforming net.minecraft.client.renderer.entity.Render
[00:57:31] [Client thread/INFO] [Quark ASM]: Applying Transformation to method (Names [renderEntityOnFire, func_76977_a] Descriptor (Lnet/minecraft/entity/Entity;DDDF)V)
[00:57:31] [Client thread/INFO] [Quark ASM]: Located Method, patching...
[00:57:31] [Client thread/INFO] [Quark ASM]: Patch result: true
[00:57:31] [Client thread/INFO] [FermiumASM]: Transforming EnumFacing::values() to EnumFacing::VALUES in net/minecraft/client/renderer/RenderGlobal
[00:57:31] [Client thread/INFO] [Quark ASM]: Transforming net.minecraft.client.renderer.RenderGlobal
[00:57:31] [Client thread/INFO] [Quark ASM]: Applying Transformation to method (Names [isOutlineActive, func_184383_a] Descriptor (Lnet/minecraft/entity/Entity;Lnet/minecraft/entity/Entity;Lnet/minecraft/client/renderer/culling/ICamera;)Z)
[00:57:31] [Client thread/INFO] [Quark ASM]: Located Method, patching...
[00:57:31] [Client thread/INFO] [Quark ASM]: Patch result: true
[00:57:31] [Client thread/INFO] [ASMUtil]: Transforming class net/minecraft/client/renderer/RenderGlobal
[00:57:31] [Client thread/INFO] [ASMUtil]: Transforming method net/minecraft/client/renderer/RenderGlobal.func_180446_a(Lnet/minecraft/entity/Entity;Lnet/minecraft/client/renderer/culling/ICamera;F)V
[00:57:31] [Client thread/WARN] [mixin]: Mixin apply for mod unknown-owner failed mixins/bugfixes/mixins.world.culling.frustum.json:UTFrustumCullingMixin from mod unknown-owner -> net.minecraft.client.renderer.RenderGlobal: org.spongepowered.asm.mixin.injection.throwables.InvalidInjectionException @At("INVOKE") on net/minecraft/client/renderer/RenderGlobal::utSetupTerrain with priority 1000 cannot inject into net/minecraft/client/renderer/RenderGlobal::func_174970_a(Lnet/minecraft/entity/Entity;DLnet/minecraft/client/renderer/culling/ICamera;IZ)V merged by org.taumc.celeritas.mixin.core.terrain.RenderGlobalMixin with priority 1000 [redirect$zmf000$unknown_owner$utSetupTerrain(Ljava/util/Set;)I -> Prepare ->  -> { target: func_174970_a(Lnet/minecraft/entity/Entity;DLnet/minecraft/client/renderer/culling/ICamera;IZ)V }]
org.spongepowered.asm.mixin.injection.throwables.InvalidInjectionException: @At("INVOKE") on net/minecraft/client/renderer/RenderGlobal::utSetupTerrain with priority 1000 cannot inject into net/minecraft/client/renderer/RenderGlobal::func_174970_a(Lnet/minecraft/entity/Entity;DLnet/minecraft/client/renderer/culling/ICamera;IZ)V merged by org.taumc.celeritas.mixin.core.terrain.RenderGlobalMixin with priority 1000 [redirect$zmf000$unknown_owner$utSetupTerrain(Ljava/util/Set;)I -> Prepare ->  -> { target: func_174970_a(Lnet/minecraft/entity/Entity;DLnet/minecraft/client/renderer/culling/ICamera;IZ)V }]
	at org.spongepowered.asm.mixin.injection.code.Injector.findTargetNodes(Injector.java:312)
	at org.spongepowered.asm.mixin.injection.code.Injector.find(Injector.java:248)
	at org.spongepowered.asm.mixin.injection.struct.InjectionInfo.prepare(InjectionInfo.java:475)
	at org.spongepowered.asm.mixin.transformer.MixinTargetContext.prepareInjections(MixinTargetContext.java:1407)
	at org.spongepowered.asm.mixin.transformer.MixinApplicatorStandard.prepareInjections(MixinApplicatorStandard.java:731)
	at org.spongepowered.asm.mixin.transformer.MixinApplicatorStandard.applyMixin(MixinApplicatorStandard.java:315)
	at org.spongepowered.asm.mixin.transformer.MixinApplicatorStandard.apply(MixinApplicatorStandard.java:246)
	at org.spongepowered.asm.mixin.transformer.TargetClassContext.apply(TargetClassContext.java:437)
	at org.spongepowered.asm.mixin.transformer.TargetClassContext.applyMixins(TargetClassContext.java:418)
	at org.spongepowered.asm.mixin.transformer.MixinProcessor.applyMixins(MixinProcessor.java:354)
	at org.spongepowered.asm.mixin.transformer.MixinTransformer.transformClass(MixinTransformer.java:239)
	at org.spongepowered.asm.mixin.transformer.MixinTransformer.transformClassBytes(MixinTransformer.java:204)
	at org.spongepowered.asm.mixin.transformer.Proxy.transform(Proxy.java:55)
	at top.outlands.foundation.TransformerDelegate.lambda$fillTransformerHolder$1(TransformerDelegate.java:172)
	at top.outlands.foundation.boot.ActualClassLoader.runTransformers(ActualClassLoader.java:339)
	at net.minecraft.launchwrapper.LaunchClassLoader.runTransformers(LaunchClassLoader.java:55)
	at top.outlands.foundation.boot.ActualClassLoader.findClass(ActualClassLoader.java:240)
	at top.outlands.foundation.boot.ActualClassLoader.loadClass(ActualClassLoader.java:272)
	at java.lang.ClassLoader.loadClass(ClassLoader.java:490)
	at java.lang.Class.getDeclaredConstructors0(Native Method)
	at java.lang.Class.privateGetDeclaredConstructors(Class.java:2985)
	at java.lang.Class.getConstructor0(Class.java:3180)
	at java.lang.Class.getConstructor(Class.java:2199)
	at net.minecraftforge.fml.common.eventhandler.EventBus.register(EventBus.java:161)
	at net.minecraftforge.fml.common.eventhandler.EventBus.register(EventBus.java:152)
	at net.minecraftforge.fml.common.AutomaticEventSubscriber.inject(AutomaticEventSubscriber.java:82)
	at net.minecraftforge.fml.common.FMLModContainer.constructMod(FMLModContainer.java:638)
	at jdk.internal.reflect.DirectMethodHandleAccessor.invoke(DirectMethodHandleAccessor.java:104)
	at java.lang.reflect.Method.invoke(Method.java:565)
	at com.google.common.eventbus.Subscriber.invokeSubscriberMethod(Subscriber.java:84)
	at com.google.common.eventbus.Subscriber$SynchronizedSubscriber.invokeSubscriberMethod(Subscriber.java:141)
	at com.google.common.eventbus.Subscriber.lambda$dispatchEvent$0(Subscriber.java:70)
	at com.google.common.util.concurrent.DirectExecutor.execute(DirectExecutor.java:30)
	at com.google.common.eventbus.Subscriber.dispatchEvent(Subscriber.java:67)
	at com.google.common.eventbus.Dispatcher$PerThreadQueuedDispatcher.dispatch(Dispatcher.java:112)
	at com.google.common.eventbus.EventBus.post(EventBus.java:262)
	at net.minecraftforge.fml.common.LoadController.sendEventToModContainer(LoadController.java:318)
	at net.minecraftforge.fml.common.LoadController.propogateStateMessage(LoadController.java:296)
	at jdk.internal.reflect.DirectMethodHandleAccessor.invoke(DirectMethodHandleAccessor.java:104)
	at java.lang.reflect.Method.invoke(Method.java:565)
	at com.google.common.eventbus.Subscriber.invokeSubscriberMethod(Subscriber.java:84)
	at com.google.common.eventbus.Subscriber$SynchronizedSubscriber.invokeSubscriberMethod(Subscriber.java:141)
	at com.google.common.eventbus.Subscriber.lambda$dispatchEvent$0(Subscriber.java:70)
	at com.google.common.util.concurrent.DirectExecutor.execute(DirectExecutor.java:30)
	at com.google.common.eventbus.Subscriber.dispatchEvent(Subscriber.java:67)
	at com.google.common.eventbus.Dispatcher$PerThreadQueuedDispatcher.dispatch(Dispatcher.java:112)
	at com.google.common.eventbus.EventBus.post(EventBus.java:262)
	at net.minecraftforge.fml.common.LoadController.distributeStateMessage(LoadController.java:232)
	at net.minecraftforge.fml.common.Loader.loadMods(Loader.java:591)
	at net.minecraftforge.fml.client.FMLClientHandler.beginMinecraftLoading(MixinFMLClientHandler.java:236)
	at net.minecraft.client.Minecraft.init(MinecraftAccessor.java:463)
	at net.minecraft.client.Minecraft.run(MinecraftAccessor.java:12651)
	at net.minecraft.client.main.Main.main(SourceFile:123)
	at top.outlands.foundation.LaunchHandler.launch(LaunchHandler.java:125)
	at top.outlands.foundation.boot.Foundation.main(Foundation.java:43)
	at org.prismlauncher.launcher.impl.StandardLauncher.launch(StandardLauncher.java:115)
	at org.prismlauncher.EntryPoint.listen(EntryPoint.java:129)
	at org.prismlauncher.EntryPoint.main(EntryPoint.java:70)
[00:57:31] [Client thread/INFO] [ReBind Core]: Keybinding id: ae2stuffbinding_adv_wireless_second, known: false
[00:57:31] [Client thread/INFO] [STDOUT]: [team.chisel.ctm.client.asm.CTMTransformer:preTransform:230]: Transforming Class [net.minecraft.client.renderer.texture.TextureMap], Method [registerSprite]
[00:57:31] [Client thread/INFO] [STDOUT]: [team.chisel.ctm.client.asm.CTMTransformer:finishTransform:242]: Transforming net.minecraft.client.renderer.texture.TextureMap Finished.
[00:57:31] [Client thread/INFO] [ReBind Core]: Keybinding id: baublesbindinventory, known: false
[00:57:32] [Client thread/INFO] [Quark ASM]: Transforming net.minecraft.util.DamageSource
[00:57:32] [Client thread/INFO] [Quark ASM]: Applying Transformation to method (Names [causePlayerDamage, func_76365_a] Descriptor (Lnet/minecraft/entity/player/EntityPlayer;)Lnet/minecraft/util/DamageSource;)
[00:57:32] [Client thread/INFO] [Quark ASM]: Located Method, patching...
[00:57:32] [Client thread/INFO] [Quark ASM]: Patch result: true
[00:57:32] [Client thread/INFO] [STDOUT]: [team.chisel.ctm.client.asm.CTMTransformer:preTransform:230]: Transforming Class [net.minecraft.client.renderer.texture.TextureAtlasSprite], Method [updateAnimationInterpolated]
[00:57:32] [Client thread/INFO] [STDOUT]: [team.chisel.ctm.client.asm.CTMTransformer:finishTransform:242]: Transforming net.minecraft.client.renderer.texture.TextureAtlasSprite Finished.
[00:57:32] [Client thread/INFO] [Fixeroo]: Transforming net.minecraft.client.renderer.entity.RenderPlayer
[00:57:32] [Client thread/WARN] [mixin]: Static binding violation: PRIVATE @Overwrite method func_76615_h in mixins.alfheim.json:ChunkMixin from mod unknown-owner cannot reduce visibiliy of PUBLIC target method, visibility will be upgraded.
[00:57:32] [Client thread/INFO] [ASMUtil]: Transforming class net/minecraftforge/client/model/ModelLoader
[00:57:32] [Client thread/INFO] [ASMUtil]: Transforming class net/minecraftforge/client/model/ModelLoader
[00:57:32] [Client thread/INFO] [Astral Core]: [AstralTransformer] Transforming pa : net.minecraft.network.NetHandlerPlayServer with 1 patches!
[00:57:32] [Client thread/INFO] [Astral Core]: [AstralTransformer] Applied patch PATCHSERVEREXTENDENTITYINTERACTREACH
[00:57:32] [Client thread/INFO] [ASMUtil]: Transforming class net/minecraft/network/NetHandlerPlayServer
[00:57:32] [Client thread/INFO] [ASMUtil]: Transforming method net/minecraft/network/NetHandlerPlayServer.func_147340_a(Lnet/minecraft/network/play/client/CPacketUseEntity;)V
[00:57:32] [Client thread/INFO] [ASMUtil]: Transforming class net/minecraft/network/NetHandlerPlayServer
[00:57:32] [Client thread/INFO] [ASMUtil]: Transforming method net/minecraft/network/NetHandlerPlayServer.func_147345_a(Lnet/minecraft/network/play/client/CPacketPlayerDigging;)V
[00:57:32] [Client thread/INFO] [ASMUtil]: Transforming class net/minecraft/client/particle/ParticleManager
[00:57:32] [Client thread/INFO] [ASMUtil]: Transforming class net/minecraft/client/particle/ParticleManager
[00:57:32] [Client thread/ERROR] [FML]: The mod redstoneflux is expecting signature 8a6abf2cb9e141b866580d369ba6548732eff25f for source RedstoneFlux-1.12-2.1.1.1-universal.jar, however there is no signature matching that description
[00:57:33] [Client thread/INFO] [ReBind Core]: Keybinding id: cofhcore_cofh_multimode, known: false
[00:57:33] [Client thread/INFO] [brandonscore]: Brandon's Core online! Waiting for Draconic Evolution to join the party....
[00:57:33] [Client thread/INFO] [draconicevolution]: Draconic Evolution online!
[00:57:33] [Client thread/INFO] [brandonscore]: Hay! There you are! Now lets destroy some worlds!!
[00:57:33] [Client thread/INFO] [draconicevolution]: Sounds like fun! Lets get to it!
[00:57:33] [Client thread/ERROR] [FML]: The mod cofhworld is expecting signature 8a6abf2cb9e141b866580d369ba6548732eff25f for source CoFHWorld-1.12.2-1.4.0.1-universal.jar, however there is no signature matching that description
[00:57:33] [Client thread/ERROR] [FML]: The mod thermalfoundation is expecting signature 8a6abf2cb9e141b866580d369ba6548732eff25f for source ThermalFoundation-1.12.2-2.6.7.1-universal.jar, however there is no signature matching that description
[00:57:33] [Client thread/INFO] [draconicevolution]: Hello Minecraft!!!
[00:57:33] [Client thread/ERROR] [FML]: The mod thermalexpansion is expecting signature 8a6abf2cb9e141b866580d369ba6548732eff25f for source ThermalExpansion-1.12.2-5.5.7.1-universal.jar, however there is no signature matching that description
[00:57:33] [Client thread/INFO] [EnderCore Mixins]: Found annotation mixin: crazypants.enderio.base.item.darksteel.upgrade.DarkSteelUpgradeMixin
[00:57:33] [Client thread/INFO] [EnderCore Mixins]: Registered mixin.
[00:57:33] [Client thread/INFO] [EnderCore Mixins]: Found annotation mixin: crazypants.enderio.base.paint.MobilityFlagForPaintedBlocksMixin
[00:57:33] [Client thread/INFO] [EnderCore Mixins]: Registered mixin.
[00:57:33] [Client thread/INFO] [EnderCore Mixins]: Found annotation mixin: crazypants.enderio.base.power.forge.item.InternalPoweredItemMixin
[00:57:33] [Client thread/INFO] [EnderCore Mixins]: Registered mixin.
[00:57:33] [Client thread/INFO] [EnderCore Mixins]: Found annotation mixin: crazypants.enderio.base.paint.MobilityFlagForPaintedBlocksMixin
[00:57:33] [Client thread/INFO] [EnderCore Mixins]: Registered mixin.
[00:57:33] [Client thread/INFO] [EnderCore Mixins]: Found annotation mixin: crazypants.enderio.base.integration.thaumcraft.ThaumcraftArmorMixin
[00:57:33] [Client thread/INFO] [EnderCore Mixins]: Skipping mixin due to missing dependencies: [thaumcraft]
[00:57:33] [Client thread/INFO] [EnderCore Mixins]: Found annotation mixin: crazypants.enderio.base.paint.MobilityFlagForPaintedBlocksMixin
[00:57:33] [Client thread/INFO] [EnderCore Mixins]: Registered mixin.
[00:57:33] [Client thread/INFO] [EnderCore Mixins]: Found annotation mixin: crazypants.enderio.base.paint.MobilityFlagForPaintedBlocksMixin
[00:57:33] [Client thread/INFO] [EnderCore Mixins]: Registered mixin.
[00:57:33] [Client thread/INFO] [EnderCore Mixins]: Found mixin source class data for crazypants.enderio.base.item.darksteel.upgrade.DarkSteelUpgradeMixin.
[00:57:33] [Client thread/INFO] [EnderCore Mixins]: Found interface target crazypants.enderio.api.upgrades.IDarkSteelItem
[00:57:33] [Client thread/INFO] [EnderCore Mixins]: Found mixin source class data for crazypants.enderio.base.paint.MobilityFlagForPaintedBlocksMixin.
[00:57:33] [Client thread/INFO] [EnderCore Mixins]: Found mixin source class data for crazypants.enderio.base.paint.MobilityFlagForPaintedBlocksMixin.
[00:57:33] [Client thread/INFO] [EnderCore Mixins]: Found mixin source class data for crazypants.enderio.base.paint.MobilityFlagForPaintedBlocksMixin.
[00:57:33] [Client thread/INFO] [EnderCore Mixins]: Found mixin source class data for crazypants.enderio.base.paint.MobilityFlagForPaintedBlocksMixin.
[00:57:33] [Client thread/INFO] [EnderCore Mixins]: Found mixin source class data for crazypants.enderio.base.power.forge.item.InternalPoweredItemMixin.
[00:57:33] [Client thread/INFO] [EnderCore Mixins]: Found interface target crazypants.enderio.base.power.forge.item.IInternalPoweredItem
[00:57:33] [Client thread/INFO] [EnderCore Mixins]: Found interface target crazypants.enderio.base.paint.IPaintable$IBlockPaintableBlock
[00:57:33] [Client thread/INFO] [EnderCore Mixins]: Found interface target crazypants.enderio.base.paint.IPaintable$ISolidBlockPaintableBlock
[00:57:33] [Client thread/INFO] [EnderCore Mixins]: Found interface target crazypants.enderio.base.paint.IPaintable$ITexturePaintableBlock
[00:57:33] [Client thread/INFO] [EnderCore Mixins]: Found interface target crazypants.enderio.base.paint.IPaintable$INonSolidBlockPaintableBlock
[00:57:33] [Client thread/INFO] [EnderCore Mixins]: Found 1 patch to apply to class crazypants.enderio.base.item.darksteel.ItemInventoryCharger from implemented interfaces: [crazypants/enderio/api/upgrades/IDarkSteelItem]
[00:57:33] [Client thread/INFO] [EnderCore Mixins]: Patching 1 mixins onto class crazypants.enderio.base.item.darksteel.ItemInventoryCharger (DarkSteelUpgradeMixin)
[00:57:33] [Client thread/INFO] [EnderCore Mixins]: Added 3 new methods: [initCapabilities(Lnet/minecraft/item/ItemStack;Lnet/minecraft/nbt/NBTTagCompound;)Lnet/minecraftforge/common/capabilities/ICapabilityProvider;, getAttributeModifiers(Lnet/minecraft/inventory/EntityEquipmentSlot;Lnet/minecraft/item/ItemStack;)Lcom/google/common/collect/Multimap;, openUpgradeGui(Lnet/minecraft/entity/player/EntityPlayer;Lnet/minecraft/inventory/EntityEquipmentSlot;)V]
[00:57:33] [Client thread/INFO] [EnderCore Mixins]: Successfully patched.
[00:57:33] [Client thread/INFO] [EnderCore Mixins]: Found 1 patch to apply to class crazypants.enderio.base.item.darksteel.ItemDarkSteelCrook from implemented interfaces: [crazypants/enderio/api/upgrades/IDarkSteelItem]
[00:57:33] [Client thread/INFO] [EnderCore Mixins]: Patching 1 mixins onto class crazypants.enderio.base.item.darksteel.ItemDarkSteelCrook (DarkSteelUpgradeMixin)
[00:57:33] [Client thread/INFO] [EnderCore Mixins]: Added 3 new methods: [initCapabilities(Lnet/minecraft/item/ItemStack;Lnet/minecraft/nbt/NBTTagCompound;)Lnet/minecraftforge/common/capabilities/ICapabilityProvider;, getAttributeModifiers(Lnet/minecraft/inventory/EntityEquipmentSlot;Lnet/minecraft/item/ItemStack;)Lcom/google/common/collect/Multimap;, openUpgradeGui(Lnet/minecraft/entity/player/EntityPlayer;Lnet/minecraft/inventory/EntityEquipmentSlot;)V]
[00:57:33] [Client thread/INFO] [EnderCore Mixins]: Successfully patched.
[00:57:33] [Client thread/INFO] [Astral Core]: [AstralTransformer] Transforming buq : net.minecraft.client.renderer.EntityRenderer with 1 patches!
[00:57:33] [Client thread/INFO] [Astral Core]: [AstralTransformer] Applied patch PATCHENTITYRENDEREREXTENDEDENTITYREACH
[00:57:33] [Client thread/INFO] [Quark ASM]: Transforming net.minecraft.client.renderer.EntityRenderer
[00:57:33] [Client thread/INFO] [Quark ASM]: Applying Transformation to method (Names [renderWorldPass, func_175068_a] Descriptor (IFJ)V)
[00:57:33] [Client thread/INFO] [Quark ASM]: Located Method, patching...
[00:57:33] [Client thread/INFO] [Quark ASM]: Located patch target node INVOKEVIRTUAL net/minecraft/client/renderer/EntityRenderer.func_78479_a (FI)V
[00:57:33] [Client thread/INFO] [Quark ASM]: Patch result: true
[00:57:33] [Client thread/INFO] [ASMUtil]: Transforming class net/minecraft/client/renderer/EntityRenderer
[00:57:33] [Client thread/INFO] [ASMUtil]: Transforming method net/minecraft/client/renderer/EntityRenderer.func_78473_a(F)V
[00:57:34] [Client thread/INFO] [Pulsar-tconstruct]: Skipping Pulse chiselIntegration; missing dependency: chisel
[00:57:34] [Client thread/INFO] [Pulsar-tconstruct]: Skipping Pulse chiselsandbitsIntegration; missing dependency: chiselsandbits
[00:57:34] [Client thread/INFO] [Pulsar-tconstruct]: Skipping Pulse craftingtweaksIntegration; missing dependency: craftingtweaks
[00:57:34] [Client thread/INFO] [Pulsar-tconstruct]: Skipping Pulse theoneprobeIntegration; missing dependency: theoneprobe
[00:57:34] [Client thread/INFO] [tconstruct]: Preparing to take over the world
[00:57:34] [Client thread/INFO] [ReBind Core]: Keybinding id: botania_nei_optionss_gui_corporea_request, known: false
[00:57:35] [Client thread/INFO] [Quark ASM]: Transforming net.minecraft.client.renderer.entity.RenderManager
[00:57:35] [Client thread/INFO] [Quark ASM]: Applying Transformation to method (Names [renderEntity, func_188391_a] Descriptor (Lnet/minecraft/entity/Entity;DDDFFZ)V)
[00:57:35] [Client thread/INFO] [Quark ASM]: Located Method, patching...
[00:57:35] [Client thread/INFO] [Quark ASM]: Located patch target node INVOKEVIRTUAL net/minecraft/client/renderer/entity/Render.func_76986_a (Lnet/minecraft/entity/Entity;DDDFF)V
[00:57:35] [Client thread/INFO] [Quark ASM]: Patch result: true
[00:57:35] [Client thread/INFO] [Quark ASM]: Transforming net.minecraft.client.renderer.RenderItem
[00:57:35] [Client thread/INFO] [Quark ASM]: Applying Transformation to method (Names [renderItem, func_180454_a] Descriptor (Lnet/minecraft/item/ItemStack;Lnet/minecraft/client/renderer/block/model/IBakedModel;)V)
[00:57:35] [Client thread/INFO] [Quark ASM]: Located Method, patching...
[00:57:35] [Client thread/INFO] [Quark ASM]: Patch result: true
[00:57:35] [Client thread/INFO] [Quark ASM]: Applying Transformation to method (Names [renderEffect, func_191966_a] Descriptor (Lnet/minecraft/client/renderer/block/model/IBakedModel;)V)
[00:57:35] [Client thread/INFO] [Quark ASM]: Located Method, patching...
[00:57:35] [Client thread/INFO] [Quark ASM]: Located patch target node LDC -8372020
[00:57:35] [Client thread/INFO] [Quark ASM]: Located patch target node LDC -8372020
[00:57:35] [Client thread/INFO] [Quark ASM]: Patch result: true
[00:57:35] [Client thread/INFO] [EnderCore ASM]: Transforming Class [net.minecraft.client.renderer.RenderItem], Method [func_180453_a, func_184391_a]
[00:57:35] [Client thread/INFO] [EnderCore ASM]: Transforming net.minecraft.client.renderer.RenderItem Finished.
[00:57:35] [Client thread/ERROR] [defaultoptions]: java.io.FileNotFoundException: Source '/Users/gottfrid.nordstrom@live.vasteras.se/Library/Application Support/PrismLauncher/instances/Emergent-Engineering/minecraft/config/defaultoptions/servers.dat' does not exist
[00:57:35] [Client thread/WARN] [net.minecraft.client.settings.GameSettings]: Skipping bad option: lastServer:
[00:57:35] [Client thread/WARN] [net.minecraft.client.settings.GameSettings]: Skipping bad option: fov:1.0
[00:57:35] [Client thread/WARN] [net.minecraft.client.settings.GameSettings]: Skipping bad option: ao:2
[00:57:35] [Client thread/INFO] [FML]: [dropt] Loaded integration plugin handler: com.codetaylor.mc.athenaeum.integration.crafttweaker.IntegrationPluginHandler
[00:57:35] [Client thread/INFO] [FML]: [dropt] Loaded integration plugin handler: com.codetaylor.mc.athenaeum.integration.SimplePluginHandler
[00:57:35] [Client thread/INFO] [FML]: [dropt] Loaded integration plugin handler: com.codetaylor.mc.athenaeum.integration.SimplePluginHandler
[00:57:35] [Client thread/INFO] [FML]: [dropt] Loaded integration plugin handler: com.codetaylor.mc.athenaeum.integration.jei.IntegrationPluginHandler
[00:57:35] [Client thread/INFO] [FML]: [dropt] Loaded module: com.codetaylor.mc.dropt.modules.dropt.ModuleDropt
[00:57:35] [Client thread/INFO] [FML]: [dropt] Loaded module: com.codetaylor.mc.athenaeum.integration.crafttweaker.ModuleIntegration
[00:57:35] [Client thread/INFO] [FML]: [dropt] Executed integration plugin handler [com.codetaylor.mc.athenaeum.integration.crafttweaker.IntegrationPluginHandler] for plugin [com.codetaylor.mc.dropt.modules.dropt.compat.crafttweaker.ZenRuleList]
[00:57:35] [Client thread/INFO] [FML]: [dropt] Executed integration plugin handler [com.codetaylor.mc.athenaeum.integration.crafttweaker.IntegrationPluginHandler] for plugin [com.codetaylor.mc.dropt.modules.dropt.compat.crafttweaker.ZenWeight]
[00:57:35] [Client thread/INFO] [FML]: [dropt] Executed integration plugin handler [com.codetaylor.mc.athenaeum.integration.crafttweaker.IntegrationPluginHandler] for plugin [com.codetaylor.mc.dropt.modules.dropt.compat.crafttweaker.ZenDrop]
[00:57:35] [Client thread/INFO] [FML]: [dropt] Executed integration plugin handler [com.codetaylor.mc.athenaeum.integration.crafttweaker.IntegrationPluginHandler] for plugin [com.codetaylor.mc.dropt.modules.dropt.compat.crafttweaker.ZenDropt]
[00:57:35] [Client thread/INFO] [FML]: [dropt] Executed integration plugin handler [com.codetaylor.mc.athenaeum.integration.crafttweaker.IntegrationPluginHandler] for plugin [com.codetaylor.mc.dropt.modules.dropt.compat.crafttweaker.ZenHarvester]
[00:57:35] [Client thread/INFO] [FML]: [dropt] Executed integration plugin handler [com.codetaylor.mc.athenaeum.integration.crafttweaker.IntegrationPluginHandler] for plugin [com.codetaylor.mc.dropt.modules.dropt.compat.crafttweaker.ZenRule]
[00:57:35] [Client thread/INFO] [FML]: [dropt] Executed integration plugin handler [com.codetaylor.mc.athenaeum.integration.crafttweaker.IntegrationPluginHandler] for plugin [com.codetaylor.mc.dropt.modules.dropt.compat.crafttweaker.ZenRange]
[00:57:35] [Client thread/INFO] [EnderCore Mixins]: Found annotation mixin: crazypants.enderio.conduit.me.conduit.MEMixin
[00:57:35] [Client thread/INFO] [EnderCore Mixins]: Registered mixin.
[00:57:35] [Client thread/INFO] [EnderCore Mixins]: Found mixin source class data for crazypants.enderio.conduit.me.conduit.MEMixin.
[00:57:35] [Client thread/INFO] [EnderCore Mixins]: Patching 1 mixins onto class crazypants.enderio.conduits.conduit.TileConduitBundle (MEMixin)
[00:57:35] [Client thread/INFO] [EnderCore Mixins]: Added 1 new interface: [appeng/api/networking/IGridHost]
[00:57:35] [Client thread/INFO] [EnderCore Mixins]: Added 3 new methods: [getGridNode(Lappeng/api/util/AEPartLocation;)Lappeng/api/networking/IGridNode;, getCableConnectionType(Lappeng/api/util/AEPartLocation;)Lappeng/api/util/AECableType;, securityBreak()V]
[00:57:35] [Client thread/INFO] [EnderCore Mixins]: Successfully patched.
[00:57:35] [Client thread/INFO] [EnderCore Mixins]: Found annotation mixin: crazypants.enderio.conduit.oc.conduit.OCMixin
[00:57:35] [Client thread/INFO] [EnderCore Mixins]: Skipping mixin due to missing dependencies: [opencomputersapi|network]
[00:57:35] [Client thread/INFO] [EnderCore Mixins]: Found annotation mixin: crazypants.enderio.integration.forestry.upgrades.ArmorMixin
[00:57:35] [Client thread/INFO] [EnderCore Mixins]: Skipping mixin due to missing dependencies: [forestry]
[00:57:35] [Client thread/INFO] [BogoSorter-Core]: Applied PIM tryHarvestBlock ASM
[00:57:35] [Client thread/INFO] [BogoSorter-Core]: Applied PIM processRightClick ASM
[00:57:35] [Client thread/INFO] [ASMUtil]: Transforming class net/minecraft/server/management/PlayerInteractionManager
[00:57:35] [Client thread/INFO] [ASMUtil]: Transforming method net/minecraft/server/management/PlayerInteractionManager.func_73076_a(Lnet/minecraft/world/GameType;)V
[00:57:35] [Client thread/INFO] [renderlib]: OpenGL Vendor: Apple
[00:57:35] [Client thread/INFO] [renderlib]: OpenGL Renderer: Apple M2
[00:57:35] [Client thread/INFO] [renderlib]: OpenGL Version: 2.1 Metal - 89.4
[00:57:35] [Client thread/INFO] [ReBind Core]: Keybinding id: extremesoundmuffler_esm_open_muffler_gui, known: false
[00:57:37] [Client thread/INFO] [ReBind Core]: Keybinding id: fpsreducer_guiopen, known: false
[00:57:37] [Client thread/INFO] [ReBind Core]: Keybinding id: fpsreducer_forceidle, known: false
[00:57:37] [Client thread/INFO] [groovyscript]: Generating obfuscation map...
[00:57:37] [Client thread/INFO] [groovyscript]: Read 1864 field and 2652 method mapping names
[00:57:37] [Client thread/INFO] [groovyscript]: Overriding GroovyScript compat plugin 'Botania' by plugin 'Botania'
[00:57:38] [Client thread/ERROR] [FML]: The mod ifpatcher is expecting signature 7b67d082f16024d3f7cb6784c00e0082c8f1d3700146bc84ca164fe3d2ef5598 for source IFPatcher-2.4.0.jar, however there is no signature matching that description
[00:57:38] [Client thread/ERROR] [FML]: The mod immersiveengineering is expecting signature 4cb49fcde3b43048c9889e0a3d083225da926334 for source ImmersiveEngineering-0.12-98.jar, however there is no signature matching that description
[00:57:38] [Client thread/INFO] [ReBind Core]: Keybinding id: immersiveengineering_magnetequip, known: false
[00:57:38] [Client thread/INFO] [ReBind Core]: Keybinding id: immersiveengineering_chemthrowerswitch, known: false
[00:57:38] [Client thread/INFO] [STDOUT]: [blusunrize.immersiveengineering.ImmersiveEngineering:wrongSignature:175]: [Immersive Engineering/Error] THIS IS NOT AN OFFICIAL BUILD OF IMMERSIVE ENGINEERING! Found these fingerprints: []
[00:57:38] [Client thread/INFO] [IFPatcher]: Patching CommonProxy from IF
[00:57:38] [Client thread/INFO] [IFPatcher]: Patched Common Proxy
[00:57:38] [Client thread/INFO] [IFPatcher]: PatchCommonProxy succeeded
[00:57:38] [Client thread/ERROR] [FML]: The mod justenoughdimensions is expecting signature @FINGERPRINT@ for source justenoughdimensions-1.12.2-1.6.0-dev.20211009.214847.jar, however there is no signature matching that description
[00:57:38] [Client thread/WARN] [justenoughdimensions]: *********************************************************************************************
[00:57:38] [Client thread/WARN] [justenoughdimensions]: *****                                    WARNING                                        *****
[00:57:38] [Client thread/WARN] [justenoughdimensions]: *****                                                                                   *****
[00:57:38] [Client thread/WARN] [justenoughdimensions]: *****   The signature of the mod file 'justenoughdimensions-1.12.2-1.6.0-dev.20211009.214847.jar' does not match the expected fingerprint!     *****
[00:57:38] [Client thread/WARN] [justenoughdimensions]: *****   This might mean that the mod file has been tampered with!                       *****
[00:57:38] [Client thread/WARN] [justenoughdimensions]: *****   If you did not download the mod Just Enough Dimensions directly from Curse/CurseForge,       *****
[00:57:38] [Client thread/WARN] [justenoughdimensions]: *****   or using one of the well known launchers, and you did not                       *****
[00:57:38] [Client thread/WARN] [justenoughdimensions]: *****   modify the mod file at all yourself, then it's possible,                        *****
[00:57:38] [Client thread/WARN] [justenoughdimensions]: *****   that it may contain malware or other unwanted things!                           *****
[00:57:38] [Client thread/WARN] [justenoughdimensions]: *********************************************************************************************
[00:57:38] [Client thread/INFO] [de.keksuccino.konkrete.Konkrete]: [KONKRETE] Successfully initialized!
[00:57:38] [Client thread/INFO] [de.keksuccino.konkrete.Konkrete]: [KONKRETE] Server-side libs ready to use!
[00:57:39] [Client thread/INFO] [projectintelligence]: Hello Minecraft!!!
[00:57:39] [Client thread/INFO] [Sledgehammer]: Sledgehammer v1.12.2-2.0.26 (forge)
[00:57:39] [Client thread/INFO] [Sledgehammer]: Loaded default locale
[00:57:39] [Client thread/INFO] [STDOUT]: [com.tmtravlr.soundfilters.SoundFiltersMod:<clinit>:49]: [Sound Filters] Loaded modified library.
[00:57:39] [Client thread/INFO] [sasit]: The mod has started up!
[00:57:39] [Client thread/INFO] [sasit]: Logs containing the following text may have been removed!
[00:57:39] [Client thread/WARN] [VintageFix Mixin Loader]: Not applying mixin 'mixin.version_protest.F3Change' as 'mixin.version_protest' is disabled in config
[00:57:39] [Client thread/WARN] [VintageFix Mixin Loader]: Not applying mixin 'mixin.version_protest.LoaderChange' as 'mixin.version_protest' is disabled in config
[00:57:39] [Client thread/INFO] [net.minecraft.client.resources.SimpleReloadableResourceManager]: Reloading ResourceManager: Default, FMLFileResourcePack:Forge Mod Loader, FMLFileResourcePack:Minecraft Forge, FMLFileResourcePack:Crash Assistant, FMLFileResourcePack:Red Core, FMLFileResourcePack:Fugue, FMLFileResourcePack:Key Binding Patch, FMLFileResourcePack:FermiumBooter, FMLFileResourcePack:Actually Additions, FMLFileResourcePack:AE2 Unofficial Extended Life, FMLFileResourcePack:AE2 Stuff Unofficial, FMLFileResourcePack:The Aether, FMLFileResourcePack:Alfheim, FMLFileResourcePack:Another Tips, FMLFileResourcePack:AppleCore, FMLFileResourcePack:Aqua Acrobatics, FMLFileResourcePack:Astral Sorcery, FMLFileResourcePack:Athenaeum, FMLFileResourcePack:Atlas Lib, FMLFileResourcePack:AutoRegLib, FMLFileResourcePack:Bad Wither No Cookie! Reloaded, FMLFileResourcePack:B.A.S.E, FMLFileResourcePack:Battle Towers, FMLFileResourcePack:BD Lib, FMLFileResourcePack:Beautified Chat Server, FMLFileResourcePack:Better Advancements, FMLFileResourcePack:Betterer Biomer Blender, FMLFileResourcePack:Better Chat, FMLFileResourcePack:Better Horses, FMLFileResourcePack:Better Invisibility, FMLFileResourcePack:BetterWaterSplash, FMLFileResourcePack:Blood Arsenal, FMLFileResourcePack:Blood Magic: Alchemical Wizardry, FMLFileResourcePack:Inventory Bogo Sorter, FMLFileResourcePack:Bookshelf, FMLFileResourcePack:Botania CEu, FMLFileResourcePack:Brandon's Core, FMLFileResourcePack:Brigo, FMLFileResourcePack:Battle Towers Fixes, FMLFileResourcePack:Bubbles, FMLFileResourcePack:Celeritas, FMLFileResourcePack:ChatFlow, FMLFileResourcePack:Cherished Worlds, FMLFileResourcePack:Chunk Animator, FMLFileResourcePack:Client Tweaks, FMLFileResourcePack:CodeChicken Lib, FMLFileResourcePack:CoFH Core, FMLFileResourcePack:CoFH World, FMLFileResourcePack:Collective, FMLFileResourcePack:ContentTweaker, FMLFileResourcePack:Copy Paste, FMLFileResourcePack:Corpse Complex, FMLFileResourcePack:CT-GUI, FMLFileResourcePack:CraftTweaker2, FMLFileResourcePack:CraftTweaker JEI Support, FMLFileResourcePack:CTM, FMLFileResourcePack:Cucumber Library, FMLFileResourcePack:Deep Blood Evolution, FMLFileResourcePack:DeepMobEvolution, FMLFileResourcePack:Default Options, FMLFileResourcePack:Dimensional Doors, FMLFileResourcePack:Draconic Evolution, FMLFileResourcePack:Dropt, FMLFileResourcePack:Erdbeerbaer´s Gui Lib, FMLFileResourcePack:ElegantNetworking, FMLFileResourcePack:Enchantment Descriptions, FMLFileResourcePack:EnderCore, FMLFileResourcePack:Ender IO Additions, FMLFileResourcePack:Ender IO Addons, FMLFileResourcePack:Ender IO, FMLFileResourcePack:Ender IO Base, FMLFileResourcePack:Ender IO Gas Conduits, FMLFileResourcePack:Ender IO Applied Energistics Conduits, FMLFileResourcePack:Ender IO Open Computers Conduits, FMLFileResourcePack:Ender IO Refined Storage Conduits, FMLFileResourcePack:Ender IO Conduits, FMLFileResourcePack:Ender IO endergy, FMLFileResourcePack:Ender IO Integration with Forestry, FMLFileResourcePack:Ender IO Integration with Tinkers' Construct, FMLFileResourcePack:Ender IO Integration with Tinkers' Construct, FMLFileResourcePack:Ender IO Inventory Panel, FMLFileResourcePack:Ender IO Machines, FMLFileResourcePack:Ender IO Powertools, FMLFileResourcePack:Ender's Modpack Tweaks, FMLFileResourcePack:EntityCulling, FMLFileResourcePack:Environmental Tech, FMLFileResourcePack:Extreme Sound Muffler: Legacy, FMLFileResourcePack:Extended Bone Meal, FMLFileResourcePack:ExtendedCrafting: Nomifactory Edition, FMLFileResourcePack:Extra Utilities 2, FMLFileResourcePack:Extreme Reactors, FMLFileResourcePack:Extra Utilities Fixes, FMLFileResourcePack:FermiumASM, FMLFileResourcePack:FermiumMixins, FMLFileResourcePack:Fixeroo, FMLFileResourcePack:AE2 Fluid Crafting, FMLFileResourcePack:Forgelin-Continuous, FMLFileResourcePack:Shadowfacts' Forgelin (Dummy), FMLFileResourcePack:ForkedEnderTweaker, FMLFileResourcePack:FPS Reducer, FMLFileResourcePack:FTB Library, FMLFileResourcePack:FTB Quests, FMLFileResourcePack:FTB Utilities, FMLFileResourcePack:FurnaceXPStorage, FMLFileResourcePack:Game Stages, FMLFileResourcePack:Gnetum, FMLFileResourcePack:GroovyScript, FMLFileResourcePack:Guide-API, FMLFileResourcePack:Had Enough Items, FMLFileResourcePack:Highlighter, FMLFileResourcePack:HungerTweaker, FMLFileResourcePack:Waila, FMLFileResourcePack:Ice and Fire: RotN Edition, FMLFileResourcePack:IFPatcher, FMLFileResourcePack:Immersive Petroleum, FMLFileResourcePack:Immersive Posts, FMLFileResourcePack:Immersive Engineering Tweaks, FMLFileResourcePack:Industrial Foregoing, FMLFileResourcePack:Item Filters, FMLFileResourcePack:JEI Utilities, FMLFileResourcePack:JEI Area Fixer, FMLFileResourcePack:Just Enough Dimensions, FMLFileResourcePack:Just Enough Effects, FMLFileResourcePack:Just Enough Magiculture, FMLFileResourcePack:Just Enough Resources, FMLFileResourcePack:KleeSlabs, FMLFileResourcePack:Konkrete, FMLFileResourcePack:LemonSkin, FMLFileResourcePack:LootTweaker, FMLFileResourcePack:Mantle, FMLFileResourcePack:McJtyLib, FMLFileResourcePack:Mclogs, FMLFileResourcePack:Modpack Config Checker, FMLFileResourcePack:Mod Tweaker, FMLFileResourcePack:Modular Machinery: Community Edition, FMLFileResourcePack:ModularUI, FMLFileResourcePack:MoreTweaker, FMLFileResourcePack:Mouse Tweaks Unofficial, FMLFileResourcePack:MTLib, FMLFileResourcePack:Mystical Agradditions, FMLFileResourcePack:Mystical Agriculture Community Edition, FMLFileResourcePack:Nature's Compass, FMLFileResourcePack:Nether API, FMLFileResourcePack:NoiseThreader, FMLFileResourcePack:NuclearCraft, FMLFileResourcePack:PackagedAuto, FMLFileResourcePack:PackagedDraconic, FMLFileResourcePack:PackagedExCrafting, FMLFileResourcePack:Particle Culling, FMLFileResourcePack:Patchouli, FMLFileResourcePack:Banner Patterns, FMLFileResourcePack:Performance Monitoring Enhancer, FMLFileResourcePack:ProjectETeams, FMLFileResourcePack:Pillar, FMLFileResourcePack:Portable Drill, FMLFileResourcePack:Potion Descriptions, FMLFileResourcePack:Probe, FMLFileResourcePack:ProjectE, FMLFileResourcePack:Project EX, FMLFileResourcePack:Project Intelligence, FMLFileResourcePack:Proportional Destruction Particles, FMLFileResourcePack:Quark Oddities, FMLFileResourcePack:Quark: RotN Edition, FMLFileResourcePack:RandomTweaker, FMLFileResourcePack:Reach Fix, FMLFileResourcePack:ReAuth, FMLFileResourcePack:ReBind, FMLFileResourcePack:Redstone Flux, FMLFileResourcePack:RenderLib, FMLFileResourcePack:Resource Loader, FMLFileResourcePack:Resource Reloader, FMLFileResourcePack:RFTools, FMLFileResourcePack:RFTools Dimensions, FMLFileResourcePack:RLTweaker, FMLFileResourcePack:Roid's Tweaker, FMLFileResourcePack:RoughlyEnoughIDs, FMLFileResourcePack:Sledgehammer, FMLFileResourcePack:Sound Filters, FMLFileResourcePack:Sound Reloader, FMLFileResourcePack:Spark Unforged, FMLFileResourcePack:Stellar Core, FMLFileResourcePack:Stuff A Sock In It, FMLFileResourcePack:Teams, FMLFileResourcePack:Tesla Core Lib, FMLFileResourcePack:Tesla Core Lib Registries, FMLFileResourcePack:The Aether's Baubles, FMLFileResourcePack:Thermal Cultivation, FMLFileResourcePack:Thermal Dynamics, FMLFileResourcePack:Thermal Expansion, FMLFileResourcePack:Thermal Foundation, FMLFileResourcePack:Thermal Innovation, FMLFileResourcePack:Tinkers' Antique, FMLFileResourcePack:TP+, FMLFileResourcePack:The Twilight Forest, FMLFileResourcePack:Universal Tweaks, FMLFileResourcePack:Universal Modifiers, FMLFileResourcePack:Valkyrie Lib, FMLFileResourcePack:VintageFix, FMLFileResourcePack:Wither Config, FMLFileResourcePack:Woot, FMLFileResourcePack:Worse Hurt Timer, FMLFileResourcePack:XNet, FMLFileResourcePack:ZenRecipeReloading, FMLFileResourcePack:ZenUtils, FMLFileResourcePack:Zero CORE, FMLFileResourcePack:ZS Packet, FMLFileResourcePack:Tool Progression, FMLFileResourcePack:LLibrary, FMLFileResourcePack:Immersive Engineering, FMLFileResourcePack:Daomephsta Loot Shared, FMLFileResourcePack:PassableLeaves, FMLFileResourcePack:Jade, resources, GroovyScriptResources, CustomResources, CustomOverridingResources
[00:57:40] [Client thread/INFO] [GroovyLog]: Running scripts in loader 'preInit'
[00:57:40] [Client thread/INFO] [GroovyLog]: Groovy scripts took 0ms to compile and 0ms to run in preInit.
[00:57:40] [Client thread/INFO] [groovyscript]: Running Groovy scripts during preInit took 22 ms
[00:57:41] [Client thread/INFO] [Actually Additions]: Starting PreInitialization Phase...
[00:57:41] [Client thread/INFO] [Actually Additions]: Grabbing Configurations...
[00:57:41] [Client thread/INFO] [Actually Additions]: Initializing Tool Materials...
[00:57:41] [Client thread/INFO] [Actually Additions]: Initializing Armor Materials...
[00:57:41] [Client thread/INFO] [Actually Additions]: Initializing Update Checker...
[00:57:41] [Actually Additions Update Checker/INFO] [Actually Additions]: Starting Update Check...
[00:57:41] [Client thread/INFO] [Actually Additions]: PreInitializing ClientProxy...
[00:57:41] [Client thread/INFO] [Actually Additions]: PreInitialization Finished.
[00:57:41] [Client thread/INFO] [AE2:C]: Pre Initialization ( started )
[00:57:41] [Actually Additions Update Checker/ERROR] [Actually Additions]: Update Check failed!
java.io.FileNotFoundException: https://raw.githubusercontent.com/Ellpeck/ActuallyAdditions/main/update/updateVersions.properties
	at sun.net.www.protocol.http.HttpURLConnection.getInputStream0(HttpURLConnection.java:1709)
	at sun.net.www.protocol.http.HttpURLConnection.getInputStream(HttpURLConnection.java:1305)
	at sun.net.www.protocol.https.HttpsURLConnectionImpl.getInputStream(HttpsURLConnectionImpl.java:223)
	at java.net.URL.openStream(URL.java:1263)
	at de.ellpeck.actuallyadditions.mod.update.ThreadUpdateChecker.run(ThreadUpdateChecker.java:35)
[00:57:41] [Client thread/INFO] [Quark ASM]: Transforming net.minecraft.client.renderer.tileentity.TileEntityPistonRenderer
[00:57:41] [Client thread/INFO] [Quark ASM]: Applying Transformation to method (Names [render, func_192841_a] Descriptor (Lnet/minecraft/tileentity/TileEntityPiston;DDDFIF)V)
[00:57:41] [Client thread/INFO] [Quark ASM]: Located Method, patching...
[00:57:41] [Client thread/INFO] [Quark ASM]: Patch result: true
[00:57:41] [Client thread/INFO] [AE2:C]: Starting AE2 VersionChecker
[00:57:41] [Client thread/INFO] [AE2:C]: Pre Initialization ( ended after 475ms )
[00:57:41] [AE2 VersionChecker/INFO] [AE2:C]: Last check was just recently.
[00:57:41] [AE2 VersionChecker/INFO] [AE2:C]: Stopping AE2 VersionChecker
[00:57:41] [Client thread/INFO] [bdlib]: bdlib 1.14.4.1 loaded
[00:57:41] [Client thread/INFO] [io.dogboy.serializationisbad.core.SerializationIsBad]: Applying patches to net.bdew.lib.network.NetChannel
[00:57:41] [Client thread/INFO] [io.dogboy.serializationisbad.core.SerializationIsBad]: Applying patches to net.bdew.lib.network.SerializedMessageCodec
[00:57:41] [Client thread/INFO] [bdlib]: Initialized network channel 'bdew.multiblock' for mod 'bdlib'
[00:57:41] [Client thread/INFO] [bdlib]: Loading internal config files for mod AE2 Stuff
[00:57:41] [Client thread/INFO] [bdlib]: Loading config: /Users/gottfrid.nordstrom@live.vasteras.se/Library/Application Support/PrismLauncher/instances/Emergent-Engineering/minecraft/config/AE2Stuff/overrides/tuning.cfg
[00:57:41] [Client thread/INFO] [bdlib]: Loading config: /Users/gottfrid.nordstrom@live.vasteras.se/Library/Application Support/PrismLauncher/instances/Emergent-Engineering/minecraft/config/AE2Stuff/overrides/recipes.cfg
[00:57:41] [Client thread/INFO] [bdlib]: Loading user config files for mod AE2 Stuff
[00:57:41] [Client thread/INFO] [bdlib]: Config loading for mod AE2 Stuff finished
[00:57:41] [Client thread/INFO] [bdlib]: Loaded creative tabs for ae2stuff
[00:57:42] [StellarCore-BlockFaceUVsPool-CanonicalizeWorker/INFO] [stellar_core]: [StellarCore-BlockFaceUVsPool] CanonicalizeWorker started.
[00:57:42] [Client thread/INFO] [net.minecraft.client.resources.SimpleReloadableResourceManager]: Reloading ResourceManager: Default, FMLFileResourcePack:Forge Mod Loader, FMLFileResourcePack:Minecraft Forge, FMLFileResourcePack:Crash Assistant, FMLFileResourcePack:Red Core, FMLFileResourcePack:Fugue, FMLFileResourcePack:Key Binding Patch, FMLFileResourcePack:FermiumBooter, FMLFileResourcePack:Actually Additions, FMLFileResourcePack:AE2 Unofficial Extended Life, FMLFileResourcePack:AE2 Stuff Unofficial, FMLFileResourcePack:The Aether, FMLFileResourcePack:Alfheim, FMLFileResourcePack:Another Tips, FMLFileResourcePack:AppleCore, FMLFileResourcePack:Aqua Acrobatics, FMLFileResourcePack:Astral Sorcery, FMLFileResourcePack:Athenaeum, FMLFileResourcePack:Atlas Lib, FMLFileResourcePack:AutoRegLib, FMLFileResourcePack:Bad Wither No Cookie! Reloaded, FMLFileResourcePack:B.A.S.E, FMLFileResourcePack:Battle Towers, FMLFileResourcePack:BD Lib, FMLFileResourcePack:Beautified Chat Server, FMLFileResourcePack:Better Advancements, FMLFileResourcePack:Betterer Biomer Blender, FMLFileResourcePack:Better Chat, FMLFileResourcePack:Better Horses, FMLFileResourcePack:Better Invisibility, FMLFileResourcePack:BetterWaterSplash, FMLFileResourcePack:Blood Arsenal, FMLFileResourcePack:Blood Magic: Alchemical Wizardry, FMLFileResourcePack:Inventory Bogo Sorter, FMLFileResourcePack:Bookshelf, FMLFileResourcePack:Botania CEu, FMLFileResourcePack:Brandon's Core, FMLFileResourcePack:Brigo, FMLFileResourcePack:Battle Towers Fixes, FMLFileResourcePack:Bubbles, FMLFileResourcePack:Celeritas, FMLFileResourcePack:ChatFlow, FMLFileResourcePack:Cherished Worlds, FMLFileResourcePack:Chunk Animator, FMLFileResourcePack:Client Tweaks, FMLFileResourcePack:CodeChicken Lib, FMLFileResourcePack:CoFH Core, FMLFileResourcePack:CoFH World, FMLFileResourcePack:Collective, FMLFileResourcePack:ContentTweaker, FMLFileResourcePack:Copy Paste, FMLFileResourcePack:Corpse Complex, FMLFileResourcePack:CT-GUI, FMLFileResourcePack:CraftTweaker2, FMLFileResourcePack:CraftTweaker JEI Support, FMLFileResourcePack:CTM, FMLFileResourcePack:Cucumber Library, FMLFileResourcePack:Deep Blood Evolution, FMLFileResourcePack:DeepMobEvolution, FMLFileResourcePack:Default Options, FMLFileResourcePack:Dimensional Doors, FMLFileResourcePack:Draconic Evolution, FMLFileResourcePack:Dropt, FMLFileResourcePack:Erdbeerbaer´s Gui Lib, FMLFileResourcePack:ElegantNetworking, FMLFileResourcePack:Enchantment Descriptions, FMLFileResourcePack:EnderCore, FMLFileResourcePack:Ender IO Additions, FMLFileResourcePack:Ender IO Addons, FMLFileResourcePack:Ender IO, FMLFileResourcePack:Ender IO Base, FMLFileResourcePack:Ender IO Gas Conduits, FMLFileResourcePack:Ender IO Applied Energistics Conduits, FMLFileResourcePack:Ender IO Open Computers Conduits, FMLFileResourcePack:Ender IO Refined Storage Conduits, FMLFileResourcePack:Ender IO Conduits, FMLFileResourcePack:Ender IO endergy, FMLFileResourcePack:Ender IO Integration with Forestry, FMLFileResourcePack:Ender IO Integration with Tinkers' Construct, FMLFileResourcePack:Ender IO Integration with Tinkers' Construct, FMLFileResourcePack:Ender IO Inventory Panel, FMLFileResourcePack:Ender IO Machines, FMLFileResourcePack:Ender IO Powertools, FMLFileResourcePack:Ender's Modpack Tweaks, FMLFileResourcePack:EntityCulling, FMLFileResourcePack:Environmental Tech, FMLFileResourcePack:Extreme Sound Muffler: Legacy, FMLFileResourcePack:Extended Bone Meal, FMLFileResourcePack:ExtendedCrafting: Nomifactory Edition, FMLFileResourcePack:Extra Utilities 2, FMLFileResourcePack:Extreme Reactors, FMLFileResourcePack:Extra Utilities Fixes, FMLFileResourcePack:FermiumASM, FMLFileResourcePack:FermiumMixins, FMLFileResourcePack:Fixeroo, FMLFileResourcePack:AE2 Fluid Crafting, FMLFileResourcePack:Forgelin-Continuous, FMLFileResourcePack:Shadowfacts' Forgelin (Dummy), FMLFileResourcePack:ForkedEnderTweaker, FMLFileResourcePack:FPS Reducer, FMLFileResourcePack:FTB Library, FMLFileResourcePack:FTB Quests, FMLFileResourcePack:FTB Utilities, FMLFileResourcePack:FurnaceXPStorage, FMLFileResourcePack:Game Stages, FMLFileResourcePack:Gnetum, FMLFileResourcePack:GroovyScript, FMLFileResourcePack:Guide-API, FMLFileResourcePack:Had Enough Items, FMLFileResourcePack:Highlighter, FMLFileResourcePack:HungerTweaker, FMLFileResourcePack:Waila, FMLFileResourcePack:Ice and Fire: RotN Edition, FMLFileResourcePack:IFPatcher, FMLFileResourcePack:Immersive Petroleum, FMLFileResourcePack:Immersive Posts, FMLFileResourcePack:Immersive Engineering Tweaks, FMLFileResourcePack:Industrial Foregoing, FMLFileResourcePack:Item Filters, FMLFileResourcePack:JEI Utilities, FMLFileResourcePack:JEI Area Fixer, FMLFileResourcePack:Just Enough Dimensions, FMLFileResourcePack:Just Enough Effects, FMLFileResourcePack:Just Enough Magiculture, FMLFileResourcePack:Just Enough Resources, FMLFileResourcePack:KleeSlabs, FMLFileResourcePack:Konkrete, FMLFileResourcePack:LemonSkin, FMLFileResourcePack:LootTweaker, FMLFileResourcePack:Mantle, FMLFileResourcePack:McJtyLib, FMLFileResourcePack:Mclogs, FMLFileResourcePack:Modpack Config Checker, FMLFileResourcePack:Mod Tweaker, FMLFileResourcePack:Modular Machinery: Community Edition, FMLFileResourcePack:ModularUI, FMLFileResourcePack:MoreTweaker, FMLFileResourcePack:Mouse Tweaks Unofficial, FMLFileResourcePack:MTLib, FMLFileResourcePack:Mystical Agradditions, FMLFileResourcePack:Mystical Agriculture Community Edition, FMLFileResourcePack:Nature's Compass, FMLFileResourcePack:Nether API, FMLFileResourcePack:NoiseThreader, FMLFileResourcePack:NuclearCraft, FMLFileResourcePack:PackagedAuto, FMLFileResourcePack:PackagedDraconic, FMLFileResourcePack:PackagedExCrafting, FMLFileResourcePack:Particle Culling, FMLFileResourcePack:Patchouli, FMLFileResourcePack:Banner Patterns, FMLFileResourcePack:Performance Monitoring Enhancer, FMLFileResourcePack:ProjectETeams, FMLFileResourcePack:Pillar, FMLFileResourcePack:Portable Drill, FMLFileResourcePack:Potion Descriptions, FMLFileResourcePack:Probe, FMLFileResourcePack:ProjectE, FMLFileResourcePack:Project EX, FMLFileResourcePack:Project Intelligence, FMLFileResourcePack:Proportional Destruction Particles, FMLFileResourcePack:Quark Oddities, FMLFileResourcePack:Quark: RotN Edition, FMLFileResourcePack:RandomTweaker, FMLFileResourcePack:Reach Fix, FMLFileResourcePack:ReAuth, FMLFileResourcePack:ReBind, FMLFileResourcePack:Redstone Flux, FMLFileResourcePack:RenderLib, FMLFileResourcePack:Resource Loader, FMLFileResourcePack:Resource Reloader, FMLFileResourcePack:RFTools, FMLFileResourcePack:RFTools Dimensions, FMLFileResourcePack:RLTweaker, FMLFileResourcePack:Roid's Tweaker, FMLFileResourcePack:RoughlyEnoughIDs, FMLFileResourcePack:Sledgehammer, FMLFileResourcePack:Sound Filters, FMLFileResourcePack:Sound Reloader, FMLFileResourcePack:Spark Unforged, FMLFileResourcePack:Stellar Core, FMLFileResourcePack:Stuff A Sock In It, FMLFileResourcePack:Teams, FMLFileResourcePack:Tesla Core Lib, FMLFileResourcePack:Tesla Core Lib Registries, FMLFileResourcePack:The Aether's Baubles, FMLFileResourcePack:Thermal Cultivation, FMLFileResourcePack:Thermal Dynamics, FMLFileResourcePack:Thermal Expansion, FMLFileResourcePack:Thermal Foundation, FMLFileResourcePack:Thermal Innovation, FMLFileResourcePack:Tinkers' Antique, FMLFileResourcePack:TP+, FMLFileResourcePack:The Twilight Forest, FMLFileResourcePack:Universal Tweaks, FMLFileResourcePack:Universal Modifiers, FMLFileResourcePack:Valkyrie Lib, FMLFileResourcePack:VintageFix, FMLFileResourcePack:Wither Config, FMLFileResourcePack:Woot, FMLFileResourcePack:Worse Hurt Timer, FMLFileResourcePack:XNet, FMLFileResourcePack:ZenRecipeReloading, FMLFileResourcePack:ZenUtils, FMLFileResourcePack:Zero CORE, FMLFileResourcePack:ZS Packet, FMLFileResourcePack:Tool Progression, FMLFileResourcePack:LLibrary, FMLFileResourcePack:Immersive Engineering, FMLFileResourcePack:Daomephsta Loot Shared, FMLFileResourcePack:PassableLeaves, FMLFileResourcePack:Jade, resources, GroovyScriptResources, aquaacrobatics-new-water, CustomResources, CustomOverridingResources
[00:57:42] [Client thread/INFO] [Fixeroo]: Transforming net.minecraft.tileentity.TileEntity
[00:57:42] [Client thread/INFO] [ASMUtil]: Transforming class crafttweaker/mc1120/entity/MCEntity
[00:57:42] [Client thread/INFO] [ASMUtil]: Transforming class crafttweaker/mc1120/entity/MCEntity
[00:57:43] [Client thread/INFO] [mixin]: mixin.groovyscript.astralsorcery.json:FluidRarityRegistryAccessor from mod groovyscript-1.4.3.jar->@Accessor[FIELD_GETTER]::getRarityList()Ljava/util/List; should be static as its target is
[00:57:43] [Client thread/INFO] [Astral Sorcery]: [AssetLibrary] Refreshing and Invalidating Resources
[00:57:43] [Client thread/INFO] [Astral Sorcery]: [AssetLibrary] Finished reloading, rebinding textures...
[00:57:43] [Client thread/INFO] [Astral Sorcery]: [AssetLibrary] Preload mandatory textures
[00:57:43] [Client thread/INFO] [Astral Sorcery]: [AssetLibrary] Preload textures
[00:57:45] [Client thread/INFO] [Astral Sorcery]: [AssetLibrary] Initializing sprite library
[00:57:45] [Client thread/INFO] [Astral Sorcery]: [AssetLibrary] Texture Preloading took 1229ms!
[00:57:45] [Client thread/INFO] [Astral Sorcery]: [AssetLibrary] Successfully reloaded and rebound library.
[00:57:45] [Client thread/INFO] [Astral Sorcery]: Crafttweaker found! Adding recipe handlers...
[00:57:45] [Client thread/INFO] [JEI Utilities]: Transforming : mezz/jei/gui/recipes/RecipesGui; show(Lmezz/jei/api/recipe/IFocus;)V
[00:57:46] [Client thread/INFO] [Just Enough Magiculture]: Inserting injectRegister method.
[00:57:46] [Client thread/INFO] [extrautils2]: Extra Utilities 2 JEI Plugin - ACTIVATE!
[00:57:46] [Client thread/INFO] [ASMUtil]: Transforming class vazkii/quark/management/feature/LinkItems
[00:57:46] [Client thread/INFO] [ASMUtil]: Transforming class vazkii/quark/management/feature/LinkItems
[00:57:46] [Client thread/INFO] [Quark]: 'Charcoal block' is forcefully disabled as it's incompatible with the following loaded mods: [actuallyadditions]
[00:57:46] [Client thread/INFO] [Quark]: 'Ender watcher' is forcefully disabled as it's incompatible with the following loaded mods: [botania]
[00:57:46] [Client thread/INFO] [Quark]: 'Dispensers place seeds' is forcefully disabled as it's incompatible with the following loaded mods: [botania]
[00:57:46] [Client thread/INFO] [Quark]: 'Tiny potato' is forcefully disabled as it's incompatible with the following loaded mods: [botania]
[00:57:46] [Client thread/INFO] [Quark]: Module decoration is enabled
[00:57:46] [Client thread/INFO] [Quark]: Module building is enabled
[00:57:46] [Client thread/INFO] [Quark]: Module automation is enabled
[00:57:46] [Client thread/INFO] [Quark]: Module management is enabled
[00:57:46] [Client thread/INFO] [Quark]: Module vanity is enabled
[00:57:46] [Client thread/INFO] [Quark]: Module world is enabled
[00:57:46] [Client thread/INFO] [Quark]: Module tweaks is enabled
[00:57:46] [Client thread/INFO] [Quark]: Module oddities is enabled
[00:57:46] [Client thread/INFO] [Quark]: Module misc is enabled
[00:57:46] [Client thread/INFO] [Quark]: Module client is enabled
[00:57:46] [Client thread/INFO] [Quark]: Module experimental is enabled
[00:57:46] [Client thread/INFO] [ReBind Core]: Keybinding id: quarkbind_dropoff, known: false
[00:57:46] [Client thread/INFO] [ReBind Core]: Keybinding id: quarkbind_changehotbar, known: false
[00:57:46] [Client thread/INFO] [ReBind Core]: Keybinding id: quarkbind_chestsort, known: false
[00:57:46] [Client thread/INFO] [ReBind Core]: Keybinding id: quarkbind_chestdropoff, known: false
[00:57:46] [Client thread/INFO] [ReBind Core]: Keybinding id: quarkbind_chestmerge, known: false
[00:57:46] [Client thread/INFO] [ReBind Core]: Keybinding id: quarkbind_chestrestock, known: false
[00:57:46] [Client thread/INFO] [ReBind Core]: Keybinding id: quarkbind_chestextract, known: false
[00:57:46] [Client thread/INFO] [ReBind Core]: Keybinding id: quark_emote_no, known: false
[00:57:46] [Client thread/INFO] [ReBind Core]: Keybinding id: quark_emote_yes, known: false
[00:57:46] [Client thread/INFO] [ReBind Core]: Keybinding id: quark_emote_wave, known: false
[00:57:46] [Client thread/INFO] [ReBind Core]: Keybinding id: quark_emote_salute, known: false
[00:57:46] [Client thread/INFO] [ReBind Core]: Keybinding id: quark_emote_cheer, known: false
[00:57:46] [Client thread/INFO] [ReBind Core]: Keybinding id: quark_emote_clap, known: false
[00:57:46] [Client thread/INFO] [ReBind Core]: Keybinding id: quark_emote_think, known: false
[00:57:46] [Client thread/INFO] [ReBind Core]: Keybinding id: quark_emote_point, known: false
[00:57:46] [Client thread/INFO] [ReBind Core]: Keybinding id: quark_emote_shrug, known: false
[00:57:46] [Client thread/INFO] [ReBind Core]: Keybinding id: quark_emote_headbang, known: false
[00:57:46] [Client thread/INFO] [ReBind Core]: Keybinding id: quark_emote_weep, known: false
[00:57:46] [Client thread/INFO] [ReBind Core]: Keybinding id: quark_emote_facepalm, known: false
[00:57:46] [Client thread/INFO] [ReBind Core]: Keybinding id: quark_emote_dance, known: false
[00:57:46] [Client thread/INFO] [ReBind Core]: Keybinding id: quark_emote_tpose, known: false
[00:57:46] [Client thread/INFO] [ReBind Core]: Keybinding id: quark_emote_dab, known: false
[00:57:46] [Client thread/INFO] [ReBind Core]: Keybinding id: quark_emote_jet, known: false
[00:57:46] [Client thread/INFO] [ReBind Core]: Keybinding id: quark_emote_exorcist, known: false
[00:57:46] [Client thread/INFO] [ReBind Core]: Keybinding id: quark_emote_zombie, known: false
[00:57:46] [Client thread/INFO] [ReBind Core]: Keybinding id: quarkbind_lockbuilding, known: false
[00:57:46] [Client thread/INFO] [ReBind Core]: Keybinding id: quarkbind_toggleautojump, known: false
[00:57:46] [Client thread/INFO] [net.minecraft.client.resources.SimpleReloadableResourceManager]: Reloading ResourceManager: Default, FMLFileResourcePack:Forge Mod Loader, FMLFileResourcePack:Minecraft Forge, FMLFileResourcePack:Crash Assistant, FMLFileResourcePack:Red Core, FMLFileResourcePack:Fugue, FMLFileResourcePack:Key Binding Patch, FMLFileResourcePack:FermiumBooter, FMLFileResourcePack:Actually Additions, FMLFileResourcePack:AE2 Unofficial Extended Life, FMLFileResourcePack:AE2 Stuff Unofficial, FMLFileResourcePack:The Aether, FMLFileResourcePack:Alfheim, FMLFileResourcePack:Another Tips, FMLFileResourcePack:AppleCore, FMLFileResourcePack:Aqua Acrobatics, FMLFileResourcePack:Astral Sorcery, FMLFileResourcePack:Athenaeum, FMLFileResourcePack:Atlas Lib, FMLFileResourcePack:AutoRegLib, FMLFileResourcePack:Bad Wither No Cookie! Reloaded, FMLFileResourcePack:B.A.S.E, FMLFileResourcePack:Battle Towers, FMLFileResourcePack:BD Lib, FMLFileResourcePack:Beautified Chat Server, FMLFileResourcePack:Better Advancements, FMLFileResourcePack:Betterer Biomer Blender, FMLFileResourcePack:Better Chat, FMLFileResourcePack:Better Horses, FMLFileResourcePack:Better Invisibility, FMLFileResourcePack:BetterWaterSplash, FMLFileResourcePack:Blood Arsenal, FMLFileResourcePack:Blood Magic: Alchemical Wizardry, FMLFileResourcePack:Inventory Bogo Sorter, FMLFileResourcePack:Bookshelf, FMLFileResourcePack:Botania CEu, FMLFileResourcePack:Brandon's Core, FMLFileResourcePack:Brigo, FMLFileResourcePack:Battle Towers Fixes, FMLFileResourcePack:Bubbles, FMLFileResourcePack:Celeritas, FMLFileResourcePack:ChatFlow, FMLFileResourcePack:Cherished Worlds, FMLFileResourcePack:Chunk Animator, FMLFileResourcePack:Client Tweaks, FMLFileResourcePack:CodeChicken Lib, FMLFileResourcePack:CoFH Core, FMLFileResourcePack:CoFH World, FMLFileResourcePack:Collective, FMLFileResourcePack:ContentTweaker, FMLFileResourcePack:Copy Paste, FMLFileResourcePack:Corpse Complex, FMLFileResourcePack:CT-GUI, FMLFileResourcePack:CraftTweaker2, FMLFileResourcePack:CraftTweaker JEI Support, FMLFileResourcePack:CTM, FMLFileResourcePack:Cucumber Library, FMLFileResourcePack:Deep Blood Evolution, FMLFileResourcePack:DeepMobEvolution, FMLFileResourcePack:Default Options, FMLFileResourcePack:Dimensional Doors, FMLFileResourcePack:Draconic Evolution, FMLFileResourcePack:Dropt, FMLFileResourcePack:Erdbeerbaer´s Gui Lib, FMLFileResourcePack:ElegantNetworking, FMLFileResourcePack:Enchantment Descriptions, FMLFileResourcePack:EnderCore, FMLFileResourcePack:Ender IO Additions, FMLFileResourcePack:Ender IO Addons, FMLFileResourcePack:Ender IO, FMLFileResourcePack:Ender IO Base, FMLFileResourcePack:Ender IO Gas Conduits, FMLFileResourcePack:Ender IO Applied Energistics Conduits, FMLFileResourcePack:Ender IO Open Computers Conduits, FMLFileResourcePack:Ender IO Refined Storage Conduits, FMLFileResourcePack:Ender IO Conduits, FMLFileResourcePack:Ender IO endergy, FMLFileResourcePack:Ender IO Integration with Forestry, FMLFileResourcePack:Ender IO Integration with Tinkers' Construct, FMLFileResourcePack:Ender IO Integration with Tinkers' Construct, FMLFileResourcePack:Ender IO Inventory Panel, FMLFileResourcePack:Ender IO Machines, FMLFileResourcePack:Ender IO Powertools, FMLFileResourcePack:Ender's Modpack Tweaks, FMLFileResourcePack:EntityCulling, FMLFileResourcePack:Environmental Tech, FMLFileResourcePack:Extreme Sound Muffler: Legacy, FMLFileResourcePack:Extended Bone Meal, FMLFileResourcePack:ExtendedCrafting: Nomifactory Edition, FMLFileResourcePack:Extra Utilities 2, FMLFileResourcePack:Extreme Reactors, FMLFileResourcePack:Extra Utilities Fixes, FMLFileResourcePack:FermiumASM, FMLFileResourcePack:FermiumMixins, FMLFileResourcePack:Fixeroo, FMLFileResourcePack:AE2 Fluid Crafting, FMLFileResourcePack:Forgelin-Continuous, FMLFileResourcePack:Shadowfacts' Forgelin (Dummy), FMLFileResourcePack:ForkedEnderTweaker, FMLFileResourcePack:FPS Reducer, FMLFileResourcePack:FTB Library, FMLFileResourcePack:FTB Quests, FMLFileResourcePack:FTB Utilities, FMLFileResourcePack:FurnaceXPStorage, FMLFileResourcePack:Game Stages, FMLFileResourcePack:Gnetum, FMLFileResourcePack:GroovyScript, FMLFileResourcePack:Guide-API, FMLFileResourcePack:Had Enough Items, FMLFileResourcePack:Highlighter, FMLFileResourcePack:HungerTweaker, FMLFileResourcePack:Waila, FMLFileResourcePack:Ice and Fire: RotN Edition, FMLFileResourcePack:IFPatcher, FMLFileResourcePack:Immersive Petroleum, FMLFileResourcePack:Immersive Posts, FMLFileResourcePack:Immersive Engineering Tweaks, FMLFileResourcePack:Industrial Foregoing, FMLFileResourcePack:Item Filters, FMLFileResourcePack:JEI Utilities, FMLFileResourcePack:JEI Area Fixer, FMLFileResourcePack:Just Enough Dimensions, FMLFileResourcePack:Just Enough Effects, FMLFileResourcePack:Just Enough Magiculture, FMLFileResourcePack:Just Enough Resources, FMLFileResourcePack:KleeSlabs, FMLFileResourcePack:Konkrete, FMLFileResourcePack:LemonSkin, FMLFileResourcePack:LootTweaker, FMLFileResourcePack:Mantle, FMLFileResourcePack:McJtyLib, FMLFileResourcePack:Mclogs, FMLFileResourcePack:Modpack Config Checker, FMLFileResourcePack:Mod Tweaker, FMLFileResourcePack:Modular Machinery: Community Edition, FMLFileResourcePack:ModularUI, FMLFileResourcePack:MoreTweaker, FMLFileResourcePack:Mouse Tweaks Unofficial, FMLFileResourcePack:MTLib, FMLFileResourcePack:Mystical Agradditions, FMLFileResourcePack:Mystical Agriculture Community Edition, FMLFileResourcePack:Nature's Compass, FMLFileResourcePack:Nether API, FMLFileResourcePack:NoiseThreader, FMLFileResourcePack:NuclearCraft, FMLFileResourcePack:PackagedAuto, FMLFileResourcePack:PackagedDraconic, FMLFileResourcePack:PackagedExCrafting, FMLFileResourcePack:Particle Culling, FMLFileResourcePack:Patchouli, FMLFileResourcePack:Banner Patterns, FMLFileResourcePack:Performance Monitoring Enhancer, FMLFileResourcePack:ProjectETeams, FMLFileResourcePack:Pillar, FMLFileResourcePack:Portable Drill, FMLFileResourcePack:Potion Descriptions, FMLFileResourcePack:Probe, FMLFileResourcePack:ProjectE, FMLFileResourcePack:Project EX, FMLFileResourcePack:Project Intelligence, FMLFileResourcePack:Proportional Destruction Particles, FMLFileResourcePack:Quark Oddities, FMLFileResourcePack:Quark: RotN Edition, FMLFileResourcePack:RandomTweaker, FMLFileResourcePack:Reach Fix, FMLFileResourcePack:ReAuth, FMLFileResourcePack:ReBind, FMLFileResourcePack:Redstone Flux, FMLFileResourcePack:RenderLib, FMLFileResourcePack:Resource Loader, FMLFileResourcePack:Resource Reloader, FMLFileResourcePack:RFTools, FMLFileResourcePack:RFTools Dimensions, FMLFileResourcePack:RLTweaker, FMLFileResourcePack:Roid's Tweaker, FMLFileResourcePack:RoughlyEnoughIDs, FMLFileResourcePack:Sledgehammer, FMLFileResourcePack:Sound Filters, FMLFileResourcePack:Sound Reloader, FMLFileResourcePack:Spark Unforged, FMLFileResourcePack:Stellar Core, FMLFileResourcePack:Stuff A Sock In It, FMLFileResourcePack:Teams, FMLFileResourcePack:Tesla Core Lib, FMLFileResourcePack:Tesla Core Lib Registries, FMLFileResourcePack:The Aether's Baubles, FMLFileResourcePack:Thermal Cultivation, FMLFileResourcePack:Thermal Dynamics, FMLFileResourcePack:Thermal Expansion, FMLFileResourcePack:Thermal Foundation, FMLFileResourcePack:Thermal Innovation, FMLFileResourcePack:Tinkers' Antique, FMLFileResourcePack:TP+, FMLFileResourcePack:The Twilight Forest, FMLFileResourcePack:Universal Tweaks, FMLFileResourcePack:Universal Modifiers, FMLFileResourcePack:Valkyrie Lib, FMLFileResourcePack:VintageFix, FMLFileResourcePack:Wither Config, FMLFileResourcePack:Woot, FMLFileResourcePack:Worse Hurt Timer, FMLFileResourcePack:XNet, FMLFileResourcePack:ZenRecipeReloading, FMLFileResourcePack:ZenUtils, FMLFileResourcePack:Zero CORE, FMLFileResourcePack:ZS Packet, FMLFileResourcePack:Tool Progression, FMLFileResourcePack:LLibrary, FMLFileResourcePack:Immersive Engineering, FMLFileResourcePack:Daomephsta Loot Shared, FMLFileResourcePack:PassableLeaves, FMLFileResourcePack:Jade, resources, GroovyScriptResources, aquaacrobatics-new-water, quark-texture-proxy, quark-emote-pack, CustomResources, CustomOverridingResources
[00:57:47] [Client thread/INFO] [Astral Sorcery]: [AssetLibrary] Refreshing and Invalidating Resources
[00:57:47] [Client thread/INFO] [Astral Sorcery]: [AssetLibrary] Finished reloading, rebinding textures...
[00:57:47] [Client thread/INFO] [Astral Sorcery]: [AssetLibrary] Preload mandatory textures
[00:57:47] [Client thread/INFO] [Astral Sorcery]: [AssetLibrary] Preload textures
[00:57:48] [Client thread/INFO] [Astral Sorcery]: [AssetLibrary] Initializing sprite library
[00:57:48] [Client thread/INFO] [Astral Sorcery]: [AssetLibrary] Texture Preloading took 1131ms!
[00:57:48] [Client thread/INFO] [Astral Sorcery]: [AssetLibrary] Successfully reloaded and rebound library.
[00:57:48] [Client thread/FATAL] [base]: Module JourneyMap did not load due to issue: Mod with modid: journeymap was not found
[00:57:49] [Client thread/INFO] [ReBind Core]: Keybinding id: bloodmagicbind_open_holding, known: false
[00:57:49] [Client thread/INFO] [ReBind Core]: Keybinding id: bloodmagicbind_cycle_holding_pos, known: false
[00:57:49] [Client thread/INFO] [ReBind Core]: Keybinding id: bloodmagicbind_cycle_holding_neg, known: false
[00:57:49] [Client thread/INFO] [gamestages]: Reloading fakeplayers stage data from gameStagesFakePlayerData.json.
[00:57:49] [Client thread/INFO] [toolprogression]: Applying Mining levels.
[00:57:49] [Client thread/INFO] [toolprogression]: Mining level: 0 - Stone
[00:57:49] [Client thread/INFO] [toolprogression]: Mining level: 1 - Iron
[00:57:49] [Client thread/INFO] [toolprogression]: Mining level: 2 - Diamond
[00:57:49] [Client thread/INFO] [toolprogression]: Mining level: 3 - Obsidian
[00:57:49] [Client thread/INFO] [toolprogression]: Done applying mining levels.
[00:57:49] [Client thread/INFO] [brandonscore]: Found mod feature container for mod: draconicevolution
[00:57:49] [Client thread/INFO] [brandonscore]: Found mod config container for mod: draconicevolution
[00:57:49] [Client thread/INFO] [brandonscore]: Found mod config container for mod: draconicevolution
[00:57:49] [Client thread/INFO] [brandonscore]: Found mod config container for mod: brandonscore
[00:57:49] [Client thread/INFO] [brandonscore]: Loading mod config for: draconicevolution
[00:57:49] [Client thread/INFO] [brandonscore]: Loading mod config for: brandonscore
[00:57:49] [Client thread/WARN] [brandonscore]: No features were detected for mod: brandonscore. This maybe an issue or maybe this mod just does not have any items or blocks.
[00:57:49] [Client thread/INFO] [CoFH World]: Registering default Feature Templates...
[00:57:49] [Client thread/INFO] [CoFH World]: Registering default World Generators...
[00:57:49] [Client thread/INFO] [CoFH World]: Verifying or creating base world generation directory...
[00:57:49] [Client thread/INFO] [CoFH World]: Complete.
[00:57:49] [Client thread/INFO] [brandonscore]: Registering features for mod: draconicevolution
[00:57:49] [Client thread/INFO] [brandonscore]: Registering feature renderers for mod: draconicevolution
[00:57:49] [Client thread/INFO] [draconicevolution]: Finished PreInitialization
[00:57:49] [Client thread/INFO] [draconicevolution]: Downloading Project Intelligence Mod Manifest...
[00:57:50] [Client thread/WARN] []: ========================================================
[00:57:50] [Client thread/WARN] []: == Forge Debug Logging is ENABLED ======================
[00:57:50] [Client thread/WARN] []: ========================================================
[00:57:50] [Client thread/WARN] []: == This WILL slow down the game, so we recommend you  ==
[00:57:50] [Client thread/WARN] []: == disable it unless you need it. See:                ==
[00:57:50] [Client thread/WARN] []: == https://github.com/MinecraftForge/MinecraftForge/issues/6271
[00:57:50] [Client thread/WARN] []: ========================================================
[00:57:50] [Client thread/INFO] [enderio]: ========================================================
[00:57:50] [Client thread/INFO] [enderio]: == Ender IO Debug Logging is DISABLED ==================
[00:57:50] [Client thread/INFO] [enderio]: ========================================================
[00:57:50] [Client thread/INFO] [enderio]: == This will not slow down the game, but you may miss ==
[00:57:50] [Client thread/INFO] [enderio]: == out on information needed to diagnose issues. For  ==
[00:57:50] [Client thread/INFO] [enderio]: == normal operation this is fine.                     ==
[00:57:50] [Client thread/INFO] [enderio]: ========================================================
[00:57:50] [Client thread/INFO] [EnderCore Mixins]: Found 1 patch to apply to class crazypants.enderio.base.block.painted.BlockPaintedFence from implemented interfaces: [crazypants/enderio/base/paint/IPaintable$ITexturePaintableBlock]
[00:57:50] [Client thread/INFO] [EnderCore Mixins]: Patching 1 mixins onto class crazypants.enderio.base.block.painted.BlockPaintedFence (MobilityFlagForPaintedBlocksMixin)
[00:57:50] [Client thread/INFO] [EnderCore Mixins]: Added 1 new method: [func_149656_h(Lnet/minecraft/block/state/IBlockState;)Lnet/minecraft/block/material/EnumPushReaction;]
[00:57:50] [Client thread/INFO] [EnderCore Mixins]: Successfully patched.
[00:57:50] [Client thread/INFO] [EnderCore Mixins]: Found 1 patch to apply to class crazypants.enderio.base.block.painted.BlockPaintedFenceGate from implemented interfaces: [crazypants/enderio/base/paint/IPaintable$ITexturePaintableBlock]
[00:57:50] [Client thread/INFO] [EnderCore Mixins]: Patching 1 mixins onto class crazypants.enderio.base.block.painted.BlockPaintedFenceGate (MobilityFlagForPaintedBlocksMixin)
[00:57:50] [Client thread/INFO] [EnderCore Mixins]: Added 1 new method: [func_149656_h(Lnet/minecraft/block/state/IBlockState;)Lnet/minecraft/block/material/EnumPushReaction;]
[00:57:50] [Client thread/INFO] [EnderCore Mixins]: Successfully patched.
[00:57:50] [Client thread/INFO] [EnderCore Mixins]: Found 1 patch to apply to class crazypants.enderio.base.block.painted.BlockPaintedWall from implemented interfaces: [crazypants/enderio/base/paint/IPaintable$ITexturePaintableBlock]
[00:57:50] [Client thread/INFO] [EnderCore Mixins]: Patching 1 mixins onto class crazypants.enderio.base.block.painted.BlockPaintedWall (MobilityFlagForPaintedBlocksMixin)
[00:57:50] [Client thread/INFO] [EnderCore Mixins]: Added 1 new method: [func_149656_h(Lnet/minecraft/block/state/IBlockState;)Lnet/minecraft/block/material/EnumPushReaction;]
[00:57:50] [Client thread/INFO] [EnderCore Mixins]: Successfully patched.
[00:57:50] [Client thread/INFO] [EnderCore Mixins]: Found 1 patch to apply to class crazypants.enderio.base.block.painted.BlockPaintedStairs from implemented interfaces: [crazypants/enderio/base/paint/IPaintable$ITexturePaintableBlock]
[00:57:50] [Client thread/INFO] [EnderCore Mixins]: Patching 1 mixins onto class crazypants.enderio.base.block.painted.BlockPaintedStairs (MobilityFlagForPaintedBlocksMixin)
[00:57:50] [Client thread/INFO] [EnderCore Mixins]: Added 1 new method: [func_149656_h(Lnet/minecraft/block/state/IBlockState;)Lnet/minecraft/block/material/EnumPushReaction;]
[00:57:50] [Client thread/INFO] [EnderCore Mixins]: Successfully patched.
[00:57:50] [Client thread/INFO] [EnderCore Mixins]: Found 1 patch to apply to class crazypants.enderio.base.block.painted.BlockPaintedSlab from implemented interfaces: [crazypants/enderio/base/paint/IPaintable$ITexturePaintableBlock]
[00:57:50] [Client thread/INFO] [EnderCore Mixins]: Patching 1 mixins onto class crazypants.enderio.base.block.painted.BlockPaintedSlab (MobilityFlagForPaintedBlocksMixin)
[00:57:50] [Client thread/INFO] [EnderCore Mixins]: Added 1 new method: [func_149656_h(Lnet/minecraft/block/state/IBlockState;)Lnet/minecraft/block/material/EnumPushReaction;]
[00:57:50] [Client thread/INFO] [EnderCore Mixins]: Successfully patched.
[00:57:50] [Client thread/INFO] [EnderCore Mixins]: Found 1 patch to apply to class crazypants.enderio.base.block.painted.BlockPaintedGlowstone from implemented interfaces: [crazypants/enderio/base/paint/IPaintable$IBlockPaintableBlock]
[00:57:50] [Client thread/INFO] [EnderCore Mixins]: Patching 1 mixins onto class crazypants.enderio.base.block.painted.BlockPaintedGlowstone (MobilityFlagForPaintedBlocksMixin)
[00:57:50] [Client thread/INFO] [EnderCore Mixins]: Added 1 new method: [func_149656_h(Lnet/minecraft/block/state/IBlockState;)Lnet/minecraft/block/material/EnumPushReaction;]
[00:57:50] [Client thread/INFO] [EnderCore Mixins]: Successfully patched.
[00:57:50] [Client thread/INFO] [EnderCore Mixins]: Found 1 patch to apply to class crazypants.enderio.base.block.painted.BlockPaintedGlowstone$BlockPaintedGlowstoneNonSolid from implemented interfaces: [crazypants/enderio/base/paint/IPaintable$INonSolidBlockPaintableBlock]
[00:57:50] [Client thread/INFO] [EnderCore Mixins]: Patching 1 mixins onto class crazypants.enderio.base.block.painted.BlockPaintedGlowstone$BlockPaintedGlowstoneNonSolid (MobilityFlagForPaintedBlocksMixin)
[00:57:50] [Client thread/INFO] [EnderCore Mixins]: Added 1 new method: [func_149656_h(Lnet/minecraft/block/state/IBlockState;)Lnet/minecraft/block/material/EnumPushReaction;]
[00:57:50] [Client thread/INFO] [EnderCore Mixins]: Successfully patched.
[00:57:50] [Client thread/INFO] [EnderCore Mixins]: Found 1 patch to apply to class crazypants.enderio.base.block.painted.BlockPaintedGlowstone$BlockPaintedGlowstoneSolid from implemented interfaces: [crazypants/enderio/base/paint/IPaintable$ISolidBlockPaintableBlock]
[00:57:50] [Client thread/INFO] [EnderCore Mixins]: Patching 1 mixins onto class crazypants.enderio.base.block.painted.BlockPaintedGlowstone$BlockPaintedGlowstoneSolid (MobilityFlagForPaintedBlocksMixin)
[00:57:50] [Client thread/INFO] [EnderCore Mixins]: Added 1 new method: [func_149656_h(Lnet/minecraft/block/state/IBlockState;)Lnet/minecraft/block/material/EnumPushReaction;]
[00:57:50] [Client thread/INFO] [EnderCore Mixins]: Successfully patched.
[00:57:50] [Client thread/INFO] [EnderCore Mixins]: Found 1 patch to apply to class crazypants.enderio.base.block.painted.BlockPaintedCarpet from implemented interfaces: [crazypants/enderio/base/paint/IPaintable$ITexturePaintableBlock]
[00:57:50] [Client thread/INFO] [EnderCore Mixins]: Patching 1 mixins onto class crazypants.enderio.base.block.painted.BlockPaintedCarpet (MobilityFlagForPaintedBlocksMixin)
[00:57:50] [Client thread/INFO] [EnderCore Mixins]: Added 1 new method: [func_149656_h(Lnet/minecraft/block/state/IBlockState;)Lnet/minecraft/block/material/EnumPushReaction;]
[00:57:50] [Client thread/INFO] [EnderCore Mixins]: Successfully patched.
[00:57:50] [Client thread/INFO] [EnderCore Mixins]: Found 1 patch to apply to class crazypants.enderio.base.block.painted.BlockPaintedPressurePlate from implemented interfaces: [crazypants/enderio/base/paint/IPaintable$ITexturePaintableBlock]
[00:57:50] [Client thread/INFO] [EnderCore Mixins]: Patching 1 mixins onto class crazypants.enderio.base.block.painted.BlockPaintedPressurePlate (MobilityFlagForPaintedBlocksMixin)
[00:57:50] [Client thread/INFO] [EnderCore Mixins]: Added 1 new method: [func_149656_h(Lnet/minecraft/block/state/IBlockState;)Lnet/minecraft/block/material/EnumPushReaction;]
[00:57:50] [Client thread/INFO] [EnderCore Mixins]: Successfully patched.
[00:57:50] [Client thread/INFO] [EnderCore Mixins]: Found 1 patch to apply to class crazypants.enderio.base.block.painted.BlockPaintedRedstone from implemented interfaces: [crazypants/enderio/base/paint/IPaintable$IBlockPaintableBlock]
[00:57:50] [Client thread/INFO] [EnderCore Mixins]: Patching 1 mixins onto class crazypants.enderio.base.block.painted.BlockPaintedRedstone (MobilityFlagForPaintedBlocksMixin)
[00:57:50] [Client thread/INFO] [EnderCore Mixins]: Added 1 new method: [func_149656_h(Lnet/minecraft/block/state/IBlockState;)Lnet/minecraft/block/material/EnumPushReaction;]
[00:57:50] [Client thread/INFO] [EnderCore Mixins]: Successfully patched.
[00:57:50] [Client thread/INFO] [EnderCore Mixins]: Found 1 patch to apply to class crazypants.enderio.base.block.painted.BlockPaintedRedstone$BlockPaintedRedstoneNonSolid from implemented interfaces: [crazypants/enderio/base/paint/IPaintable$INonSolidBlockPaintableBlock]
[00:57:50] [Client thread/INFO] [EnderCore Mixins]: Patching 1 mixins onto class crazypants.enderio.base.block.painted.BlockPaintedRedstone$BlockPaintedRedstoneNonSolid (MobilityFlagForPaintedBlocksMixin)
[00:57:50] [Client thread/INFO] [EnderCore Mixins]: Added 1 new method: [func_149656_h(Lnet/minecraft/block/state/IBlockState;)Lnet/minecraft/block/material/EnumPushReaction;]
[00:57:50] [Client thread/INFO] [EnderCore Mixins]: Successfully patched.
[00:57:50] [Client thread/INFO] [EnderCore Mixins]: Found 1 patch to apply to class crazypants.enderio.base.block.painted.BlockPaintedRedstone$BlockPaintedRedstoneSolid from implemented interfaces: [crazypants/enderio/base/paint/IPaintable$ISolidBlockPaintableBlock]
[00:57:50] [Client thread/INFO] [EnderCore Mixins]: Patching 1 mixins onto class crazypants.enderio.base.block.painted.BlockPaintedRedstone$BlockPaintedRedstoneSolid (MobilityFlagForPaintedBlocksMixin)
[00:57:50] [Client thread/INFO] [EnderCore Mixins]: Added 1 new method: [func_149656_h(Lnet/minecraft/block/state/IBlockState;)Lnet/minecraft/block/material/EnumPushReaction;]
[00:57:50] [Client thread/INFO] [EnderCore Mixins]: Successfully patched.
[00:57:50] [Client thread/INFO] [EnderCore Mixins]: Found 1 patch to apply to class crazypants.enderio.base.block.painted.BlockPaintedStone from implemented interfaces: [crazypants/enderio/base/paint/IPaintable$ISolidBlockPaintableBlock]
[00:57:50] [Client thread/INFO] [EnderCore Mixins]: Patching 1 mixins onto class crazypants.enderio.base.block.painted.BlockPaintedStone (MobilityFlagForPaintedBlocksMixin)
[00:57:50] [Client thread/INFO] [EnderCore Mixins]: Added 1 new method: [func_149656_h(Lnet/minecraft/block/state/IBlockState;)Lnet/minecraft/block/material/EnumPushReaction;]
[00:57:50] [Client thread/INFO] [EnderCore Mixins]: Successfully patched.
[00:57:50] [Client thread/INFO] [EnderCore Mixins]: Found 1 patch to apply to class crazypants.enderio.base.block.painted.BlockPaintedSand from implemented interfaces: [crazypants/enderio/base/paint/IPaintable$ISolidBlockPaintableBlock]
[00:57:50] [Client thread/INFO] [EnderCore Mixins]: Patching 1 mixins onto class crazypants.enderio.base.block.painted.BlockPaintedSand (MobilityFlagForPaintedBlocksMixin)
[00:57:50] [Client thread/INFO] [EnderCore Mixins]: Added 1 new method: [func_149656_h(Lnet/minecraft/block/state/IBlockState;)Lnet/minecraft/block/material/EnumPushReaction;]
[00:57:50] [Client thread/INFO] [EnderCore Mixins]: Successfully patched.
[00:57:50] [Client thread/INFO] [EnderCore Mixins]: Found 1 patch to apply to class crazypants.enderio.base.block.painted.BlockPaintedTrapDoor from implemented interfaces: [crazypants/enderio/base/paint/IPaintable$ITexturePaintableBlock]
[00:57:50] [Client thread/INFO] [EnderCore Mixins]: Patching 1 mixins onto class crazypants.enderio.base.block.painted.BlockPaintedTrapDoor (MobilityFlagForPaintedBlocksMixin)
[00:57:50] [Client thread/INFO] [EnderCore Mixins]: Added 1 new method: [func_149656_h(Lnet/minecraft/block/state/IBlockState;)Lnet/minecraft/block/material/EnumPushReaction;]
[00:57:50] [Client thread/INFO] [EnderCore Mixins]: Successfully patched.
[00:57:50] [Client thread/INFO] [EnderCore Mixins]: Found 1 patch to apply to class crazypants.enderio.base.block.painted.BlockPaintedDoor from implemented interfaces: [crazypants/enderio/base/paint/IPaintable$ITexturePaintableBlock]
[00:57:50] [Client thread/INFO] [EnderCore Mixins]: Patching 1 mixins onto class crazypants.enderio.base.block.painted.BlockPaintedDoor (MobilityFlagForPaintedBlocksMixin)
[00:57:50] [Client thread/INFO] [EnderCore Mixins]: Added 1 new method: [func_149656_h(Lnet/minecraft/block/state/IBlockState;)Lnet/minecraft/block/material/EnumPushReaction;]
[00:57:50] [Client thread/INFO] [EnderCore Mixins]: Successfully patched.
[00:57:50] [Client thread/INFO] [EnderCore Mixins]: Found 1 patch to apply to class crazypants.enderio.base.block.painted.BlockPaintedWorkbench from implemented interfaces: [crazypants/enderio/base/paint/IPaintable$ISolidBlockPaintableBlock]
[00:57:50] [Client thread/INFO] [EnderCore Mixins]: Patching 1 mixins onto class crazypants.enderio.base.block.painted.BlockPaintedWorkbench (MobilityFlagForPaintedBlocksMixin)
[00:57:50] [Client thread/INFO] [EnderCore Mixins]: Added 1 new method: [func_149656_h(Lnet/minecraft/block/state/IBlockState;)Lnet/minecraft/block/material/EnumPushReaction;]
[00:57:50] [Client thread/INFO] [EnderCore Mixins]: Successfully patched.
[00:57:50] [Client thread/INFO] [EnderCore Mixins]: Found 1 patch to apply to class crazypants.enderio.base.block.painted.BlockPaintedReinforcedObsidian from implemented interfaces: [crazypants/enderio/base/paint/IPaintable$IBlockPaintableBlock]
[00:57:50] [Client thread/INFO] [EnderCore Mixins]: Patching 1 mixins onto class crazypants.enderio.base.block.painted.BlockPaintedReinforcedObsidian (MobilityFlagForPaintedBlocksMixin)
[00:57:50] [Client thread/INFO] [EnderCore Mixins]: Added 1 new method: [func_149656_h(Lnet/minecraft/block/state/IBlockState;)Lnet/minecraft/block/material/EnumPushReaction;]
[00:57:50] [Client thread/INFO] [EnderCore Mixins]: Successfully patched.
[00:57:50] [Client thread/INFO] [EnderCore Mixins]: Found 1 patch to apply to class crazypants.enderio.base.block.painted.BlockPaintedReinforcedObsidian$BlockPaintedReinforcedObsidianNonSolid from implemented interfaces: [crazypants/enderio/base/paint/IPaintable$INonSolidBlockPaintableBlock]
[00:57:50] [Client thread/INFO] [EnderCore Mixins]: Patching 1 mixins onto class crazypants.enderio.base.block.painted.BlockPaintedReinforcedObsidian$BlockPaintedReinforcedObsidianNonSolid (MobilityFlagForPaintedBlocksMixin)
[00:57:50] [Client thread/INFO] [EnderCore Mixins]: Added 1 new method: [func_149656_h(Lnet/minecraft/block/state/IBlockState;)Lnet/minecraft/block/material/EnumPushReaction;]
[00:57:50] [Client thread/INFO] [EnderCore Mixins]: Successfully patched.
[00:57:50] [Client thread/INFO] [EnderCore Mixins]: Found 1 patch to apply to class crazypants.enderio.base.block.painted.BlockPaintedReinforcedObsidian$BlockPaintedReinforcedObsidianSolid from implemented interfaces: [crazypants/enderio/base/paint/IPaintable$ISolidBlockPaintableBlock]
[00:57:50] [Client thread/INFO] [EnderCore Mixins]: Patching 1 mixins onto class crazypants.enderio.base.block.painted.BlockPaintedReinforcedObsidian$BlockPaintedReinforcedObsidianSolid (MobilityFlagForPaintedBlocksMixin)
[00:57:50] [Client thread/INFO] [EnderCore Mixins]: Added 1 new method: [func_149656_h(Lnet/minecraft/block/state/IBlockState;)Lnet/minecraft/block/material/EnumPushReaction;]
[00:57:50] [Client thread/INFO] [EnderCore Mixins]: Successfully patched.
[00:57:50] [Client thread/INFO] [EnderCore Mixins]: Found 1 patch to apply to class crazypants.enderio.base.block.painted.BlockPaintedPackedIce from implemented interfaces: [crazypants/enderio/base/paint/IPaintable$IBlockPaintableBlock]
[00:57:50] [Client thread/INFO] [EnderCore Mixins]: Patching 1 mixins onto class crazypants.enderio.base.block.painted.BlockPaintedPackedIce (MobilityFlagForPaintedBlocksMixin)
[00:57:50] [Client thread/INFO] [EnderCore Mixins]: Added 1 new method: [func_149656_h(Lnet/minecraft/block/state/IBlockState;)Lnet/minecraft/block/material/EnumPushReaction;]
[00:57:50] [Client thread/INFO] [EnderCore Mixins]: Successfully patched.
[00:57:50] [Client thread/INFO] [EnderCore Mixins]: Found 1 patch to apply to class crazypants.enderio.base.block.painted.BlockPaintedPackedIce$BlockPaintedPackedIceNonSolid from implemented interfaces: [crazypants/enderio/base/paint/IPaintable$INonSolidBlockPaintableBlock]
[00:57:50] [Client thread/INFO] [EnderCore Mixins]: Patching 1 mixins onto class crazypants.enderio.base.block.painted.BlockPaintedPackedIce$BlockPaintedPackedIceNonSolid (MobilityFlagForPaintedBlocksMixin)
[00:57:50] [Client thread/INFO] [EnderCore Mixins]: Added 1 new method: [func_149656_h(Lnet/minecraft/block/state/IBlockState;)Lnet/minecraft/block/material/EnumPushReaction;]
[00:57:50] [Client thread/INFO] [EnderCore Mixins]: Successfully patched.
[00:57:50] [Client thread/INFO] [EnderCore Mixins]: Found 1 patch to apply to class crazypants.enderio.base.block.painted.BlockPaintedPackedIce$BlockPaintedPackedIceSolid from implemented interfaces: [crazypants/enderio/base/paint/IPaintable$ISolidBlockPaintableBlock]
[00:57:50] [Client thread/INFO] [EnderCore Mixins]: Patching 1 mixins onto class crazypants.enderio.base.block.painted.BlockPaintedPackedIce$BlockPaintedPackedIceSolid (MobilityFlagForPaintedBlocksMixin)
[00:57:50] [Client thread/INFO] [EnderCore Mixins]: Added 1 new method: [func_149656_h(Lnet/minecraft/block/state/IBlockState;)Lnet/minecraft/block/material/EnumPushReaction;]
[00:57:50] [Client thread/INFO] [EnderCore Mixins]: Successfully patched.
[00:57:50] [Client thread/INFO] [EnderCore Mixins]: Found 1 patch to apply to class crazypants.enderio.base.item.travelstaff.ItemTravelStaff from implemented interfaces: [crazypants/enderio/api/upgrades/IDarkSteelItem]
[00:57:50] [Client thread/INFO] [EnderCore Mixins]: Patching 1 mixins onto class crazypants.enderio.base.item.travelstaff.ItemTravelStaff (DarkSteelUpgradeMixin)
[00:57:50] [Client thread/INFO] [EnderCore Mixins]: Added 3 new methods: [initCapabilities(Lnet/minecraft/item/ItemStack;Lnet/minecraft/nbt/NBTTagCompound;)Lnet/minecraftforge/common/capabilities/ICapabilityProvider;, getAttributeModifiers(Lnet/minecraft/inventory/EntityEquipmentSlot;Lnet/minecraft/item/ItemStack;)Lcom/google/common/collect/Multimap;, openUpgradeGui(Lnet/minecraft/entity/player/EntityPlayer;Lnet/minecraft/inventory/EntityEquipmentSlot;)V]
[00:57:50] [Client thread/INFO] [EnderCore Mixins]: Successfully patched.
[00:57:50] [Client thread/INFO] [EnderCore Mixins]: Found 1 patch to apply to class crazypants.enderio.base.power.forge.item.AbstractPoweredItem from implemented interfaces: [crazypants/enderio/base/power/forge/item/IInternalPoweredItem]
[00:57:50] [Client thread/INFO] [EnderCore Mixins]: Patching 1 mixins onto class crazypants.enderio.base.power.forge.item.AbstractPoweredItem (InternalPoweredItemMixin)
[00:57:50] [Client thread/INFO] [EnderCore Mixins]: Added 1 new method: [initCapabilities(Lnet/minecraft/item/ItemStack;Lnet/minecraft/nbt/NBTTagCompound;)Lnet/minecraftforge/common/capabilities/ICapabilityProvider;]
[00:57:50] [Client thread/INFO] [EnderCore Mixins]: Successfully patched.
[00:57:50] [Client thread/INFO] [EnderCore Mixins]: Found 1 patch to apply to class crazypants.enderio.base.material.glass.BlockPaintedFusedQuartz from implemented interfaces: [crazypants/enderio/base/paint/IPaintable$IBlockPaintableBlock]
[00:57:50] [Client thread/INFO] [EnderCore Mixins]: Patching 1 mixins onto class crazypants.enderio.base.material.glass.BlockPaintedFusedQuartz (MobilityFlagForPaintedBlocksMixin)
[00:57:50] [Client thread/INFO] [EnderCore Mixins]: Added 1 new method: [func_149656_h(Lnet/minecraft/block/state/IBlockState;)Lnet/minecraft/block/material/EnumPushReaction;]
[00:57:50] [Client thread/INFO] [EnderCore Mixins]: Successfully patched.
[00:57:50] [Client thread/INFO] [EnderCore Mixins]: Found 1 patch to apply to class crazypants.enderio.base.block.detector.BlockDetector from implemented interfaces: [crazypants/enderio/base/paint/IPaintable$ISolidBlockPaintableBlock]
[00:57:50] [Client thread/INFO] [EnderCore Mixins]: Patching 1 mixins onto class crazypants.enderio.base.block.detector.BlockDetector (MobilityFlagForPaintedBlocksMixin)
[00:57:50] [Client thread/INFO] [EnderCore Mixins]: Added 1 new method: [func_149656_h(Lnet/minecraft/block/state/IBlockState;)Lnet/minecraft/block/material/EnumPushReaction;]
[00:57:50] [Client thread/INFO] [EnderCore Mixins]: Successfully patched.
[00:57:50] [Client thread/INFO] [EnderCore Mixins]: Found 1 patch to apply to class crazypants.enderio.base.item.darksteel.ItemDarkSteelArmor from implemented interfaces: [crazypants/enderio/api/upgrades/IDarkSteelItem]
[00:57:50] [Client thread/INFO] [EnderCore Mixins]: Patching 1 mixins onto class crazypants.enderio.base.item.darksteel.ItemDarkSteelArmor (DarkSteelUpgradeMixin)
[00:57:50] [Client thread/INFO] [EnderCore Mixins]: Added 4 new methods: [initCapabilities(Lnet/minecraft/item/ItemStack;Lnet/minecraft/nbt/NBTTagCompound;)Lnet/minecraftforge/common/capabilities/ICapabilityProvider;, addCommonEntries(Lnet/minecraft/item/ItemStack;Lnet/minecraft/entity/player/EntityPlayer;Ljava/util/List;Z)V, addBasicEntries(Lnet/minecraft/item/ItemStack;Lnet/minecraft/entity/player/EntityPlayer;Ljava/util/List;Z)V, openUpgradeGui(Lnet/minecraft/entity/player/EntityPlayer;Lnet/minecraft/inventory/EntityEquipmentSlot;)V]
[00:57:50] [Client thread/INFO] [EnderCore Mixins]: Successfully patched.
[00:57:50] [Client thread/INFO] [EnderCore Mixins]: Found 1 patch to apply to class crazypants.enderio.base.item.darksteel.ItemDarkSteelShield from implemented interfaces: [crazypants/enderio/api/upgrades/IDarkSteelItem]
[00:57:50] [Client thread/INFO] [EnderCore Mixins]: Patching 1 mixins onto class crazypants.enderio.base.item.darksteel.ItemDarkSteelShield (DarkSteelUpgradeMixin)
[00:57:50] [Client thread/INFO] [EnderCore Mixins]: Added 2 new methods: [initCapabilities(Lnet/minecraft/item/ItemStack;Lnet/minecraft/nbt/NBTTagCompound;)Lnet/minecraftforge/common/capabilities/ICapabilityProvider;, openUpgradeGui(Lnet/minecraft/entity/player/EntityPlayer;Lnet/minecraft/inventory/EntityEquipmentSlot;)V]
[00:57:50] [Client thread/INFO] [EnderCore Mixins]: Successfully patched.
[00:57:50] [Client thread/INFO] [EnderCore Mixins]: Found 1 patch to apply to class crazypants.enderio.base.item.darksteel.ItemDarkSteelSword from implemented interfaces: [crazypants/enderio/api/upgrades/IDarkSteelItem]
[00:57:50] [Client thread/INFO] [EnderCore Mixins]: Patching 1 mixins onto class crazypants.enderio.base.item.darksteel.ItemDarkSteelSword (DarkSteelUpgradeMixin)
[00:57:50] [Client thread/INFO] [EnderCore Mixins]: Added 2 new methods: [initCapabilities(Lnet/minecraft/item/ItemStack;Lnet/minecraft/nbt/NBTTagCompound;)Lnet/minecraftforge/common/capabilities/ICapabilityProvider;, openUpgradeGui(Lnet/minecraft/entity/player/EntityPlayer;Lnet/minecraft/inventory/EntityEquipmentSlot;)V]
[00:57:50] [Client thread/INFO] [EnderCore Mixins]: Successfully patched.
[00:57:50] [Client thread/INFO] [EnderCore Mixins]: Found 1 patch to apply to class crazypants.enderio.base.item.darksteel.ItemDarkSteelPickaxe from implemented interfaces: [crazypants/enderio/api/upgrades/IDarkSteelItem]
[00:57:50] [Client thread/INFO] [EnderCore Mixins]: Patching 1 mixins onto class crazypants.enderio.base.item.darksteel.ItemDarkSteelPickaxe (DarkSteelUpgradeMixin)
[00:57:50] [Client thread/INFO] [EnderCore Mixins]: Added 5 new methods: [initCapabilities(Lnet/minecraft/item/ItemStack;Lnet/minecraft/nbt/NBTTagCompound;)Lnet/minecraftforge/common/capabilities/ICapabilityProvider;, getAttributeModifiers(Lnet/minecraft/inventory/EntityEquipmentSlot;Lnet/minecraft/item/ItemStack;)Lcom/google/common/collect/Multimap;, addCommonEntries(Lnet/minecraft/item/ItemStack;Lnet/minecraft/entity/player/EntityPlayer;Ljava/util/List;Z)V, addBasicEntries(Lnet/minecraft/item/ItemStack;Lnet/minecraft/entity/player/EntityPlayer;Ljava/util/List;Z)V, openUpgradeGui(Lnet/minecraft/entity/player/EntityPlayer;Lnet/minecraft/inventory/EntityEquipmentSlot;)V]
[00:57:50] [Client thread/INFO] [EnderCore Mixins]: Successfully patched.
[00:57:50] [Client thread/INFO] [EnderCore Mixins]: Found 1 patch to apply to class crazypants.enderio.base.item.darksteel.ItemDarkSteelAxe from implemented interfaces: [crazypants/enderio/api/upgrades/IDarkSteelItem]
[00:57:50] [Client thread/INFO] [EnderCore Mixins]: Patching 1 mixins onto class crazypants.enderio.base.item.darksteel.ItemDarkSteelAxe (DarkSteelUpgradeMixin)
[00:57:50] [Client thread/INFO] [EnderCore Mixins]: Added 3 new methods: [initCapabilities(Lnet/minecraft/item/ItemStack;Lnet/minecraft/nbt/NBTTagCompound;)Lnet/minecraftforge/common/capabilities/ICapabilityProvider;, getAttributeModifiers(Lnet/minecraft/inventory/EntityEquipmentSlot;Lnet/minecraft/item/ItemStack;)Lcom/google/common/collect/Multimap;, openUpgradeGui(Lnet/minecraft/entity/player/EntityPlayer;Lnet/minecraft/inventory/EntityEquipmentSlot;)V]
[00:57:50] [Client thread/INFO] [EnderCore Mixins]: Successfully patched.
[00:57:50] [Client thread/INFO] [EnderCore Mixins]: Found 1 patch to apply to class crazypants.enderio.base.item.darksteel.ItemDarkSteelBow from implemented interfaces: [crazypants/enderio/api/upgrades/IDarkSteelItem]
[00:57:50] [Client thread/INFO] [EnderCore Mixins]: Patching 1 mixins onto class crazypants.enderio.base.item.darksteel.ItemDarkSteelBow (DarkSteelUpgradeMixin)
[00:57:50] [Client thread/INFO] [EnderCore Mixins]: Added 3 new methods: [initCapabilities(Lnet/minecraft/item/ItemStack;Lnet/minecraft/nbt/NBTTagCompound;)Lnet/minecraftforge/common/capabilities/ICapabilityProvider;, getAttributeModifiers(Lnet/minecraft/inventory/EntityEquipmentSlot;Lnet/minecraft/item/ItemStack;)Lcom/google/common/collect/Multimap;, openUpgradeGui(Lnet/minecraft/entity/player/EntityPlayer;Lnet/minecraft/inventory/EntityEquipmentSlot;)V]
[00:57:50] [Client thread/INFO] [EnderCore Mixins]: Successfully patched.
[00:57:50] [Client thread/INFO] [EnderCore Mixins]: Found 1 patch to apply to class crazypants.enderio.base.item.darksteel.ItemDarkSteelShears from implemented interfaces: [crazypants/enderio/api/upgrades/IDarkSteelItem]
[00:57:50] [Client thread/INFO] [EnderCore Mixins]: Patching 1 mixins onto class crazypants.enderio.base.item.darksteel.ItemDarkSteelShears (DarkSteelUpgradeMixin)
[00:57:50] [Client thread/INFO] [EnderCore Mixins]: Added 3 new methods: [initCapabilities(Lnet/minecraft/item/ItemStack;Lnet/minecraft/nbt/NBTTagCompound;)Lnet/minecraftforge/common/capabilities/ICapabilityProvider;, getAttributeModifiers(Lnet/minecraft/inventory/EntityEquipmentSlot;Lnet/minecraft/item/ItemStack;)Lcom/google/common/collect/Multimap;, openUpgradeGui(Lnet/minecraft/entity/player/EntityPlayer;Lnet/minecraft/inventory/EntityEquipmentSlot;)V]
[00:57:50] [Client thread/INFO] [EnderCore Mixins]: Successfully patched.
[00:57:50] [Client thread/INFO] [EnderCore Mixins]: Found 1 patch to apply to class crazypants.enderio.base.item.darksteel.ItemDarkSteelTreetap from implemented interfaces: [crazypants/enderio/api/upgrades/IDarkSteelItem]
[00:57:50] [Client thread/INFO] [EnderCore Mixins]: Patching 1 mixins onto class crazypants.enderio.base.item.darksteel.ItemDarkSteelTreetap (DarkSteelUpgradeMixin)
[00:57:50] [Client thread/INFO] [EnderCore Mixins]: Added 3 new methods: [initCapabilities(Lnet/minecraft/item/ItemStack;Lnet/minecraft/nbt/NBTTagCompound;)Lnet/minecraftforge/common/capabilities/ICapabilityProvider;, getAttributeModifiers(Lnet/minecraft/inventory/EntityEquipmentSlot;Lnet/minecraft/item/ItemStack;)Lcom/google/common/collect/Multimap;, openUpgradeGui(Lnet/minecraft/entity/player/EntityPlayer;Lnet/minecraft/inventory/EntityEquipmentSlot;)V]
[00:57:50] [Client thread/INFO] [EnderCore Mixins]: Successfully patched.
[00:57:50] [Client thread/INFO] [EnderCore Mixins]: Found 1 patch to apply to class crazypants.enderio.base.item.darksteel.ItemDarkSteelHand from implemented interfaces: [crazypants/enderio/api/upgrades/IDarkSteelItem]
[00:57:50] [Client thread/INFO] [EnderCore Mixins]: Patching 1 mixins onto class crazypants.enderio.base.item.darksteel.ItemDarkSteelHand (DarkSteelUpgradeMixin)
[00:57:50] [Client thread/INFO] [EnderCore Mixins]: Added 3 new methods: [initCapabilities(Lnet/minecraft/item/ItemStack;Lnet/minecraft/nbt/NBTTagCompound;)Lnet/minecraftforge/common/capabilities/ICapabilityProvider;, getAttributeModifiers(Lnet/minecraft/inventory/EntityEquipmentSlot;Lnet/minecraft/item/ItemStack;)Lcom/google/common/collect/Multimap;, openUpgradeGui(Lnet/minecraft/entity/player/EntityPlayer;Lnet/minecraft/inventory/EntityEquipmentSlot;)V]
[00:57:50] [Client thread/INFO] [EnderCore Mixins]: Successfully patched.
[00:57:50] [Client thread/INFO] [EnderCore Mixins]: Found 1 patch to apply to class crazypants.enderio.base.item.staffoflevity.ItemStaffOfLevity from implemented interfaces: [crazypants/enderio/api/upgrades/IDarkSteelItem]
[00:57:50] [Client thread/INFO] [EnderCore Mixins]: Patching 1 mixins onto class crazypants.enderio.base.item.staffoflevity.ItemStaffOfLevity (DarkSteelUpgradeMixin)
[00:57:50] [Client thread/INFO] [EnderCore Mixins]: Added 3 new methods: [initCapabilities(Lnet/minecraft/item/ItemStack;Lnet/minecraft/nbt/NBTTagCompound;)Lnet/minecraftforge/common/capabilities/ICapabilityProvider;, getAttributeModifiers(Lnet/minecraft/inventory/EntityEquipmentSlot;Lnet/minecraft/item/ItemStack;)Lcom/google/common/collect/Multimap;, openUpgradeGui(Lnet/minecraft/entity/player/EntityPlayer;Lnet/minecraft/inventory/EntityEquipmentSlot;)V]
[00:57:50] [Client thread/INFO] [EnderCore Mixins]: Successfully patched.
[00:57:50] [Client thread/INFO] [EnderCore Mixins]: Found 1 patch to apply to class crazypants.enderio.conduits.conduit.BlockConduitBundle from implemented interfaces: [crazypants/enderio/base/paint/IPaintable$IBlockPaintableBlock]
[00:57:50] [Client thread/INFO] [EnderCore Mixins]: Patching 1 mixins onto class crazypants.enderio.conduits.conduit.BlockConduitBundle (MobilityFlagForPaintedBlocksMixin)
[00:57:50] [Client thread/INFO] [EnderCore Mixins]: Added 1 new method: [func_149656_h(Lnet/minecraft/block/state/IBlockState;)Lnet/minecraft/block/material/EnumPushReaction;]
[00:57:50] [Client thread/INFO] [EnderCore Mixins]: Successfully patched.
[00:57:50] [Client thread/INFO] [EnderCore Mixins]: Found 1 patch to apply to class crazypants.enderio.invpanel.sensor.BlockInventoryPanelSensor from implemented interfaces: [crazypants/enderio/base/paint/IPaintable$ISolidBlockPaintableBlock]
[00:57:50] [Client thread/INFO] [EnderCore Mixins]: Patching 1 mixins onto class crazypants.enderio.invpanel.sensor.BlockInventoryPanelSensor (MobilityFlagForPaintedBlocksMixin)
[00:57:50] [Client thread/INFO] [EnderCore Mixins]: Added 1 new method: [func_149656_h(Lnet/minecraft/block/state/IBlockState;)Lnet/minecraft/block/material/EnumPushReaction;]
[00:57:50] [Client thread/INFO] [EnderCore Mixins]: Successfully patched.
[00:57:50] [Client thread/INFO] [EnderCore Mixins]: Found 1 patch to apply to class crazypants.enderio.invpanel.chest.BlockInventoryChest from implemented interfaces: [crazypants/enderio/base/paint/IPaintable$IBlockPaintableBlock]
[00:57:50] [Client thread/INFO] [EnderCore Mixins]: Patching 1 mixins onto class crazypants.enderio.invpanel.chest.BlockInventoryChest (MobilityFlagForPaintedBlocksMixin)
[00:57:50] [Client thread/INFO] [EnderCore Mixins]: Added 1 new method: [func_149656_h(Lnet/minecraft/block/state/IBlockState;)Lnet/minecraft/block/material/EnumPushReaction;]
[00:57:50] [Client thread/INFO] [EnderCore Mixins]: Successfully patched.
[00:57:50] [Client thread/INFO] [EnderCore Mixins]: Found 1 patch to apply to class crazypants.enderio.invpanel.remote.ItemRemoteInvAccess from implemented interfaces: [crazypants/enderio/base/power/forge/item/IInternalPoweredItem]
[00:57:50] [Client thread/INFO] [EnderCore Mixins]: Patching 1 mixins onto class crazypants.enderio.invpanel.remote.ItemRemoteInvAccess (InternalPoweredItemMixin)
[00:57:50] [Client thread/INFO] [EnderCore Mixins]: Added 1 new method: [initCapabilities(Lnet/minecraft/item/ItemStack;Lnet/minecraft/nbt/NBTTagCompound;)Lnet/minecraftforge/common/capabilities/ICapabilityProvider;]
[00:57:50] [Client thread/INFO] [EnderCore Mixins]: Successfully patched.
[00:57:50] [Client thread/INFO] [EnderCore Mixins]: Found 1 patch to apply to class crazypants.enderio.machines.machine.alloy.BlockAlloySmelter from implemented interfaces: [crazypants/enderio/base/paint/IPaintable$ISolidBlockPaintableBlock]
[00:57:50] [Client thread/INFO] [EnderCore Mixins]: Patching 1 mixins onto class crazypants.enderio.machines.machine.alloy.BlockAlloySmelter (MobilityFlagForPaintedBlocksMixin)
[00:57:50] [Client thread/INFO] [EnderCore Mixins]: Added 1 new method: [func_149656_h(Lnet/minecraft/block/state/IBlockState;)Lnet/minecraft/block/material/EnumPushReaction;]
[00:57:50] [Client thread/INFO] [EnderCore Mixins]: Successfully patched.
[00:57:50] [Client thread/INFO] [EnderCore Mixins]: Found 1 patch to apply to class crazypants.enderio.base.power.forge.item.PoweredBlockItem from implemented interfaces: [crazypants/enderio/base/power/forge/item/IInternalPoweredItem]
[00:57:50] [Client thread/INFO] [EnderCore Mixins]: Patching 1 mixins onto class crazypants.enderio.base.power.forge.item.PoweredBlockItem (InternalPoweredItemMixin)
[00:57:50] [Client thread/INFO] [EnderCore Mixins]: Added 1 new method: [initCapabilities(Lnet/minecraft/item/ItemStack;Lnet/minecraft/nbt/NBTTagCompound;)Lnet/minecraftforge/common/capabilities/ICapabilityProvider;]
[00:57:50] [Client thread/INFO] [EnderCore Mixins]: Successfully patched.
[00:57:50] [Client thread/INFO] [EnderCore Mixins]: Found 1 patch to apply to class crazypants.enderio.machines.machine.buffer.BlockBuffer from implemented interfaces: [crazypants/enderio/base/paint/IPaintable$ISolidBlockPaintableBlock]
[00:57:50] [Client thread/INFO] [EnderCore Mixins]: Patching 1 mixins onto class crazypants.enderio.machines.machine.buffer.BlockBuffer (MobilityFlagForPaintedBlocksMixin)
[00:57:50] [Client thread/INFO] [EnderCore Mixins]: Added 1 new method: [func_149656_h(Lnet/minecraft/block/state/IBlockState;)Lnet/minecraft/block/material/EnumPushReaction;]
[00:57:50] [Client thread/INFO] [EnderCore Mixins]: Successfully patched.
[00:57:50] [Client thread/INFO] [EnderCore Mixins]: Found 1 patch to apply to class crazypants.enderio.machines.machine.farm.BlockFarmStation from implemented interfaces: [crazypants/enderio/base/paint/IPaintable$INonSolidBlockPaintableBlock]
[00:57:50] [Client thread/INFO] [EnderCore Mixins]: Patching 1 mixins onto class crazypants.enderio.machines.machine.farm.BlockFarmStation (MobilityFlagForPaintedBlocksMixin)
[00:57:50] [Client thread/INFO] [EnderCore Mixins]: Added 1 new method: [func_149656_h(Lnet/minecraft/block/state/IBlockState;)Lnet/minecraft/block/material/EnumPushReaction;]
[00:57:50] [Client thread/INFO] [EnderCore Mixins]: Successfully patched.
[00:57:50] [Client thread/INFO] [EnderCore Mixins]: Found 1 patch to apply to class crazypants.enderio.machines.machine.generator.combustion.BlockCombustionGenerator from implemented interfaces: [crazypants/enderio/base/paint/IPaintable$INonSolidBlockPaintableBlock]
[00:57:50] [Client thread/INFO] [EnderCore Mixins]: Patching 1 mixins onto class crazypants.enderio.machines.machine.generator.combustion.BlockCombustionGenerator (MobilityFlagForPaintedBlocksMixin)
[00:57:50] [Client thread/INFO] [EnderCore Mixins]: Added 1 new method: [func_149656_h(Lnet/minecraft/block/state/IBlockState;)Lnet/minecraft/block/material/EnumPushReaction;]
[00:57:50] [Client thread/INFO] [EnderCore Mixins]: Successfully patched.
[00:57:50] [Client thread/INFO] [EnderCore Mixins]: Found 1 patch to apply to class crazypants.enderio.machines.machine.generator.stirling.BlockStirlingGenerator from implemented interfaces: [crazypants/enderio/base/paint/IPaintable$ISolidBlockPaintableBlock]
[00:57:50] [Client thread/INFO] [EnderCore Mixins]: Patching 1 mixins onto class crazypants.enderio.machines.machine.generator.stirling.BlockStirlingGenerator (MobilityFlagForPaintedBlocksMixin)
[00:57:50] [Client thread/INFO] [EnderCore Mixins]: Added 1 new method: [func_149656_h(Lnet/minecraft/block/state/IBlockState;)Lnet/minecraft/block/material/EnumPushReaction;]
[00:57:50] [Client thread/INFO] [EnderCore Mixins]: Successfully patched.
[00:57:50] [Client thread/INFO] [EnderCore Mixins]: Found 1 patch to apply to class crazypants.enderio.machines.machine.generator.lava.BlockLavaGenerator from implemented interfaces: [crazypants/enderio/base/paint/IPaintable$ISolidBlockPaintableBlock]
[00:57:50] [Client thread/INFO] [EnderCore Mixins]: Patching 1 mixins onto class crazypants.enderio.machines.machine.generator.lava.BlockLavaGenerator (MobilityFlagForPaintedBlocksMixin)
[00:57:50] [Client thread/INFO] [EnderCore Mixins]: Added 1 new method: [func_149656_h(Lnet/minecraft/block/state/IBlockState;)Lnet/minecraft/block/material/EnumPushReaction;]
[00:57:50] [Client thread/INFO] [EnderCore Mixins]: Successfully patched.
[00:57:50] [Client thread/INFO] [EnderCore Mixins]: Found 1 patch to apply to class crazypants.enderio.machines.machine.painter.BlockPainter from implemented interfaces: [crazypants/enderio/base/paint/IPaintable$ISolidBlockPaintableBlock]
[00:57:50] [Client thread/INFO] [EnderCore Mixins]: Patching 1 mixins onto class crazypants.enderio.machines.machine.painter.BlockPainter (MobilityFlagForPaintedBlocksMixin)
[00:57:50] [Client thread/INFO] [EnderCore Mixins]: Added 1 new method: [func_149656_h(Lnet/minecraft/block/state/IBlockState;)Lnet/minecraft/block/material/EnumPushReaction;]
[00:57:50] [Client thread/INFO] [EnderCore Mixins]: Successfully patched.
[00:57:50] [Client thread/INFO] [EnderCore Mixins]: Found 1 patch to apply to class crazypants.enderio.machines.machine.sagmill.BlockSagMill from implemented interfaces: [crazypants/enderio/base/paint/IPaintable$ISolidBlockPaintableBlock]
[00:57:50] [Client thread/INFO] [EnderCore Mixins]: Patching 1 mixins onto class crazypants.enderio.machines.machine.sagmill.BlockSagMill (MobilityFlagForPaintedBlocksMixin)
[00:57:50] [Client thread/INFO] [EnderCore Mixins]: Added 1 new method: [func_149656_h(Lnet/minecraft/block/state/IBlockState;)Lnet/minecraft/block/material/EnumPushReaction;]
[00:57:50] [Client thread/INFO] [EnderCore Mixins]: Successfully patched.
[00:57:50] [Client thread/INFO] [EnderCore Mixins]: Found 1 patch to apply to class crazypants.enderio.machines.machine.slicensplice.BlockSliceAndSplice from implemented interfaces: [crazypants/enderio/base/paint/IPaintable$ISolidBlockPaintableBlock]
[00:57:50] [Client thread/INFO] [EnderCore Mixins]: Patching 1 mixins onto class crazypants.enderio.machines.machine.slicensplice.BlockSliceAndSplice (MobilityFlagForPaintedBlocksMixin)
[00:57:50] [Client thread/INFO] [EnderCore Mixins]: Added 1 new method: [func_149656_h(Lnet/minecraft/block/state/IBlockState;)Lnet/minecraft/block/material/EnumPushReaction;]
[00:57:50] [Client thread/INFO] [EnderCore Mixins]: Successfully patched.
[00:57:50] [Client thread/INFO] [EnderCore Mixins]: Found 1 patch to apply to class crazypants.enderio.machines.machine.soul.BlockSoulBinder from implemented interfaces: [crazypants/enderio/base/paint/IPaintable$INonSolidBlockPaintableBlock]
[00:57:50] [Client thread/INFO] [EnderCore Mixins]: Patching 1 mixins onto class crazypants.enderio.machines.machine.soul.BlockSoulBinder (MobilityFlagForPaintedBlocksMixin)
[00:57:50] [Client thread/INFO] [EnderCore Mixins]: Added 1 new method: [func_149656_h(Lnet/minecraft/block/state/IBlockState;)Lnet/minecraft/block/material/EnumPushReaction;]
[00:57:50] [Client thread/INFO] [EnderCore Mixins]: Successfully patched.
[00:57:50] [Client thread/INFO] [EnderCore Mixins]: Found 1 patch to apply to class crazypants.enderio.machines.machine.spawner.BlockPoweredSpawner from implemented interfaces: [crazypants/enderio/base/paint/IPaintable$INonSolidBlockPaintableBlock]
[00:57:50] [Client thread/INFO] [EnderCore Mixins]: Patching 1 mixins onto class crazypants.enderio.machines.machine.spawner.BlockPoweredSpawner (MobilityFlagForPaintedBlocksMixin)
[00:57:50] [Client thread/INFO] [EnderCore Mixins]: Added 1 new method: [func_149656_h(Lnet/minecraft/block/state/IBlockState;)Lnet/minecraft/block/material/EnumPushReaction;]
[00:57:50] [Client thread/INFO] [EnderCore Mixins]: Successfully patched.
[00:57:50] [Client thread/INFO] [EnderCore Mixins]: Found 1 patch to apply to class crazypants.enderio.machines.machine.vat.BlockVat from implemented interfaces: [crazypants/enderio/base/paint/IPaintable$INonSolidBlockPaintableBlock]
[00:57:50] [Client thread/INFO] [EnderCore Mixins]: Patching 1 mixins onto class crazypants.enderio.machines.machine.vat.BlockVat (MobilityFlagForPaintedBlocksMixin)
[00:57:50] [Client thread/INFO] [EnderCore Mixins]: Added 1 new method: [func_149656_h(Lnet/minecraft/block/state/IBlockState;)Lnet/minecraft/block/material/EnumPushReaction;]
[00:57:50] [Client thread/INFO] [EnderCore Mixins]: Successfully patched.
[00:57:50] [Client thread/INFO] [EnderCore Mixins]: Found 1 patch to apply to class crazypants.enderio.machines.machine.wired.BlockWiredCharger from implemented interfaces: [crazypants/enderio/base/paint/IPaintable$ISolidBlockPaintableBlock]
[00:57:50] [Client thread/INFO] [EnderCore Mixins]: Patching 1 mixins onto class crazypants.enderio.machines.machine.wired.BlockWiredCharger (MobilityFlagForPaintedBlocksMixin)
[00:57:50] [Client thread/INFO] [EnderCore Mixins]: Added 1 new method: [func_149656_h(Lnet/minecraft/block/state/IBlockState;)Lnet/minecraft/block/material/EnumPushReaction;]
[00:57:50] [Client thread/INFO] [EnderCore Mixins]: Successfully patched.
[00:57:50] [Client thread/INFO] [EnderCore Mixins]: Found 1 patch to apply to class crazypants.enderio.machines.machine.wireless.BlockWirelessCharger from implemented interfaces: [crazypants/enderio/base/paint/IPaintable$IBlockPaintableBlock]
[00:57:50] [Client thread/INFO] [EnderCore Mixins]: Patching 1 mixins onto class crazypants.enderio.machines.machine.wireless.BlockWirelessCharger (MobilityFlagForPaintedBlocksMixin)
[00:57:50] [Client thread/INFO] [EnderCore Mixins]: Added 1 new method: [func_149656_h(Lnet/minecraft/block/state/IBlockState;)Lnet/minecraft/block/material/EnumPushReaction;]
[00:57:50] [Client thread/INFO] [EnderCore Mixins]: Successfully patched.
[00:57:50] [Client thread/INFO] [EnderCore Mixins]: Found 1 patch to apply to class crazypants.enderio.machines.machine.tank.BlockTank from implemented interfaces: [crazypants/enderio/base/paint/IPaintable$INonSolidBlockPaintableBlock]
[00:57:50] [Client thread/INFO] [EnderCore Mixins]: Patching 1 mixins onto class crazypants.enderio.machines.machine.tank.BlockTank (MobilityFlagForPaintedBlocksMixin)
[00:57:50] [Client thread/INFO] [EnderCore Mixins]: Added 1 new method: [func_149656_h(Lnet/minecraft/block/state/IBlockState;)Lnet/minecraft/block/material/EnumPushReaction;]
[00:57:50] [Client thread/INFO] [EnderCore Mixins]: Successfully patched.
[00:57:50] [Client thread/INFO] [EnderCore Mixins]: Found 1 patch to apply to class crazypants.enderio.machines.machine.transceiver.BlockTransceiver from implemented interfaces: [crazypants/enderio/base/paint/IPaintable$INonSolidBlockPaintableBlock]
[00:57:50] [Client thread/INFO] [EnderCore Mixins]: Patching 1 mixins onto class crazypants.enderio.machines.machine.transceiver.BlockTransceiver (MobilityFlagForPaintedBlocksMixin)
[00:57:50] [Client thread/INFO] [EnderCore Mixins]: Added 1 new method: [func_149656_h(Lnet/minecraft/block/state/IBlockState;)Lnet/minecraft/block/material/EnumPushReaction;]
[00:57:50] [Client thread/INFO] [EnderCore Mixins]: Successfully patched.
[00:57:50] [Client thread/INFO] [EnderCore Mixins]: Found 1 patch to apply to class crazypants.enderio.machines.machine.vacuum.chest.BlockVacuumChest from implemented interfaces: [crazypants/enderio/base/paint/IPaintable$IBlockPaintableBlock]
[00:57:50] [Client thread/INFO] [EnderCore Mixins]: Patching 1 mixins onto class crazypants.enderio.machines.machine.vacuum.chest.BlockVacuumChest (MobilityFlagForPaintedBlocksMixin)
[00:57:50] [Client thread/INFO] [EnderCore Mixins]: Added 1 new method: [func_149656_h(Lnet/minecraft/block/state/IBlockState;)Lnet/minecraft/block/material/EnumPushReaction;]
[00:57:50] [Client thread/INFO] [EnderCore Mixins]: Successfully patched.
[00:57:50] [Client thread/INFO] [EnderCore Mixins]: Found 1 patch to apply to class crazypants.enderio.machines.machine.vacuum.xp.BlockXPVacuum from implemented interfaces: [crazypants/enderio/base/paint/IPaintable$IBlockPaintableBlock]
[00:57:50] [Client thread/INFO] [EnderCore Mixins]: Patching 1 mixins onto class crazypants.enderio.machines.machine.vacuum.xp.BlockXPVacuum (MobilityFlagForPaintedBlocksMixin)
[00:57:50] [Client thread/INFO] [EnderCore Mixins]: Added 1 new method: [func_149656_h(Lnet/minecraft/block/state/IBlockState;)Lnet/minecraft/block/material/EnumPushReaction;]
[00:57:50] [Client thread/INFO] [EnderCore Mixins]: Successfully patched.
[00:57:50] [Client thread/INFO] [EnderCore Mixins]: Found 1 patch to apply to class crazypants.enderio.machines.machine.niard.BlockNiard from implemented interfaces: [crazypants/enderio/base/paint/IPaintable$INonSolidBlockPaintableBlock]
[00:57:50] [Client thread/INFO] [EnderCore Mixins]: Patching 1 mixins onto class crazypants.enderio.machines.machine.niard.BlockNiard (MobilityFlagForPaintedBlocksMixin)
[00:57:50] [Client thread/INFO] [EnderCore Mixins]: Added 1 new method: [func_149656_h(Lnet/minecraft/block/state/IBlockState;)Lnet/minecraft/block/material/EnumPushReaction;]
[00:57:50] [Client thread/INFO] [EnderCore Mixins]: Successfully patched.
[00:57:50] [Client thread/INFO] [EnderCore Mixins]: Found 1 patch to apply to class crazypants.enderio.machines.machine.teleport.anchor.BlockTravelAnchor from implemented interfaces: [crazypants/enderio/base/paint/IPaintable$IBlockPaintableBlock]
[00:57:50] [Client thread/INFO] [EnderCore Mixins]: Patching 1 mixins onto class crazypants.enderio.machines.machine.teleport.anchor.BlockTravelAnchor (MobilityFlagForPaintedBlocksMixin)
[00:57:50] [Client thread/INFO] [EnderCore Mixins]: Added 1 new method: [func_149656_h(Lnet/minecraft/block/state/IBlockState;)Lnet/minecraft/block/material/EnumPushReaction;]
[00:57:50] [Client thread/INFO] [EnderCore Mixins]: Successfully patched.
[00:57:50] [Client thread/INFO] [EnderCore Mixins]: Found 1 patch to apply to class crazypants.enderio.machines.machine.teleport.telepad.BlockTelePad from implemented interfaces: [crazypants/enderio/base/paint/IPaintable$ISolidBlockPaintableBlock]
[00:57:50] [Client thread/INFO] [EnderCore Mixins]: Patching 1 mixins onto class crazypants.enderio.machines.machine.teleport.telepad.BlockTelePad (MobilityFlagForPaintedBlocksMixin)
[00:57:50] [Client thread/INFO] [EnderCore Mixins]: Added 1 new method: [func_149656_h(Lnet/minecraft/block/state/IBlockState;)Lnet/minecraft/block/material/EnumPushReaction;]
[00:57:50] [Client thread/INFO] [EnderCore Mixins]: Successfully patched.
[00:57:50] [Client thread/INFO] [EnderCore Mixins]: Found 1 patch to apply to class crazypants.enderio.machines.machine.crafter.BlockCrafter from implemented interfaces: [crazypants/enderio/base/paint/IPaintable$ISolidBlockPaintableBlock]
[00:57:50] [Client thread/INFO] [EnderCore Mixins]: Patching 1 mixins onto class crazypants.enderio.machines.machine.crafter.BlockCrafter (MobilityFlagForPaintedBlocksMixin)
[00:57:50] [Client thread/INFO] [EnderCore Mixins]: Added 1 new method: [func_149656_h(Lnet/minecraft/block/state/IBlockState;)Lnet/minecraft/block/material/EnumPushReaction;]
[00:57:50] [Client thread/INFO] [EnderCore Mixins]: Successfully patched.
[00:57:50] [Client thread/INFO] [EnderCore Mixins]: Found 1 patch to apply to class crazypants.enderio.machines.machine.spawner.creative.BlockCreativeSpawner from implemented interfaces: [crazypants/enderio/base/paint/IPaintable$ISolidBlockPaintableBlock]
[00:57:50] [Client thread/INFO] [EnderCore Mixins]: Patching 1 mixins onto class crazypants.enderio.machines.machine.spawner.creative.BlockCreativeSpawner (MobilityFlagForPaintedBlocksMixin)
[00:57:50] [Client thread/INFO] [EnderCore Mixins]: Added 1 new method: [func_149656_h(Lnet/minecraft/block/state/IBlockState;)Lnet/minecraft/block/material/EnumPushReaction;]
[00:57:50] [Client thread/INFO] [EnderCore Mixins]: Successfully patched.
[00:57:50] [Client thread/INFO] [EnderCore Mixins]: Found 1 patch to apply to class crazypants.enderio.powertools.machine.capbank.BlockCapBank from implemented interfaces: [crazypants/enderio/base/paint/IPaintable$ISolidBlockPaintableBlock]
[00:57:50] [Client thread/INFO] [EnderCore Mixins]: Patching 1 mixins onto class crazypants.enderio.powertools.machine.capbank.BlockCapBank (MobilityFlagForPaintedBlocksMixin)
[00:57:50] [Client thread/INFO] [EnderCore Mixins]: Added 1 new method: [func_149656_h(Lnet/minecraft/block/state/IBlockState;)Lnet/minecraft/block/material/EnumPushReaction;]
[00:57:50] [Client thread/INFO] [EnderCore Mixins]: Successfully patched.
[00:57:50] [Client thread/INFO] [EnderCore Mixins]: Found 1 patch to apply to class crazypants.enderio.powertools.machine.capbank.BlockItemCapBank from implemented interfaces: [crazypants/enderio/base/power/forge/item/IInternalPoweredItem]
[00:57:50] [Client thread/INFO] [EnderCore Mixins]: Patching 1 mixins onto class crazypants.enderio.powertools.machine.capbank.BlockItemCapBank (InternalPoweredItemMixin)
[00:57:50] [Client thread/INFO] [EnderCore Mixins]: Added 1 new method: [initCapabilities(Lnet/minecraft/item/ItemStack;Lnet/minecraft/nbt/NBTTagCompound;)Lnet/minecraftforge/common/capabilities/ICapabilityProvider;]
[00:57:50] [Client thread/INFO] [EnderCore Mixins]: Successfully patched.
[00:57:50] [Client thread/INFO] [EnderCore Mixins]: Found 1 patch to apply to class crazypants.enderio.powertools.machine.monitor.BlockPowerMonitor from implemented interfaces: [crazypants/enderio/base/paint/IPaintable$ISolidBlockPaintableBlock]
[00:57:50] [Client thread/INFO] [EnderCore Mixins]: Patching 1 mixins onto class crazypants.enderio.powertools.machine.monitor.BlockPowerMonitor (MobilityFlagForPaintedBlocksMixin)
[00:57:50] [Client thread/INFO] [EnderCore Mixins]: Added 1 new method: [func_149656_h(Lnet/minecraft/block/state/IBlockState;)Lnet/minecraft/block/material/EnumPushReaction;]
[00:57:50] [Client thread/INFO] [EnderCore Mixins]: Successfully patched.
[00:57:50] [Client thread/INFO] [toolprogression]: TiC Material registered: electrical_steel
[00:57:50] [Client thread/INFO] [toolprogression]: TiC Material registered: energetic_alloy
[00:57:50] [Client thread/INFO] [toolprogression]: TiC Material registered: vibrant_alloy
[00:57:50] [Client thread/INFO] [toolprogression]: TiC Material registered: redstone_alloy
[00:57:50] [Client thread/INFO] [toolprogression]: TiC Material registered: conductive_iron
[00:57:50] [Client thread/INFO] [toolprogression]: TiC Material registered: pulsating_iron
[00:57:50] [Client thread/INFO] [toolprogression]: TiC Material registered: dark_steel
[00:57:50] [Client thread/INFO] [toolprogression]: TiC Material registered: soularium
[00:57:50] [Client thread/INFO] [toolprogression]: TiC Material registered: end_steel
[00:57:50] [Client thread/INFO] [toolprogression]: TiC Material registered: construction_alloy
[00:57:50] [Client thread/WARN] [enderio]: TConstruct, you fail again, muhaha! The world is mine, mine!
[00:57:51] [Client thread/INFO] [twilightforest]: Loaded compatibility for mod Baubles.
[00:57:51] [Client thread/INFO] [twilightforest]: Skipped compatibility for mod Chisel.
[00:57:51] [Client thread/INFO] [twilightforest]: Skipped compatibility for mod Forestry.
[00:57:51] [Client thread/INFO] [twilightforest]: Loaded compatibility for mod Immersive Engineering.
[00:57:51] [Client thread/INFO] [twilightforest]: Loaded compatibility for mod Just Enough Items.
[00:57:51] [Client thread/INFO] [toolprogression]: TiC Material registered: nagascale
[00:57:51] [Client thread/INFO] [toolprogression]: TiC Material registered: nagascale
[00:57:51] [Client thread/INFO] [toolprogression]: TiC Material registered: steeleaf
[00:57:51] [Client thread/INFO] [toolprogression]: TiC Material registered: steeleaf
[00:57:51] [Client thread/INFO] [toolprogression]: TiC Material registered: fierymetal
[00:57:51] [Client thread/INFO] [toolprogression]: TiC Material registered: fierymetal
[00:57:51] [Client thread/INFO] [toolprogression]: TiC Material registered: knightmetal
[00:57:51] [Client thread/INFO] [toolprogression]: TiC Material registered: knightmetal
[00:57:51] [Client thread/INFO] [twilightforest]: Loaded compatibility for mod Tinkers' Construct.
[00:57:51] [Client thread/INFO] [twilightforest]: Skipped compatibility for mod Thaumcraft.
[00:57:51] [Client thread/INFO] [toolprogression]: TiC Material registered: wood
[00:57:51] [Client thread/INFO] [toolprogression]: TiC Material registered: stone
[00:57:51] [Client thread/INFO] [toolprogression]: TiC Material registered: flint
[00:57:51] [Client thread/INFO] [toolprogression]: TiC Material registered: cactus
[00:57:51] [Client thread/INFO] [toolprogression]: TiC Material registered: bone
[00:57:51] [Client thread/INFO] [toolprogression]: TiC Material registered: obsidian
[00:57:51] [Client thread/INFO] [toolprogression]: TiC Material registered: prismarine
[00:57:51] [Client thread/INFO] [toolprogression]: TiC Material registered: endstone
[00:57:51] [Client thread/INFO] [toolprogression]: TiC Material registered: paper
[00:57:51] [Client thread/INFO] [toolprogression]: TiC Material registered: sponge
[00:57:51] [Client thread/INFO] [toolprogression]: TiC Material registered: slime
[00:57:51] [Client thread/INFO] [toolprogression]: TiC Material registered: blueslime
[00:57:51] [Client thread/INFO] [toolprogression]: TiC Material registered: knightslime
[00:57:51] [Client thread/INFO] [toolprogression]: TiC Material registered: magmaslime
[00:57:51] [Client thread/INFO] [toolprogression]: TiC Material registered: netherrack
[00:57:51] [Client thread/INFO] [toolprogression]: TiC Material registered: cobalt
[00:57:51] [Client thread/INFO] [toolprogression]: TiC Material registered: ardite
[00:57:51] [Client thread/INFO] [toolprogression]: TiC Material registered: manyullyn
[00:57:51] [Client thread/INFO] [toolprogression]: TiC Material registered: firewood
[00:57:51] [Client thread/INFO] [toolprogression]: TiC Material registered: bloodbone
[00:57:51] [Client thread/INFO] [toolprogression]: TiC Material registered: iron
[00:57:51] [Client thread/INFO] [toolprogression]: TiC Material registered: pigiron
[00:57:51] [Client thread/INFO] [toolprogression]: TiC Material registered: copper
[00:57:51] [Client thread/INFO] [toolprogression]: TiC Material registered: bronze
[00:57:51] [Client thread/INFO] [toolprogression]: TiC Material registered: lead
[00:57:51] [Client thread/INFO] [toolprogression]: TiC Material registered: silver
[00:57:51] [Client thread/INFO] [toolprogression]: TiC Material registered: electrum
[00:57:51] [Client thread/INFO] [toolprogression]: TiC Material registered: steel
[00:57:51] [Client thread/INFO] [toolprogression]: TiC Material registered: alubrass
[00:57:51] [Client thread/INFO] [toolprogression]: TiC Material registered: alumite
[00:57:51] [Client thread/INFO] [toolprogression]: TiC Material registered: blood_infused_wood
[00:57:51] [Client thread/INFO] [toolprogression]: TiC Material registered: blood_infused_iron
[00:57:51] [Client thread/INFO] [toolprogression]: TiC Material registered: blood_infused_iron
[00:57:51] [Client thread/WARN] [modularui]: Custom cursors are currently not compatible with lwjgl 3. They will be disabled.
[00:57:51] [Client thread/WARN] [mixin]: Mixin apply for mod UniversalTweaks-1.12.2-1.19.1.jar failed mixins/mods/mixins.botania.json:UTPreventAlfheimChunkbanMixin from mod UniversalTweaks-1.12.2-1.19.1.jar -> vazkii.botania.common.block.tile.TileAlfPortal: org.spongepowered.asm.mixin.transformer.throwables.InvalidMixinException @Shadow method consumeMana in mixins/mods/mixins.botania.json:UTPreventAlfheimChunkbanMixin from mod UniversalTweaks-1.12.2-1.19.1.jar was not located in the target class vazkii.botania.common.block.tile.TileAlfPortal. Using refmap universaltweaks.refmap.json
org.spongepowered.asm.mixin.transformer.throwables.InvalidMixinException: @Shadow method consumeMana in mixins/mods/mixins.botania.json:UTPreventAlfheimChunkbanMixin from mod UniversalTweaks-1.12.2-1.19.1.jar was not located in the target class vazkii.botania.common.block.tile.TileAlfPortal. Using refmap universaltweaks.refmap.json
	at org.spongepowered.asm.mixin.transformer.MixinPreProcessorStandard.attachSpecialMethod(MixinPreProcessorStandard.java:436)
	at org.spongepowered.asm.mixin.transformer.MixinPreProcessorStandard.attachShadowMethod(MixinPreProcessorStandard.java:412)
	at org.spongepowered.asm.mixin.transformer.MixinPreProcessorStandard.attachMethods(MixinPreProcessorStandard.java:340)
	at org.spongepowered.asm.mixin.transformer.MixinPreProcessorStandard.attach(MixinPreProcessorStandard.java:299)
	at org.spongepowered.asm.mixin.transformer.MixinPreProcessorStandard.createContextFor(MixinPreProcessorStandard.java:277)
	at org.spongepowered.asm.mixin.transformer.MixinInfo.createContextFor(MixinInfo.java:1293)
	at org.spongepowered.asm.mixin.transformer.MixinApplicatorStandard.apply(MixinApplicatorStandard.java:203)
	at org.spongepowered.asm.mixin.transformer.TargetClassContext.apply(TargetClassContext.java:437)
	at org.spongepowered.asm.mixin.transformer.TargetClassContext.applyMixins(TargetClassContext.java:418)
	at org.spongepowered.asm.mixin.transformer.MixinProcessor.applyMixins(MixinProcessor.java:354)
	at org.spongepowered.asm.mixin.transformer.MixinTransformer.transformClass(MixinTransformer.java:239)
	at org.spongepowered.asm.mixin.transformer.MixinTransformer.transformClassBytes(MixinTransformer.java:204)
	at org.spongepowered.asm.mixin.transformer.Proxy.transform(Proxy.java:55)
	at top.outlands.foundation.TransformerDelegate.lambda$fillTransformerHolder$1(TransformerDelegate.java:172)
	at top.outlands.foundation.boot.ActualClassLoader.runTransformers(ActualClassLoader.java:339)
	at net.minecraft.launchwrapper.LaunchClassLoader.runTransformers(LaunchClassLoader.java:55)
	at top.outlands.foundation.boot.ActualClassLoader.findClass(ActualClassLoader.java:240)
	at java.lang.ClassLoader.loadClass(ClassLoader.java:557)
	at top.outlands.foundation.boot.ActualClassLoader.loadClass(ActualClassLoader.java:274)
	at java.lang.ClassLoader.loadClass(ClassLoader.java:490)
	at vazkii.botania.common.block.ModBlocks.<clinit>(ModBlocks.java:141)
	at vazkii.botania.common.block.tile.TileEnchanter.makeMultiblockSet(TileEnchanter.java:108)
	at vazkii.botania.common.block.ModMultiblocks.init(ModMultiblocks.java:27)
	at vazkii.botania.common.Botania.preInit(Botania.java:137)
	at jdk.internal.reflect.DirectMethodHandleAccessor.invoke(DirectMethodHandleAccessor.java:104)
	at java.lang.reflect.Method.invoke(Method.java:565)
	at net.minecraftforge.fml.common.FMLModContainer.handleModStateEvent(FMLModContainer.java:663)
	at jdk.internal.reflect.DirectMethodHandleAccessor.invoke(DirectMethodHandleAccessor.java:104)
	at java.lang.reflect.Method.invoke(Method.java:565)
	at com.google.common.eventbus.Subscriber.invokeSubscriberMethod(Subscriber.java:84)
	at com.google.common.eventbus.Subscriber$SynchronizedSubscriber.invokeSubscriberMethod(Subscriber.java:141)
	at com.google.common.eventbus.Subscriber.lambda$dispatchEvent$0(Subscriber.java:70)
	at com.google.common.util.concurrent.DirectExecutor.execute(DirectExecutor.java:30)
	at com.google.common.eventbus.Subscriber.dispatchEvent(Subscriber.java:67)
	at com.google.common.eventbus.Dispatcher$PerThreadQueuedDispatcher.dispatch(Dispatcher.java:112)
	at com.google.common.eventbus.EventBus.post(EventBus.java:262)
	at net.minecraftforge.fml.common.LoadController.sendEventToModContainer(LoadController.java:318)
	at net.minecraftforge.fml.common.LoadController.propogateStateMessage(LoadController.java:296)
	at jdk.internal.reflect.DirectMethodHandleAccessor.invoke(DirectMethodHandleAccessor.java:104)
	at java.lang.reflect.Method.invoke(Method.java:565)
	at com.google.common.eventbus.Subscriber.invokeSubscriberMethod(Subscriber.java:84)
	at com.google.common.eventbus.Subscriber$SynchronizedSubscriber.invokeSubscriberMethod(Subscriber.java:141)
	at com.google.common.eventbus.Subscriber.lambda$dispatchEvent$0(Subscriber.java:70)
	at com.google.common.util.concurrent.DirectExecutor.execute(DirectExecutor.java:30)
	at com.google.common.eventbus.Subscriber.dispatchEvent(Subscriber.java:67)
	at com.google.common.eventbus.Dispatcher$PerThreadQueuedDispatcher.dispatch(Dispatcher.java:112)
	at com.google.common.eventbus.EventBus.post(EventBus.java:262)
	at net.minecraftforge.fml.common.LoadController.distributeStateMessage(LoadController.java:232)
	at net.minecraftforge.fml.common.Loader.preinitializeMods(Loader.java:633)
	at net.minecraftforge.fml.client.FMLClientHandler.beginMinecraftLoading(MixinFMLClientHandler.java:256)
	at net.minecraft.client.Minecraft.init(MinecraftAccessor.java:463)
	at net.minecraft.client.Minecraft.run(MinecraftAccessor.java:12651)
	at net.minecraft.client.main.Main.main(SourceFile:123)
	at top.outlands.foundation.LaunchHandler.launch(LaunchHandler.java:125)
	at top.outlands.foundation.boot.Foundation.main(Foundation.java:43)
	at org.prismlauncher.launcher.impl.StandardLauncher.launch(StandardLauncher.java:115)
	at org.prismlauncher.EntryPoint.listen(EntryPoint.java:129)
	at org.prismlauncher.EntryPoint.main(EntryPoint.java:70)
[00:57:51] [Client thread/WARN] [mixin]: Mixin apply for mod unknown-owner failed mixins.randomtweaker.mods.json:botania.MixinTileAlfPortal from mod unknown-owner -> vazkii.botania.common.block.tile.TileAlfPortal: org.spongepowered.asm.mixin.transformer.throwables.InvalidMixinException @Shadow method consumeMana in mixins.randomtweaker.mods.json:botania.MixinTileAlfPortal from mod unknown-owner was not located in the target class vazkii.botania.common.block.tile.TileAlfPortal. No refMap loaded.
org.spongepowered.asm.mixin.transformer.throwables.InvalidMixinException: @Shadow method consumeMana in mixins.randomtweaker.mods.json:botania.MixinTileAlfPortal from mod unknown-owner was not located in the target class vazkii.botania.common.block.tile.TileAlfPortal. No refMap loaded.
	at org.spongepowered.asm.mixin.transformer.MixinPreProcessorStandard.attachSpecialMethod(MixinPreProcessorStandard.java:436)
	at org.spongepowered.asm.mixin.transformer.MixinPreProcessorStandard.attachShadowMethod(MixinPreProcessorStandard.java:412)
	at org.spongepowered.asm.mixin.transformer.MixinPreProcessorStandard.attachMethods(MixinPreProcessorStandard.java:340)
	at org.spongepowered.asm.mixin.transformer.MixinPreProcessorStandard.attach(MixinPreProcessorStandard.java:299)
	at org.spongepowered.asm.mixin.transformer.MixinPreProcessorStandard.createContextFor(MixinPreProcessorStandard.java:277)
	at org.spongepowered.asm.mixin.transformer.MixinInfo.createContextFor(MixinInfo.java:1293)
	at org.spongepowered.asm.mixin.transformer.MixinApplicatorStandard.apply(MixinApplicatorStandard.java:203)
	at org.spongepowered.asm.mixin.transformer.TargetClassContext.apply(TargetClassContext.java:437)
	at org.spongepowered.asm.mixin.transformer.TargetClassContext.applyMixins(TargetClassContext.java:418)
	at org.spongepowered.asm.mixin.transformer.MixinProcessor.applyMixins(MixinProcessor.java:354)
	at org.spongepowered.asm.mixin.transformer.MixinTransformer.transformClass(MixinTransformer.java:239)
	at org.spongepowered.asm.mixin.transformer.MixinTransformer.transformClassBytes(MixinTransformer.java:204)
	at org.spongepowered.asm.mixin.transformer.Proxy.transform(Proxy.java:55)
	at top.outlands.foundation.TransformerDelegate.lambda$fillTransformerHolder$1(TransformerDelegate.java:172)
	at top.outlands.foundation.boot.ActualClassLoader.runTransformers(ActualClassLoader.java:339)
	at net.minecraft.launchwrapper.LaunchClassLoader.runTransformers(LaunchClassLoader.java:55)
	at top.outlands.foundation.boot.ActualClassLoader.findClass(ActualClassLoader.java:240)
	at java.lang.ClassLoader.loadClass(ClassLoader.java:557)
	at top.outlands.foundation.boot.ActualClassLoader.loadClass(ActualClassLoader.java:274)
	at java.lang.ClassLoader.loadClass(ClassLoader.java:490)
	at vazkii.botania.common.block.ModBlocks.<clinit>(ModBlocks.java:141)
	at vazkii.botania.common.block.tile.TileEnchanter.makeMultiblockSet(TileEnchanter.java:108)
	at vazkii.botania.common.block.ModMultiblocks.init(ModMultiblocks.java:27)
	at vazkii.botania.common.Botania.preInit(Botania.java:137)
	at jdk.internal.reflect.DirectMethodHandleAccessor.invoke(DirectMethodHandleAccessor.java:104)
	at java.lang.reflect.Method.invoke(Method.java:565)
	at net.minecraftforge.fml.common.FMLModContainer.handleModStateEvent(FMLModContainer.java:663)
	at jdk.internal.reflect.DirectMethodHandleAccessor.invoke(DirectMethodHandleAccessor.java:104)
	at java.lang.reflect.Method.invoke(Method.java:565)
	at com.google.common.eventbus.Subscriber.invokeSubscriberMethod(Subscriber.java:84)
	at com.google.common.eventbus.Subscriber$SynchronizedSubscriber.invokeSubscriberMethod(Subscriber.java:141)
	at com.google.common.eventbus.Subscriber.lambda$dispatchEvent$0(Subscriber.java:70)
	at com.google.common.util.concurrent.DirectExecutor.execute(DirectExecutor.java:30)
	at com.google.common.eventbus.Subscriber.dispatchEvent(Subscriber.java:67)
	at com.google.common.eventbus.Dispatcher$PerThreadQueuedDispatcher.dispatch(Dispatcher.java:112)
	at com.google.common.eventbus.EventBus.post(EventBus.java:262)
	at net.minecraftforge.fml.common.LoadController.sendEventToModContainer(LoadController.java:318)
	at net.minecraftforge.fml.common.LoadController.propogateStateMessage(LoadController.java:296)
	at jdk.internal.reflect.DirectMethodHandleAccessor.invoke(DirectMethodHandleAccessor.java:104)
	at java.lang.reflect.Method.invoke(Method.java:565)
	at com.google.common.eventbus.Subscriber.invokeSubscriberMethod(Subscriber.java:84)
	at com.google.common.eventbus.Subscriber$SynchronizedSubscriber.invokeSubscriberMethod(Subscriber.java:141)
	at com.google.common.eventbus.Subscriber.lambda$dispatchEvent$0(Subscriber.java:70)
	at com.google.common.util.concurrent.DirectExecutor.execute(DirectExecutor.java:30)
	at com.google.common.eventbus.Subscriber.dispatchEvent(Subscriber.java:67)
	at com.google.common.eventbus.Dispatcher$PerThreadQueuedDispatcher.dispatch(Dispatcher.java:112)
	at com.google.common.eventbus.EventBus.post(EventBus.java:262)
	at net.minecraftforge.fml.common.LoadController.distributeStateMessage(LoadController.java:232)
	at net.minecraftforge.fml.common.Loader.preinitializeMods(Loader.java:633)
	at net.minecraftforge.fml.client.FMLClientHandler.beginMinecraftLoading(MixinFMLClientHandler.java:256)
	at net.minecraft.client.Minecraft.init(MinecraftAccessor.java:463)
	at net.minecraft.client.Minecraft.run(MinecraftAccessor.java:12651)
	at net.minecraft.client.main.Main.main(SourceFile:123)
	at top.outlands.foundation.LaunchHandler.launch(LaunchHandler.java:125)
	at top.outlands.foundation.boot.Foundation.main(Foundation.java:43)
	at org.prismlauncher.launcher.impl.StandardLauncher.launch(StandardLauncher.java:115)
	at org.prismlauncher.EntryPoint.listen(EntryPoint.java:129)
	at org.prismlauncher.EntryPoint.main(EntryPoint.java:70)
[00:57:51] [Botania Metadata Fetcher/INFO] [botania]: Loading various metadata things...
[00:57:51] [Client thread/INFO] [Quark ASM]: Transforming net.minecraft.inventory.ContainerWorkbench
[00:57:51] [Client thread/INFO] [Quark ASM]: Applying Transformation to method (Names [transferStackInSlot, func_82846_b] Descriptor (Lnet/minecraft/entity/player/EntityPlayer;I)Lnet/minecraft/item/ItemStack;)
[00:57:51] [Client thread/INFO] [Quark ASM]: Located Method, patching...
[00:57:51] [Client thread/INFO] [Quark ASM]: Located patch target node INVOKEVIRTUAL net/minecraft/inventory/ContainerWorkbench.func_75135_a (Lnet/minecraft/item/ItemStack;IIZ)Z
[00:57:51] [Client thread/INFO] [Quark ASM]: Located patch target node INVOKEVIRTUAL net/minecraft/inventory/ContainerWorkbench.func_75135_a (Lnet/minecraft/item/ItemStack;IIZ)Z
[00:57:51] [Client thread/INFO] [Quark ASM]: Located patch target node INVOKEVIRTUAL net/minecraft/inventory/ContainerWorkbench.func_75135_a (Lnet/minecraft/item/ItemStack;IIZ)Z
[00:57:51] [Client thread/INFO] [Quark ASM]: Located patch target node INVOKEVIRTUAL net/minecraft/inventory/ContainerWorkbench.func_75135_a (Lnet/minecraft/item/ItemStack;IIZ)Z
[00:57:51] [Client thread/INFO] [Quark ASM]: Patch result: true
[00:57:51] [Client thread/INFO] [ASMUtil]: Transforming class net/minecraft/inventory/ContainerWorkbench
[00:57:51] [Client thread/INFO] [ASMUtil]: Transforming class net/minecraft/inventory/ContainerWorkbench
[00:57:51] [Client thread/INFO] [ReBind Core]: Keybinding id: chatflow, known: false
[00:57:52] [Client thread/WARN] [FTB Library]: Replacing com.feed_the_beast.ftblib.lib.config.DefaultRankConfigHandler with com.feed_the_beast.ftbutilities.ranks.FTBUtilitiesPermissionHandler
[00:57:52] [Client thread/INFO] [ReBind Core]: Keybinding id: ftbutilities_nbt, known: false
[00:57:52] [Client thread/INFO] [ReBind Core]: Keybinding id: ftbutilities_trash, known: false
[00:57:52] [Client thread/INFO] [ReBind Core]: Keybinding id: projecte_pe_armor_toggle, known: false
[00:57:52] [Client thread/INFO] [ReBind Core]: Keybinding id: projecte_pe_charge, known: false
[00:57:52] [Client thread/INFO] [ReBind Core]: Keybinding id: projecte_pe_extra_function, known: false
[00:57:52] [Client thread/INFO] [ReBind Core]: Keybinding id: projecte_pe_fire_projectile, known: false
[00:57:52] [Client thread/INFO] [ReBind Core]: Keybinding id: projecte_pe_mode, known: false
[00:57:52] [Botania Metadata Fetcher/INFO] [botania]: Loaded the network metadata
[00:57:52] [Client thread/INFO] [ReBind Core]: Keybinding id: ftbquests_quests, known: false
[00:57:52] [Client thread/INFO] [Astral Core]: [AstralTransformer] Transforming aip : net.minecraft.item.ItemStack with 2 patches!
[00:57:52] [Client thread/INFO] [Astral Core]: [AstralTransformer] Applied patch PATCHMODIFYENCHANTMENTLEVELSTOOLTIP
[00:57:52] [Client thread/INFO] [Astral Core]: [AstralTransformer] Applied patch PATCHMODIFYENCHANTMENTLEVELSTOOLTIPEVENT
[00:57:52] [Client thread/INFO] [Quark ASM]: Transforming net.minecraft.item.ItemStack
[00:57:52] [Client thread/INFO] [Quark ASM]: Applying Transformation to method (Names [getTextComponent, func_151000_E] Descriptor ()Lnet/minecraft/util/text/ITextComponent;)
[00:57:52] [Client thread/INFO] [Quark ASM]: Located Method, patching...
[00:57:52] [Client thread/INFO] [Quark ASM]: Located patch target node ARETURN
[00:57:52] [Client thread/INFO] [Quark ASM]: Patch result: true
[00:57:52] [Client thread/INFO] [contenttweaker]: Module Vanilla CraftTweaker has successfully loaded
[00:57:52] [Client thread/FATAL] [contenttweaker]: Module Chickens did not load due to issue: Mod with modid: chickens was not found
[00:57:52] [Client thread/INFO] [contenttweaker]: Module Materials has successfully loaded
[00:57:52] [Client thread/INFO] [contenttweaker]: Module Tinkers has successfully loaded
[00:57:52] [Client thread/INFO] [deepmoblearning]: Loading data from JSON config files...
[00:57:52] [Client thread/WARN] [deepmoblearning]: Missing JSON entry with key "trial"!
[00:57:52] [Client thread/WARN] [deepmoblearning]: Missing Trial JSON entry in config for Data Model minecraft:blaze. Using default values.
[00:57:52] [Client thread/WARN] [deepmoblearning]: Missing JSON entry with key "trial"!
[00:57:52] [Client thread/WARN] [deepmoblearning]: Missing Trial JSON entry in config for Data Model minecraft:creeper. Using default values.
[00:57:52] [Client thread/WARN] [deepmoblearning]: Missing JSON entry with key "trial"!
[00:57:52] [Client thread/WARN] [deepmoblearning]: Missing Trial JSON entry in config for Data Model minecraft:dragon. Using default values.
[00:57:52] [Client thread/WARN] [deepmoblearning]: Missing JSON entry with key "trial"!
[00:57:52] [Client thread/WARN] [deepmoblearning]: Missing Trial JSON entry in config for Data Model minecraft:ghast. Using default values.
[00:57:52] [Client thread/WARN] [deepmoblearning]: Missing JSON entry with key "trial"!
[00:57:52] [Client thread/WARN] [deepmoblearning]: Missing Trial JSON entry in config for Data Model minecraft:guardian. Using default values.
[00:57:52] [Client thread/WARN] [deepmoblearning]: Missing JSON entry with key "trial"!
[00:57:52] [Client thread/WARN] [deepmoblearning]: Missing Trial JSON entry in config for Data Model minecraft:shulker. Using default values.
[00:57:52] [Client thread/WARN] [deepmoblearning]: Missing JSON entry with key "trial"!
[00:57:52] [Client thread/WARN] [deepmoblearning]: Missing Trial JSON entry in config for Data Model minecraft:wither. Using default values.
[00:57:52] [Client thread/WARN] [deepmoblearning]: Missing JSON entry with key "trial"!
[00:57:52] [Client thread/WARN] [deepmoblearning]: Missing Trial JSON entry in config for Data Model thermalfoundation:thermal_elemental. Using default values.
[00:57:52] [Client thread/WARN] [deepmoblearning]: Missing JSON entry with key "trial"!
[00:57:52] [Client thread/WARN] [deepmoblearning]: Missing Trial JSON entry in config for Data Model twilightforest:twilight_forest. Using default values.
[00:57:52] [Client thread/WARN] [deepmoblearning]: Missing JSON entry with key "trial"!
[00:57:52] [Client thread/WARN] [deepmoblearning]: Missing Trial JSON entry in config for Data Model twilightforest:twilight_swamp. Using default values.
[00:57:52] [Client thread/WARN] [deepmoblearning]: Missing JSON entry with key "trial"!
[00:57:52] [Client thread/WARN] [deepmoblearning]: Missing Trial JSON entry in config for Data Model twilightforest:twilight_glacier. Using default values.
[00:57:52] [Client thread/WARN] [deepmoblearning]: Missing JSON entry with key "trial"!
[00:57:52] [Client thread/WARN] [deepmoblearning]: Missing Trial JSON entry in config for Data Model twilightforest:twilight_darkwood. Using default values.
[00:57:52] [Client thread/WARN] [deepmoblearning]: Missing JSON entry with key "trial"!
[00:57:52] [Client thread/WARN] [deepmoblearning]: Missing Trial JSON entry in config for Data Model tconstruct:tinker_slime. Using default values.
[00:57:52] [Client thread/WARN] [deepmoblearning]: Missing JSON entry with key "trial"!
[00:57:52] [Client thread/WARN] [deepmoblearning]: Missing Trial JSON entry in config for Data Model matteroverdrive:mo_android. Using default values.
[00:57:52] [Client thread/INFO] [toolprogression]: TiC Material registered: blood_infused_glitch
[00:57:52] [Client thread/INFO] [toolprogression]: TiC Material registered: blood_infused_glitch
[00:57:52] [Client thread/WARN] [enderio]: Mekanism Gas conduits NOT loaded. Mekanism is not installed
[00:57:52] [Client thread/WARN] [enderio]: Applied Energistics conduits loaded. Let your networks connect!
[00:57:52] [Client thread/WARN] [enderio]: OpenComputers conduits NOT loaded. OpenComputers is not installed
[00:57:52] [Client thread/WARN] [enderio]: Refined Storage conduits NOT loaded. Refined Storage is not installed
[00:57:52] [Client thread/WARN] [enderio]: Forestry integration NOT loaded. Forestry is not installed
[00:57:53] [Client thread/INFO] [ReBind Core]: Keybinding id: endermodpacktweaksbind_toggle, known: false
[00:57:53] [Client thread/ERROR] [Extra Utilities Fixes]: Performing really hacky ExUtil log error suppressing stuff - YOU CAN DISABLE THIS!!
[00:57:53] [Client thread/INFO] [toolprogression]: TiC Material registered: xu_magical_wood
[00:57:53] [Client thread/WARN] [tconstruct-API]: Itemstack 1xitem.null@17 cannot represent material xu_evil_metal since it is not associated with the material!
[00:57:53] [Client thread/INFO] [toolprogression]: TiC Material registered: xu_evil_metal
[00:57:53] [Client thread/WARN] [tconstruct-API]: Itemstack 1xitem.null@12 cannot represent material xu_enchanted_metal since it is not associated with the material!
[00:57:53] [Client thread/INFO] [toolprogression]: TiC Material registered: xu_enchanted_metal
[00:57:53] [Client thread/WARN] [tconstruct-API]: Itemstack 1xitem.null@11 cannot represent material xu_demonic_metal since it is not associated with the material!
[00:57:53] [Client thread/INFO] [toolprogression]: TiC Material registered: xu_demonic_metal
[00:57:54] [Client thread/INFO] [ReBind Core]: Keybinding id: extrautils2_xu2_searchforitems, known: false
[00:57:54] [Client thread/INFO] [BigReactors]: Loaded support for thermalexpansion
[00:57:54] [Client thread/INFO] [LLibrary]: TabulaModelHandler: Domain llibrary has been added.
[00:57:54] [Client thread/INFO] [Ice And Fire: RotN Edition]: A raven flies from the north to the sea
[00:57:54] [Client thread/INFO] [Ice And Fire: RotN Edition]: A dragon whispers her name in the east
[00:57:54] [Client thread/INFO] [toolprogression]: TiC Material registered: dragonbone
[00:57:54] [Client thread/INFO] [toolprogression]: TiC Material registered: desert_myrmex
[00:57:54] [Client thread/INFO] [toolprogression]: TiC Material registered: jungle_myrmex
[00:57:54] [Client thread/INFO] [toolprogression]: TiC Material registered: dragonsteel_fire
[00:57:54] [Client thread/INFO] [toolprogression]: TiC Material registered: dragonsteel_ice
[00:57:54] [Client thread/INFO] [toolprogression]: TiC Material registered: dragonsteel_lightning
[00:57:54] [Client thread/INFO] [toolprogression]: TiC Material registered: weezer
[00:57:54] [Client thread/INFO] [immersiveengineering]: Custom OBJLoader: Domain has been added: immersiveengineering
[00:57:54] [Client thread/INFO] [toolprogression]: TiC Material registered: treatedwood
[00:57:54] [Client thread/INFO] [toolprogression]: TiC Material registered: treatedwood
[00:57:54] [Client thread/INFO] [toolprogression]: TiC Material registered: constantan
[00:57:54] [Client thread/INFO] [toolprogression]: TiC Material registered: constantan
[00:57:54] [Immersive Engineering Contributors Thread/INFO] [immersiveengineering]: Attempting to download special revolvers from GitHub
[00:57:54] [Client thread/INFO] [immersiveengineering]: Custom OBJLoader: Domain has been added: immersivepetroleum
[00:57:55] [Client thread/INFO] [IFPatcher]: Patching Potion Brewer from IF
[00:57:55] [Client thread/INFO] [IFPatcher]: Potion Brewer can now brew potion that does not start from Nether Wart!
[00:57:55] [Client thread/INFO] [IFPatcher]: PatchPotionBrewer succeeded
[00:57:55] [Client thread/INFO] [IFPatcher]: Patching Plant Sower from IF
[00:57:55] [Client thread/INFO] [IFPatcher]: Plant Sower now till any blocks if possible!
[00:57:55] [Client thread/INFO] [IFPatcher]: PatchPlantSower succeeded
[00:57:55] [Client thread/INFO] [IFPatcher]: Patching Laser Base from IF
[00:57:55] [Client thread/INFO] [IFPatcher]: Laser Base does not make Minecraft crash on any conditions!
[00:57:55] [Client thread/INFO] [IFPatcher]: PatchLaserBase succeeded
[00:57:55] [Client thread/INFO] [IFPatcher]: Patching Fluid Pump from IF
[00:57:55] [Client thread/INFO] [IFPatcher]: Pump now accepts fluid items!
[00:57:55] [Client thread/INFO] [IFPatcher]: Pump now fill fluids to items!
[00:57:55] [Client thread/INFO] [IFPatcher]: Pump now works properly!
[00:57:55] [Client thread/INFO] [IFPatcher]: PatchPump succeeded
[00:57:55] [Client thread/INFO] [IFPatcher]: Patching Mob Imprisonment Tool from IF
[00:57:55] [Client thread/INFO] [IFPatcher]: MobImprisonmentTool configuration system added
[00:57:55] [Client thread/INFO] [IFPatcher]: Implement MobImprisonmentTool blacklist
[00:57:55] [Client thread/INFO] [IFPatcher]: Remove default blacklist of boss
[00:57:55] [Client thread/INFO] [IFPatcher]: Add condition check for boss blacklist
[00:57:55] [Client thread/INFO] [IFPatcher]: PatchMobImprisonmentTool succeeded
[00:57:55] [Client thread/INFO] [IFPatcher]: Patching CustomConfiguration from IF
[00:57:55] [Client thread/INFO] [IFPatcher]: Patched Custom Configuration
[00:57:55] [Client thread/INFO] [IFPatcher]: PatchCustomConfiguration succeeded
[00:57:55] [Client thread/INFO] [justenoughdimensions]: Reloading the main configs from file '/Users/gottfrid.nordstrom@live.vasteras.se/Library/Application Support/PrismLauncher/instances/Emergent-Engineering/minecraft/config/justenoughdimensions/justenoughdimensions.cfg'
[00:57:55] [Client thread/INFO] [Daomephsta Loot Shared]: Successfully installed custom network checker for loottweaker
[00:57:55] [Client thread/INFO] [jeresources]: Loading configs..
[00:57:55] [Client thread/INFO] [jeresources]: Updating ModMetaData...
[00:57:55] [Client thread/INFO] [jeresources]: Providing API...
[00:57:55] [Client thread/INFO] [Just Enough Magiculture]: Starting Just Enough Magiculture
[00:57:55] [Client thread/INFO] [lemonskin]: AppleCore detected, enabling integration
[00:57:55] [Client thread/INFO] [modularmachinery]: [ModularMachinery-CE] Parallel executor is ready (4 Threads), Let's get started!!!
[00:57:55] [Client thread/INFO] [moretweaker]: Loading MoreTweaker v1.0.19
[00:57:55] [Client thread/ERROR] [Mystical Agriculture]: Unable to read file: /Users/gottfrid.nordstrom@live.vasteras.se/Library/Application Support/PrismLauncher/instances/Emergent-Engineering/minecraft/config/mysticalagriculture
[00:57:55] [Client thread/INFO] [Mystical Agriculture]: Loaded FlatResourcePack: ./resources
[00:57:55] [Client thread/INFO] [net.minecraft.client.resources.SimpleReloadableResourceManager]: Reloading ResourceManager: Default, FMLFileResourcePack:Forge Mod Loader, FMLFileResourcePack:Minecraft Forge, FMLFileResourcePack:Crash Assistant, FMLFileResourcePack:Red Core, FMLFileResourcePack:Fugue, FMLFileResourcePack:Key Binding Patch, FMLFileResourcePack:FermiumBooter, FMLFileResourcePack:Actually Additions, FMLFileResourcePack:AE2 Unofficial Extended Life, FMLFileResourcePack:AE2 Stuff Unofficial, FMLFileResourcePack:The Aether, FMLFileResourcePack:Alfheim, FMLFileResourcePack:Another Tips, FMLFileResourcePack:AppleCore, FMLFileResourcePack:Aqua Acrobatics, FMLFileResourcePack:Astral Sorcery, FMLFileResourcePack:Athenaeum, FMLFileResourcePack:Atlas Lib, FMLFileResourcePack:AutoRegLib, FMLFileResourcePack:Bad Wither No Cookie! Reloaded, FMLFileResourcePack:B.A.S.E, FMLFileResourcePack:Battle Towers, FMLFileResourcePack:BD Lib, FMLFileResourcePack:Beautified Chat Server, FMLFileResourcePack:Better Advancements, FMLFileResourcePack:Betterer Biomer Blender, FMLFileResourcePack:Better Chat, FMLFileResourcePack:Better Horses, FMLFileResourcePack:Better Invisibility, FMLFileResourcePack:BetterWaterSplash, FMLFileResourcePack:Blood Arsenal, FMLFileResourcePack:Blood Magic: Alchemical Wizardry, FMLFileResourcePack:Inventory Bogo Sorter, FMLFileResourcePack:Bookshelf, FMLFileResourcePack:Botania CEu, FMLFileResourcePack:Brandon's Core, FMLFileResourcePack:Brigo, FMLFileResourcePack:Battle Towers Fixes, FMLFileResourcePack:Bubbles, FMLFileResourcePack:Celeritas, FMLFileResourcePack:ChatFlow, FMLFileResourcePack:Cherished Worlds, FMLFileResourcePack:Chunk Animator, FMLFileResourcePack:Client Tweaks, FMLFileResourcePack:CodeChicken Lib, FMLFileResourcePack:CoFH Core, FMLFileResourcePack:CoFH World, FMLFileResourcePack:Collective, FMLFileResourcePack:ContentTweaker, FMLFileResourcePack:Copy Paste, FMLFileResourcePack:Corpse Complex, FMLFileResourcePack:CT-GUI, FMLFileResourcePack:CraftTweaker2, FMLFileResourcePack:CraftTweaker JEI Support, FMLFileResourcePack:CTM, FMLFileResourcePack:Cucumber Library, FMLFileResourcePack:Deep Blood Evolution, FMLFileResourcePack:DeepMobEvolution, FMLFileResourcePack:Default Options, FMLFileResourcePack:Dimensional Doors, FMLFileResourcePack:Draconic Evolution, FMLFileResourcePack:Dropt, FMLFileResourcePack:Erdbeerbaer´s Gui Lib, FMLFileResourcePack:ElegantNetworking, FMLFileResourcePack:Enchantment Descriptions, FMLFileResourcePack:EnderCore, FMLFileResourcePack:Ender IO Additions, FMLFileResourcePack:Ender IO Addons, FMLFileResourcePack:Ender IO, FMLFileResourcePack:Ender IO Base, FMLFileResourcePack:Ender IO Gas Conduits, FMLFileResourcePack:Ender IO Applied Energistics Conduits, FMLFileResourcePack:Ender IO Open Computers Conduits, FMLFileResourcePack:Ender IO Refined Storage Conduits, FMLFileResourcePack:Ender IO Conduits, FMLFileResourcePack:Ender IO endergy, FMLFileResourcePack:Ender IO Integration with Forestry, FMLFileResourcePack:Ender IO Integration with Tinkers' Construct, FMLFileResourcePack:Ender IO Integration with Tinkers' Construct, FMLFileResourcePack:Ender IO Inventory Panel, FMLFileResourcePack:Ender IO Machines, FMLFileResourcePack:Ender IO Powertools, FMLFileResourcePack:Ender's Modpack Tweaks, FMLFileResourcePack:EntityCulling, FMLFileResourcePack:Environmental Tech, FMLFileResourcePack:Extreme Sound Muffler: Legacy, FMLFileResourcePack:Extended Bone Meal, FMLFileResourcePack:ExtendedCrafting: Nomifactory Edition, FMLFileResourcePack:Extra Utilities 2, FMLFileResourcePack:Extreme Reactors, FMLFileResourcePack:Extra Utilities Fixes, FMLFileResourcePack:FermiumASM, FMLFileResourcePack:FermiumMixins, FMLFileResourcePack:Fixeroo, FMLFileResourcePack:AE2 Fluid Crafting, FMLFileResourcePack:Forgelin-Continuous, FMLFileResourcePack:Shadowfacts' Forgelin (Dummy), FMLFileResourcePack:ForkedEnderTweaker, FMLFileResourcePack:FPS Reducer, FMLFileResourcePack:FTB Library, FMLFileResourcePack:FTB Quests, FMLFileResourcePack:FTB Utilities, FMLFileResourcePack:FurnaceXPStorage, FMLFileResourcePack:Game Stages, FMLFileResourcePack:Gnetum, FMLFileResourcePack:GroovyScript, FMLFileResourcePack:Guide-API, FMLFileResourcePack:Had Enough Items, FMLFileResourcePack:Highlighter, FMLFileResourcePack:HungerTweaker, FMLFileResourcePack:Waila, FMLFileResourcePack:Ice and Fire: RotN Edition, FMLFileResourcePack:IFPatcher, FMLFileResourcePack:Immersive Petroleum, FMLFileResourcePack:Immersive Posts, FMLFileResourcePack:Immersive Engineering Tweaks, FMLFileResourcePack:Industrial Foregoing, FMLFileResourcePack:Item Filters, FMLFileResourcePack:JEI Utilities, FMLFileResourcePack:JEI Area Fixer, FMLFileResourcePack:Just Enough Dimensions, FMLFileResourcePack:Just Enough Effects, FMLFileResourcePack:Just Enough Magiculture, FMLFileResourcePack:Just Enough Resources, FMLFileResourcePack:KleeSlabs, FMLFileResourcePack:Konkrete, FMLFileResourcePack:LemonSkin, FMLFileResourcePack:LootTweaker, FMLFileResourcePack:Mantle, FMLFileResourcePack:McJtyLib, FMLFileResourcePack:Mclogs, FMLFileResourcePack:Modpack Config Checker, FMLFileResourcePack:Mod Tweaker, FMLFileResourcePack:Modular Machinery: Community Edition, FMLFileResourcePack:ModularUI, FMLFileResourcePack:MoreTweaker, FMLFileResourcePack:Mouse Tweaks Unofficial, FMLFileResourcePack:MTLib, FMLFileResourcePack:Mystical Agradditions, FMLFileResourcePack:Mystical Agriculture Community Edition, FMLFileResourcePack:Nature's Compass, FMLFileResourcePack:Nether API, FMLFileResourcePack:NoiseThreader, FMLFileResourcePack:NuclearCraft, FMLFileResourcePack:PackagedAuto, FMLFileResourcePack:PackagedDraconic, FMLFileResourcePack:PackagedExCrafting, FMLFileResourcePack:Particle Culling, FMLFileResourcePack:Patchouli, FMLFileResourcePack:Banner Patterns, FMLFileResourcePack:Performance Monitoring Enhancer, FMLFileResourcePack:ProjectETeams, FMLFileResourcePack:Pillar, FMLFileResourcePack:Portable Drill, FMLFileResourcePack:Potion Descriptions, FMLFileResourcePack:Probe, FMLFileResourcePack:ProjectE, FMLFileResourcePack:Project EX, FMLFileResourcePack:Project Intelligence, FMLFileResourcePack:Proportional Destruction Particles, FMLFileResourcePack:Quark Oddities, FMLFileResourcePack:Quark: RotN Edition, FMLFileResourcePack:RandomTweaker, FMLFileResourcePack:Reach Fix, FMLFileResourcePack:ReAuth, FMLFileResourcePack:ReBind, FMLFileResourcePack:Redstone Flux, FMLFileResourcePack:RenderLib, FMLFileResourcePack:Resource Loader, FMLFileResourcePack:Resource Reloader, FMLFileResourcePack:RFTools, FMLFileResourcePack:RFTools Dimensions, FMLFileResourcePack:RLTweaker, FMLFileResourcePack:Roid's Tweaker, FMLFileResourcePack:RoughlyEnoughIDs, FMLFileResourcePack:Sledgehammer, FMLFileResourcePack:Sound Filters, FMLFileResourcePack:Sound Reloader, FMLFileResourcePack:Spark Unforged, FMLFileResourcePack:Stellar Core, FMLFileResourcePack:Stuff A Sock In It, FMLFileResourcePack:Teams, FMLFileResourcePack:Tesla Core Lib, FMLFileResourcePack:Tesla Core Lib Registries, FMLFileResourcePack:The Aether's Baubles, FMLFileResourcePack:Thermal Cultivation, FMLFileResourcePack:Thermal Dynamics, FMLFileResourcePack:Thermal Expansion, FMLFileResourcePack:Thermal Foundation, FMLFileResourcePack:Thermal Innovation, FMLFileResourcePack:Tinkers' Antique, FMLFileResourcePack:TP+, FMLFileResourcePack:The Twilight Forest, FMLFileResourcePack:Universal Tweaks, FMLFileResourcePack:Universal Modifiers, FMLFileResourcePack:Valkyrie Lib, FMLFileResourcePack:VintageFix, FMLFileResourcePack:Wither Config, FMLFileResourcePack:Woot, FMLFileResourcePack:Worse Hurt Timer, FMLFileResourcePack:XNet, FMLFileResourcePack:ZenRecipeReloading, FMLFileResourcePack:ZenUtils, FMLFileResourcePack:Zero CORE, FMLFileResourcePack:ZS Packet, FMLFileResourcePack:Tool Progression, FMLFileResourcePack:LLibrary, FMLFileResourcePack:Immersive Engineering, FMLFileResourcePack:Daomephsta Loot Shared, FMLFileResourcePack:PassableLeaves, FMLFileResourcePack:Jade, resources, GroovyScriptResources, aquaacrobatics-new-water, quark-texture-proxy, quark-emote-pack, Flat Resource Folder
[00:57:55] [Client thread/INFO] [Astral Sorcery]: [AssetLibrary] Refreshing and Invalidating Resources
[00:57:55] [Client thread/INFO] [Astral Sorcery]: [AssetLibrary] Finished reloading, rebinding textures...
[00:57:55] [Client thread/INFO] [Astral Sorcery]: [AssetLibrary] Preload mandatory textures
[00:57:56] [Client thread/INFO] [Astral Sorcery]: [AssetLibrary] Preload textures
[00:57:58] [Client thread/INFO] [Astral Sorcery]: [AssetLibrary] Initializing sprite library
[00:57:58] [Client thread/INFO] [Astral Sorcery]: [AssetLibrary] Texture Preloading took 1356ms!
[00:57:58] [Client thread/INFO] [Astral Sorcery]: [AssetLibrary] Successfully reloaded and rebound library.
[00:57:58] [Client thread/INFO] [toolprogression]: TiC Material registered: ma.prosperity
[00:57:58] [Client thread/INFO] [toolprogression]: TiC Material registered: ma.soulium
[00:57:58] [Client thread/INFO] [toolprogression]: TiC Material registered: ma.base_essence
[00:57:58] [Client thread/INFO] [toolprogression]: TiC Material registered: ma.inferium
[00:57:58] [Client thread/INFO] [toolprogression]: TiC Material registered: ma.prudentium
[00:57:58] [Client thread/INFO] [toolprogression]: TiC Material registered: ma.intermedium
[00:57:58] [Client thread/INFO] [toolprogression]: TiC Material registered: ma.superium
[00:57:58] [Client thread/INFO] [toolprogression]: TiC Material registered: ma.supremium
[00:57:58] [Client thread/INFO] [toolprogression]: TiC Material registered: ma.prosperity
[00:57:58] [Client thread/INFO] [toolprogression]: TiC Material registered: ma.soulium
[00:57:58] [Client thread/INFO] [toolprogression]: TiC Material registered: ma.base_essence
[00:57:58] [Client thread/INFO] [toolprogression]: TiC Material registered: ma.inferium
[00:57:58] [Client thread/INFO] [toolprogression]: TiC Material registered: ma.prudentium
[00:57:58] [Client thread/INFO] [toolprogression]: TiC Material registered: ma.intermedium
[00:57:58] [Client thread/INFO] [toolprogression]: TiC Material registered: ma.superium
[00:57:58] [Client thread/INFO] [toolprogression]: TiC Material registered: ma.supremium
[00:57:58] [Client thread/INFO] [nuclearcraft]: Pre Initializing...
[00:57:58] [Client thread/INFO] [toolprogression]: TiC Material registered: boron
[00:57:58] [Client thread/INFO] [toolprogression]: TiC Material registered: boron
[00:57:58] [Client thread/INFO] [toolprogression]: TiC Material registered: tough
[00:57:58] [Client thread/INFO] [toolprogression]: TiC Material registered: tough
[00:57:58] [Client thread/INFO] [toolprogression]: TiC Material registered: hard_carbon
[00:57:58] [Client thread/INFO] [toolprogression]: TiC Material registered: hard_carbon
[00:57:58] [Client thread/INFO] [toolprogression]: TiC Material registered: boron_nitride
[00:57:58] [Client thread/INFO] [toolprogression]: TiC Material registered: boron_nitride
[00:57:58] [Client thread/INFO] [toolprogression]: TiC Material registered: thorium
[00:57:58] [Client thread/INFO] [toolprogression]: TiC Material registered: thorium
[00:57:58] [Client thread/INFO] [toolprogression]: TiC Material registered: uranium
[00:57:58] [Client thread/INFO] [toolprogression]: TiC Material registered: uranium
[00:57:58] [Client thread/INFO] [toolprogression]: TiC Material registered: magnesium
[00:57:58] [Client thread/INFO] [toolprogression]: TiC Material registered: magnesium
[00:57:58] [Client thread/INFO] [toolprogression]: TiC Material registered: chocolate
[00:57:58] [Client thread/INFO] [toolprogression]: TiC Material registered: chocolate
[00:57:59] [Client thread/INFO] [mcjtylib_ng]: RFTools Detected Dimensions addon: enabling support
[00:57:59] [Client thread/INFO] [mcjtylib_ng]: RFTools Detected XNet: enabling support
[00:57:59] [Client thread/INFO] [mcjtylib_ng]: Could not read 'userbuilder.json', this is not an error!
[00:57:59] [Client thread/INFO] [mcjtylib_ng]: Reading dimlets.json from config
[00:57:59] [Client thread/INFO] [mcjtylib_ng]: Reading default dimlets.json
[00:57:59] [Client thread/INFO] [mcjtylib_ng]: Registering rftools dimension type at id 7892
[00:57:59] [Client thread/WARN] [mixin]: @Redirect conflict. Skipping mixins.fermiummixins.early.vanilla.entitytrackerdesync.json:vanilla.PlayerList_EntityListDesyncMixin from mod unknown-owner->@Redirect::fermiummixins_vanillaPlayerList_doPrepareLeaveDimension(Lnet/minecraft/world/WorldServer;Lnet/minecraft/entity/Entity;Z)V with priority 1000, already redirected by mixins/bugfixes/mixins.entities.tracker.json:UTPlayerListMixin from mod unknown-owner->@Redirect::utDoPrepareLeaveDimension(Lnet/minecraft/world/WorldServer;Lnet/minecraft/entity/Entity;Z)V with priority 1000
[00:57:59] [Client thread/WARN] [mixin]: @Redirect conflict. Skipping mixins.fermiummixins.early.vanilla.entitytrackerdesync.json:vanilla.PlayerList_EntityListDesyncMixin from mod unknown-owner->@Redirect::fermiummixins_vanillaPlayerList_doPrepareLeaveDimensionForge(Lnet/minecraft/world/WorldServer;Lnet/minecraft/entity/Entity;Z)V with priority 1000, already redirected by mixins/bugfixes/mixins.entities.tracker.json:UTPlayerListMixin from mod unknown-owner->@Redirect::utDoPrepareLeaveDimensionForge(Lnet/minecraft/world/WorldServer;Lnet/minecraft/entity/Entity;Z)V with priority 1000
[00:57:59] [Client thread/INFO] [soundreloader]: Minecraft version: '1.12.2'
[00:57:59] [Client thread/INFO] [soundreloader]: Registering Keybindings
[00:57:59] [Client thread/INFO] [ReBind Core]: Keybinding id: soundreloader_reload_default_sound_device, known: false
[00:57:59] [Client thread/INFO] [teamsmod]: Teams: Pre-initializing
[00:57:59] [Client thread/INFO] [teamsmod]: Teams: Registered packets
[00:57:59] [Client thread/INFO] [teamsmod]: Teams: Registered event listeners
[00:57:59] [Client thread/INFO] [Universal Tweaks]: UTAttributes ::: Successfully altered attribute generic.maxHealth with 0.0 as minimum and 65536.0 as maximum
[00:57:59] [Client thread/INFO] [Universal Tweaks]: UTAttributes ::: Successfully altered attribute generic.followRange with 0.0 as minimum and 128.0 as maximum
[00:57:59] [Client thread/INFO] [Universal Tweaks]: UTAttributes ::: Successfully altered attribute generic.knockbackResistance with 0.0 as minimum and 65536.0 as maximum
[00:57:59] [Client thread/INFO] [Universal Tweaks]: UTAttributes ::: Successfully altered attribute generic.movementSpeed with 0.0 as minimum and 65536.0 as maximum
[00:57:59] [Client thread/INFO] [Universal Tweaks]: UTAttributes ::: Successfully altered attribute generic.flyingSpeed with 0.0 as minimum and 65536.0 as maximum
[00:57:59] [Client thread/INFO] [Universal Tweaks]: UTAttributes ::: Successfully altered attribute generic.attackDamage with 0.0 as minimum and 65536.0 as maximum
[00:57:59] [Client thread/INFO] [Universal Tweaks]: UTAttributes ::: Successfully altered attribute generic.attackSpeed with 0.0 as minimum and 65536.0 as maximum
[00:57:59] [Client thread/INFO] [Universal Tweaks]: UTAttributes ::: Successfully altered attribute generic.armor with 0.0 as minimum and 65536.0 as maximum
[00:57:59] [Client thread/INFO] [Universal Tweaks]: UTAttributes ::: Successfully altered attribute generic.armorToughness with 0.0 as minimum and 65536.0 as maximum
[00:57:59] [Client thread/INFO] [Universal Tweaks]: UTAttributes ::: Successfully altered attribute generic.luck with -65536.0 as minimum and 65536.0 as maximum
[00:57:59] [Client thread/INFO] [Universal Tweaks]: Universal Tweaks pre-initialized
[00:58:00] [Client thread/INFO] [deepmoblearning]: Registering Blocks...
[00:58:00] [Client thread/INFO] [Actually Additions]: Initializing Blocks...
[00:58:01] [Client thread/INFO] [deepmoblearning]: Registering Items...
[00:58:01] [Client thread/INFO] [deepmoblearning]: Registering Living Matter...
[00:58:01] [Client thread/INFO] [deepmoblearning]: Registering Data Models and Pristine Matter...
[00:58:01] [Client thread/INFO] [Actually Additions]: Initializing Items...
[00:58:01] [Client thread/INFO] [Actually Additions]: Initializing OreDictionary Entries...
[00:58:01] [Client thread/INFO] [enderio]: Farming Station: IC2 classic integration not loaded
[00:58:01] [Client thread/INFO] [enderio]: Farming Station: 'Thaumic Additions: reconstructed' integration for farming not loaded
[00:58:01] [Client thread/INFO] [enderio]: Farming Station: Immersive Engineering integration fully loaded
[00:58:01] [Client thread/INFO] [enderio]: Farming Station: Botania integration for farming fully loaded
[00:58:01] [Client thread/INFO] [enderio]: Farming Station: MFR integration not loaded
[00:58:01] [Client thread/INFO] [enderio]: Farming Station: Extra Utilities 2 integration fully loaded
[00:58:01] [Client thread/INFO] [enderio]: Farming Station: IC2 integration not loaded
[00:58:01] [Client thread/INFO] [enderio]: Farming Station: TechReborn integration not loaded
[00:58:01] [Client thread/INFO] [enderio]: Farming Station: Natura integration not loaded
[00:58:01] [Client thread/INFO] [enderio]: Farming Station: Gardencore integration not loaded
[00:58:01] [Client thread/INFO] [enderio]: Farming Station: Metallurgy integration not loaded
[00:58:01] [Client thread/INFO] [enderio]: Farming Station: Botania integration for fertilizing fully loaded
[00:58:01] [Client thread/INFO] [enderio]: Farming Station: Actually Additions integration loaded
[00:58:01] [Client thread/INFO] [enderio]: Farming Station: Magicalcrops integration not loaded
[00:58:01] [Client thread/INFO] [IFPatcher]: Patching Conveyor Insertion Upgrade from IF
[00:58:01] [Client thread/INFO] [IFPatcher]: Using 'Insertion Conveyor Upgrade' will no longer duplicate items!
[00:58:01] [Client thread/INFO] [IFPatcher]: PatchConveyorInsertionUpgrade succeeded
[00:58:02] [Client thread/INFO] [Actually Additions]: Initializing Village Addons...
[00:58:02] [Client thread/INFO] [deepmoblearning]: Registering Models...
[00:58:02] [Client thread/INFO] [Kirino Core]: ---------- Kirino Client-Side Initialization ----------
[00:58:02] [Client thread/INFO] [Kirino Core]: GLResourceManager is now active.
[00:58:02] [Client thread/INFO] [Kirino Core]: Registered the client-side default StructScanningEvent listener.
[00:58:02] [Client thread/INFO] [Kirino Core]: Registered the client-side default ComponentScanningEvent listener.
[00:58:02] [Client thread/INFO] [Kirino Core]: Registered the client-side default JobRegistrationEvent listener.
[00:58:02] [Client thread/INFO] [Kirino Core]: Registered the client-side default DebugHUDRegistrationEvent listener.
[00:58:02] [Client thread/INFO] [Kirino Core]: ---------- Kirino Common Initialization ----------
[00:58:02] [Client thread/INFO] [Kirino Core]: Registered the default ShaderRegistrationEvent listener.
[00:58:02] [Client thread/INFO] [Kirino Core]: Registered the default PostProcessingRegistrationEvent listener.
[00:58:02] [Client thread/INFO] [Kirino Core]: Initializing ECS Runtime.
[00:58:03] [Client thread/WARN] [mixin]: @Final field field_73236_b:Lit/unimi/dsi/fastutil/longs/Long2ObjectMap; in mixins.vintagefix.json:chunk_access.ChunkProviderClientMixin from mod unknown-owner should be final
[00:58:03] [Client thread/INFO] [Kirino Core]: ECS Runtime Initialized. Time taken: 1227 ms
[00:58:03] [Client thread/INFO] [Kirino Core]: Initializing Kirino Engine.
[00:58:03] [Client thread/INFO] [Kirino Core]: Registered headless module installer "com.cleanroommc.kirino.engine.analysis.install.AnalyticalWorldInstaller".
[00:58:03] [Client thread/INFO] [Kirino Core]: Registered graphics module installer "com.cleanroommc.kirino.engine.graphics.install.GraphicsWorldInstaller".
[00:58:03] [Client thread/INFO] [Kirino Core]: Kirino Engine Initialized. Time taken: 56 ms
[00:58:03] [Client thread/INFO] [Kirino Core]: ---------- Kirino Client-Side Initialization ----------
[00:58:03] [Client thread/INFO] [Kirino Core]: OpenGL version: 2.1 Metal - 89.4
[00:58:03] [Client thread/WARN] [Kirino Core]: OpenGL 4.6 not supported. Marking "RENDER_UNSUPPORTED"=true.
[00:58:04] [Sound Library Loader/INFO] [net.minecraft.client.audio.SoundManager]: Starting up SoundSystem...
[00:58:04] [ForkJoinPool-1-worker-1/WARN] [VintageFix]: Cannot list resources from pack resources (com.teamacronymcoders.base.util.files.DirectoryResourcePack)
[00:58:04] [ForkJoinPool-1-worker-1/WARN] [VintageFix]: Cannot list resources from pack Flat Resource Folder (com.blakebr0.mysticalagriculture.util.resources.FlattenedResourcePack)
[00:58:04] [ForkJoinPool-1-worker-1/WARN] [VintageFix]: Cannot list resources from pack quark-emote-pack (vazkii.quark.vanity.client.emotes.CustomEmoteIconResourcePack)
[00:58:04] [Thread-17/INFO] [net.minecraft.client.audio.SoundManager]: Initializing LWJGL OpenAL
[00:58:04] [Thread-17/INFO] [net.minecraft.client.audio.SoundManager]: (The LWJGL binding of OpenAL.  For more information, see http://www.lwjgl.org)
[00:58:04] [ForkJoinPool-1-worker-1/WARN] [VintageFix]: Cannot list resources from pack aquaacrobatics-new-water (com.fuzs.aquaacrobatics.client.model.WaterResourcePack)
[00:58:04] [ForkJoinPool-1-worker-1/WARN] [VintageFix]: Cannot list resources from pack quark-texture-proxy (vazkii.quark.base.client.ResourceProxy)
[00:58:04] [ForkJoinPool-1-worker-1/INFO] [VintageFix]: Found 27722 sprites (some possibly duplicated among resource packs)
[00:58:04] [Client thread/WARN] [VintageFix]: Cannot list resources from pack resources (com.teamacronymcoders.base.util.files.DirectoryResourcePack)
[00:58:04] [Client thread/WARN] [VintageFix]: Cannot list resources from pack Flat Resource Folder (com.blakebr0.mysticalagriculture.util.resources.FlattenedResourcePack)
[00:58:04] [Client thread/WARN] [VintageFix]: Cannot list resources from pack quark-emote-pack (vazkii.quark.vanity.client.emotes.CustomEmoteIconResourcePack)
[00:58:05] [Client thread/WARN] [VintageFix]: Cannot list resources from pack aquaacrobatics-new-water (com.fuzs.aquaacrobatics.client.model.WaterResourcePack)
[00:58:05] [Client thread/WARN] [VintageFix]: Cannot list resources from pack quark-texture-proxy (vazkii.quark.base.client.ResourceProxy)
[00:58:05] [Client thread/INFO] [VintageFix]: Early loading 55 models
[00:58:05] [Client thread/WARN] [VintageFix]: Path mixins.sledgehammer.conarm.json is not a valid model location
[00:58:05] [Client thread/WARN] [VintageFix]: Path fugue.mixin.mod.json is not a valid model location
[00:58:05] [Client thread/INFO] [VintageFix]: Permanently loaded 28 models
[00:58:06] [ForkJoinPool-1-worker-1/INFO] [VintageFix]: Texture search took 2.068 s, total of 37204 collected sprites
[00:58:07] [Client thread/INFO] [immersiveengineering]: Stitching Revolver Textures!
[00:58:07] [Client thread/WARN] [VintageFix]: Can't preload sprite class twilightforest.compat.tcon.texture.FieryTConTexture (seen 14/20242 times)
[00:58:07] [Client thread/WARN] [VintageFix]: Can't preload sprite class slimeknights.tconstruct.library.client.texture.MetalTextureTexture (seen 107/20242 times)
[00:58:07] [Client thread/WARN] [VintageFix]: Can't preload sprite class codechicken.lib.texture.TextureSpecial (seen 45/20242 times)
[00:58:07] [Client thread/WARN] [VintageFix]: Can't preload sprite class net.minecraftforge.client.model.ModelDynBucket$BucketBaseSprite (seen 1/20242 times)
[00:58:07] [Client thread/WARN] [VintageFix]: Can't preload sprite class slimeknights.tconstruct.library.client.texture.TextureColoredTexture (seen 1290/20242 times)
[00:58:07] [Client thread/WARN] [VintageFix]: Can't preload sprite class com.rwtema.extrautils2.modcompat.TinkersIntegration$4$1 (seen 107/20242 times)
[00:58:07] [Client thread/WARN] [VintageFix]: Can't preload sprite class slimeknights.tconstruct.library.client.texture.MetalColoredTexture (seen 1589/20242 times)
[00:58:07] [Client thread/WARN] [VintageFix]: Can't preload sprite class slimeknights.tconstruct.library.client.texture.InverseColoredTexture (seen 107/20242 times)
[00:58:07] [Client thread/WARN] [VintageFix]: Can't preload sprite class slimeknights.tconstruct.library.client.texture.CastTexture (seen 27/20242 times)
[00:58:07] [Client thread/WARN] [VintageFix]: Can't preload sprite class net.minecraftforge.client.model.ModelLoader$White (seen 1/20242 times)
[00:58:07] [Client thread/WARN] [VintageFix]: Can't preload sprite class com.rwtema.extrautils2.textures.SpriteCompressed (seen 27/20242 times)
[00:58:07] [Client thread/WARN] [VintageFix]: Can't preload sprite class com.rwtema.extrautils2.textures.SpriteSub (seen 6/20242 times)
[00:58:07] [Client thread/WARN] [VintageFix]: Can't preload sprite class com.rwtema.extrautils2.modcompat.XUTConTextureMagicWood (seen 107/20242 times)
[00:58:07] [Client thread/WARN] [VintageFix]: Can't preload sprite class com.rwtema.extrautils2.modcompat.TinkersIntegration$2$1 (seen 92/20242 times)
[00:58:07] [Client thread/WARN] [VintageFix]: Can't preload sprite class cofh.thermaldynamics.render.TextureTransparent (seen 6/20242 times)
[00:58:07] [Client thread/WARN] [VintageFix]: Can't preload sprite class twilightforest.client.texture.GradientMappedTexture (seen 41/20242 times)
[00:58:07] [Client thread/WARN] [VintageFix]: Can't preload sprite class com.rwtema.extrautils2.fluids.TexturePlasma (seen 3/20242 times)
[00:58:07] [Client thread/WARN] [VintageFix]: Can't preload sprite class com.rwtema.extrautils2.textures.SpriteConnectedTextures (seen 437/20242 times)
[00:58:07] [Client thread/WARN] [VintageFix]: Can't preload sprite class twilightforest.compat.tcon.texture.GradientMappedTConTexture (seen 18/20242 times)
[00:58:07] [Client thread/WARN] [VintageFix]: Can't preload sprite class com.rwtema.extrautils2.modcompat.TinkersIntegration$3$1 (seen 92/20242 times)
[00:58:07] [Client thread/WARN] [VintageFix]: Can't preload sprite class slimeknights.tconstruct.library.client.texture.PatternTexture (seen 27/20242 times)
[00:58:07] [Client thread/WARN] [VintageFix]: Can't preload sprite class com.rwtema.extrautils2.textures.TextureRedstoneClock (seen 1/20242 times)
[00:58:07] [Client thread/WARN] [VintageFix]: Can't preload sprite class net.minecraftforge.client.model.ModelDynBucket$BucketCoverSprite (seen 1/20242 times)
[00:58:07] [Client thread/WARN] [VintageFix]: Can't preload sprite class slimeknights.tconstruct.library.client.texture.SimpleColoredTexture (seen 1437/20242 times)
[00:58:07] [Client thread/WARN] [VintageFix]: Can't preload sprite class twilightforest.client.texture.MoltenFieryTexture (seen 2/20242 times)
[00:58:07] [Client thread/WARN] [VintageFix]: Can't preload sprite class slimeknights.tconstruct.library.client.texture.GuiOutlineTexture (seen 27/20242 times)
[00:58:08] [Thread-17/INFO] [net.minecraft.client.audio.SoundManager]: OpenAL initialized.
[00:58:08] [Sound Library Loader/INFO] [net.minecraft.client.audio.SoundManager]: Sound engine started
[00:58:08] [Client thread/INFO] [VintageFix]: Preloaded 14630 sprites in 1.686 s
[00:58:09] [Client thread/WARN] [net.minecraft.client.renderer.texture.TextureMap]: Texture twilightforest:textures/items/yeti_helm.png with size 18x18 will have visual artifacts at mip level 4, it can only support level 1. Please report to the mod author that the texture should be some multiple of 16x16.
[00:58:09] [Client thread/WARN] [net.minecraft.client.renderer.texture.TextureMap]: Texture astralsorcery:textures/models/star_bg.png with size 1125x1125 will have visual artifacts at mip level 4, it can only support level 0. Please report to the mod author that the texture should be some multiple of 16x16.
[00:58:09] [Client thread/WARN] [net.minecraft.client.renderer.texture.TextureMap]: Texture immersiveengineering:textures/models/blueprint_frame.png with size 56x56 will have visual artifacts at mip level 4, it can only support level 3. Please report to the mod author that the texture should be some multiple of 16x16.
[00:58:10] [Client thread/INFO] [net.minecraft.client.renderer.texture.TextureMap]: Created: 8192x4096 textures-atlas
[00:58:10] [Client thread/ERROR] [org.embeddedt.vintagefix.dynamicresources.model.DynamicModelProvider]: Failed to load model enderio:block_painted_double_slab#inventory
[00:58:10] [Client thread/ERROR] [org.embeddedt.vintagefix.dynamicresources.model.DynamicBakedModelProvider]: Error occured while loading model enderio:block_painted_double_slab#inventory
[00:58:10] [Client thread/ERROR] [org.embeddedt.vintagefix.dynamicresources.model.DynamicModelProvider]: Failed to load model enderio:block_painted_stone_double_slab#inventory
[00:58:10] [Client thread/ERROR] [org.embeddedt.vintagefix.dynamicresources.model.DynamicBakedModelProvider]: Error occured while loading model enderio:block_painted_stone_double_slab#inventory
[00:58:10] [Client thread/ERROR] [org.embeddedt.vintagefix.dynamicresources.model.DynamicModelProvider]: Failed to load model enderio:block_painted_sand#variant=sand
[00:58:10] [Client thread/ERROR] [org.embeddedt.vintagefix.dynamicresources.model.DynamicBakedModelProvider]: Error occured while loading model enderio:block_painted_sand#variant=sand
[00:58:11] [Client thread/ERROR] [VintageFix]: Suppressing further model loading errors for namespace 'enderio'
[00:58:12] [Client thread/WARN] [Extra Utilities Fixes]: Suppressed a huge pile of (harmless) model loading errors from extra utilities using its special snowflake model system, if you want them, you can turn this off in the config
[00:58:12] [Client thread/INFO] [Quark ASM]: Transforming net.minecraftforge.client.model.pipeline.LightUtil
[00:58:12] [Client thread/INFO] [Quark ASM]: Applying Transformation to method (Names [renderQuadColor, ] Descriptor (Lnet/minecraft/client/renderer/BufferBuilder;Lnet/minecraft/client/renderer/block/model/BakedQuad;I)V)
[00:58:12] [Client thread/INFO] [Quark ASM]: Located Method, patching...
[00:58:12] [Client thread/INFO] [Quark ASM]: Patch result: true
[00:58:12] [Client thread/ERROR] [org.embeddedt.vintagefix.dynamicresources.model.DynamicModelProvider]: Failed to load model appliedenergistics2:smooth_sky_stone_chest#natural=false
[00:58:12] [Client thread/ERROR] [org.embeddedt.vintagefix.dynamicresources.model.DynamicBakedModelProvider]: Error occured while loading model appliedenergistics2:smooth_sky_stone_chest#natural=false
[00:58:12] [Client thread/ERROR] [org.embeddedt.vintagefix.dynamicresources.model.DynamicModelProvider]: Failed to load model appliedenergistics2:smooth_sky_stone_chest#natural=true
[00:58:12] [Client thread/ERROR] [org.embeddedt.vintagefix.dynamicresources.model.DynamicBakedModelProvider]: Error occured while loading model appliedenergistics2:smooth_sky_stone_chest#natural=true
[00:58:12] [Client thread/ERROR] [org.embeddedt.vintagefix.dynamicresources.model.DynamicModelProvider]: Failed to load model extrautils2:snowglobe#inventory
[00:58:12] [Client thread/ERROR] [org.embeddedt.vintagefix.dynamicresources.model.DynamicBakedModelProvider]: Error occured while loading model extrautils2:snowglobe#inventory
[00:58:12] [Client thread/ERROR] [org.embeddedt.vintagefix.dynamicresources.model.DynamicModelProvider]: Failed to load model extrautils2:wateringcan#inventory
[00:58:12] [Client thread/ERROR] [org.embeddedt.vintagefix.dynamicresources.model.DynamicBakedModelProvider]: Error occured while loading model extrautils2:wateringcan#inventory
[00:58:12] [Client thread/ERROR] [org.embeddedt.vintagefix.dynamicresources.model.DynamicModelProvider]: Failed to load model extrautils2:itemcreativedestructionwand#inventory
[00:58:12] [Client thread/ERROR] [org.embeddedt.vintagefix.dynamicresources.model.DynamicBakedModelProvider]: Error occured while loading model extrautils2:itemcreativedestructionwand#inventory
[00:58:12] [Client thread/ERROR] [VintageFix]: Suppressing further model loading errors for namespace 'extrautils2'
[00:58:13] [Client thread/WARN] [VintageFix]: Posting dynamic ModelBakeEvent to mods took 2.275 s, breakdown below:
[00:58:13] [Client thread/WARN] [VintageFix]:     FMLMod:enderio{5.4.2}: 1.432 s
[00:58:13] [Client thread/WARN] [VintageFix]:     FMLMod:appliedenergistics2{v0.56.7}: 621.9 ms
[00:58:13] [Client thread/INFO] [FermiumASM]: Clearing and Trimming multipartModels, original size: 0 entries
[00:58:13] [Client thread/INFO] [FermiumASM]: Clearing and Trimming multipartDefinitions, original size: 0 entries
[00:58:13] [Client thread/INFO] [FermiumASM]: Clearing and Trimming multipartVariantMap, original size: 0 entries
[00:58:13] [Client thread/INFO] [FermiumASM]: Clearing and Trimming blockDefinitions, original size: 0 entries
[00:58:13] [Client thread/INFO] [FermiumASM]: Evicted 13823 sprites' frame texture data
[00:58:13] [Client thread/INFO] [Quark ASM]: Transforming net.minecraft.client.renderer.entity.layers.LayerArmorBase
[00:58:13] [Client thread/INFO] [Quark ASM]: Applying Transformation to method (Names [renderArmorLayer, func_188361_a] Descriptor (Lnet/minecraft/entity/EntityLivingBase;FFFFFFFLnet/minecraft/inventory/EntityEquipmentSlot;)V)
[00:58:13] [Client thread/INFO] [Quark ASM]: Located Method, patching...
[00:58:13] [Client thread/INFO] [Quark ASM]: Patch result: true
[00:58:13] [Client thread/INFO] [Quark ASM]: Applying Transformation to method (Names [renderEnchantedGlint, func_188364_a] Descriptor (Lnet/minecraft/client/renderer/entity/RenderLivingBase;Lnet/minecraft/entity/EntityLivingBase;Lnet/minecraft/client/model/ModelBase;FFFFFFF)V)
[00:58:13] [Client thread/INFO] [Quark ASM]: Located Method, patching...
[00:58:13] [Client thread/INFO] [Quark ASM]: Located patch target node INVOKESTATIC net/minecraft/client/renderer/GlStateManager.func_179131_c (FFFF)V
[00:58:13] [Client thread/INFO] [Quark ASM]: Located patch target node INVOKESTATIC net/minecraft/client/renderer/GlStateManager.func_179131_c (FFFF)V
[00:58:13] [Client thread/INFO] [Quark ASM]: Patch result: true
[00:58:13] [Client thread/INFO] [Fixeroo]: Transforming net.minecraft.client.renderer.entity.RenderXPOrb
[00:58:13] [Client thread/INFO] [Quark ASM]: Transforming net.minecraft.client.renderer.entity.RenderBoat
[00:58:13] [Client thread/INFO] [Quark ASM]: Applying Transformation to method (Names [doRender, func_188300_b] Descriptor (Lnet/minecraft/entity/item/EntityBoat;DDDFF)V)
[00:58:13] [Client thread/INFO] [Quark ASM]: Located Method, patching...
[00:58:13] [Client thread/INFO] [Quark ASM]: Located patch target node INVOKEINTERFACE net/minecraft/client/model/IMultipassModel.func_187054_b (Lnet/minecraft/entity/Entity;FFFFFF)V (itf)
[00:58:13] [Client thread/INFO] [Quark ASM]: Patch result: true
[00:58:13] [Client thread/INFO] [Quark ASM]: Transforming net.minecraft.client.renderer.entity.layers.LayerEntityOnShoulder
[00:58:13] [Client thread/INFO] [Quark ASM]: Applying Transformation to method (Names [renderEntityOnShoulder, func_192864_a] Descriptor (Lnet/minecraft/entity/player/EntityPlayer;Ljava/util/UUID;Lnet/minecraft/nbt/NBTTagCompound;Lnet/minecraft/client/renderer/entity/RenderLivingBase;Lnet/minecraft/client/model/ModelBase;Lnet/minecraft/util/ResourceLocation;Ljava/lang/Class;FFFFFFFZ)Lnet/minecraft/client/renderer/entity/layers/LayerEntityOnShoulder$DataHolder;)
[00:58:13] [Client thread/INFO] [Quark ASM]: Located Method, patching...
[00:58:13] [Client thread/INFO] [Quark ASM]: Located patch target node INVOKEVIRTUAL net/minecraft/client/renderer/entity/RenderLivingBase.func_110776_a (Lnet/minecraft/util/ResourceLocation;)V
[00:58:13] [Client thread/INFO] [Quark ASM]: Patch result: true
[00:58:13] [VintageFix item baking thread/INFO] [VintageFix]: Baking 9222 models in background
[00:58:13] [Client thread/INFO] [Quark ASM]: Transforming net.minecraft.client.renderer.BlockModelRenderer
[00:58:13] [Client thread/INFO] [Quark ASM]: Applying Transformation to method (Names [renderQuadsFlat, func_187496_a] Descriptor (Lnet/minecraft/world/IBlockAccess;Lnet/minecraft/block/state/IBlockState;Lnet/minecraft/util/math/BlockPos;IZLnet/minecraft/client/renderer/BufferBuilder;Ljava/util/List;Ljava/util/BitSet;)V)
[00:58:13] [Client thread/INFO] [Quark ASM]: Located Method, patching...
[00:58:13] [Client thread/INFO] [Quark ASM]: Located patch target node INVOKEVIRTUAL net/minecraft/client/renderer/BufferBuilder.func_178987_a (DDD)V
[00:58:13] [Client thread/INFO] [Quark ASM]: Patch result: true
[00:58:14] [Client thread/INFO] [Astral Core]: [AstralTransformer] Transforming alm : net.minecraft.enchantment.EnchantmentHelper with 1 patches!
[00:58:14] [Client thread/INFO] [Astral Core]: [AstralTransformer] Applied patch PATCHMODIFYENCHANTMENTLEVELS
[00:58:14] [Client thread/INFO] [Quark ASM]: Transforming net.minecraft.enchantment.EnchantmentHelper
[00:58:14] [Client thread/INFO] [Quark ASM]: Applying Transformation to method (Names [getEnchantments, func_82781_a] Descriptor (Lnet/minecraft/item/ItemStack;)Ljava/util/Map;)
[00:58:14] [Client thread/INFO] [Quark ASM]: Located Method, patching...
[00:58:14] [Client thread/INFO] [Quark ASM]: Located patch target node INVOKEVIRTUAL net/minecraft/item/ItemStack.func_77986_q ()Lnet/minecraft/nbt/NBTTagList;
[00:58:14] [Client thread/INFO] [Quark ASM]: Patch result: true
[00:58:14] [Client thread/INFO] [deepmoblearning]: Registering Dynamic Recipes...
[00:58:14] [Client thread/INFO] [immersiveposts]: Registering Recipes.
[00:58:14] [Client thread/INFO] [Actually Additions]: Initializing Crafting Recipes...
[00:58:14] [Client thread/INFO] [draconicevolution]: Loading Default Recipes...
[00:58:15] [VintageFix item baking thread/ERROR] [org.embeddedt.vintagefix.dynamicresources.model.DynamicModelProvider]: Failed to load model modularmachinery:blockstatedmachinecomponent_working#inventory
[00:58:15] [VintageFix item baking thread/ERROR] [org.embeddedt.vintagefix.dynamicresources.model.DynamicBakedModelProvider]: Error occured while loading model modularmachinery:blockstatedmachinecomponent_working#inventory
[00:58:15] [Client thread/INFO] [Astral Core]: [AstralTransformer] Transforming aip : net.minecraft.item.ItemStack with 2 patches!
[00:58:15] [Client thread/INFO] [Astral Core]: [AstralTransformer] Applied patch PATCHMODIFYENCHANTMENTLEVELSTOOLTIP
[00:58:15] [Client thread/INFO] [Astral Core]: [AstralTransformer] Applied patch PATCHMODIFYENCHANTMENTLEVELSTOOLTIPEVENT
[00:58:15] [Client thread/INFO] [Quark ASM]: Transforming net.minecraft.item.ItemStack
[00:58:15] [Client thread/INFO] [Quark ASM]: Applying Transformation to method (Names [getTextComponent, func_151000_E] Descriptor ()Lnet/minecraft/util/text/ITextComponent;)
[00:58:15] [Client thread/INFO] [Quark ASM]: Located Method, patching...
[00:58:15] [Client thread/INFO] [Quark ASM]: Located patch target node ARETURN
[00:58:15] [Client thread/INFO] [Quark ASM]: Patch result: true
[00:58:15] [Client thread/INFO] [BogoSorter-Core]: Applied EntityPlayer interactOn ASM
[00:58:15] [Client thread/INFO] [BogoSorter-Core]: Applied EntityPlayer interactOn ASM
[00:58:15] [Client thread/INFO] [BogoSorter-Core]: Applied EntityPlayer interactOn ASM
[00:58:15] [Client thread/INFO] [BogoSorter-Core]: Applied EntityPlayer attackTargetEntityWithCurrentItem ASM
[00:58:15] [Client thread/INFO] [Fixeroo]: Transforming net.minecraft.entity.player.EntityPlayer
[00:58:15] [Client thread/INFO] [EnderCore ASM]: Transforming net.minecraft.entity.player.EntityPlayer finished, added func_184613_cA() overriding EntityLivingBase
[00:58:15] [Client thread/INFO] [Astral Core]: [AstralTransformer] Transforming amu : net.minecraft.world.World with 2 patches!
[00:58:15] [Client thread/INFO] [Astral Core]: [AstralTransformer] Applied patch PATCHSUNBRIGHTNESSWORLDCLIENT
[00:58:15] [Client thread/INFO] [Astral Core]: [AstralTransformer] Applied patch PATCHSUNBRIGHTNESSWORLDCOMMON
[00:58:15] [Client thread/INFO] [ASMUtil]: Transforming class net/minecraft/world/World
[00:58:15] [Client thread/INFO] [ASMUtil]: Transforming class net/minecraft/world/World
[00:58:15] [Client thread/INFO] [ASMUtil]: Transforming class net/minecraft/world/World
[00:58:15] [Client thread/INFO] [ASMUtil]: Transforming class net/minecraft/world/World
[00:58:15] [Client thread/WARN] [mixin]: @Redirect conflict. Skipping mixins.fermiummixins.early.vanilla.chunkentitylistpatch.json:vanilla.World_EntityListPatchMixin from mod unknown-owner->@Redirect::fermiummixins_vanillaWorld_updateEntityWithOptionalForce(Lnet/minecraft/entity/Entity;)Z with priority 1000, already redirected by mixins/bugfixes/mixins.entities.entitylists.json:UTWorldMixin from mod unknown-owner->@Redirect::utAlwaysLoadChunk(Lnet/minecraft/entity/Entity;)Z with priority 1000
[00:58:15] [Client thread/INFO] [Quark ASM]: Transforming net.minecraft.entity.Entity
[00:58:15] [Client thread/INFO] [Quark ASM]: Applying Transformation to method (Names [move, func_70091_d] Descriptor (Lnet/minecraft/entity/MoverType;DDD)V)
[00:58:15] [Client thread/INFO] [Quark ASM]: Located Method, patching...
[00:58:15] [Client thread/INFO] [Quark ASM]: Patch result: true
[00:58:15] [Client thread/INFO] [Quark ASM]: Located Method, patching...
[00:58:15] [Client thread/INFO] [Quark ASM]: Located patch target node INVOKEVIRTUAL net/minecraft/entity/Entity.func_145775_I ()V
[00:58:15] [Client thread/INFO] [Quark ASM]: Patch result: true
[00:58:15] [Client thread/INFO] [Quark ASM]: Applying Transformation to method (Names [onEntityUpdate, func_70030_z] Descriptor ()V)
[00:58:15] [Client thread/INFO] [Quark ASM]: Located Method, patching...
[00:58:15] [Client thread/INFO] [Quark ASM]: Patch result: true
[00:58:15] [Client thread/INFO] [ASMUtil]: Transforming class net/minecraft/entity/Entity
[00:58:15] [Client thread/INFO] [ASMUtil]: Transforming class net/minecraft/entity/Entity
[00:58:16] [Client thread/INFO] [Fixeroo]: Transforming net.minecraft.entity.item.EntityXPOrb
[00:58:16] [Client thread/INFO] [Quark ASM]: Transforming net.minecraft.entity.item.EntityItem
[00:58:16] [Client thread/INFO] [Quark ASM]: Applying Transformation to method (Names [onUpdate, func_70071_h_] Descriptor ()V)
[00:58:16] [Client thread/INFO] [Quark ASM]: Located Method, patching...
[00:58:16] [Client thread/INFO] [Quark ASM]: Patch result: true
[00:58:16] [VintageFix item baking thread/ERROR] [org.embeddedt.vintagefix.dynamicresources.model.DynamicModelProvider]: Failed to load model minecraft:old_wood_slab#inventory
[00:58:16] [VintageFix item baking thread/ERROR] [org.embeddedt.vintagefix.dynamicresources.model.DynamicBakedModelProvider]: Error occured while loading model minecraft:old_wood_slab#inventory
[00:58:16] [Client thread/INFO] [Astral Core]: [AstralTransformer] Transforming vp : net.minecraft.entity.EntityLivingBase with 4 patches!
[00:58:16] [Client thread/INFO] [Astral Core]: [AstralTransformer] Applied patch PATCHAPPLYPOTIONEFFECTEVENT
[00:58:16] [Client thread/INFO] [Astral Core]: [AstralTransformer] Applied patch PATCHENTITYLIVINGBASEWATERSLOWDOWN
[00:58:16] [Client thread/INFO] [Astral Core]: [AstralTransformer] Applied patch PATCHSETPLAYERATTRIBUTE
[00:58:16] [Client thread/INFO] [Astral Core]: [AstralTransformer] Applied patch PATCHUPDATEELYTRA
[00:58:16] [Client thread/INFO] [ASMUtil]: Transforming class net/minecraft/entity/EntityLivingBase
[00:58:16] [Client thread/INFO] [ASMUtil]: Transforming class net/minecraft/entity/EntityLivingBase
[00:58:16] [Client thread/INFO] [ASMUtil]: Transforming class net/minecraft/entity/EntityLivingBase
[00:58:16] [Client thread/INFO] [ASMUtil]: Transforming class net/minecraft/entity/EntityLivingBase
[00:58:16] [Client thread/INFO] [ASMUtil]: Transforming class net/minecraft/entity/monster/EntityMob
[00:58:16] [Client thread/INFO] [ASMUtil]: Transforming class net/minecraft/entity/monster/EntityMob
[00:58:16] [Client thread/INFO] [Quark ASM]: Transforming net.minecraft.util.DamageSource
[00:58:16] [Client thread/INFO] [Quark ASM]: Applying Transformation to method (Names [causePlayerDamage, func_76365_a] Descriptor (Lnet/minecraft/entity/player/EntityPlayer;)Lnet/minecraft/util/DamageSource;)
[00:58:16] [Client thread/INFO] [Quark ASM]: Located Method, patching...
[00:58:16] [Client thread/INFO] [Quark ASM]: Patch result: true
[00:58:16] [Client thread/INFO] [ASMUtil]: Transforming class net/minecraft/potion/PotionEffect
[00:58:16] [Client thread/INFO] [ASMUtil]: Transforming class net/minecraft/potion/PotionEffect
[00:58:16] [Client thread/WARN] [mixin]: @Redirect conflict. Skipping mixins.fermiummixins.early.vanilla.untippedarrowparticles.json:vanilla.EntityTippedArrow_ParticleRenderMixin from mod unknown-owner->@Redirect::fermiummixins_vanillaEntityTippedArrow_refreshColor(I)Ljava/lang/Integer; with priority 1000, already redirected by mixins/bugfixes/mixins.entities.untippedarrowparticles.json:UTEntityTippedArrowMixin from mod unknown-owner->@Redirect::utTippedArrowRefreshColor(I)Ljava/lang/Integer; with priority 1000
[00:58:16] [Client thread/INFO] [Actually Additions]: Starting Initialization Phase...
[00:58:16] [Client thread/INFO] [Actually Additions]: Initializing GuiHandler...
[00:58:16] [Client thread/INFO] [Actually Additions]: Registering World Generator...
[00:58:16] [Client thread/INFO] [Actually Additions]: Registering TileEntities...
[00:58:16] [Client thread/INFO] [Actually Additions]: Initializing Entities...
[00:58:16] [Client thread/INFO] [Actually Additions]: Initializing ClientProxy...
[00:58:16] [Client thread/INFO] [Actually Additions]: Initialization Finished.
[00:58:16] [Client thread/INFO] [AE2:C]: Initialization ( started )
[00:58:16] [Client thread/INFO] [ReBind Core]: Keybinding id: appliedenergistics2_toggle_focus_desc, known: false
[00:58:16] [Client thread/INFO] [ReBind Core]: Keybinding id: appliedenergistics2_open_wireless_terminal_desc, known: false
[00:58:16] [Client thread/INFO] [ReBind Core]: Keybinding id: appliedenergistics2_open_wireless_crafting_terminal_desc, known: false
[00:58:16] [Client thread/INFO] [ReBind Core]: Keybinding id: appliedenergistics2_open_wireless_pattern_terminal_desc, known: false
[00:58:16] [Client thread/INFO] [ReBind Core]: Keybinding id: appliedenergistics2_open_wireless_fluid_terminal_desc, known: false
[00:58:16] [Client thread/INFO] [ReBind Core]: Keybinding id: appliedenergistics2_open_wireless_interface_terminal_desc, known: false
[00:58:16] [Client thread/INFO] [AE2:C]: Starting AE2 CSV Export
[00:58:16] [AE2 CSV Export/INFO] [AE2:C]: Cache is enabled. Checking for new mod configurations.
[00:58:16] [AE2 CSV Export/INFO] [AE2:C]: New mod configuration was found. Commencing exporting.
[00:58:16] [AE2 CSV Export/INFO] [AE2:C]: Item Exporting ( started )
[00:58:16] [Client thread/INFO] [AE2:C]: Initialization ( ended after 47ms )
[00:58:16] [Client thread/INFO] [bdlib]: Adding delayed color handlers
[00:58:16] [Client thread/INFO] [bdlib]: Initialized network channel 'bdew.ae2stuff' for mod 'ae2stuff'
[00:58:16] [AE2 CSV Export/INFO] [AE2:C]: Exported successfully 5420 items into items.csv
[00:58:16] [AE2 CSV Export/INFO] [AE2:C]: Item Exporting ( ended after 328 ms)
[00:58:16] [Client thread/INFO] [ReBind Core]: Keybinding id: aether_legacy_aether_accessory_menu, known: false
[00:58:16] [Client thread/INFO] [anothertips]: Another Tips starts initializing.
[00:58:16] [Client thread/INFO] [anothertips]: Another Tips initialized.
[00:58:16] [Client thread/INFO] [Astral Sorcery]: Ignoring fluid fluidoil for rarity registry - it doesn't exist in the current environment
[00:58:16] [Client thread/INFO] [Astral Sorcery]: Ignoring fluid fluidnitrodiesel for rarity registry - it doesn't exist in the current environment
[00:58:16] [Client thread/INFO] [Astral Sorcery]: Ignoring fluid ic2uu_matter for rarity registry - it doesn't exist in the current environment
[00:58:16] [Client thread/INFO] [Astral Sorcery]: Ignoring fluid ic2biomass for rarity registry - it doesn't exist in the current environment
[00:58:16] [Client thread/INFO] [Astral Sorcery]: Ignoring fluid ic2biogas for rarity registry - it doesn't exist in the current environment
[00:58:16] [Client thread/INFO] [Astral Sorcery]: Ignoring fluid nacre for rarity registry - it doesn't exist in the current environment
[00:58:16] [Client thread/INFO] [Astral Sorcery]: Ignoring amulet enchantment 'cofhcore:holding' as it's prone to cause issues.
[00:58:16] [Client thread/INFO] [Astral Sorcery]: Got 0 recipe modifications from CraftTweaker. - Applying...
[00:58:16] [Client thread/INFO] [Astral Sorcery]: Recipe changes applied.
[00:58:16] [Client thread/INFO] [Astral Core]: [AstralTransformer] Transforming wh : net.minecraft.entity.ai.attributes.ModifiableAttributeInstance with 1 patches!
[00:58:16] [Client thread/INFO] [Astral Core]: [AstralTransformer] Applied patch PATCHPOSTPROCESSATTRIBUTES
[00:58:16] [Client thread/INFO] [Astral Sorcery]: Loaded OAK of minecraft into tree registry.
[00:58:16] [Client thread/INFO] [Astral Sorcery]: Loaded SPRUCE of minecraft into tree registry.
[00:58:16] [Client thread/INFO] [Astral Sorcery]: Loaded BIRCH of minecraft into tree registry.
[00:58:16] [Client thread/INFO] [Astral Sorcery]: Loaded JUNGLE of minecraft into tree registry.
[00:58:16] [Client thread/INFO] [Astral Sorcery]: Loaded ACACIA of minecraft into tree registry.
[00:58:16] [Client thread/INFO] [Astral Sorcery]: Loaded DARK_OAK of minecraft into tree registry.
[00:58:16] [Client thread/INFO] [Astral Sorcery]: Loaded SLIME of tconstruct into tree registry.
[00:58:17] [Client thread/INFO] [ReBind Core]: Keybinding id: jei_toggleoverlay, known: false
[00:58:17] [Client thread/INFO] [ReBind Core]: Keybinding id: jei_focussearch, known: false
[00:58:17] [Client thread/INFO] [ReBind Core]: Keybinding id: jei_togglecheatmode, known: false
[00:58:17] [Client thread/INFO] [ReBind Core]: Keybinding id: jei_toggleeditmode, known: false
[00:58:17] [Client thread/INFO] [ReBind Core]: Keybinding id: jei_showrecipe, known: false
[00:58:17] [Client thread/INFO] [ReBind Core]: Keybinding id: jei_showuses, known: false
[00:58:17] [Client thread/INFO] [ReBind Core]: Keybinding id: jei_recipeback, known: false
[00:58:17] [Client thread/INFO] [ReBind Core]: Keybinding id: jei_previouspage, known: false
[00:58:17] [Client thread/INFO] [ReBind Core]: Keybinding id: jei_nextpage, known: false
[00:58:17] [Client thread/INFO] [ReBind Core]: Keybinding id: jei_hei_previouscategory, known: false
[00:58:17] [Client thread/INFO] [ReBind Core]: Keybinding id: jei_hei_nextcategory, known: false
[00:58:17] [Client thread/INFO] [ReBind Core]: Keybinding id: jei_bookmark, known: false
[00:58:17] [Client thread/INFO] [ReBind Core]: Keybinding id: jei_hei_bookmarktotop, known: false
[00:58:17] [Client thread/INFO] [ReBind Core]: Keybinding id: jei_hei_recipebookmark, known: false
[00:58:17] [Client thread/INFO] [ReBind Core]: Keybinding id: jei_hei_togglebookmarkoverlay, known: false
[00:58:17] [Client thread/INFO] [ReBind Core]: Keybinding id: jei_hei_crafting, known: false
[00:58:17] [Client thread/INFO] [Had Enough Items]: Created: 256x128 textures-atlas
[00:58:17] [VintageFix item baking thread/INFO] [VintageFix]: Item baking finished in 3.810 s
[00:58:17] [Client thread/INFO] [Battle Towers Fixes]: *** REGISTERING BATTLE TOWER VARIANTS ***
[00:58:17] [Client thread/INFO] [Battle Towers Fixes]: Theme: default
[00:58:17] [Client thread/INFO] [Battle Towers Fixes]: Wall Block: Block{minecraft:cobblestone}
[00:58:17] [Client thread/INFO] [Battle Towers Fixes]: Light Block: Block{minecraft:torch}
[00:58:17] [Client thread/INFO] [Battle Towers Fixes]: Floor Block: Block{minecraft:double_stone_slab}
[00:58:17] [Client thread/INFO] [Battle Towers Fixes]: Stair Block: Block{minecraft:stone_stairs}
[00:58:17] [Client thread/INFO] [Battle Towers Fixes]: *****************************************
[00:58:17] [Client thread/INFO] [Battle Towers Fixes]: Theme: default
[00:58:17] [Client thread/INFO] [Battle Towers Fixes]: Wall Block: Block{minecraft:stone}
[00:58:17] [Client thread/INFO] [Battle Towers Fixes]: Light Block: Block{minecraft:torch}
[00:58:17] [Client thread/INFO] [Battle Towers Fixes]: Floor Block: Block{minecraft:double_stone_slab}
[00:58:17] [Client thread/INFO] [Battle Towers Fixes]: Stair Block: Block{minecraft:stone_brick_stairs}
[00:58:17] [Client thread/INFO] [Battle Towers Fixes]: *****************************************
[00:58:17] [Client thread/INFO] [Battle Towers Fixes]: Theme: sand
[00:58:17] [Client thread/INFO] [Battle Towers Fixes]: Wall Block: Block{minecraft:sandstone}
[00:58:17] [Client thread/INFO] [Battle Towers Fixes]: Light Block: Block{minecraft:torch}
[00:58:17] [Client thread/INFO] [Battle Towers Fixes]: Floor Block: Block{minecraft:double_stone_slab}
[00:58:17] [Client thread/INFO] [Battle Towers Fixes]: Stair Block: Block{minecraft:sandstone_stairs}
[00:58:17] [Client thread/INFO] [Battle Towers Fixes]: *****************************************
[00:58:17] [Client thread/INFO] [Battle Towers Fixes]: Theme: red_sand
[00:58:17] [Client thread/INFO] [Battle Towers Fixes]: Wall Block: Block{minecraft:red_sandstone}
[00:58:17] [Client thread/INFO] [Battle Towers Fixes]: Light Block: Block{minecraft:torch}
[00:58:17] [Client thread/INFO] [Battle Towers Fixes]: Floor Block: Block{minecraft:double_stone_slab}
[00:58:17] [Client thread/INFO] [Battle Towers Fixes]: Stair Block: Block{minecraft:red_sandstone_stairs}
[00:58:17] [Client thread/INFO] [Battle Towers Fixes]: *****************************************
[00:58:17] [Client thread/INFO] [Battle Towers Fixes]: Theme: snow
[00:58:17] [Client thread/INFO] [Battle Towers Fixes]: Wall Block: Block{minecraft:ice}
[00:58:17] [Client thread/INFO] [Battle Towers Fixes]: Light Block: Block{minecraft:air}
[00:58:17] [Client thread/INFO] [Battle Towers Fixes]: Floor Block: Block{minecraft:snow}
[00:58:17] [Client thread/INFO] [Battle Towers Fixes]: Stair Block: Block{minecraft:quartz_stairs}
[00:58:17] [Client thread/INFO] [Battle Towers Fixes]: *****************************************
[00:58:17] [Client thread/INFO] [Battle Towers Fixes]: Theme: water
[00:58:17] [Client thread/INFO] [Battle Towers Fixes]: Wall Block: Block{minecraft:mossy_cobblestone}
[00:58:17] [Client thread/INFO] [Battle Towers Fixes]: Light Block: Block{minecraft:torch}
[00:58:17] [Client thread/INFO] [Battle Towers Fixes]: Floor Block: Block{minecraft:double_stone_slab}
[00:58:17] [Client thread/INFO] [Battle Towers Fixes]: Stair Block: Block{minecraft:stone_stairs}
[00:58:17] [Client thread/INFO] [Battle Towers Fixes]: *****************************************
[00:58:17] [Client thread/INFO] [Battle Towers Fixes]: Theme: water
[00:58:17] [Client thread/INFO] [Battle Towers Fixes]: Wall Block: Block{minecraft:prismarine}
[00:58:17] [Client thread/INFO] [Battle Towers Fixes]: Light Block: Block{minecraft:sea_lantern}
[00:58:17] [Client thread/INFO] [Battle Towers Fixes]: Floor Block: Block{minecraft:prismarine}
[00:58:17] [Client thread/INFO] [Battle Towers Fixes]: Stair Block: Block{minecraft:quartz_stairs}
[00:58:17] [Client thread/INFO] [Battle Towers Fixes]: *****************************************
[00:58:17] [Client thread/INFO] [Battle Towers Fixes]: Theme: foliage
[00:58:17] [Client thread/INFO] [Battle Towers Fixes]: Wall Block: Block{minecraft:log}
[00:58:17] [Client thread/INFO] [Battle Towers Fixes]: Light Block: Block{minecraft:web}
[00:58:17] [Client thread/INFO] [Battle Towers Fixes]: Floor Block: Block{minecraft:dirt}
[00:58:17] [Client thread/INFO] [Battle Towers Fixes]: Stair Block: Block{minecraft:jungle_stairs}
[00:58:17] [Client thread/INFO] [Battle Towers Fixes]: *****************************************
[00:58:17] [Client thread/INFO] [Battle Towers Fixes]: Theme: rare
[00:58:17] [Client thread/INFO] [Battle Towers Fixes]: Wall Block: Block{minecraft:netherrack}
[00:58:17] [Client thread/INFO] [Battle Towers Fixes]: Light Block: Block{minecraft:glowstone}
[00:58:17] [Client thread/INFO] [Battle Towers Fixes]: Floor Block: Block{minecraft:soul_sand}
[00:58:17] [Client thread/INFO] [Battle Towers Fixes]: Stair Block: Block{minecraft:nether_brick_stairs}
[00:58:17] [Client thread/INFO] [Battle Towers Fixes]: *****************************************
[00:58:17] [Client thread/INFO] [Battle Towers Fixes]: *** INITIALIZING DESTRUCTION BLACKLIST ***
[00:58:17] [Client thread/INFO] [Battle Towers Fixes]: ******************************************
[00:58:17] [Client thread/INFO] [Battle Towers Fixes]: Destruction blacklist initialized
[00:58:17] [Client thread/INFO] [elegant_networking]: Used ForgeImpl as background packet system
[00:58:17] [Client thread/INFO] [elegant_networking]: Starting registration of elegant packets for channel betterhorses
[00:58:17] [Client thread/INFO] [elegant_networking]: Registered packet HorseSprintingPacket for channel betterhorses with id 1
[00:58:17] [Client thread/INFO] [elegant_networking]: Successfully registered packets for channel betterhorses
[00:58:17] [Client thread/INFO] [ASMUtil]: Transforming class net/minecraft/pathfinding/WalkNodeProcessor
[00:58:17] [Client thread/INFO] [ASMUtil]: Transforming class net/minecraft/pathfinding/WalkNodeProcessor
[00:58:17] [Client thread/INFO] [io.dogboy.serializationisbad.core.SerializationIsBad]: Applying patches to com.enderio.core.common.config.PacketConfigSync
[00:58:17] [Client thread/INFO] [EnderCore]: [Handlers] Registering handler SpecialTooltipHandler to busses: [FORGE]
[00:58:17] [Client thread/INFO] [EnderCore]: [Handlers] Registering handler Scheduler to busses: [FORGE]
[00:58:17] [Client thread/INFO] [EnderCore]: [Handlers] Registering handler AutoSmeltHandler to busses: [FORGE]
[00:58:17] [Client thread/INFO] [EnderCore]: [Handlers] Registering handler FluidSpawnHandler to busses: [FORGE]
[00:58:17] [Client thread/INFO] [EnderCore]: [Handlers] Registering handler EnchantTooltipHandler to busses: [FORGE]
[00:58:17] [Client thread/INFO] [EnderCore]: [Handlers] Registering handler ClientHandler to busses: [FORGE]
[00:58:17] [Client thread/INFO] [EnderCore]: [Handlers] Registering handler OreDictTooltipHandler to busses: [FORGE]
[00:58:17] [Client thread/INFO] [EnderCore]: [Handlers] Registering handler JoinMessageHandler to busses: [FORGE]
[00:58:17] [Client thread/INFO] [EnderCore]: [Handlers] Registering handler RightClickCropHandler to busses: [FORGE]
[00:58:17] [Client thread/INFO] [EnderCore]: [Handlers] Registering handler XPBoostHandler to busses: [FORGE]
[00:58:17] [Client thread/INFO] [EnderCore]: [Handlers] Registering handler FireworkHandler to busses: [FORGE]
[00:58:17] [Client thread/INFO] [EnderCore]: [Handlers] Registering handler FluidVisualsHandler to busses: [FORGE]
[00:58:17] [Client thread/INFO] [EnderCore]: Sending dummy event to all mods
[00:58:17] [Client thread/WARN] [Celeritas/LWJGL3Service]: ARB_timer_query extension not available - GPU profiling will be disabled
[00:58:17] [Client thread/INFO] [EnderCore]: Reloading ingame configs for modid: endercore
[00:58:17] [Client thread/INFO] [enderio]: Reloading config file...
[00:58:17] [Client thread/INFO] [enderio]: Config reload finished
[00:58:17] [Client thread/INFO] [enderio]: Reloading config file...
[00:58:17] [Client thread/INFO] [enderio]: Config reload finished
[00:58:17] [Client thread/INFO] [enderio]: Reloading config file...
[00:58:17] [Client thread/INFO] [enderio]: Config reload finished
[00:58:17] [Client thread/INFO] [enderio]: Reloading config file...
[00:58:17] [Client thread/INFO] [enderio]: Config reload finished
[00:58:17] [Client thread/INFO] [enderio]: Reloading config file...
[00:58:17] [Client thread/INFO] [enderio]: Config reload finished
[00:58:17] [Client thread/INFO] [enderio]: Reloading config file...
[00:58:17] [Client thread/INFO] [enderio]: Config reload finished
[00:58:17] [Client thread/INFO] [enderio]: Reloading config file...
[00:58:17] [Client thread/INFO] [enderio]: Config reload finished
[00:58:17] [Client thread/INFO] [enderio]: Reloading config file...
[00:58:17] [Client thread/INFO] [enderio]: Config reload finished
[00:58:17] [Client thread/INFO] [pdp]: Replacing Minecraft#effectRenderer - Block destruction particles now only spawn in blocks' collision/bounding boxes.
[00:58:17] [Client thread/INFO] [draconicevolution]: Finished Initialization
[00:58:17] [AstralSorcery Patreon Effect Loader/WARN] [Astral Sorcery]: Skipped 4 patreon effects during loading due to malformed data!
[00:58:17] [AstralSorcery Patreon Effect Loader/INFO] [Astral Sorcery]: Patreon effect loading finished.
[00:58:17] [Client thread/INFO] [ReBind Core]: Keybinding id: draconicevolution_placeitem, known: false
[00:58:17] [Client thread/INFO] [ReBind Core]: Keybinding id: draconicevolution_toolconfig, known: false
[00:58:17] [Client thread/INFO] [ReBind Core]: Keybinding id: draconicevolution_toolprofilechange, known: false
[00:58:17] [Client thread/INFO] [ReBind Core]: Keybinding id: draconicevolution_armorprofilechange, known: false
[00:58:17] [Client thread/INFO] [ReBind Core]: Keybinding id: draconicevolution_toggleflight, known: false
[00:58:17] [Client thread/INFO] [ReBind Core]: Keybinding id: draconicevolution_toggledislocator, known: false
[00:58:17] [Client thread/INFO] [ReBind Core]: Keybinding id: draconicevolution_cycledigaoe, known: false
[00:58:17] [Client thread/INFO] [ReBind Core]: Keybinding id: draconicevolution_cycleattackaoe, known: false
[00:58:17] [Client thread/INFO] [ReBind Core]: Keybinding id: draconicevolution_toggleshields, known: false
[00:58:17] [Client thread/WARN] [Ender's Modpack Tweaks]: manifest.json file not found, trying minecraftinstance.json
[00:58:17] [Client thread/WARN] [Ender's Modpack Tweaks]: Manifest file not found
[00:58:17] [Client thread/INFO] [enderio]: Farming Station: Thaumcraft integration for hoes loaded
[00:58:17] [Client thread/INFO] [enderio]: Registered permission enderio.gui.block_dark_steel_anvil
[00:58:17] [Client thread/INFO] [enderio]: Registered permission enderio.gui.block_dark_paper_anvil
[00:58:17] [Client thread/INFO] [enderio]: Registered permission enderio.gui.item_basic_item_filter
[00:58:17] [Client thread/INFO] [enderio]: Registered permission enderio.gui.item_advanced_item_filter
[00:58:17] [Client thread/INFO] [enderio]: Registered permission enderio.gui.item_limited_item_filter
[00:58:17] [Client thread/INFO] [enderio]: Registered permission enderio.gui.item_big_item_filter
[00:58:17] [Client thread/INFO] [enderio]: Registered permission enderio.gui.item_big_advanced_item_filter
[00:58:17] [Client thread/INFO] [enderio]: Registered permission enderio.gui.item_existing_item_filter
[00:58:17] [Client thread/INFO] [enderio]: Registered permission enderio.gui.item_mod_item_filter
[00:58:17] [Client thread/INFO] [enderio]: Registered permission enderio.gui.item_power_item_filter
[00:58:17] [Client thread/INFO] [enderio]: Registered permission enderio.gui.item_soul_filter_normal
[00:58:17] [Client thread/INFO] [enderio]: Registered permission enderio.gui.item_soul_filter_big
[00:58:17] [Client thread/INFO] [enderio]: Registered permission enderio.gui.item_enchantment_filter_normal
[00:58:17] [Client thread/INFO] [enderio]: Registered permission enderio.gui.item_enchantment_filter_big
[00:58:17] [Client thread/INFO] [enderio]: Registered permission enderio.gui.item_fluid_filter
[00:58:17] [Client thread/INFO] [enderio]: Registered permission enderio.gui.item_redstone_not_filter
[00:58:17] [Client thread/INFO] [enderio]: Registered permission enderio.gui.item_redstone_or_filter
[00:58:17] [Client thread/INFO] [enderio]: Registered permission enderio.gui.item_redstone_and_filter
[00:58:17] [Client thread/INFO] [enderio]: Registered permission enderio.gui.item_redstone_nor_filter
[00:58:17] [Client thread/INFO] [enderio]: Registered permission enderio.gui.item_redstone_nand_filter
[00:58:17] [Client thread/INFO] [enderio]: Registered permission enderio.gui.item_redstone_xor_filter
[00:58:17] [Client thread/INFO] [enderio]: Registered permission enderio.gui.item_redstone_xnor_filter
[00:58:17] [Client thread/INFO] [enderio]: Registered permission enderio.gui.item_redstone_toggle_filter
[00:58:17] [Client thread/INFO] [enderio]: Registered permission enderio.gui.item_redstone_counting_filter
[00:58:17] [Client thread/INFO] [enderio]: Registered permission enderio.gui.item_redstone_sensor_filter
[00:58:17] [Client thread/INFO] [enderio]: Registered permission enderio.gui.item_redstone_timer_filter
[00:58:17] [Client thread/INFO] [enderio]: Registered permission enderio.gui.item_dark_steel_helmet
[00:58:17] [Client thread/INFO] [enderio]: Registered permission enderio.gui.item_dark_steel_chestplate
[00:58:17] [Client thread/INFO] [enderio]: Registered permission enderio.gui.item_dark_steel_leggings
[00:58:17] [Client thread/INFO] [enderio]: Registered permission enderio.gui.item_dark_steel_boots
[00:58:17] [Client thread/INFO] [enderio]: Registered permission enderio.gui.item_end_steel_helmet
[00:58:17] [Client thread/INFO] [enderio]: Registered permission enderio.gui.item_end_steel_chestplate
[00:58:17] [Client thread/INFO] [enderio]: Registered permission enderio.gui.item_end_steel_leggings
[00:58:17] [Client thread/INFO] [enderio]: Registered permission enderio.gui.item_end_steel_boots
[00:58:17] [Client thread/INFO] [enderio]: Registered permission enderio.gui.block_conduit_bundle
[00:58:17] [Client thread/INFO] [enderio]: Registered permission enderio.gui.item_stellar_alloy_helmet
[00:58:17] [Client thread/INFO] [enderio]: Registered permission enderio.gui.item_stellar_alloy_boots
[00:58:17] [Client thread/INFO] [enderio]: Registered permission enderio.gui.item_stellar_alloy_chestplate
[00:58:17] [Client thread/INFO] [enderio]: Registered permission enderio.gui.item_stellar_alloy_leggings
[00:58:17] [Client thread/INFO] [enderio]: Registered permission enderio.gui.block_inventory_panel
[00:58:17] [Client thread/INFO] [enderio]: Registered permission enderio.gui.block_inventory_panel_sensor
[00:58:17] [Client thread/INFO] [enderio]: Registered permission enderio.gui.block_inventory_chest_tiny
[00:58:17] [Client thread/INFO] [enderio]: Registered permission enderio.gui.block_inventory_chest_small
[00:58:17] [Client thread/INFO] [enderio]: Registered permission enderio.gui.block_inventory_chest_medium
[00:58:17] [Client thread/INFO] [enderio]: Registered permission enderio.gui.block_inventory_chest_big
[00:58:17] [Client thread/INFO] [enderio]: Registered permission enderio.gui.block_inventory_chest_large
[00:58:17] [Client thread/INFO] [enderio]: Registered permission enderio.gui.block_inventory_chest_huge
[00:58:17] [Client thread/INFO] [enderio]: Registered permission enderio.gui.block_inventory_chest_enormous
[00:58:17] [Client thread/INFO] [enderio]: Registered permission enderio.gui.block_inventory_chest_warehouse
[00:58:17] [Client thread/INFO] [enderio]: Registered permission enderio.gui.block_inventory_chest_warehouse13
[00:58:17] [Client thread/INFO] [enderio]: Registered permission enderio.gui.item_inventory_remote
[00:58:17] [Client thread/INFO] [enderio]: Registered permission enderio.gui.block_simple_furnace
[00:58:17] [Client thread/INFO] [enderio]: Registered permission enderio.gui.block_simple_alloy_smelter
[00:58:17] [Client thread/INFO] [enderio]: Registered permission enderio.gui.block_alloy_smelter
[00:58:17] [Client thread/INFO] [enderio]: Registered permission enderio.gui.block_enhanced_alloy_smelter
[00:58:17] [Client thread/INFO] [enderio]: Registered permission enderio.gui.block_buffer
[00:58:17] [Client thread/INFO] [enderio]: Registered permission enderio.gui.block_enchanter
[00:58:17] [Client thread/INFO] [enderio]: Registered permission enderio.gui.block_farm_station
[00:58:17] [Client thread/INFO] [enderio]: Registered permission enderio.gui.block_combustion_generator
[00:58:17] [Client thread/INFO] [enderio]: Registered permission enderio.gui.block_enhanced_combustion_generator
[00:58:17] [Client thread/INFO] [enderio]: Registered permission enderio.gui.block_simple_stirling_generator
[00:58:17] [Client thread/INFO] [enderio]: Registered permission enderio.gui.block_stirling_generator
[00:58:17] [Client thread/INFO] [enderio]: Registered permission enderio.gui.block_zombie_generator
[00:58:17] [Client thread/INFO] [enderio]: Registered permission enderio.gui.block_franken_zombie_generator
[00:58:17] [Client thread/INFO] [enderio]: Registered permission enderio.gui.block_ender_generator
[00:58:17] [Client thread/INFO] [enderio]: Registered permission enderio.gui.block_lava_generator
[00:58:17] [Client thread/INFO] [enderio]: Registered permission enderio.gui.block_killer_joe
[00:58:17] [Client thread/INFO] [enderio]: Registered permission enderio.gui.block_attractor_obelisk
[00:58:17] [Client thread/INFO] [enderio]: Registered permission enderio.gui.block_aversion_obelisk
[00:58:17] [Client thread/INFO] [enderio]: Registered permission enderio.gui.block_inhibitor_obelisk
[00:58:17] [Client thread/INFO] [enderio]: Registered permission enderio.gui.block_relocator_obelisk
[00:58:17] [Client thread/INFO] [enderio]: Registered permission enderio.gui.block_weather_obelisk
[00:58:17] [Client thread/INFO] [enderio]: Registered permission enderio.gui.block_experience_obelisk
[00:58:17] [Client thread/INFO] [enderio]: Registered permission enderio.gui.block_painter
[00:58:17] [Client thread/INFO] [enderio]: Registered permission enderio.gui.block_simple_sag_mill
[00:58:17] [Client thread/INFO] [enderio]: Registered permission enderio.gui.block_sag_mill
[00:58:17] [Client thread/INFO] [enderio]: Registered permission enderio.gui.block_enhanced_sag_mill
[00:58:17] [Client thread/INFO] [enderio]: Registered permission enderio.gui.block_slice_and_splice
[00:58:17] [Client thread/INFO] [enderio]: Registered permission enderio.gui.block_soul_binder
[00:58:17] [Client thread/INFO] [enderio]: Registered permission enderio.gui.block_powered_spawner
[00:58:17] [Client thread/INFO] [enderio]: Registered permission enderio.gui.block_vat
[00:58:17] [Client thread/INFO] [enderio]: Registered permission enderio.gui.block_enhanced_vat
[00:58:17] [Client thread/INFO] [enderio]: Registered permission enderio.gui.block_simple_wired_charger
[00:58:17] [Client thread/INFO] [enderio]: Registered permission enderio.gui.block_wired_charger
[00:58:17] [Client thread/INFO] [enderio]: Registered permission enderio.gui.block_enhanced_wired_charger
[00:58:17] [Client thread/INFO] [enderio]: Registered permission enderio.gui.block_tank
[00:58:17] [Client thread/INFO] [enderio]: Registered permission enderio.gui.block_transceiver
[00:58:17] [Client thread/INFO] [enderio]: Registered permission enderio.gui.block_vacuum_chest
[00:58:17] [Client thread/INFO] [enderio]: Registered permission enderio.gui.block_xp_vacuum
[00:58:17] [Client thread/INFO] [enderio]: Registered permission enderio.gui.block_niard
[00:58:17] [Client thread/INFO] [enderio]: Registered permission enderio.gui.block_travel_anchor
[00:58:17] [Client thread/INFO] [enderio]: Registered permission enderio.gui.block_tele_pad
[00:58:17] [Client thread/INFO] [enderio]: Registered permission enderio.gui.block_dialing_device
[00:58:17] [Client thread/INFO] [enderio]: Registered permission enderio.gui.block_impulse_hopper
[00:58:17] [Client thread/INFO] [enderio]: Registered permission enderio.gui.block_simple_crafter
[00:58:17] [Client thread/INFO] [enderio]: Registered permission enderio.gui.block_crafter
[00:58:17] [Client thread/INFO] [enderio]: Registered permission enderio.gui.block_creative_spawner
[00:58:17] [Client thread/INFO] [enderio]: Registered permission enderio.gui.block_cap_bank
[00:58:17] [Client thread/INFO] [enderio]: Registered permission enderio.gui.block_power_monitor
[00:58:17] [Client thread/INFO] [enderio]: Registered permission enderio.gui.block_advanced_power_monitor
[00:58:17] [Client thread/INFO] [enderio]: Sending whitelist message to Chisel and Bits for block blockDecoration1
[00:58:17] [Client thread/INFO] [enderio]: Sending whitelist message to Chisel and Bits for block blockDecoration2
[00:58:17] [Client thread/INFO] [enderio]: Sending whitelist message to Chisel and Bits for block blockDecoration3
[00:58:17] [Client thread/INFO] [Battle Towers Fixes]: BTFixes initialized
[00:58:17] [Client thread/INFO] [ReBind Core]: Keybinding id: clienttweaks_disable_step_assist, known: false
[00:58:17] [Client thread/INFO] [ReBind Core]: Keybinding id: clienttweaks_hide_offhand_item, known: false
[00:58:17] [Client thread/INFO] [deepmoblearning]: Finalizing config data...
[00:58:17] [Client thread/INFO] [deepmoblearning]: Registering Trial for Blaze
[00:58:17] [Client thread/INFO] [deepmoblearning]: No Trial available for Blaze
[00:58:17] [Client thread/INFO] [deepmoblearning]: Registering Trial for Creeper
[00:58:17] [Client thread/INFO] [deepmoblearning]: No Trial available for Creeper
[00:58:17] [Client thread/INFO] [deepmoblearning]: Registering Trial for Ender Dragon
[00:58:17] [Client thread/INFO] [deepmoblearning]: No Trial available for Ender Dragon
[00:58:17] [Client thread/INFO] [deepmoblearning]: Registering Trial for Enderman
[00:58:17] [Client thread/INFO] [deepmoblearning]: Registering Trial entity deepmoblearning:trial_enderman with weight 100
[00:58:17] [Client thread/INFO] [deepmoblearning]: Registering Trial for Ghast
[00:58:17] [Client thread/INFO] [deepmoblearning]: No Trial available for Ghast
[00:58:17] [Client thread/INFO] [deepmoblearning]: Registering Trial for Guardian
[00:58:17] [Client thread/INFO] [deepmoblearning]: No Trial available for Guardian
[00:58:17] [Client thread/INFO] [deepmoblearning]: Registering Trial for Shulker
[00:58:17] [Client thread/INFO] [deepmoblearning]: No Trial available for Shulker
[00:58:17] [Client thread/INFO] [deepmoblearning]: Registering Trial for Skeleton
[00:58:17] [Client thread/INFO] [deepmoblearning]: Registering Trial entity minecraft:stray with weight 33
[00:58:17] [Client thread/INFO] [deepmoblearning]: Registering Trial entity minecraft:skeleton with weight 67
[00:58:17] [Client thread/INFO] [deepmoblearning]: Registering Trial for Slime
[00:58:17] [Client thread/INFO] [deepmoblearning]: Registering Trial entity deepmoblearning:trial_slime with weight 100
[00:58:17] [Client thread/INFO] [deepmoblearning]: Registering Trial for Spider
[00:58:17] [Client thread/INFO] [deepmoblearning]: Registering Trial entity deepmoblearning:trial_spider with weight 88
[00:58:17] [Client thread/INFO] [deepmoblearning]: Registering Trial entity deepmoblearning:trial_cave_spider with weight 12
[00:58:17] [Client thread/INFO] [deepmoblearning]: Registering Trial for Witch
[00:58:17] [Client thread/INFO] [deepmoblearning]: Registering Trial entity minecraft:witch with weight 100
[00:58:17] [Client thread/INFO] [deepmoblearning]: Registering Trial for Wither
[00:58:17] [Client thread/INFO] [deepmoblearning]: No Trial available for Wither
[00:58:17] [Client thread/INFO] [deepmoblearning]: Registering Trial for Wither Skeleton
[00:58:17] [Client thread/INFO] [deepmoblearning]: Registering Trial entity minecraft:wither_skeleton with weight 100
[00:58:17] [Client thread/INFO] [deepmoblearning]: Registering Trial for Zombie
[00:58:17] [Client thread/INFO] [deepmoblearning]: Registering Trial entity minecraft:zombie with weight 45
[00:58:17] [Client thread/INFO] [deepmoblearning]: Registering Trial entity minecraft:husk with weight 30
[00:58:17] [Client thread/INFO] [deepmoblearning]: Registering Trial entity minecraft:zombie_villager with weight 25
[00:58:17] [Client thread/INFO] [deepmoblearning]: Registering Trial for Thermal Elemental
[00:58:17] [Client thread/INFO] [deepmoblearning]: No Trial available for Thermal Elemental
[00:58:17] [Client thread/INFO] [deepmoblearning]: Registering Trial for Forest creature
[00:58:17] [Client thread/INFO] [deepmoblearning]: No Trial available for Forest creature
[00:58:17] [Client thread/INFO] [deepmoblearning]: Registering Trial for Swamp creature
[00:58:17] [Client thread/INFO] [deepmoblearning]: No Trial available for Swamp creature
[00:58:17] [Client thread/INFO] [deepmoblearning]: Registering Trial for Glacier inhabitant
[00:58:17] [Client thread/INFO] [deepmoblearning]: No Trial available for Glacier inhabitant
[00:58:17] [Client thread/INFO] [deepmoblearning]: Registering Trial for Darkwood creature
[00:58:17] [Client thread/INFO] [deepmoblearning]: No Trial available for Darkwood creature
[00:58:17] [Client thread/INFO] [deepmoblearning]: Registering Trial for Blue Slime
[00:58:17] [Client thread/INFO] [deepmoblearning]: No Trial available for Blue Slime
[00:58:17] [Client thread/INFO] [dimdoors]: Loaded 156 templates in 18 ms.
[00:58:18] [Client thread/INFO] [ReBind Core]: Keybinding id: ae2fc_open_wireless_fluid_pattern_terminal_desc, known: false
[00:58:18] [Client thread/INFO] [ReBind Core]: Keybinding id: groovyscriptbind_reload, known: false
[00:58:18] [Client thread/INFO] [ReBind Core]: Keybinding id: groovyscriptbind_quick_reload, known: false
[00:58:18] [Client thread/INFO] [ReBind Core]: Keybinding id: groovyscriptbind_copy, known: false
[00:58:18] [Client thread/INFO] [ReBind Core]: Keybinding id: wailabindconfig, known: false
[00:58:18] [Client thread/INFO] [ReBind Core]: Keybinding id: wailabinddisplay, known: false
[00:58:18] [Client thread/INFO] [ReBind Core]: Keybinding id: wailabind_liquid, known: false
[00:58:18] [Client thread/INFO] [ReBind Core]: Keybinding id: wailabind_recipe, known: false
[00:58:18] [Client thread/INFO] [ReBind Core]: Keybinding id: wailabind_usage, known: false
[00:58:18] [Client thread/WARN] [net.minecraft.entity.passive.EntityVillager]: PriceRange(2, 1) invalid, 1 smaller than 2
[00:58:18] [Client thread/WARN] [net.minecraft.entity.passive.EntityVillager]: PriceRange(4, 1) invalid, 1 smaller than 4
[00:58:18] [Client thread/WARN] [net.minecraft.entity.passive.EntityVillager]: PriceRange(10, 1) invalid, 1 smaller than 10
[00:58:18] [Client thread/WARN] [net.minecraft.entity.passive.EntityVillager]: PriceRange(9, 1) invalid, 1 smaller than 9
[00:58:18] [Client thread/WARN] [net.minecraft.entity.passive.EntityVillager]: PriceRange(3, 2) invalid, 2 smaller than 3
[00:58:18] [Client thread/INFO] [Ice And Fire: RotN Edition]: The watcher waits on the northern wall
[00:58:18] [Client thread/INFO] [Ice And Fire: RotN Edition]: A daughter picks up a warrior's sword
[00:58:18] [Client thread/INFO] [ReBind Core]: Keybinding id: iceandfire_dragon_fireattack, known: false
[00:58:18] [Client thread/INFO] [ReBind Core]: Keybinding id: iceandfire_dragon_strike, known: false
[00:58:18] [Client thread/INFO] [ReBind Core]: Keybinding id: iceandfire_dragon_down, known: false
[00:58:18] [Client thread/INFO] [ReBind Core]: Keybinding id: iceandfire_dragon_change_view, known: false
[00:58:18] [Client thread/WARN] [Ice And Fire: RotN Edition]: Could not load /assets/iceandfire/models/tabula/firedragon/firedragon_Swimming.tbl: in is null
[00:58:18] [Client thread/WARN] [Ice And Fire: RotN Edition]: Could not load /assets/iceandfire/models/tabula/firedragon/firedragon_Swim5.tbl: in is null
[00:58:19] [Thread-24/INFO] [immersiveengineering]: Arc Recycling: Removed 0 old recipes
[00:58:19] [Thread-24/INFO] [immersiveengineering]: Finished recipe profiler for Arc Recycling, took 46 milliseconds
[00:58:19] [Client thread/INFO] [modularmachinery]: [Modular Machinery] Removing componentType modularmachinery:gas because mekanism is not loaded!
[00:58:19] [Client thread/INFO] [mousetweaks]: Reflecting GuiContainer...
[00:58:19] [Client thread/INFO] [mousetweaks]: Detected obfuscation: FORGE.
[00:58:19] [Client thread/INFO] [mousetweaks]: Success.
[00:58:19] [Client thread/FATAL] [mousetweaks]: Mouse Tweaks has been initialized.
[00:58:19] [Client thread/INFO] [nuclearcraft]: Initializing...
[00:58:19] [Client thread/INFO] [ReBind Core]: Keybinding id: performancemonitoringenhanc_togglehud, known: false
[00:58:19] [Client thread/INFO] [ReBind Core]: Keybinding id: performancemonitoringenhanc_opendragscreen, known: false
[00:58:19] [Client thread/INFO] [ReBind Core]: Keybinding id: performancemonitoringenhanc_opensettings, known: false
[00:58:19] [Client thread/INFO] [ReBind Core]: Keybinding id: performancemonitoringenhanc_toggleverboseoverlay, known: false
[00:58:19] [Client thread/INFO] [ReBind Core]: Keybinding id: projectex_focussearchbar, known: false
[00:58:19] [Client thread/INFO] [ReBind Core]: Keybinding id: projectintelligence_pi_open_pi, known: false
[00:58:19] [Client thread/INFO] [ReBind Core]: Keybinding id: projectintelligence_pi_et_gui, known: false
[00:58:19] [Client thread/INFO] [ReBind Core]: Keybinding id: projectintelligence_pi_et_world, known: false
[00:58:19] [Client thread/INFO] [ReBind Core]: Keybinding id: rebind_quit, known: true
[00:58:19] [Client thread/INFO] [ReBind Core]: Keybinding id: rebind_hidehud, known: true
[00:58:19] [Client thread/INFO] [ReBind Core]: Keybinding id: rebind_debugscreen, known: true
[00:58:19] [Client thread/INFO] [ReBind Core]: Keybinding id: rebind_switchshader, known: true
[00:58:19] [Client thread/INFO] [ReBind Core]: Keybinding id: rebind_narrator, known: true
[00:58:19] [Client thread/INFO] [ReBind Core]: Keybinding id: rftools_porternextdestination, known: false
[00:58:19] [Client thread/INFO] [ReBind Core]: Keybinding id: rftools_porterprevdestination, known: false
[00:58:19] [Client thread/INFO] [ReBind Core]: Keybinding id: rftools_debugdumpnbtitem, known: false
[00:58:19] [Client thread/INFO] [ReBind Core]: Keybinding id: rftools_debugdumpnbtblock, known: false
[00:58:19] [Client thread/INFO] [teamsmod]: Teams: Initializing
[00:58:19] [Client thread/INFO] [ReBind Core]: Keybinding id: teamsmodhud_desc, known: false
[00:58:19] [Client thread/INFO] [ReBind Core]: Keybinding id: teamsmodcompass_desc, known: false
[00:58:19] [Client thread/INFO] [ReBind Core]: Keybinding id: teamsmodaccept_desc, known: false
[00:58:19] [Client thread/INFO] [ReBind Core]: Keybinding id: teamsmodswitch_desc, known: false
[00:58:19] [Client thread/INFO] [teamsmod]: Teams: Registered keybindings
[00:58:19] [Client thread/INFO] [teamsmod]: Teams: patched chat
[00:58:19] [Client thread/INFO] [Universal Tweaks]: Universal Tweaks initialized
[00:58:19] [Client thread/INFO] [ReBind Core]: Keybinding id: universaltweaksbind_clear_toasts, known: false
[00:58:19] [Client thread/INFO] [Universal Tweaks]: Block Overlay lists initialized
[00:58:19] [Client thread/INFO] [Universal Tweaks]: Universal Tweaks client initialized
[00:58:19] [Client thread/INFO] [woot]: Woot: minecraft:villager/FACTORY_TIER/3
[00:58:19] [Client thread/INFO] [woot]: Woot: minecraft:wither_skeleton/SPAWN_UNITS/40
[00:58:19] [Client thread/INFO] [woot]: Woot: minecraft:wither_skeleton/FACTORY_TIER/3
[00:58:19] [Client thread/INFO] [woot]: Woot: minecraft:magma_cube/FACTORY_TIER/2
[00:58:19] [Client thread/INFO] [woot]: Woot: minecraft:enderman/FACTORY_TIER/3
[00:58:19] [Client thread/INFO] [woot]: Woot: minecraft:ender_dragon/DEATH_XP/500
[00:58:19] [Client thread/INFO] [woot]: Woot: minecraft:ender_dragon/SPAWN_UNITS/500
[00:58:19] [Client thread/INFO] [woot]: Woot: minecraft:ender_dragon/FACTORY_TIER/4
[00:58:19] [Client thread/INFO] [woot]: Woot: minecraft:ender_dragon/SPAWN_TICKS/12000
[00:58:19] [Client thread/INFO] [woot]: Woot: minecraft:ender_dragon/MASS_1_PARAM/2
[00:58:19] [Client thread/INFO] [woot]: Woot: minecraft:ender_dragon/MASS_2_PARAM/3
[00:58:19] [Client thread/INFO] [woot]: Woot: minecraft:ender_dragon/MASS_3_PARAM/4
[00:58:19] [Client thread/INFO] [woot]: Woot: minecraft:ender_dragon/MASS_FX/2
[00:58:19] [Client thread/INFO] [woot]: Woot: draconicevolution:chaosguardian/DEATH_XP/5000
[00:58:19] [Client thread/INFO] [woot]: Woot: draconicevolution:chaosguardian/SPAWN_UNITS/5000
[00:58:19] [Client thread/INFO] [woot]: Woot: draconicevolution:chaosguardian/FACTORY_TIER/4
[00:58:19] [Client thread/INFO] [woot]: Woot: draconicevolution:chaosguardian/SPAWN_TICKS/12000
[00:58:19] [Client thread/INFO] [woot]: Woot: draconicevolution:chaosguardian/MASS_1_PARAM/1
[00:58:19] [Client thread/INFO] [woot]: Woot: draconicevolution:chaosguardian/MASS_2_PARAM/1
[00:58:19] [Client thread/INFO] [woot]: Woot: draconicevolution:chaosguardian/MASS_3_PARAM/2
[00:58:19] [Client thread/INFO] [woot]: Woot: draconicevolution:chaosguardian/MASS_FX/2
[00:58:19] [Client thread/INFO] [woot]: Woot: minecraft:wither/FACTORY_TIER/4
[00:58:19] [Client thread/INFO] [woot]: Woot: minecraft:wither/SPAWN_UNITS/500
[00:58:19] [Client thread/INFO] [woot]: Woot: minecraft:wither/SPAWN_TICKS/1200
[00:58:19] [Client thread/INFO] [woot]: Woot: minecraft:wither/MASS_1_PARAM/2
[00:58:19] [Client thread/INFO] [woot]: Woot: minecraft:wither/MASS_2_PARAM/3
[00:58:19] [Client thread/INFO] [woot]: Woot: minecraft:wither/MASS_3_PARAM/4
[00:58:19] [Client thread/INFO] [woot]: Woot: minecraft:wither/MASS_FX/2
[00:58:19] [Client thread/INFO] [woot]: Woot: minecraft:villager_golem/FACTORY_TIER/3
[00:58:19] [Client thread/INFO] [woot]: Woot: minecraft:guardian/FACTORY_TIER/3
[00:58:19] [Client thread/INFO] [woot]: Woot: minecraft:blaze/FACTORY_TIER/2
[00:58:19] [Client thread/INFO] [woot]: Woot: minecraft:witch/FACTORY_TIER/2
[00:58:19] [Client thread/INFO] [woot]: Woot: minecraft:ghast/FACTORY_TIER/2
[00:58:19] [Client thread/INFO] [woot]: Woot: minecraft:zombie_pigman/FACTORY_TIER/2
[00:58:19] [Client thread/INFO] [woot]: Woot: Add spawn recipe ingredients for minecraft:wither->efficiency:true:Soul Sandx4:Wither Skeleton Skullx3
[00:58:19] [Client thread/INFO] [woot]: Woot: Add spawn recipe ingredients for minecraft:ender_dragon->efficiency:true:End Crystalx4
[00:58:19] [Client thread/INFO] [woot]: Woot: Add spawn recipe ingredients for draconicevolution:chaosguardian->efficiency:true:Awakened Corex1
[00:58:19] [Client thread/INFO] [woot]: Woot: Added custom drop Dragon Egg for minecraft:ender_dragon
[00:58:19] [Client thread/INFO] [woot]: Woot: Added custom drop Dragon's Breath for minecraft:ender_dragon
[00:58:19] [Client thread/INFO] [woot]: Woot: Added custom drop Dragon Heart for minecraft:ender_dragon
[00:58:19] [Client thread/INFO] [woot]: Woot: Added custom drop Draconium Dust for minecraft:ender_dragon
[00:58:19] [Client thread/INFO] [woot]: Woot: Added custom drop Dragon Scale for minecraft:ender_dragon
[00:58:19] [Client thread/INFO] [woot]: Woot: Added custom drop Chaos Shard for draconicevolution:chaosguardian
[00:58:19] [Client thread/INFO] [woot]: Woot: Added custom drop Dragon Heart for draconicevolution:chaosguardian
[00:58:19] [Client thread/INFO] [woot]: Woot: Added custom drop Draconium Dust for draconicevolution:chaosguardian
[00:58:19] [Client thread/ERROR] [woot]: Woot: getItemStack: unknown item erebus:materials
[00:58:19] [Client thread/INFO] [woot]: Woot: Ignoring invalid itemstack
[00:58:19] [Client thread/ERROR] [woot]: Woot: getItemStack: unknown item erebus:war_hammer
[00:58:19] [Client thread/INFO] [woot]: Woot: Ignoring invalid itemstack
[00:58:19] [Client thread/ERROR] [woot]: Woot: getItemStack: unknown item erebus:antlion_egg
[00:58:19] [Client thread/INFO] [woot]: Woot: Ignoring invalid itemstack
[00:58:19] [Client thread/ERROR] [woot]: Woot: getItemStack: unknown item erebus:tarantula_egg
[00:58:19] [Client thread/INFO] [woot]: Woot: Ignoring invalid itemstack
[00:58:19] [Client thread/ERROR] [woot]: Woot: getItemStack: unknown item erebus:spider_t_shirt
[00:58:19] [Client thread/INFO] [woot]: Woot: Ignoring invalid itemstack
[00:58:19] [Client thread/ERROR] [woot]: Woot: getItemStack: unknown item thaumcraft:crystal_essence
[00:58:19] [Client thread/INFO] [woot]: Woot: Ignoring invalid itemstack
[00:58:19] [Client thread/INFO] [woot]: Woot: EnderIO: <recipes><recipe name="Vat: Liquid XP" required="true" disabled="false"><fermenting energy="20"><inputgroup><input name="woot:xpshard" multiplier="1.0"/></inputgroup><inputfluid name="water" multiplier="0.32"/><outputfluid name="xpjuice"/></fermenting></recipe></recipes>
[00:58:20] [Client thread/INFO] [thermalfoundation]: Thermal Foundation: Tinkers' Construct Plugin Enabled.
[00:58:20] [Client thread/INFO] [enderio]: Processing IMC message recipe:xml from endercore
[00:58:20] [Client thread/INFO] [enderio]: Processing IMC message recipe:xml from endercore
[00:58:20] [Client thread/INFO] [enderio]: Processing IMC message recipe:xml from woot
[00:58:20] [Client thread/INFO] [enderio]: Reading user recipe file user_recipes.xml
[00:58:20] [Client thread/INFO] [enderio]: Valid IMC recipes to be processed:
[00:58:20] [Client thread/INFO] [enderio]:  * Vat: Liquid XP from IMC from mod 'woot'
[00:58:20] [Client thread/INFO] [enderio]:  * Enchanter: endercore:xpboost from IMC from mod 'endercore'
[00:58:20] [Client thread/INFO] [enderio]:  * Enchanter: endercore:autosmelt from IMC from mod 'endercore'
[00:58:20] [Client thread/INFO] [enderio]: Reading user recipe file user_recipes.xml
[00:58:20] [Client thread/INFO] [enderio]: Cannot add smelting recipe Smelting: Electrum Dust (1xitem.immersiveengineering.metal@16 => 1xitem.thermalfoundation.material@161) because another mod already has registered a recipe 1xitem.immersiveengineering.metal@16 => 1xitem.immersiveengineering.metal@7.
[00:58:20] [Client thread/INFO] [enderio]: Cannot add smelting recipe Smelting: Graphite Dust (1xitem.bigreactors:dustgraphite@0 => 1xitem.nuclearcraft.ingot@8) because another mod already has registered a recipe 1xitem.bigreactors:dustgraphite@0 => 1xitem.bigreactors:ingotgraphite@0.
[00:58:20] [Client thread/INFO] [enderio]: Cannot add smelting recipe Smelting: Copper Dust (1xitem.immersiveengineering.metal@9 => 1xitem.thermalfoundation.material@128) because another mod already has registered a recipe 1xitem.immersiveengineering.metal@9 => 1xitem.immersiveengineering.metal@0.
[00:58:20] [Client thread/INFO] [enderio]: Cannot add smelting recipe Smelting: Lead Dust (1xitem.immersiveengineering.metal@11 => 1xitem.thermalfoundation.material@131) because another mod already has registered a recipe 1xitem.immersiveengineering.metal@11 => 1xitem.immersiveengineering.metal@2.
[00:58:20] [Client thread/INFO] [enderio]: Cannot add smelting recipe Smelting: Silver Dust (1xitem.immersiveengineering.metal@12 => 1xitem.thermalfoundation.material@130) because another mod already has registered a recipe 1xitem.immersiveengineering.metal@12 => 1xitem.immersiveengineering.metal@3.
[00:58:20] [Client thread/INFO] [enderio]: Cannot add smelting recipe Smelting: Nickel Dust (1xitem.immersiveengineering.metal@13 => 1xitem.thermalfoundation.material@133) because another mod already has registered a recipe 1xitem.immersiveengineering.metal@13 => 1xitem.immersiveengineering.metal@4.
[00:58:20] [Client thread/INFO] [enderio]: Cannot add smelting recipe Smelting: Aluminum Dust (1xitem.immersiveengineering.metal@10 => 1xitem.thermalfoundation.material@132) because another mod already has registered a recipe 1xitem.immersiveengineering.metal@10 => 1xitem.immersiveengineering.metal@1.
[00:58:20] [Client thread/INFO] [enderio]: Cannot add smelting recipe Smelting: Uranium Dust (1xitem.bigreactors:dustyellorium@0 => 1xitem.nuclearcraft.ingot@4) because another mod already has registered a recipe 1xitem.bigreactors:dustyellorium@0 => 1xitem.bigreactors:ingotyellorium@0.
[00:58:20] [Client thread/INFO] [enderio]: Cannot add smelting recipe Smelting: Uranium Dust (1xitem.immersiveengineering.metal@14 => 1xitem.nuclearcraft.ingot@4) because another mod already has registered a recipe 1xitem.immersiveengineering.metal@14 => 1xitem.immersiveengineering.metal@5.
[00:58:20] [Client thread/INFO] [enderio]: Cannot add smelting recipe Smelting: Steel Dust (1xitem.bigreactors:duststeel@0 => 1xitem.thermalfoundation.material@160) because another mod already has registered a recipe 1xitem.bigreactors:duststeel@0 => 1xitem.bigreactors:ingotsteel@0.
[00:58:20] [Client thread/INFO] [enderio]: Cannot add smelting recipe Smelting: Steel Dust (1xitem.immersiveengineering.metal@17 => 1xitem.thermalfoundation.material@160) because another mod already has registered a recipe 1xitem.immersiveengineering.metal@17 => 1xitem.immersiveengineering.metal@8.
[00:58:21] [Client thread/INFO] [enderio]: Cannot add smelting recipe Copper (1xitem.immersiveengineering.metal@9 => 1xitem.thermalfoundation.material@128) because another mod already has registered a recipe 1xitem.immersiveengineering.metal@9 => 1xitem.immersiveengineering.metal@0.
[00:58:21] [Client thread/INFO] [mcjtylib_ng]: Received RFTools dimension manager request from mod 'rftools'
[00:58:21] [Client thread/INFO] [GroovyLog]: Skipping load stage init, since no scripts are configured!
[00:58:21] [Client thread/INFO] [Actually Additions]: Starting PostInitialization Phase...
[00:58:21] [Client thread/INFO] [Actually Additions]: Initializing Crusher Recipes...
[00:58:21] [Client thread/INFO] [Actually Additions]: Registered a total of 105 booklet chapters, where 308 out of 426 booklet pages contain information about items or fluids!
[00:58:21] [Client thread/INFO] [Actually Additions]: PostInitializing ClientProxy...
[00:58:21] [Actually Additions Special Fetcher/INFO] [Actually Additions]: Fetching Special People Stuff...
[00:58:21] [Client thread/INFO] [Actually Additions]: PostInitialization Finished.
[00:58:21] [Client thread/INFO] [AE2:C]: Post Initialization ( started )
[00:58:21] [Client thread/INFO] [AE2:C]: Industrial Craft 2 - Integration Disabled
[00:58:21] [Client thread/INFO] [AE2:C]: GregTech - Integration Disabled
[00:58:21] [Client thread/INFO] [AE2:C]: Railcraft - Integration Disabled
[00:58:21] [Client thread/INFO] [AE2:C]: Mine Factory Reloaded - Integration Disabled
[00:58:21] [Client thread/INFO] [AE2:C]: Waila - Integration Enable
[00:58:21] [Client thread/INFO] [AE2:C]: Inventory Tweaks - Integration Disabled
[00:58:21] [Client thread/INFO] [AE2:C]: Just Enough Items - Integration Enable
[00:58:21] [Client thread/INFO] [AE2:C]: Mekanism - Integration Disabled
[00:58:21] [Client thread/INFO] [AE2:C]: OpenComputers - Integration Disabled
[00:58:21] [Client thread/INFO] [AE2:C]: TheOneProbe - Integration Disabled
[00:58:21] [Client thread/INFO] [AE2:C]: Tesla - Integration Disabled
[00:58:21] [Client thread/INFO] [AE2:C]: CraftTweaker - Integration Enable
[00:58:21] [Client thread/ERROR] [AE2:C]: Item not found on nonBlocking config: gregtech:circuit.integrated
[00:58:21] [Client thread/ERROR] [AE2:C]: Item not found on nonBlocking config: gregtech:shape.mold.plate
[00:58:21] [Client thread/ERROR] [AE2:C]: Item not found on nonBlocking config: gregtech:shape.mold.gear
[00:58:21] [Client thread/ERROR] [AE2:C]: Item not found on nonBlocking config: gregtech:shape.mold.credit
[00:58:21] [Client thread/ERROR] [AE2:C]: Item not found on nonBlocking config: gregtech:shape.mold.bottle
[00:58:21] [Client thread/ERROR] [AE2:C]: Item not found on nonBlocking config: gregtech:shape.mold.ingot
[00:58:21] [Client thread/ERROR] [AE2:C]: Item not found on nonBlocking config: gregtech:shape.mold.ball
[00:58:21] [Client thread/ERROR] [AE2:C]: Item not found on nonBlocking config: gregtech:shape.mold.block
[00:58:21] [Client thread/ERROR] [AE2:C]: Item not found on nonBlocking config: gregtech:shape.mold.nugget
[00:58:21] [Client thread/ERROR] [AE2:C]: Item not found on nonBlocking config: gregtech:shape.mold.cylinder
[00:58:21] [Client thread/ERROR] [AE2:C]: Item not found on nonBlocking config: gregtech:shape.mold.anvil
[00:58:21] [Client thread/ERROR] [AE2:C]: Item not found on nonBlocking config: gregtech:shape.mold.name
[00:58:21] [Client thread/ERROR] [AE2:C]: Item not found on nonBlocking config: gregtech:shape.mold.gear.small
[00:58:21] [Client thread/ERROR] [AE2:C]: Item not found on nonBlocking config: gregtech:shape.mold.rotor
[00:58:21] [Client thread/ERROR] [AE2:C]: Item not found on nonBlocking config: gregtech:shape.extruder.plate
[00:58:21] [Client thread/ERROR] [AE2:C]: Item not found on nonBlocking config: gregtech:shape.extruder.rod
[00:58:21] [Client thread/ERROR] [AE2:C]: Item not found on nonBlocking config: gregtech:shape.extruder.bolt
[00:58:21] [Client thread/ERROR] [AE2:C]: Item not found on nonBlocking config: gregtech:shape.extruder.ring
[00:58:21] [Client thread/ERROR] [AE2:C]: Item not found on nonBlocking config: gregtech:shape.extruder.cell
[00:58:21] [Client thread/ERROR] [AE2:C]: Item not found on nonBlocking config: gregtech:shape.extruder.ingot
[00:58:21] [Client thread/ERROR] [AE2:C]: Item not found on nonBlocking config: gregtech:shape.extruder.wire
[00:58:21] [Client thread/ERROR] [AE2:C]: Item not found on nonBlocking config: gregtech:shape.extruder.pipe.tiny
[00:58:21] [Client thread/ERROR] [AE2:C]: Item not found on nonBlocking config: gregtech:shape.extruder.pipe.small
[00:58:21] [Client thread/ERROR] [AE2:C]: Item not found on nonBlocking config: gregtech:shape.extruder.pipe.medium
[00:58:21] [Client thread/ERROR] [AE2:C]: Item not found on nonBlocking config: gregtech:shape.extruder.pipe.normal
[00:58:21] [Client thread/ERROR] [AE2:C]: Item not found on nonBlocking config: gregtech:shape.extruder.pipe.large
[00:58:21] [Client thread/ERROR] [AE2:C]: Item not found on nonBlocking config: gregtech:shape.extruder.pipe.huge
[00:58:21] [Client thread/ERROR] [AE2:C]: Item not found on nonBlocking config: gregtech:shape.extruder.block
[00:58:21] [Client thread/ERROR] [AE2:C]: Item not found on nonBlocking config: gregtech:shape.extruder.sword
[00:58:21] [Client thread/ERROR] [AE2:C]: Item not found on nonBlocking config: gregtech:shape.extruder.pickaxe
[00:58:21] [Client thread/ERROR] [AE2:C]: Item not found on nonBlocking config: gregtech:shape.extruder.shovel
[00:58:21] [Client thread/ERROR] [AE2:C]: Item not found on nonBlocking config: gregtech:shape.extruder.axe
[00:58:21] [Client thread/ERROR] [AE2:C]: Item not found on nonBlocking config: gregtech:shape.extruder.hoe
[00:58:21] [Client thread/ERROR] [AE2:C]: Item not found on nonBlocking config: gregtech:shape.extruder.hammer
[00:58:21] [Client thread/ERROR] [AE2:C]: Item not found on nonBlocking config: gregtech:shape.extruder.file
[00:58:21] [Client thread/ERROR] [AE2:C]: Item not found on nonBlocking config: gregtech:shape.extruder.saw
[00:58:21] [Client thread/ERROR] [AE2:C]: Item not found on nonBlocking config: gregtech:shape.extruder.gear
[00:58:21] [Client thread/ERROR] [AE2:C]: Item not found on nonBlocking config: gregtech:shape.extruder.bottle
[00:58:21] [Client thread/ERROR] [AE2:C]: Item not found on nonBlocking config: gregtech:shape.extruder.foil
[00:58:21] [Client thread/ERROR] [AE2:C]: Item not found on nonBlocking config: gregtech:shape.extruder.gear_small
[00:58:21] [Client thread/ERROR] [AE2:C]: Item not found on nonBlocking config: gregtech:shape.extruder.rod_long
[00:58:21] [Client thread/ERROR] [AE2:C]: Item not found on nonBlocking config: gregtech:shape.extruder.rotor
[00:58:21] [Client thread/ERROR] [AE2:C]: Item not found on nonBlocking config: gregtech:glass_lens.white
[00:58:21] [Client thread/ERROR] [AE2:C]: Item not found on nonBlocking config: gregtech:glass_lens.orange
[00:58:21] [Client thread/ERROR] [AE2:C]: Item not found on nonBlocking config: gregtech:glass_lens.magenta
[00:58:21] [Client thread/ERROR] [AE2:C]: Item not found on nonBlocking config: gregtech:glass_lens.light_blue
[00:58:21] [Client thread/ERROR] [AE2:C]: Item not found on nonBlocking config: gregtech:glass_lens.yellow
[00:58:21] [Client thread/ERROR] [AE2:C]: Item not found on nonBlocking config: gregtech:glass_lens.lime
[00:58:21] [Client thread/ERROR] [AE2:C]: Item not found on nonBlocking config: gregtech:glass_lens.pink
[00:58:21] [Client thread/ERROR] [AE2:C]: Item not found on nonBlocking config: gregtech:glass_lens.gray
[00:58:21] [Client thread/ERROR] [AE2:C]: Item not found on nonBlocking config: gregtech:glass_lens.light_gray
[00:58:21] [Client thread/ERROR] [AE2:C]: Item not found on nonBlocking config: gregtech:glass_lens.cyan
[00:58:21] [Client thread/ERROR] [AE2:C]: Item not found on nonBlocking config: gregtech:glass_lens.purple
[00:58:21] [Client thread/ERROR] [AE2:C]: Item not found on nonBlocking config: gregtech:glass_lens.blue
[00:58:21] [Client thread/ERROR] [AE2:C]: Item not found on nonBlocking config: gregtech:glass_lens.brown
[00:58:21] [Client thread/ERROR] [AE2:C]: Item not found on nonBlocking config: gregtech:glass_lens.green
[00:58:21] [Client thread/ERROR] [AE2:C]: Item not found on nonBlocking config: gregtech:glass_lens.red
[00:58:21] [Client thread/ERROR] [AE2:C]: Item not found on nonBlocking config: gregtech:glass_lens.black
[00:58:21] [Client thread/ERROR] [AE2:C]: Item not found on nonBlocking config: contenttweaker:smallgearextrudershape
[00:58:21] [Client thread/ERROR] [AE2:C]: Item not found on nonBlocking config: contenttweaker:creativeportabletankmold
[00:58:21] [Actually Additions Special Fetcher/INFO] [Actually Additions]: Fetching Special People Stuff done!
[00:58:21] [Client thread/INFO] [AE2:C]: Post Initialization ( ended after 92ms )
[00:58:21] [Client thread/INFO] [Astral Sorcery]: Post compile recipes
[00:58:21] [Client thread/INFO] [Astral Sorcery]: Item Colorization Helper: Rebuilding colorization cache! This might take longer for higher-res texture packs...
[00:58:21] [Client thread/INFO] [Astral Sorcery]: Item Colorization Helper: Cache rebuilt! Time required: 61ms - Entries cached: 41
[00:58:21] [Client thread/INFO] [toolprogression]: Merged harvest level from Tinkers' Construct: 4 - Cobalt
[00:58:21] [Client thread/INFO] [toolprogression]: Applied compat for TiC mining levels
[00:58:21] [Client thread/INFO] [toolprogression]: TheOneProbe isn't loaded.
[00:58:21] [Client thread/INFO] [toolprogression]: Start doing stupid things
[00:58:21] [Client thread/INFO] [toolprogression]: Finished doing stupid things
[00:58:21] [Client thread/INFO] [draconicevolution]: Finished PostInitialization
[00:58:21] [Client thread/INFO] [thermalexpansion]: Thermal Expansion: Actually Additions Plugin Enabled.
[00:58:21] [Client thread/INFO] [thermalexpansion]: Thermal Expansion: Applied Energistics 2 Plugin Enabled.
[00:58:21] [Client thread/INFO] [thermalexpansion]: Thermal Expansion: Astral Sorcery Plugin Enabled.
[00:58:21] [Client thread/INFO] [thermalexpansion]: Thermal Expansion: Ender IO Plugin Enabled.
[00:58:21] [Client thread/INFO] [thermalexpansion]: Thermal Expansion: Extra Utilities 2 Plugin Enabled.
[00:58:21] [Client thread/INFO] [thermalexpansion]: Thermal Expansion: Ice and Fire Plugin Enabled.
[00:58:21] [Client thread/INFO] [thermalexpansion]: Thermal Expansion: Immersive Engineering Plugin Enabled.
[00:58:21] [Client thread/INFO] [thermalexpansion]: Thermal Expansion: Mystical Agriculture Plugin Enabled.
[00:58:21] [Client thread/INFO] [thermalexpansion]: Thermal Expansion: Quark Plugin Enabled.
[00:58:21] [Client thread/INFO] [thermalexpansion]: Thermal Expansion: Tinkers' Construct Plugin Enabled.
[00:58:21] [Client thread/INFO] [thermalexpansion]: Thermal Expansion: Twilight Forest Plugin Enabled.
[00:58:21] [Client thread/WARN] [enderio]: Could not find Build Craft Wrench definition. Wrench integration with other mods may fail
[00:58:22] [Client thread/INFO] [tconstruct-API]: Registered head drop for EntitySkeleton
[00:58:22] [Client thread/INFO] [tconstruct-API]: Registered head drop for EntityAshen
[00:58:22] [Client thread/INFO] [tconstruct-API]: Registered head drop for EntityForgotten
[00:58:22] [Client thread/INFO] [tconstruct-API]: Registered head drop for EntityPirate
[00:58:22] [Client thread/INFO] [tconstruct-API]: Registered head drop for EntityTFSkeletonDruid
[00:58:22] [Client thread/INFO] [tconstruct-TinkerModifiers]: Registered mob head drop for minecraft:skeleton into minecraft:skull with metadata 0 (quantity <=1, subtypes: true)
[00:58:22] [Client thread/INFO] [tconstruct-API]: Registered head drop for EntityIronGolem
[00:58:22] [Client thread/INFO] [tconstruct-TinkerModifiers]: Registered mob head drop for minecraft:villager_golem into minecraft:pumpkin with metadata 0 (quantity <=1, subtypes: false)
[00:58:22] [Client thread/INFO] [tconstruct-API]: Registered head drop for EntityCreeper
[00:58:22] [Client thread/INFO] [tconstruct-TinkerModifiers]: Registered mob head drop for minecraft:creeper into minecraft:skull with metadata 4 (quantity <=1, subtypes: true)
[00:58:22] [Client thread/INFO] [tconstruct-API]: Registered head drop for EntityPlayerMP
[00:58:22] [Client thread/INFO] [tconstruct-TinkerModifiers]: Registered mob head drop for minecraft:player into minecraft:skull with metadata 3 (quantity <=1, subtypes: false)
[00:58:22] [Client thread/INFO] [tconstruct-API]: Registered head drop for EntityWitherSkeleton
[00:58:22] [Client thread/INFO] [tconstruct-TinkerModifiers]: Registered mob head drop for minecraft:wither_skeleton into minecraft:skull with metadata 1 (quantity <=1, subtypes: true)
[00:58:22] [Client thread/INFO] [tconstruct-API]: Registered head drop for EntityDragon
[00:58:22] [Client thread/INFO] [tconstruct-TinkerModifiers]: Registered mob head drop for minecraft:ender_dragon into minecraft:skull with metadata 5 (quantity <=1, subtypes: true)
[00:58:22] [Client thread/INFO] [tconstruct-API]: Registered head drop for EntityStray
[00:58:22] [Client thread/INFO] [tconstruct-TinkerModifiers]: Registered mob head drop for minecraft:stray into minecraft:skull with metadata 0 (quantity <=1, subtypes: true)
[00:58:22] [Client thread/INFO] [tconstruct-API]: Registered head drop for EntitySnowman
[00:58:22] [Client thread/INFO] [tconstruct-TinkerModifiers]: Registered mob head drop for minecraft:snowman into minecraft:pumpkin with metadata 0 (quantity <=1, subtypes: false)
[00:58:22] [Client thread/INFO] [tconstruct-API]: Registered head drop for EntityHusk
[00:58:22] [Client thread/INFO] [tconstruct-API]: Registered head drop for EntityZombieVillager
[00:58:22] [Client thread/INFO] [tconstruct-API]: Registered head drop for EntityZombie
[00:58:22] [Client thread/INFO] [tconstruct-API]: Registered head drop for EntityPigZombie
[00:58:22] [Client thread/INFO] [tconstruct-API]: Registered head drop for EntityDweller
[00:58:22] [Client thread/INFO] [tconstruct-API]: Registered head drop for EntityWraith
[00:58:22] [Client thread/INFO] [tconstruct-API]: Registered head drop for EntityTFLichMinion
[00:58:22] [Client thread/INFO] [tconstruct-API]: Registered head drop for EntityTFRisingZombie
[00:58:22] [Client thread/INFO] [tconstruct-API]: Registered head drop for EntityFeralGhoul
[00:58:22] [Client thread/INFO] [tconstruct-TinkerModifiers]: Registered mob head drop for minecraft:zombie into minecraft:skull with metadata 2 (quantity <=1, subtypes: true)
[00:58:22] [Client thread/INFO] [tconstruct-API]: Registered entity melting for EntityBlaze into 20 mB of Blazin' Blood
[00:58:22] [Client thread/INFO] [tconstruct-API]: Registered entity melting for EntityEvoker into 6 mB of Molten Emerald
[00:58:22] [Client thread/INFO] [tconstruct-API]: Registered entity melting for EntityElderGuardian into 50 mB of Seared Stone
[00:58:22] [Client thread/INFO] [tconstruct-API]: Registered entity melting for EntityGuardian into 50 mB of Seared Stone
[00:58:22] [Client thread/INFO] [tconstruct-API]: Registered entity melting for EntityIllusionIllager into 6 mB of Molten Emerald
[00:58:22] [Client thread/INFO] [tconstruct-API]: Registered entity melting for EntitySkeleton into 20 mB of Calcium
[00:58:22] [Client thread/INFO] [tconstruct-API]: Registered entity melting for EntityAshen into 20 mB of Calcium
[00:58:22] [Client thread/INFO] [tconstruct-API]: Registered entity melting for EntityForgotten into 20 mB of Calcium
[00:58:22] [Client thread/INFO] [tconstruct-API]: Registered entity melting for EntityPirate into 20 mB of Calcium
[00:58:22] [Client thread/INFO] [tconstruct-API]: Registered entity melting for EntityTFSkeletonDruid into 20 mB of Calcium
[00:58:22] [Client thread/INFO] [tconstruct-API]: Registered entity melting for EntitySkeletonHorse into 20 mB of Calcium
[00:58:22] [Client thread/INFO] [tconstruct-API]: Registered entity melting for EntityDreadHorse into 20 mB of Calcium
[00:58:22] [Client thread/INFO] [tconstruct-API]: Registered entity melting for EntitySilverfish into 25 mB of Seared Stone
[00:58:22] [Client thread/INFO] [tconstruct-API]: Registered entity melting for EntitySlime into 25 mB of Liquid Green Slime
[00:58:22] [Client thread/INFO] [tconstruct-API]: Registered entity melting for EntitySnowman into 100 mB of Water
[00:58:22] [Client thread/INFO] [tconstruct-API]: Registered entity melting for EntitySpider into 20 mB of Venom
[00:58:22] [Client thread/INFO] [tconstruct-API]: Registered entity melting for EntityCaveSpider into 20 mB of Venom
[00:58:22] [Client thread/INFO] [tconstruct-API]: Registered entity melting for EntityTFSwarmSpider into 20 mB of Venom
[00:58:22] [Client thread/INFO] [tconstruct-API]: Registered entity melting for EntityTFHedgeSpider into 20 mB of Venom
[00:58:22] [Client thread/INFO] [tconstruct-API]: Registered entity melting for EntityTFKingSpider into 20 mB of Venom
[00:58:22] [Client thread/INFO] [tconstruct-API]: Registered entity melting for EntityTFTowerBroodling into 20 mB of Venom
[00:58:22] [Client thread/INFO] [tconstruct-API]: Registered entity melting for EntityTrialSpider into 20 mB of Venom
[00:58:22] [Client thread/INFO] [tconstruct-API]: Registered entity melting for EntityTrialCaveSpider into 20 mB of Venom
[00:58:22] [Client thread/INFO] [tconstruct-API]: Registered entity melting for EntityStray into 20 mB of Calcium
[00:58:22] [Client thread/INFO] [tconstruct-API]: Registered entity melting for EntityVillager into 6 mB of Molten Emerald
[00:58:22] [Client thread/INFO] [tconstruct-API]: Registered entity melting for EntitySnowVillager into 6 mB of Molten Emerald
[00:58:22] [Client thread/INFO] [tconstruct-API]: Registered entity melting for EntityIronGolem into 18 mB of Molten Iron
[00:58:22] [Client thread/INFO] [tconstruct-API]: Registered entity melting for EntityVindicator into 6 mB of Molten Emerald
[00:58:22] [Client thread/INFO] [tconstruct-API]: Registered entity melting for EntityWitherSkeleton into 20 mB of Calcium
[00:58:22] [Client thread/INFO] [tconstruct-API]: Registered entity melting for EntityPigZombie into 10 mB of Molten Gold
[00:58:22] [Client thread/INFO] [tconstruct-API]: Registered entity melting for EntityBlueSlime into 25 mB of Liquid Blue Slime
[00:58:22] [Client thread/INFO] [tconstruct-API]: Registered entity melting for EntityPurpleSlime into 25 mB of Liquid Purple Slime
[00:58:22] [Client thread/INFO] [tconstruct-API]: Registered entity melting for AS_EntityGolem into 100 mB of Seared Stone
[00:58:22] [Client thread/INFO] [tconstruct-TinkerSmeltery]: Started adding oredict melting recipes
[00:58:22] [Client thread/INFO] [tconstruct-TinkerSmeltery]: Mod list changed, rescanning recipes
[00:58:25] [Client thread/INFO] [tconstruct-TinkerSmeltery]: Cache file written successfully
[00:58:25] [Client thread/INFO] [tconstruct-TinkerSmeltery]: Oredict melting recipes finished in 2.891797583 seconds
[00:58:25] [Client thread/INFO] [modularui]: Reloading Themes...
[00:58:25] [Client thread/INFO] [modularui]: Found themes.json's at [modularui:themes.json]
[00:58:25] [Client thread/INFO] [ReBind Core]: Keybinding id: bogosorter_bogosort_sort_config, known: false
[00:58:25] [Client thread/INFO] [ReBind Core]: Keybinding id: bogosorter_bogosort_sort, known: false
[00:58:25] [Client thread/INFO] [ReBind Core]: Keybinding id: bogosorter_bogosort_lock_slot, known: false
[00:58:25] [Client thread/INFO] [ReBind Core]: Keybinding id: bogosorter_drop, known: false
[00:58:25] [Client thread/INFO] [ReBind Core]: Keybinding id: bogosorter_swaphands, known: false
[00:58:25] [Client thread/INFO] [ReBind Core]: Keybinding id: bogosorter_bogosort_move_all_same, known: false
[00:58:25] [Client thread/INFO] [ReBind Core]: Keybinding id: bogosorter_bogosort_move_all, known: false
[00:58:25] [Client thread/INFO] [ReBind Core]: Keybinding id: bogosorter_bogosort_move_single, known: false
[00:58:25] [Client thread/INFO] [ReBind Core]: Keybinding id: bogosorter_bogosort_move_single_empty, known: false
[00:58:25] [Client thread/INFO] [ReBind Core]: Keybinding id: bogosorter_bogosort_throw_all_same, known: false
[00:58:25] [Client thread/INFO] [ReBind Core]: Keybinding id: bogosorter_bogosort_throw_all, known: false
[00:58:25] [Client thread/INFO] [botania]: The Lexica Botania has 26651 words.
[00:58:25] [Client thread/INFO] [Extra Utilities Fixes]: Undoing the hacky log stuff since it's not needed anymore
[00:58:25] [Client thread/INFO] [Extra Utilities Fixes]: Unregistering event handler ASM: com.rwtema.extrautils2.eventhandlers.SlimeSpawnHandler@31ae9894 preventSlime(Lnet/minecraftforge/event/entity/living/LivingSpawnEvent$CheckSpawn;)V
[00:58:25] [Client thread/WARN] [net.minecraft.entity.passive.EntityVillager]: PriceRange(-4, -8) invalid, -8 smaller than -4
[00:58:25] [Client thread/INFO] [Ice And Fire: RotN Edition]: A brother bound to a love he must hide
[00:58:25] [Client thread/INFO] [Ice And Fire: RotN Edition]: The younger's armor is worn in the mind
[00:58:25] [Client thread/INFO] [Ice And Fire: RotN Edition]: A cold iron throne holds a boy barely grown
[00:58:25] [Client thread/INFO] [Ice And Fire: RotN Edition]: And now it is known
[00:58:25] [Client thread/INFO] [Ice And Fire: RotN Edition]: A claim to the prize, a crown laced in lies
[00:58:25] [Client thread/INFO] [Ice And Fire: RotN Edition]: You win or you die
[00:58:25] [Client thread/INFO] [Ice And Fire: RotN Edition]: Damn season 8 really sucked didn't it
[00:58:25] [Client thread/INFO] [immersiveengineering]: Couldn't fully analyze 1xtile.immersiveengineering.metal_device1@10, missing knowledge for {1xtile.immersiveengineering.metal_device0@4=1.0}
[00:58:25] [Client thread/INFO] [immersiveengineering]: Couldn't fully analyze 1xitem.starSword@32767, missing knowledge for {1xitem.terraSword@0=1.0}
[00:58:25] [Client thread/INFO] [immersiveengineering]: Couldn't fully analyze 1xitem.terrasteelHelm@32767, missing knowledge for {1xitem.manasteelHelm@0=1.0}
[00:58:25] [Client thread/INFO] [immersiveengineering]: Couldn't fully analyze 1xitem.thunderSword@32767, missing knowledge for {1xitem.terraSword@0=1.0}
[00:58:25] [Client thread/INFO] [immersiveengineering]: Couldn't fully analyze 1xitem.bloodarsenal.blood_infused_iron.sword@32767, missing knowledge for {1xitem.bloodarsenal.blood_infused_wooden.sword@0=1.0}
[00:58:25] [Client thread/INFO] [immersiveengineering]: Couldn't fully analyze 1xitem.bloodarsenal.blood_infused_iron.axe@32767, missing knowledge for {1xitem.bloodarsenal.blood_infused_wooden.axe@0=1.0}
[00:58:25] [Client thread/INFO] [immersiveengineering]: Couldn't fully analyze 1xitem.bloodmagic.pack.sacrifice@32767, missing knowledge for {1xitem.chestplateCloth@0=1.0}
[00:58:25] [Client thread/INFO] [immersiveengineering]: Couldn't fully analyze 1xitem.terrasteelLegs@32767, missing knowledge for {1xitem.manasteelLegs@0=1.0}
[00:58:25] [Client thread/INFO] [immersiveengineering]: Couldn't fully analyze 1xitem.terrasteelHelmReveal@32767, missing knowledge for {1xitem.manasteelHelmReveal@0=1.0}
[00:58:25] [Client thread/INFO] [immersiveengineering]: Couldn't fully analyze 1xitem.bloodarsenal.blood_infused_iron.shovel@32767, missing knowledge for {1xitem.bloodarsenal.blood_infused_wooden.shovel@0=1.0}
[00:58:25] [Client thread/INFO] [immersiveengineering]: Couldn't fully analyze 1xitem.draconicevolution:wyvern_chest@0, missing knowledge for {1xitem.chestplateDiamond@0=1.0}
[00:58:25] [Client thread/INFO] [immersiveengineering]: Couldn't fully analyze 1xitem.nuclearcraft.spaxelhoe_hard_carbon@32767, missing knowledge for {1xitem.nuclearcraft.sword_hard_carbon@0=1.0, 1xitem.nuclearcraft.pickaxe_hard_carbon@0=1.0, 1xitem.nuclearcraft.shovel_hard_carbon@0=1.0, 1xitem.nuclearcraft.axe_hard_carbon@0=1.0, 1xitem.nuclearcraft.hoe_hard_carbon@0=1.0}
[00:58:25] [Client thread/INFO] [immersiveengineering]: Couldn't fully analyze 1xitem.nuclearcraft.spaxelhoe_boron@32767, missing knowledge for {1xitem.nuclearcraft.axe_boron@0=1.0, 1xitem.nuclearcraft.pickaxe_boron@0=1.0, 1xitem.nuclearcraft.hoe_boron@0=1.0, 1xitem.nuclearcraft.shovel_boron@0=1.0, 1xitem.nuclearcraft.sword_boron@0=1.0}
[00:58:25] [Client thread/INFO] [immersiveengineering]: Couldn't fully analyze 1xitem.nuclearcraft.helm_hazmat@0, missing knowledge for {1xitem.helmetCloth@0=1.0}
[00:58:25] [Client thread/INFO] [immersiveengineering]: Couldn't fully analyze 1xitem.terrasteelChest@32767, missing knowledge for {1xitem.manasteelChest@0=1.0}
[00:58:25] [Client thread/INFO] [immersiveengineering]: Couldn't fully analyze 1xitem.nuclearcraft.spaxelhoe_tough@32767, missing knowledge for {1xitem.nuclearcraft.pickaxe_tough@0=1.0, 1xitem.nuclearcraft.sword_tough@0=1.0, 1xitem.nuclearcraft.axe_tough@0=1.0, 1xitem.nuclearcraft.hoe_tough@0=1.0, 1xitem.nuclearcraft.shovel_tough@0=1.0}
[00:58:25] [Client thread/INFO] [immersiveengineering]: Couldn't fully analyze 1xitem.bloodarsenal.blood_infused_iron.sickle@32767, missing knowledge for {1xitem.bloodarsenal.blood_infused_wooden.sickle@0=1.0}
[00:58:25] [Client thread/INFO] [immersiveengineering]: Couldn't fully analyze 1xitem.draconicevolution:wyvern_legs@0, missing knowledge for {1xitem.leggingsDiamond@0=1.0}
[00:58:25] [Client thread/INFO] [immersiveengineering]: Couldn't fully analyze 1xitem.terrasteelBoots@32767, missing knowledge for {1xitem.manasteelBoots@0=1.0}
[00:58:25] [Client thread/INFO] [immersiveengineering]: Couldn't fully analyze 1xitem.ma.supremium_paxel@0, missing knowledge for {1xitem.ma.supremium_shovel@0=1.0}
[00:58:25] [Client thread/INFO] [immersiveengineering]: Couldn't fully analyze 1xitem.draconicevolution:wyvern_boots@0, missing knowledge for {1xitem.bootsDiamond@0=1.0}
[00:58:25] [Client thread/INFO] [immersiveengineering]: Couldn't fully analyze 1xitem.bloodarsenal.blood_infused_iron.pickaxe@32767, missing knowledge for {1xitem.bloodarsenal.blood_infused_wooden.pickaxe@0=1.0}
[00:58:25] [Client thread/INFO] [immersiveengineering]: Couldn't fully analyze 1xitem.draconicevolution:wyvern_helm@0, missing knowledge for {1xitem.helmetDiamond@0=1.0}
[00:58:25] [Client thread/INFO] [immersiveengineering]: Couldn't fully analyze 1xitem.nuclearcraft.spaxelhoe_boron_nitride@32767, missing knowledge for {1xitem.nuclearcraft.hoe_boron_nitride@0=1.0, 1xitem.nuclearcraft.axe_boron_nitride@0=1.0, 1xitem.nuclearcraft.pickaxe_boron_nitride@0=1.0, 1xitem.nuclearcraft.sword_boron_nitride@0=1.0, 1xitem.nuclearcraft.shovel_boron_nitride@0=1.0}
[00:58:27] [Client thread/INFO] [net.blay09.mods.kleeslabs.KleeSlabs]: If you wish to setup additional KleeSlabs compatibility, create a folder called 'KleeSlabsCompat' in your config directory and place JSON files inside.
[00:58:27] [Client thread/INFO] [de.keksuccino.konkrete.Konkrete]: [KONKRETE] Client-side libs ready to use!
[00:58:27] [Client thread/INFO] [modularmachinery]: Variables: [5 loaded, 0 failed]
[00:58:27] [Client thread/INFO] [modularmachinery]: Machines: [4 loaded, 0 failed]
[00:58:27] [Client thread/INFO] [modularmachinery]: Load-Phase: [9 recipes loaded, 0 recipes failed]
[00:58:27] [Client thread/INFO] [modularmachinery]: [Unknown Machinery: 0]
[00:58:27] [Client thread/INFO] [modularmachinery]: modularmachinery:transformer (Recipes): [1 loaded, 0 failed]
[00:58:27] [Client thread/INFO] [modularmachinery]: modularmachinery:iron_centrifuge (Recipes): [6 loaded, 0 failed]
[00:58:27] [Client thread/INFO] [modularmachinery]: modularmachinery:alloy_furnace (Recipes): [2 loaded, 0 failed]
[00:58:27] [Client thread/WARN] [modularmachinery]: MachineRecipe with registryName minecraft:smelting_0_1xtile.log@32767_1xitem.coal@1 already exists!
[00:58:27] [Client thread/WARN] [modularmachinery]: Offending files: 'internal/adapter/minecraft/furnace' and 'internal/adapter/minecraft/furnace' !
[00:58:27] [Client thread/INFO] [modularmachinery]: Load-Phase: [369 adapter-recipes loaded, 0 adapter-recipes failed]
[00:58:27] [Client thread/INFO] [modularmachinery]: [Unknown Machinery: 0]
[00:58:27] [Client thread/INFO] [modularmachinery]: modularmachinery:alloy_furnace (Recipes): [368 loaded, 1 failed]
[00:58:27] [Client thread/INFO] [nuclearcraft]: Post Initializing...
[00:58:27] [Client thread/INFO] [ASMUtil]: Transforming class net/minecraft/world/gen/ChunkProviderServer
[00:58:27] [Client thread/INFO] [ASMUtil]: Transforming class net/minecraft/world/gen/ChunkProviderServer
[00:58:27] [Client thread/WARN] [mixin]: @Final field field_73244_f:Lit/unimi/dsi/fastutil/longs/Long2ObjectMap; in mixins.vintagefix.json:chunk_access.ChunkProviderServerMixin from mod unknown-owner should be final
[00:58:27] [Client thread/INFO] [Resource Reloader]: Loaded 7 groups and 15 reload listeners
[00:58:27] [Client thread/ERROR] [RLTweaker]: Failed to setup BaublesHandler!
java.lang.ClassNotFoundException: baubles.common.items.ItemRing
	at top.outlands.foundation.boot.ActualClassLoader.findClass(ActualClassLoader.java:263)
	at java.lang.ClassLoader.loadClass(ClassLoader.java:557)
	at top.outlands.foundation.boot.ActualClassLoader.loadClass(ActualClassLoader.java:274)
	at java.lang.ClassLoader.loadClass(ClassLoader.java:490)
	at java.lang.Class.forName0(Native Method)
	at java.lang.Class.forName(Class.java:467)
	at java.lang.Class.forName(Class.java:458)
	at com.charles445.rltweaker.reflect.BaublesReflect.<init>(BaublesReflect.java:9)
	at com.charles445.rltweaker.handler.BaublesHandler.<init>(BaublesHandler.java:22)
	at com.charles445.rltweaker.RLTweaker.postInit(RLTweaker.java:199)
	at jdk.internal.reflect.DirectMethodHandleAccessor.invoke(DirectMethodHandleAccessor.java:104)
	at java.lang.reflect.Method.invoke(Method.java:565)
	at net.minecraftforge.fml.common.FMLModContainer.handleModStateEvent(FMLModContainer.java:663)
	at jdk.internal.reflect.DirectMethodHandleAccessor.invoke(DirectMethodHandleAccessor.java:104)
	at java.lang.reflect.Method.invoke(Method.java:565)
	at com.google.common.eventbus.Subscriber.invokeSubscriberMethod(Subscriber.java:84)
	at com.google.common.eventbus.Subscriber$SynchronizedSubscriber.invokeSubscriberMethod(Subscriber.java:141)
	at com.google.common.eventbus.Subscriber.lambda$dispatchEvent$0(Subscriber.java:70)
	at com.google.common.util.concurrent.DirectExecutor.execute(DirectExecutor.java:30)
	at com.google.common.eventbus.Subscriber.dispatchEvent(Subscriber.java:67)
	at com.google.common.eventbus.Dispatcher$PerThreadQueuedDispatcher.dispatch(Dispatcher.java:112)
	at com.google.common.eventbus.EventBus.post(EventBus.java:262)
	at net.minecraftforge.fml.common.LoadController.sendEventToModContainer(LoadController.java:318)
	at net.minecraftforge.fml.common.LoadController.propogateStateMessage(LoadController.java:296)
	at jdk.internal.reflect.DirectMethodHandleAccessor.invoke(DirectMethodHandleAccessor.java:104)
	at java.lang.reflect.Method.invoke(Method.java:565)
	at com.google.common.eventbus.Subscriber.invokeSubscriberMethod(Subscriber.java:84)
	at com.google.common.eventbus.Subscriber$SynchronizedSubscriber.invokeSubscriberMethod(Subscriber.java:141)
	at com.google.common.eventbus.Subscriber.lambda$dispatchEvent$0(Subscriber.java:70)
	at com.google.common.util.concurrent.DirectExecutor.execute(DirectExecutor.java:30)
	at com.google.common.eventbus.Subscriber.dispatchEvent(Subscriber.java:67)
	at com.google.common.eventbus.Dispatcher$PerThreadQueuedDispatcher.dispatch(Dispatcher.java:112)
	at com.google.common.eventbus.EventBus.post(EventBus.java:262)
	at net.minecraftforge.fml.common.LoadController.distributeStateMessage(LoadController.java:232)
	at net.minecraftforge.fml.common.Loader.initializeMods(Loader.java:760)
	at net.minecraftforge.fml.client.FMLClientHandler.finishMinecraftLoading(MixinFMLClientHandler.java:344)
	at net.minecraft.client.Minecraft.init(MinecraftAccessor.java:531)
	at net.minecraft.client.Minecraft.run(MinecraftAccessor.java:12651)
	at net.minecraft.client.main.Main.main(SourceFile:123)
	at top.outlands.foundation.LaunchHandler.launch(LaunchHandler.java:125)
	at top.outlands.foundation.boot.Foundation.main(Foundation.java:43)
	at org.prismlauncher.launcher.impl.StandardLauncher.launch(StandardLauncher.java:115)
	at org.prismlauncher.EntryPoint.listen(EntryPoint.java:129)
	at org.prismlauncher.EntryPoint.main(EntryPoint.java:70)
Caused by: java.lang.ClassNotFoundException
	at top.outlands.foundation.boot.ActualClassLoader.findClass(ActualClassLoader.java:246)
	... 43 more
[00:58:27] [Client thread/INFO] [ReBind Core]: Keybinding id: aether_baubles_aether_accessory_menu, known: false
[00:58:27] [Client thread/INFO] [Universal Tweaks]: Universal Tweaks client post-initialized
[00:58:27] [Client thread/INFO] [Universal Tweaks]: Entity Desync blacklist initialized
[00:58:27] [Client thread/INFO] [Universal Tweaks]: Block Dispenser block list initialized
[00:58:27] [Client thread/INFO] [Universal Tweaks]: Swing Through Grass lists initialized
[00:58:27] [Client thread/INFO] [Universal Tweaks]: Incurable Potions list initialized
[00:58:27] [Client thread/INFO] [Universal Tweaks]: Item rarity map initialized
[00:58:27] [Client thread/INFO] [Universal Tweaks]: Universal Tweaks post-initialized
[00:58:27] [Client thread/INFO] [woot]: Woot: Adding EnderIO enderman skull
[00:58:27] [Client thread/INFO] [GroovyLog]: Running scripts in loader 'postInit'
[00:58:27] [Client thread/INFO] [GroovyLog]: Groovy scripts took 0ms to compile and 0ms to run in postInit.
[00:58:27] [Client thread/INFO] [groovyscript]: Running Groovy scripts during postInit took 23 ms
[00:58:27] [Client thread/INFO] [Had Enough Items]: Starting Had Enough Items...
[00:58:27] [Client thread/INFO] [Had Enough Items]: Registering recipe categories...
[00:58:28] [Client thread/INFO] [Had Enough Items]: Registering recipe categories took 205.6 ms
[00:58:28] [Client thread/INFO] [Had Enough Items]: Registering mod plugins...
[00:58:28] [Client thread/INFO] [Had Enough Items]: Added recipe registry plugin: class thelm.packagedauto.integration.jei.PackageRegistryPlugin
[00:58:28] [Client thread/INFO] [enderio]: AlloyRecipeCategory: Added 449 alloy smelter recipes to JEI in 0.006 seconds.
[00:58:28] [Client thread/INFO] [enderio]: CombustionRecipeCategory: Added 42 combustion generator recipes to JEI in 0.002 seconds.
[00:58:28] [Client thread/INFO] [Had Enough Items]: Added recipe registry plugin: class crazypants.enderio.machines.integration.jei.PainterRegistryPlugin
[00:58:28] [Client thread/INFO] [enderio]: StirlingRecipeCategory: Added 34 stirling generator recipes for 623 solid fuels to JEI in 0.020 seconds.
[00:58:28] [Client thread/INFO] [enderio]: TankRecipeCategory: Added 17497 tank recipes to JEI in 0.132 seconds.
[00:58:28] [Client thread/INFO] [enderio]: WiredChargerRecipeCategory: Added 166 item charging recipes to JEI in 0.027 seconds.
[00:58:28] [Client thread/INFO] [enderio]: WeatherObeliskRecipeCategory: Added 3 weather changing recipes to JEI in 0.001 seconds.
[00:58:28] [Client thread/INFO] [nuclearcraft]: JEI integration complete
[00:58:28] [Client thread/INFO] [Had Enough Items]: Added recipe registry plugin: class appeng.integration.modules.jei.FacadeRegistryPlugin
[00:58:29] [Client thread/INFO] [ReBind Core]: Keybinding id: jei_enderiobind_inventory, known: false
[00:58:29] [Client thread/INFO] [ReBind Core]: Keybinding id: jei_enderiobind_dsu, known: false
[00:58:29] [Client thread/INFO] [ReBind Core]: Keybinding id: jei_enderiobind_glidertoggle, known: false
[00:58:29] [Client thread/INFO] [ReBind Core]: Keybinding id: jei_enderiobind_soundlocator, known: false
[00:58:29] [Client thread/INFO] [ReBind Core]: Keybinding id: jei_enderiobind_nightvision, known: false
[00:58:29] [Client thread/INFO] [ReBind Core]: Keybinding id: jei_enderiobind_gogglesofrevealing, known: false
[00:58:29] [Client thread/INFO] [ReBind Core]: Keybinding id: jei_enderiobind_stepassist, known: false
[00:58:29] [Client thread/INFO] [ReBind Core]: Keybinding id: jei_enderiobind_speed, known: false
[00:58:29] [Client thread/INFO] [ReBind Core]: Keybinding id: jei_enderiobind_jump, known: false
[00:58:29] [Client thread/INFO] [ReBind Core]: Keybinding id: jei_enderiobind_top, known: false
[00:58:29] [Client thread/INFO] [ReBind Core]: Keybinding id: jei_enderiobind_tnt, known: false
[00:58:29] [Client thread/INFO] [ReBind Core]: Keybinding id: jei_enderiobind_yetawrenchmode, known: false
[00:58:29] [Client thread/INFO] [ReBind Core]: Keybinding id: jei_enderiobind_magnet, known: false
[00:58:29] [Client thread/INFO] [ReBind Core]: Keybinding id: jei_enderiobind_fovreset, known: false
[00:58:29] [Client thread/INFO] [ReBind Core]: Keybinding id: jei_enderiobind_fovunreset, known: false
[00:58:29] [Client thread/INFO] [ReBind Core]: Keybinding id: jei_enderiobind_fovstore, known: false
[00:58:29] [Client thread/INFO] [ReBind Core]: Keybinding id: jei_enderiobind_fovrecall, known: false
[00:58:29] [Client thread/INFO] [ReBind Core]: Keybinding id: jei_enderiobind_fovplus, known: false
[00:58:29] [Client thread/INFO] [ReBind Core]: Keybinding id: jei_enderiobind_fovminus, known: false
[00:58:29] [Client thread/INFO] [ReBind Core]: Keybinding id: jei_enderiobind_fovplusfast, known: false
[00:58:29] [Client thread/INFO] [ReBind Core]: Keybinding id: jei_enderiobind_fovminusfast, known: false
[00:58:29] [Client thread/INFO] [enderio]: InfinityRecipeCategory: Added 2 infinity recipe(s) to JEI in 0.001 seconds.
[00:58:29] [Client thread/INFO] [Just Enough Magiculture]: Registering Custom JER entries.
[00:58:29] [Client thread/INFO] [ASMUtil]: Transforming class net/minecraft/world/ChunkCache
[00:58:29] [Client thread/INFO] [ASMUtil]: Transforming class net/minecraft/world/ChunkCache
[00:58:30] [Client thread/INFO] [immersiveengineering]: Adding recipes to JEI!!
[00:58:30] [Client thread/INFO] [Had Enough Items]: Registering mod plugins took 2.022 s
[00:58:30] [Client thread/INFO] [Had Enough Items]: Building recipe registry...
[00:58:30] [Client thread/INFO] [IFPatcher]: Patching ItemStackUtils from IF
[00:58:30] [Client thread/INFO] [IFPatcher]: Patched Item Stack Utils
[00:58:30] [Client thread/INFO] [IFPatcher]: PatchItemStackUtils succeeded
[00:58:31] [Client thread/INFO] [Had Enough Items]: Building recipe registry took 1.333 s
[00:58:31] [Client thread/INFO] [Had Enough Items]: Building ingredient filter and search trees...
[00:58:31] [Client thread/INFO] [Had Enough Items]: Building [default] search tree...
[00:58:31] [Client thread/INFO] [Had Enough Items]: Building [default] search tree took 316.7 ms
[00:58:31] [Client thread/INFO] [Had Enough Items]: Building [tooltip] search tree...
[00:58:32] [Client thread/INFO] [Had Enough Items]: Building [tooltip] search tree took 881.5 ms
[00:58:32] [pool-7-thread-1/INFO] [Had Enough Items]: Asynchronously building [resource_id] search tree...
[00:58:32] [pool-7-thread-1/INFO] [Had Enough Items]: Asynchronously building [resource_id] search tree took 1.715 ms
[00:58:32] [pool-7-thread-1/INFO] [Had Enough Items]: Asynchronously building [color] search tree...
[00:58:32] [Client thread/INFO] [Had Enough Items]: Building ingredient filter and search trees took 1.268 s
[00:58:32] [pool-7-thread-1/INFO] [Had Enough Items]: Asynchronously building [color] search tree took 1.144 ms
[00:58:32] [pool-7-thread-1/INFO] [Had Enough Items]: Asynchronously building [oredict] search tree...
[00:58:32] [pool-7-thread-1/INFO] [Had Enough Items]: Asynchronously building [oredict] search tree took 990.1 μs
[00:58:32] [pool-7-thread-1/INFO] [Had Enough Items]: Asynchronously building [mod_name] search tree...
[00:58:32] [Client thread/INFO] [Had Enough Items]: Loaded 0 custom collapsible groups
[00:58:32] [Client thread/INFO] [Had Enough Items]: Building runtime...
[00:58:32] [pool-7-thread-1/INFO] [Had Enough Items]: Asynchronously building [mod_name] search tree took 25.70 ms
[00:58:32] [pool-7-thread-1/INFO] [Had Enough Items]: Asynchronously building [creative_tab] search tree...
[00:58:32] [pool-7-thread-1/INFO] [Had Enough Items]: Asynchronously building [creative_tab] search tree took 1.209 ms
[00:58:32] [Client thread/INFO] [Had Enough Items]: Building runtime took 95.70 ms
[00:58:32] [Client thread/INFO] [Had Enough Items]: Building favorites...
[00:58:32] [Client thread/INFO] [Had Enough Items]: Building favorites took 1.165 ms
[00:58:32] [Client thread/INFO] [Had Enough Items]: Building bookmarks...
[00:58:32] [Client thread/INFO] [Had Enough Items]: Building bookmarks took 12.25 μs
[00:58:32] [Client thread/INFO] [Had Enough Items]: Starting Had Enough Items took 5.409 s
[00:58:32] [Client thread/INFO] [cofhcore]: CoFH Core: Load Complete.
[00:58:32] [Client thread/INFO] [CoFH World]: Accumulating world generation files from: "/Users/gottfrid.nordstrom@live.vasteras.se/Library/Application Support/PrismLauncher/instances/Emergent-Engineering/minecraft/config/cofh/world"
[00:58:32] [Client thread/INFO] [CoFH World]: Found a total of 3 world generation files.
[00:58:32] [Client thread/INFO] [CoFH World]: Reading world generation info from: "cofh/world/02_thermalfoundation_oil.json":
[00:58:32] [Client thread/INFO] [CoFH World]: Reading world generation info from: "cofh/world/03_thermalfoundation_clathrates.json":
[00:58:32] [Client thread/INFO] [CoFH World]: Reading world generation info from: "cofh/world/01_thermalfoundation_ores.json":
[00:58:32] [Client thread/INFO] [CoFH World]: CoFH World: Load Complete.
[00:58:32] [Client thread/INFO] [thermalfoundation]: [Whitelist] Reading established Whitelist from file.
[00:58:32] [Client thread/INFO] [thermalfoundation]: Thermal Foundation: Load Complete.
[00:58:32] [Client thread/INFO] [thermalexpansion]: Thermal Expansion: Load Complete.
[00:58:33] [Client thread/INFO] [FermiumASM]: Trimming simple registries
[00:58:33] [Client thread/INFO] [FermiumASM]: Cleaning up LaunchClassLoader
[00:58:33] [Client thread/INFO] [FermiumASM]: 3477021 total strings processed. 358041 unique strings in NormalStringPool, 3118980 strings deduplicated altogether during game load.
[00:58:33] [Client thread/INFO] [FermiumASM]: Took 30.49 ms to canonicalize Java's FilePermission caches.
[00:58:33] [Client thread/WARN] [FermiumASM]: Clearing NormalVertexDataPool
[00:58:33] [Client thread/INFO] [FermiumASM]: 252851 total quads processed. 197230 unique vertex data array in NormalVertexDataPool, 55621 vertex data arrays deduplicated altogether during game load.
[00:58:33] [Client thread/INFO] [Waila]: Starting Waila...
[00:58:33] [Client thread/INFO] [Waila]: Gathering annotated plugins...
[00:58:33] [Client thread/INFO] [Waila]: Gathering wrapped IMC plugins...
[00:58:33] [Client thread/INFO] [Waila]: Registering plugins...
[00:58:33] [Client thread/INFO] [Waila]: Registering plugin at mcp.mobius.waila.addons.core.PluginCore
[00:58:33] [Client thread/INFO] [Waila]: Registering plugin at appeng.integration.modules.waila.WailaModule
[00:58:33] [Client thread/INFO] [Waila]: Registering plugin at arcaratus.bloodarsenal.compat.hwyla.BloodArsenalHwylaPlugin
[00:58:33] [Client thread/INFO] [Waila]: Registering plugin at blusunrize.immersiveengineering.common.util.compat.waila.IEWailaDataProvider
[00:58:33] [Client thread/INFO] [Waila]: Registering plugin at com.blakebr0.mysticalagradditions.compat.WailaDataProvider
[00:58:33] [Client thread/INFO] [Waila]: Registering plugin at mcp.mobius.waila.addons.minecraft.PluginMinecraft
[00:58:33] [Client thread/INFO] [Waila]: Registering plugin at com.blakebr0.extendedcrafting.compat.WailaDataProvider
[00:58:33] [Client thread/INFO] [Waila]: Registering plugin at com.blakebr0.mysticalagriculture.compat.WailaDataProvider
[00:58:33] [Client thread/INFO] [Waila]: Registering plugin at com.github.alexthe666.iceandfire.compat.waila.PluginIceAndFire
[00:58:33] [Client thread/INFO] [Waila]: Registering plugin at mcjty.lib.compat.waila.WailaCompatibility
[00:58:33] [Client thread/INFO] [Waila]: Registering plugin at mcp.mobius.waila.addons.capability.PluginCapability
[00:58:33] [Client thread/INFO] [Waila]: Registering plugin at net.bdew.ae2stuff.waila.WailaHandler
[00:58:33] [Client thread/INFO] [Waila]: Registering plugin at slimeknights.tconstruct.plugin.waila.WailaRegistrar
[00:58:33] [Client thread/INFO] [Waila]: Registering plugin at snownee.jade.JadeClientPlugin
[00:58:33] [Client thread/INFO] [Waila]: Registering plugin at snownee.jade.JadePlugin
[00:58:33] [Client thread/INFO] [Waila]: Registering plugin at tyra314.toolprogression.compat.waila.WailaTooltipProvider
[00:58:33] [Client thread/INFO] [Waila]: Registering plugin at WayofTime.bloodmagic.compat.waila.BloodMagicHwylaPlugin
[00:58:33] [Client thread/INFO] [Waila]: Starting Waila took 54.77 ms
[00:58:33] [ForkJoinPool.commonPool-worker-1/INFO] [modularmachinery]: Building Machine Structure Cache...
[00:58:33] [Client thread/WARN] [particleculling]: Could not find particle class org.orecruncher.dsurround.client.fx.particle.mote.ParticleCollection. If the mod is not installed, this can be ignored.
[00:58:33] [Client thread/WARN] [particleculling]: Could not find particle class com.TominoCZ.FBP.particle.FBPParticleBlock. If the mod is not installed, this can be ignored.
[00:58:33] [Client thread/WARN] [particleculling]: Could not find particle class xzeroair.trinkets.client.particles.ParticleGreed. If the mod is not installed, this can be ignored.
[00:58:33] [Client thread/WARN] [particleculling]: Could not find particle class thaumcraft.client.fx.beams.FXBolt. If the mod is not installed, this can be ignored.
[00:58:33] [ForkJoinPool.commonPool-worker-1/INFO] [modularmachinery]: Build Completed, Used 10ms.
[00:58:33] [Client thread/INFO] [probe]: Probe loaded successfully!
[00:58:33] [Client thread/INFO] [RLTweaker]: Found and removed vazkii.quark.misc.feature.AncientTomes IEventListener onAnvilUpdate from the event bus
[00:58:33] [Client thread/INFO] [RLTweaker]: Registering QKAncientTomeAnvilUpdate to the event bus
[00:58:33] [StellarCore-UnpackedDataPool-L1-CanonicalizeWorker/INFO] [stellar_core]: [StellarCore-UnpackedDataPool-L1] CanonicalizeWorker started.
[00:58:33] [StellarCore-UnpackedDataPool-L2-CanonicalizeWorker/INFO] [stellar_core]: [StellarCore-UnpackedDataPool-L2] CanonicalizeWorker started.
[00:58:33] [StellarCore-UnpackedDataPool-L3-CanonicalizeWorker/INFO] [stellar_core]: [StellarCore-UnpackedDataPool-L3] CanonicalizeWorker started.
[00:58:33] [StellarCore-VertexDataPool-CanonicalizeWorker/INFO] [stellar_core]: [StellarCore-VertexDataPool] CanonicalizeWorker started.
[00:58:33] [Client thread/INFO] [stellar_core]: [StellarCore-UnpackedDataPool] Pool reset in 0ms.
[00:58:33] [StellarCore-UnpackedDataPool-L2-CanonicalizeWorker/INFO] [stellar_core]: [StellarCore-UnpackedDataPool-L2] CanonicalizeWorker stopped.
[00:58:33] [StellarCore-UnpackedDataPool-L3-CanonicalizeWorker/INFO] [stellar_core]: [StellarCore-UnpackedDataPool-L3] CanonicalizeWorker stopped.
[00:58:33] [StellarCore-BakedQuadPool-CanonicalizeWorker/INFO] [stellar_core]: [StellarCore-BakedQuadPool] CanonicalizeWorker started.
[00:58:33] [ForkJoinPool.commonPool-worker-5/INFO] [stellar_core]: [StellarCore-BakedQuadPool] 0 BakedQuad processed. 0 Unique, 0 Deduplicated.
[00:58:33] [ForkJoinPool.commonPool-worker-2/INFO] [stellar_core]: [StellarCore-BlockFaceUVsPool] 30801 UVs processed. 4178 Unique, 26623 Deduplicated.
[00:58:33] [ForkJoinPool.commonPool-worker-5/INFO] [stellar_core]: [StellarCore-BakedQuadPool] Pool cleared.
[00:58:33] [ForkJoinPool.commonPool-worker-2/INFO] [stellar_core]: [StellarCore-BlockFaceUVsPool] Pool cleared.
[00:58:33] [Client thread/INFO] [thermalcultivation]: Thermal Cultivation: Load Complete.
[00:58:33] [Client thread/INFO] [thermaldynamics]: Thermal Dynamics: Load Complete.
[00:58:33] [Client thread/INFO] [thermalinnovation]: Thermal Innovation: Load Complete.
[00:58:33] [Client thread/WARN] [net.minecraft.client.settings.GameSettings]: Skipping bad option: lastServer:
[00:58:33] [Client thread/WARN] [net.minecraft.client.settings.GameSettings]: Skipping bad option: fov:1.0
[00:58:33] [Client thread/WARN] [net.minecraft.client.settings.GameSettings]: Skipping bad option: ao:2
[00:58:34] [Client thread/INFO] [Kirino Core]: ---------- Kirino Common Post-Initialization ----------
[00:58:34] [Client thread/INFO] [Kirino Core]: ---------- Kirino Client-Side Post-Initialization ----------
[00:58:34] [Client thread/INFO] [Kirino Core]: Post-Initializing Kirino Engine.
[00:58:34] [Client thread/INFO] [Kirino Core]: Kirino Engine Post-Initialized. Time taken: 2 ms
[00:58:34] [Client thread/INFO] [renderlib]: OpenGL Debug: supported=null, enabled=false
[00:58:35] [Client thread/INFO] [Ender's Modpack Tweaks]: Startup took: 1m 28s
[00:58:35] [Client thread/INFO] [VintageFix]: Game launch took 88.976 seconds
[00:58:35] [Client thread/INFO] [net.minecraft.client.Minecraft]: Sledgehammer v1.12.2-2.0.26 was successfully applied!
[00:58:35] [Client thread/WARN] [mixin]: @Final field drawnChatLines:Ljava/util/List; in mixins.stellar_core_betterchat.json:MixinGuiBetterChat from mod StellarCore-1.5.22.jar should be final
[00:58:35] [Client thread/WARN] [mixin]: @Final field chatLines:Ljava/util/List; in mixins.stellar_core_betterchat.json:MixinGuiBetterChat from mod StellarCore-1.5.22.jar should be final
[00:58:36] [Finalizer/WARN] [FermiumASM]: Clearing NormalStringPool 1
[00:58:36] [Client thread/INFO] [draconicevolution]: Checking Doc Versions
[00:58:43] [Server thread/INFO] [net.minecraft.server.integrated.IntegratedServer]: Starting integrated minecraft server version 1.12.2
[00:58:43] [Server thread/INFO] [net.minecraft.server.integrated.IntegratedServer]: Generating keypair
[00:58:43] [Server thread/INFO] [enderio]: Permission Handler is: INSTANCE
[00:58:43] [Server thread/INFO] [copypaste]: Validating and updating files in the world...
[00:58:43] [Server thread/INFO] [justenoughdimensions]: Reloading the main configs from file '/Users/gottfrid.nordstrom@live.vasteras.se/Library/Application Support/PrismLauncher/instances/Emergent-Engineering/minecraft/config/justenoughdimensions/justenoughdimensions.cfg'
[00:58:43] [Server thread/WARN] [justenoughdimensions]: No 'dimensions.json' file found; neither global nor per-world
[00:58:43] [Server thread/INFO] [mcjtylib_ng]: Preparing all world data
[00:58:53] [Server thread/INFO] [net.minecraft.advancements.AdvancementList]: Loaded 1070 advancements
[00:58:53] [Server thread/INFO] [ASMUtil]: Transforming class net/minecraftforge/common/chunkio/ChunkIOProvider
[00:58:53] [Server thread/INFO] [ASMUtil]: Transforming class net/minecraftforge/common/chunkio/ChunkIOProvider
[00:58:53] [Server thread/INFO] [EnderCore ASM]: Transforming Class [net.minecraft.world.chunk.storage.ExtendedBlockStorage], Method [func_76663_a]
[00:58:53] [Server thread/INFO] [EnderCore ASM]: Transforming net.minecraft.world.chunk.storage.ExtendedBlockStorage Finished.
[00:58:53] [Server thread/WARN] [mixin]: Static binding violation: PRIVATE @Overwrite method func_180285_a in mixins.vintagefix.json:allocation_rate.MixinBiomeColorHelper from mod unknown-owner cannot reduce visibiliy of PUBLIC target method, visibility will be upgraded.
[00:58:53] [Server thread/WARN] [mixin]: Static binding violation: PRIVATE @Overwrite method func_180285_a in mixins.celeritas.json:core.terrain.BiomeColorHelperMixin from mod unknown-owner cannot reduce visibiliy of PUBLIC target method, visibility will be upgraded.
[00:58:53] [Server thread/WARN] [mixin]: Method overwrite conflict for func_180285_a in mixins.vintagefix.json:allocation_rate.MixinBiomeColorHelper from mod unknown-owner, previously written by fionathemortal.betterbiomeblend.mixin.MixinBiomeColorHelper. Skipping method.
[00:58:53] [Server thread/INFO] [Astral Sorcery]: Checking GatewayCache integrity for dimension 0
[00:58:53] [Server thread/INFO] [Astral Sorcery]: GatewayCache checked and fully loaded in 0ms! Collected and checked 0 gateway nodes!
[00:58:54] [Server thread/INFO] [FermiumASM]: Took 33.71 ms to canonicalize Java's FilePermission caches.
[00:58:54] [Server thread/INFO] [Astral Sorcery]: Checking GatewayCache integrity for dimension -1
[00:58:54] [Server thread/INFO] [Astral Sorcery]: GatewayCache checked and fully loaded in 0ms! Collected and checked 0 gateway nodes!
[00:58:54] [Server thread/INFO] [FermiumASM]: Took 10.30 ms to canonicalize Java's FilePermission caches.
[00:58:54] [Server thread/INFO] [Astral Sorcery]: Checking GatewayCache integrity for dimension 1
[00:58:54] [Server thread/INFO] [Astral Sorcery]: GatewayCache checked and fully loaded in 0ms! Collected and checked 0 gateway nodes!
[00:58:54] [Server thread/INFO] [FermiumASM]: Took 16.65 ms to canonicalize Java's FilePermission caches.
[00:58:54] [Server thread/INFO] [Astral Sorcery]: Checking GatewayCache integrity for dimension 684
[00:58:54] [Server thread/INFO] [Astral Sorcery]: GatewayCache checked and fully loaded in 0ms! Collected and checked 0 gateway nodes!
[00:58:54] [Server thread/INFO] [FermiumASM]: Took 10.52 ms to canonicalize Java's FilePermission caches.
[00:58:54] [Server thread/INFO] [Astral Sorcery]: Checking GatewayCache integrity for dimension 685
[00:58:54] [Server thread/INFO] [Astral Sorcery]: GatewayCache checked and fully loaded in 0ms! Collected and checked 0 gateway nodes!
[00:58:54] [Server thread/INFO] [FermiumASM]: Took 1.891 ms to canonicalize Java's FilePermission caches.
[00:58:54] [Server thread/INFO] [Astral Sorcery]: Checking GatewayCache integrity for dimension 686
[00:58:54] [Server thread/INFO] [Astral Sorcery]: GatewayCache checked and fully loaded in 0ms! Collected and checked 0 gateway nodes!
[00:58:54] [Server thread/INFO] [FermiumASM]: Took 1.507 ms to canonicalize Java's FilePermission caches.
[00:58:54] [Server thread/INFO] [Astral Sorcery]: Checking GatewayCache integrity for dimension 687
[00:58:54] [Server thread/INFO] [Astral Sorcery]: GatewayCache checked and fully loaded in 0ms! Collected and checked 0 gateway nodes!
[00:58:54] [Server thread/INFO] [FermiumASM]: Took 1.594 ms to canonicalize Java's FilePermission caches.
[00:58:54] [Server thread/INFO] [Astral Sorcery]: Checking GatewayCache integrity for dimension 688
[00:58:54] [Server thread/INFO] [Astral Sorcery]: GatewayCache checked and fully loaded in 0ms! Collected and checked 0 gateway nodes!
[00:58:54] [Server thread/INFO] [FermiumASM]: Took 1.671 ms to canonicalize Java's FilePermission caches.
[00:58:54] [Server thread/INFO] [Astral Sorcery]: Checking GatewayCache integrity for dimension 418
[00:58:54] [Server thread/INFO] [Astral Sorcery]: GatewayCache checked and fully loaded in 0ms! Collected and checked 0 gateway nodes!
[00:58:54] [Server thread/INFO] [FermiumASM]: Took 1.527 ms to canonicalize Java's FilePermission caches.
[00:58:54] [Server thread/INFO] [Astral Sorcery]: Checking GatewayCache integrity for dimension 4
[00:58:54] [Server thread/INFO] [Astral Sorcery]: GatewayCache checked and fully loaded in 0ms! Collected and checked 0 gateway nodes!
[00:58:54] [Server thread/INFO] [FermiumASM]: Took 2.350 ms to canonicalize Java's FilePermission caches.
[00:58:54] [Server thread/INFO] [Astral Sorcery]: Checking GatewayCache integrity for dimension -11325
[00:58:54] [Server thread/INFO] [Astral Sorcery]: GatewayCache checked and fully loaded in 0ms! Collected and checked 0 gateway nodes!
[00:58:54] [Server thread/INFO] [FermiumASM]: Took 2.152 ms to canonicalize Java's FilePermission caches.
[00:58:54] [Server thread/INFO] [Astral Sorcery]: Checking GatewayCache integrity for dimension -9999
[00:58:54] [Server thread/INFO] [Astral Sorcery]: GatewayCache checked and fully loaded in 0ms! Collected and checked 0 gateway nodes!
[00:58:54] [Server thread/INFO] [FermiumASM]: Took 2.087 ms to canonicalize Java's FilePermission caches.
[00:58:54] [Server thread/INFO] [Astral Sorcery]: Checking GatewayCache integrity for dimension 4598
[00:58:54] [Server thread/INFO] [Astral Sorcery]: GatewayCache checked and fully loaded in 0ms! Collected and checked 0 gateway nodes!
[00:58:54] [Server thread/INFO] [FermiumASM]: Took 2.589 ms to canonicalize Java's FilePermission caches.
[00:58:54] [Server thread/INFO] [Astral Sorcery]: Checking GatewayCache integrity for dimension 2
[00:58:54] [Server thread/INFO] [Astral Sorcery]: GatewayCache checked and fully loaded in 0ms! Collected and checked 0 gateway nodes!
[00:58:54] [Server thread/INFO] [FermiumASM]: Took 2.056 ms to canonicalize Java's FilePermission caches.
[00:58:54] [Server thread/INFO] [Astral Sorcery]: Checking GatewayCache integrity for dimension 7
[00:58:54] [Server thread/INFO] [Astral Sorcery]: GatewayCache checked and fully loaded in 0ms! Collected and checked 0 gateway nodes!
[00:58:54] [Server thread/INFO] [FermiumASM]: Took 2.964 ms to canonicalize Java's FilePermission caches.
[00:58:54] [Server thread/INFO] [projecte]: Starting server-side EMC mapping.
[00:58:54] [Server thread/WARN] [projecte]: Can not get Fluid 'obisidan.molten'
[00:58:54] [Server thread/WARN] [projecte]: Can not get Fluid 'glass.molten'
[00:58:54] [Server thread/WARN] [projecte]: Can not get Fluid 'glass.molten'
[00:58:54] [Server thread/WARN] [projecte]: Can not get Fluid 'iron.molten'
[00:58:54] [Server thread/WARN] [projecte]: Can not get Fluid 'gold.molten'
[00:58:54] [Server thread/WARN] [projecte]: Can not get Fluid 'copper.molten'
[00:58:54] [Server thread/WARN] [projecte]: Can not get Fluid 'tin.molten'
[00:58:54] [Server thread/WARN] [projecte]: Can not get Fluid 'silver.molten'
[00:58:54] [Server thread/WARN] [projecte]: Can not get Fluid 'lead.molten'
[00:58:54] [Server thread/WARN] [projecte]: Can not get Fluid 'nickel.molten'
[00:58:54] [Server thread/WARN] [projecte]: Can not get Fluid 'aluminum.molten'
[00:58:54] [Server thread/WARN] [projecte]: Can not get Fluid 'ardite.molten'
[00:58:54] [Server thread/WARN] [projecte]: Can not get Fluid 'cobalt.molten'
[00:58:54] [Server thread/WARN] [projecte]: Can not get Fluid 'platinum.molten'
[00:58:54] [Server thread/WARN] [projecte]: Can not get Fluid 'obsidian.molten'
[00:58:54] [Server thread/WARN] [projecte]: Can not get Fluid 'electrum.molten'
[00:58:54] [Server thread/WARN] [projecte]: Can not get Fluid 'invar.molten'
[00:58:54] [Server thread/WARN] [projecte]: Can not get Fluid 'signalum.molten'
[00:58:54] [Server thread/WARN] [projecte]: Can not get Fluid 'lumium.molten'
[00:58:54] [Server thread/WARN] [projecte]: Can not get Fluid 'enderium.molten'
[00:58:54] [Server thread/WARN] [projecte]: Can not get Fluid 'mithril.molten'
[00:58:54] [Server thread/WARN] [projecte]: Can not get Fluid 'bronze.molten'
[00:58:54] [Server thread/WARN] [projecte]: Can not get Fluid 'aluminumbrass.molten'
[00:58:54] [Server thread/WARN] [projecte]: Can not get Fluid 'manyullyn.molten'
[00:58:54] [Server thread/WARN] [projecte]: Can not get Fluid 'alumite.molten'
[00:58:54] [Server thread/WARN] [projecte]: Can not get Fluid 'emerald.liquid'
[00:58:54] [Server thread/WARN] [projecte]: Can not get Fluid 'pryotheum'
[00:58:55] [Server thread/WARN] [projecte]: EMC Exploit: ingredients (0 + 9*minecraft:iron_nugget:0 => 1*minecraft:iron_ingot:0) cost 72 but output value is 256
[00:58:55] [Server thread/WARN] [projecte]: EMC Exploit: ingredients (0 + 9*immersiveengineering:metal:29 => 1*minecraft:iron_ingot:0) cost 252 but output value is 256
[00:58:55] [Server thread/WARN] [projecte]: EMC Exploit: ingredients (0 + 9*extendedcrafting:material:129 => 1*minecraft:emerald:0) cost 16380 but output value is 16384
[00:58:55] [Server thread/WARN] [projecte]: EMC Exploit: ingredients (0 + 9*NSSFAKE:/[1xitem.thermalfoundation.material@17, 1xitem.ec.material@129] => 1*minecraft:emerald:0) cost 16380 but output value is 16384
[00:58:55] [Server thread/WARN] [projecte]: EMC Exploit: ingredients (0 + 9*NSSFAKE:/[1xitem.thermalfoundation.material@224, 1xitem.tconstruct.common_nuggets@4, 1xitem.immersiveengineering.metal@28] => 1*tconstruct:common_ingots:4) cost 315 but output value is 320
[00:58:55] [Server thread/WARN] [projecte]: EMC Exploit: "0 + 9*NSSFAKE:/[1xitem.thermalfoundation.material@227, 1xitem.tconstruct.common_nuggets@3] => 1*tconstruct:common_ingots:3" ingredient cost: 153 value of result: 160 setValueFromConversion: 0 + 3*OD: ingotCopper + 1*OD: ingotTin => 4*tconstruct:common_ingots:3
[00:58:55] [Server thread/WARN] [projecte]: EMC Exploit: "0 + 9*NSSFAKE:/[1xitem.thermalfoundation.material@196, 1xitem.tconstruct.common_nuggets@2, 1xitem.immersiveengineering.metal@21] => 1*tconstruct:common_ingots:2" ingredient cost: 126 value of result: 128 setValueFromConversion: 0 + 1*OD: ingotIron => 2*tconstruct:common_ingots:2
[00:58:55] [Server thread/WARN] [projecte]: EMC Exploit: "0 + 9*NSSFAKE:/[1xitem.thermalfoundation.material@193, 1xitem.tconstruct.common_nuggets@1] => 1*tconstruct:common_ingots:1" ingredient cost: 252 value of result: 256 setValueFromConversion: 0 + 1*OD: ingotIron => 1*tconstruct:common_ingots:1
[00:58:55] [Server thread/WARN] [projecte]: EMC Exploit: "0 + 9*NSSFAKE:/[1xitem.thermalfoundation.material@192, 1xitem.tconstruct.common_nuggets@0, 1xitem.iceandfire.copperNugget@0, 1xitem.immersiveengineering.metal@20] => 1*tconstruct:common_ingots:0" ingredient cost: 126 value of result: 128 setValueFromConversion: 0 + 1*OD: ingotIron => 2*tconstruct:common_ingots:0
[00:58:55] [Server thread/WARN] [projecte]: EMC Exploit: "0 + 9*tconstruct:nuggets:2 => 1*tconstruct:ingots:2" ingredient cost: 2043 value of result: 2048 setValueFromConversion: 0 + 1*OD: ingotCobalt + 1*OD: ingotArdite => 1*tconstruct:ingots:2
[00:58:55] [Server thread/WARN] [projecte]: EMC Exploit: "0 + 9*tconstruct:nuggets:1 => 1*tconstruct:ingots:1" ingredient cost: 1017 value of result: 1024 setValueFromConversion: 0 + 4*OD: ingotIron => 1*tconstruct:ingots:1
[00:58:55] [Server thread/WARN] [projecte]: EMC Exploit: "0 + 9*tconstruct:nuggets:0 => 1*tconstruct:ingots:0" ingredient cost: 1017 value of result: 1024 setValueFromConversion: 0 + 4*OD: ingotIron => 1*tconstruct:ingots:0
[00:58:55] [Server thread/WARN] [projecte]: EMC Exploit: "0 + 9*NSSFAKE:/[1xitem.thermalfoundation.material@194, 1xitem.iceandfire.silverNugget@0, 1xitem.immersiveengineering.metal@23] => 1*iceandfire:silver_ingot:0" ingredient cost: 504 value of result: 512 setValueFromConversion: 0 + 2*OD: ingotIron => 1*iceandfire:silver_ingot:0
[00:58:55] [Server thread/WARN] [projecte]: EMC Exploit: ingredients (0 + 9*immersiveengineering:metal:28 => 1*immersiveengineering:metal:8) cost 315 but output value is 320
[00:58:55] [Server thread/WARN] [projecte]: EMC Exploit: "0 + 9*immersiveengineering:metal:27 => 1*immersiveengineering:metal:7" ingredient cost: 1278 value of result: 1280 setValueFromConversion: 0 + 1*OD: ingotSilver + 1*OD: ingotGold => 2*immersiveengineering:metal:7
[00:58:55] [Server thread/WARN] [projecte]: EMC Exploit: "0 + 9*immersiveengineering:metal:24 => 1*immersiveengineering:metal:4" ingredient cost: 1017 value of result: 1024 setValueFromConversion: 0 + 4*OD: ingotIron => 1*immersiveengineering:metal:4
[00:58:55] [Server thread/WARN] [projecte]: EMC Exploit: ingredients (0 + 9*immersiveengineering:metal:25 => 1*immersiveengineering:metal:5) cost 4095 but output value is 4096
[00:58:55] [Server thread/WARN] [projecte]: EMC Exploit: "0 + 9*immersiveengineering:metal:22 => 1*immersiveengineering:metal:2" ingredient cost: 504 value of result: 512 setValueFromConversion: 0 + 2*OD: ingotIron => 1*immersiveengineering:metal:2
[00:58:55] [Server thread/WARN] [projecte]: EMC Exploit: "0 + 9*immersiveengineering:metal:23 => 1*immersiveengineering:metal:3" ingredient cost: 504 value of result: 512 setValueFromConversion: 0 + 2*OD: ingotIron => 1*immersiveengineering:metal:3
[00:58:55] [Server thread/WARN] [projecte]: EMC Exploit: "0 + 9*immersiveengineering:metal:20 => 1*immersiveengineering:metal:0" ingredient cost: 126 value of result: 128 setValueFromConversion: 0 + 1*OD: ingotIron => 2*immersiveengineering:metal:0
[00:58:55] [Server thread/WARN] [projecte]: EMC Exploit: "0 + 9*immersiveengineering:metal:21 => 1*immersiveengineering:metal:1" ingredient cost: 126 value of result: 128 setValueFromConversion: 0 + 1*OD: ingotIron => 2*immersiveengineering:metal:1
[00:58:55] [Server thread/WARN] [projecte]: EMC Exploit: ingredients (0 + 1*nuclearcraft:gem_dust:1 => 1*nuclearcraft:dust_oxide:2) cost 64 but output value is 128
[00:58:55] [Server thread/WARN] [projecte]: EMC Exploit: ingredients (0 + 1*actuallyadditions:item_dust:6 => 1*minecraft:coal:0) cost 64 but output value is 128
[00:58:55] [Server thread/WARN] [projecte]: EMC Exploit: ingredients (0 + 1*minecraft:coal:1 => 1*nuclearcraft:ingot:8) cost 32 but output value is 64
[00:58:55] [Server thread/WARN] [projecte]: EMC Exploit: "0 + 9*NSSFAKE:/[1xitem.thermalfoundation.material@192, 1xitem.tconstruct.common_nuggets@0, 1xitem.iceandfire.copperNugget@0, 1xitem.immersiveengineering.metal@20] => 1*iceandfire:copper_ingot:0" ingredient cost: 126 value of result: 128 setValueFromConversion: 0 + 1*OD: ingotIron => 2*iceandfire:copper_ingot:0
[00:58:55] [Server thread/WARN] [projecte]: EMC Exploit: "0 + 9*thermalfoundation:material:229 => 1*thermalfoundation:material:165" ingredient cost: 378 value of result: 384 setValueFromConversion: 0 + 3*OD: ingotCopper + 1*OD: ingotSilver + 10*OD: dustRedstone => 4*thermalfoundation:material:165
[00:58:55] [Server thread/WARN] [projecte]: EMC Exploit: "0 + 9*thermalfoundation:material:230 => 1*thermalfoundation:material:166" ingredient cost: 702 value of result: 704 setValueFromConversion: 0 + 3*OD: ingotTin + 1*OD: ingotSilver + 4*OD: dustGlowstone => 4*thermalfoundation:material:166
[00:58:55] [Server thread/WARN] [projecte]: EMC Exploit: ingredients (0 + 9*NSSFAKE:/[1xitem.thermalfoundation.material@224, 1xitem.tconstruct.common_nuggets@4, 1xitem.immersiveengineering.metal@28] => 1*thermalfoundation:material:160) cost 315 but output value is 320
[00:58:55] [Server thread/WARN] [projecte]: EMC Exploit: "0 + 9*NSSFAKE:/[1xitem.thermalfoundation.material@225, 1xitem.immersiveengineering.metal@27] => 1*thermalfoundation:material:161" ingredient cost: 1278 value of result: 1280 setValueFromConversion: 0 + 1*OD: ingotSilver + 1*OD: ingotGold => 2*thermalfoundation:material:161
[00:58:55] [Server thread/WARN] [projecte]: EMC Exploit: "0 + 9*thermalfoundation:material:226 => 1*thermalfoundation:material:162" ingredient cost: 504 value of result: 512 setValueFromConversion: 0 + 1*OD: ingotNickel + 2*OD: ingotIron => 3*thermalfoundation:material:162
[00:58:55] [Server thread/WARN] [projecte]: EMC Exploit: "0 + 9*NSSFAKE:/[1xitem.thermalfoundation.material@227, 1xitem.tconstruct.common_nuggets@3] => 1*thermalfoundation:material:163" ingredient cost: 153 value of result: 160 setValueFromConversion: 0 + 3*OD: ingotCopper + 1*OD: ingotTin => 4*thermalfoundation:material:163
[00:58:55] [Server thread/WARN] [projecte]: EMC Exploit: "0 + 9*NSSFAKE:/[1xitem.thermalfoundation.material@196, 1xitem.tconstruct.common_nuggets@2, 1xitem.immersiveengineering.metal@21] => 1*thermalfoundation:material:132" ingredient cost: 126 value of result: 128 setValueFromConversion: 0 + 1*OD: ingotIron => 2*thermalfoundation:material:132
[00:58:55] [Server thread/WARN] [projecte]: EMC Exploit: "0 + 9*NSSFAKE:/[1xitem.thermalfoundation.material@197, 1xitem.immersiveengineering.metal@24] => 1*thermalfoundation:material:133" ingredient cost: 1017 value of result: 1024 setValueFromConversion: 0 + 4*OD: ingotIron => 1*thermalfoundation:material:133
[00:58:55] [Server thread/WARN] [projecte]: EMC Exploit: "0 + 9*thermalfoundation:material:198 => 1*thermalfoundation:material:134" ingredient cost: 4095 value of result: 4096 setValueFromConversion: 0 + 16*OD: ingotIron => 1*thermalfoundation:material:134
[00:58:55] [Server thread/WARN] [projecte]: EMC Exploit: "0 + 9*NSSFAKE:/[1xitem.thermalfoundation.material@192, 1xitem.tconstruct.common_nuggets@0, 1xitem.iceandfire.copperNugget@0, 1xitem.immersiveengineering.metal@20] => 1*thermalfoundation:material:128" ingredient cost: 126 value of result: 128 setValueFromConversion: 0 + 1*OD: ingotIron => 2*thermalfoundation:material:128
[00:58:55] [Server thread/WARN] [projecte]: EMC Exploit: "0 + 9*NSSFAKE:/[1xitem.thermalfoundation.material@193, 1xitem.tconstruct.common_nuggets@1] => 1*thermalfoundation:material:129" ingredient cost: 252 value of result: 256 setValueFromConversion: 0 + 1*OD: ingotIron => 1*thermalfoundation:material:129
[00:58:55] [Server thread/WARN] [projecte]: EMC Exploit: "0 + 9*NSSFAKE:/[1xitem.thermalfoundation.material@194, 1xitem.iceandfire.silverNugget@0, 1xitem.immersiveengineering.metal@23] => 1*thermalfoundation:material:130" ingredient cost: 504 value of result: 512 setValueFromConversion: 0 + 2*OD: ingotIron => 1*thermalfoundation:material:130
[00:58:55] [Server thread/WARN] [projecte]: EMC Exploit: "0 + 9*NSSFAKE:/[1xitem.thermalfoundation.material@195, 1xitem.immersiveengineering.metal@22] => 1*thermalfoundation:material:131" ingredient cost: 504 value of result: 512 setValueFromConversion: 0 + 2*OD: ingotIron => 1*thermalfoundation:material:131
[00:58:55] [Server thread/WARN] [projecte]: EMC Exploit: ingredients (0 + 9*extendedcrafting:material:128 => 1*minecraft:diamond:0) cost 8190 but output value is 8192
[00:58:55] [Server thread/WARN] [projecte]: EMC Exploit: ingredients (0 + 9*NSSFAKE:/[1xitem.thermalfoundation.material@16, 1xitem.ec.material@128] => 1*minecraft:diamond:0) cost 8190 but output value is 8192
[00:58:55] [Server thread/WARN] [projecte]: EMC Exploit: ingredients (0 + 9*extendedcrafting:material:140 => 1*minecraft:nether_star:0) cost 139257 but output value is 139264
[00:58:55] [Server thread/WARN] [projecte]: EMC Exploit: "0 + 9*enderio:item_alloy_nugget:2 => 1*enderio:item_alloy_ingot:2" ingredient cost: 3519 value of result: 3520 setValueFromConversion: 0 + 1*minecraft:ender_pearl:0 + 1*OD: ingotEnergeticAlloy => 1*enderio:item_alloy_ingot:2
[00:58:55] [Server thread/WARN] [projecte]: EMC Exploit: "0 + 9*enderio:item_alloy_nugget:3 => 1*enderio:item_alloy_ingot:3" ingredient cost: 90 value of result: 96 setValueFromConversion: 0 + 1*OD: itemSilicon + 1*OD: dustRedstone => 1*enderio:item_alloy_ingot:3
[00:58:55] [Server thread/WARN] [projecte]: EMC Exploit: "0 + 9*enderio:item_alloy_nugget:0 => 1*enderio:item_alloy_ingot:0" ingredient cost: 315 value of result: 320 setValueFromConversion: 0 + 1*OD: itemSilicon + 1*minecraft:coal:1 + 1*OD: ingotIron => 1*enderio:item_alloy_ingot:0
[00:58:55] [Server thread/WARN] [projecte]: EMC Exploit: "0 + 9*enderio:item_alloy_nugget:1 => 1*enderio:item_alloy_ingot:1" ingredient cost: 2493 value of result: 2496 setValueFromConversion: 0 + 1*OD: ingotGold + 1*OD: dustRedstone + 1*OD: dustGlowstone => 1*enderio:item_alloy_ingot:1
[00:58:55] [Server thread/WARN] [projecte]: EMC Exploit: "0 + 9*enderio:item_alloy_nugget:6 => 1*enderio:item_alloy_ingot:6" ingredient cost: 351 value of result: 352 setValueFromConversion: 0 + 1*minecraft:coal:1 + 1*OD: ingotIron + 1*minecraft:obsidian:0 => 1*enderio:item_alloy_ingot:6
[00:58:55] [Server thread/WARN] [projecte]: EMC Exploit: "0 + 9*enderio:item_alloy_nugget:4 => 1*enderio:item_alloy_ingot:4" ingredient cost: 315 value of result: 320 setValueFromConversion: 0 + 1*OD: dustRedstone + 1*OD: ingotIron => 1*enderio:item_alloy_ingot:4
[00:58:55] [Server thread/WARN] [projecte]: EMC Exploit: "0 + 9*enderio:item_alloy_nugget:5 => 1*enderio:item_alloy_ingot:5" ingredient cost: 1278 value of result: 1280 setValueFromConversion: 0 + 1*minecraft:ender_pearl:0 + 1*OD: ingotIron => 1*enderio:item_alloy_ingot:5
[00:58:55] [Server thread/WARN] [projecte]: EMC Exploit: "0 + 9*minecraft:gold_nugget:0 => 1*minecraft:gold_ingot:0" ingredient cost: 2043 value of result: 2048 setValueFromConversion: 0 + 8*OD: ingotIron => 1*minecraft:gold_ingot:0
[00:58:55] [Server thread/WARN] [projecte]: EMC Exploit: ingredients (0 + 1*minecraft:cobblestone:0 + 1*minecraft:stone:3 => 2*minecraft:stone:5) cost 17 but output value is 16
[00:58:55] [Server thread/INFO] [projecte]: Registered 3471 EMC values. (took 755 ms)
[00:58:55] [Server thread/INFO] [nuclearcraft]: Server Loading...
[00:58:55] [Server thread/INFO] [teamsmod]: Teams: Server Starting
[00:58:55] [Server thread/INFO] [teamsmod]: Teams: Registered server commands
[00:58:55] [Server thread/INFO] [teamsmod]: Teams: Loading save data
[00:58:55] [Server thread/INFO] [Actually Additions]: Successfully loaded WorldData!
[00:58:55] [Server thread/INFO] [FTB Quests]: Loading quests from /Users/gottfrid.nordstrom@live.vasteras.se/Library/Application Support/PrismLauncher/instances/Emergent-Engineering/minecraft/config/ftbquests/normal
[00:58:55] [Server thread/INFO] [FTB Quests]: Loaded 6 chapters, 6 quests, 6 tasks and 1 rewards. In total, 19 objects
[00:58:55] [Server thread/INFO] [net.minecraft.advancements.AdvancementList]: Loaded 1070 advancements
[00:58:55] [Server thread/INFO] [FTB Library]: Reloaded server in 2ms
[00:58:55] [Server thread/INFO] [FTB Utilities]: Overridden 180 commands
[00:58:55] [Server thread/INFO] [immersiveengineering]: WorldData loading
[00:58:55] [Server thread/INFO] [immersiveengineering]: WorldData not found
[00:58:55] [Server thread/INFO] [mcjtylib_ng]: RFTools: server is starting
[00:58:56] [Server thread/INFO] [mcjtylib_ng]: Registering RFTools dimensions: 
[00:58:56] [Server thread/INFO] [stellar_core]: [StellarCore] Set server thread priority to MAX.
[00:58:56] [Server thread/INFO] [Astral Sorcery]: Load CachedWorldData 'lightnetwork' for world 0
[00:58:56] [Server thread/INFO] [Astral Sorcery]: Loading of 'lightnetwork' for world 0 finished.
[00:58:56] [Finalizer/WARN] [FermiumASM]: Clearing NormalStringPool 1
[00:58:56] [Finalizer/WARN] [FermiumASM]: Clearing NormalStringPool 1
[00:58:56] [Finalizer/WARN] [FermiumASM]: Clearing NormalStringPool 1
[00:58:56] [Finalizer/WARN] [FermiumASM]: Clearing NormalStringPool 1
[00:58:56] [Finalizer/WARN] [FermiumASM]: Clearing NormalStringPool 1
[00:58:56] [Finalizer/WARN] [FermiumASM]: Clearing NormalStringPool 1
[00:58:56] [Finalizer/WARN] [FermiumASM]: Clearing NormalStringPool 1
[00:58:56] [Finalizer/WARN] [FermiumASM]: Clearing NormalStringPool 1
[00:58:56] [Finalizer/WARN] [FermiumASM]: Clearing NormalStringPool 1
[00:58:56] [Finalizer/WARN] [FermiumASM]: Clearing NormalStringPool 1
[00:58:56] [Finalizer/WARN] [FermiumASM]: Clearing NormalStringPool 1
[00:58:56] [Finalizer/WARN] [FermiumASM]: Clearing NormalStringPool 1
[00:58:56] [Finalizer/WARN] [FermiumASM]: Clearing NormalStringPool 1
[00:58:56] [Finalizer/WARN] [FermiumASM]: Clearing NormalStringPool 1
[00:58:56] [Finalizer/WARN] [FermiumASM]: Clearing NormalStringPool 1
[00:58:57] [Client thread/INFO] [Actually Additions]: Unloaded WorldData!
[00:58:57] [Netty Local Server IO #1/INFO] [CodeChickenLib-ConfigSync]: Skipping config sync, No mods have registered a syncable config.
[00:58:57] [Server thread/INFO] [gamestages]: Loaded 0 stages for Gottfrid_N.
[00:58:57] [Server thread/INFO] [net.minecraft.server.management.PlayerList]: Gottfrid_N[local:E:cde2a409] logged in with entity id 525 at (798.2241061227957, 115.87375277348846, 741.557672460084)
[00:58:57] [Server thread/INFO] [mcjtylib_ng]: SMP: Sync dimensions to client
[00:58:57] [Server thread/INFO] [net.minecraft.server.MinecraftServer]: Gottfrid_N joined the game
[00:58:57] [Server thread/INFO] [gamestages]: Syncing 0 stages for Gottfrid_N.
[00:58:57] [Netty Local Client IO #0/INFO] [mcjtylib_ng]: DimensionSyncPacket: Registering: 
[00:58:57] [Client thread/INFO] [Astral Sorcery]: Using gateway screenshots for folder 'debug'
[00:58:57] [Client thread/INFO] [mcjtylib_ng]: Received dimension information from server
[00:58:57] [Server thread/INFO] [Waila]: Player EntityPlayerMP['Gottfrid_N'/525, l='debug', x=798.22, y=115.87, z=741.56] connected. Sending ping
[00:58:57] [Server thread/INFO] [EnderCore]: Sending server configs to client for com.enderio.core.common.config.ConfigHandler
[00:58:57] [Client thread/INFO] [FermiumASM]: Took 7.765 ms to canonicalize Java's FilePermission caches.
[00:58:57] [Server thread/INFO] [fermiummixins.FermiumMixins]: Syncing Quark configuration with player: Gottfrid_N
[00:58:57] [Server thread/INFO] [mcjtylib_ng]: SMP: Player logged in: Sync diminfo to clients
[00:58:57] [Server thread/INFO] [mcjtylib_ng]: Send dimlet rules to the client
[00:58:57] [Client thread/INFO] [net.minecraft.client.renderer.chunk.ChunkRenderDispatcher]: Creating 2 chunk builders
[00:58:57] [Server thread/INFO] [mcjtylib_ng]: Rules packet size: 5779 of 8192
[00:58:57] [Server thread/INFO] [Actually Additions]: Successfully loaded WorldData!
[00:58:57] [Server thread/INFO] [Actually Additions]: Sending Player Data to player Gottfrid_N with UUID bb2d0351-fd0f-43fb-a84a-c291b43e6b9e.
[00:58:57] [Server thread/INFO] [Astral Sorcery]: [Astral Sorcery] Waiting for server synchronization on login for Gottfrid_N...
[00:58:57] [Server thread/INFO] [Astral Sorcery]: [Astral Sorcery] Synchronizing baseline information to Gottfrid_N
[00:58:57] [Client thread/WARN] [org.embeddedt.embeddium.impl.render.chunk.ShaderChunkRenderer]: System does not support modern GLSL, will attempt to patch terrain shaders
[00:58:57] [Server thread/INFO] [net.minecraft.server.MinecraftServer]: Gottfrid_N has made the advancement [Ice and Fire]
[00:58:57] [Client thread/INFO] [ChunkBuilder]: Started 2 worker threads
[00:58:57] [Server thread/INFO] [net.minecraft.server.integrated.IntegratedServer]: Saving and pausing game...
[00:58:57] [Server thread/INFO] [gamestages]: Saved 0 stages for Gottfrid_N.
[00:58:57] [Server thread/INFO] [net.minecraft.server.MinecraftServer]: Saving chunks for level 'debug'/overworld
[00:58:57] [Client thread/INFO] [ASMUtil]: Transforming class net/minecraft/client/network/NetworkPlayerInfo
[00:58:57] [Client thread/INFO] [ASMUtil]: Transforming method net/minecraft/client/network/NetworkPlayerInfo.func_178839_a(Lnet/minecraft/world/GameType;)V
[00:58:57] [Client thread/INFO] [com.llamalad7.betterchat.gui.GuiBetterChat]: [CHAT] The Update Check for Actually Additions failed! Check Logs for more Info!
[00:58:57] [Netty Local Client IO #0/INFO] [Waila]: Received server authentication msg. Remote sync will be activated
[00:58:58] [Server thread/INFO] [net.minecraft.server.MinecraftServer]: Saving chunks for level 'debug'/ExtraUtils2_Quarry_Dim
[00:58:58] [Server thread/INFO] [net.minecraft.server.MinecraftServer]: Saving chunks for level 'debug'/Storage Cell
[00:58:58] [Client thread/INFO] [Quark ASM]: Transforming meldexun.renderlib.renderer.entity.EntityRenderer
[00:58:58] [Client thread/INFO] [Quark ASM]: Applying Transformation to method (Names [shouldRenderOutlines, shouldRenderOutlines] Descriptor (Lnet/minecraft/entity/Entity;)Z)
[00:58:58] [Client thread/INFO] [Quark ASM]: Located Method, patching...
[00:58:58] [Client thread/INFO] [Quark ASM]: Located patch target node INVOKESTATIC net/minecraft/client/Minecraft.func_71410_x ()Lnet/minecraft/client/Minecraft;
[00:58:58] [Client thread/INFO] [Quark ASM]: Patch result: true
[00:58:58] [Client thread/INFO] [com.llamalad7.betterchat.gui.GuiBetterChat]: [CHAT] §cNo loot table with name oe:entities/drowned exists!
[00:58:58] [Client thread/INFO] [com.llamalad7.betterchat.gui.GuiBetterChat]: [CHAT] §cNo loot table with name oe:entities/drowned_captain exists!
[00:58:58] [Client thread/INFO] [net.minecraft.advancements.AdvancementList]: Loaded 49 advancements
[00:58:58] [Client thread/INFO] [mcjtylib_ng]: Received dimlet rules from server
[00:58:58] [Client thread/INFO] [Actually Additions]: Receiving (new or changed) Player Data for player Gottfrid_N.
[00:58:58] [Client thread/INFO] [com.llamalad7.betterchat.gui.GuiBetterChat]: [CHAT] Gottfrid_N has made the advancement [Ice and Fire]
[00:58:58] [Client thread/INFO] [net.minecraft.advancements.AdvancementList]: Loaded 68 advancements
[00:58:59] [Chunk Render Task Executor #0/WARN] [mixin]: Method overwrite conflict for func_178604_a in mixins.vintagefix.json:allocation_rate.MixinVisGraph from mod unknown-owner, previously written by mirror.normalasm.client.rendering.mixins.VisGraphMixin. Skipping method.
[00:58:59] [Client thread/WARN] [org.embeddedt.embeddium.impl.gl.shader.GlProgram]: Program link log for sodium:chunk_shader: WARNING: Output of vertex shader 'v_ChunkAgeMs' not read by fragment shader

[00:58:59] [Client thread/WARN] [org.embeddedt.embeddium.impl.gl.shader.GlProgram]: Program link log for sodium:chunk_shader: WARNING: Output of vertex shader 'v_ChunkAgeMs' not read by fragment shader

[00:58:59] [Client thread/WARN] [org.embeddedt.embeddium.impl.gl.shader.GlProgram]: Program link log for sodium:chunk_shader: WARNING: Output of vertex shader 'v_ChunkAgeMs' not read by fragment shader

[00:59:04] [Finalizer/WARN] [FermiumASM]: Clearing NormalStringPool 1
[00:59:42] [Server thread/INFO] [gamestages]: Saved 0 stages for Gottfrid_N.
[01:00:27] [Server thread/INFO] [gamestages]: Saved 0 stages for Gottfrid_N.
[01:01:12] [Server thread/INFO] [gamestages]: Saved 0 stages for Gottfrid_N.
[01:01:57] [Server thread/INFO] [gamestages]: Saved 0 stages for Gottfrid_N.
[01:02:42] [Server thread/INFO] [gamestages]: Saved 0 stages for Gottfrid_N.
[01:03:27] [Server thread/INFO] [gamestages]: Saved 0 stages for Gottfrid_N.
[01:04:12] [Server thread/INFO] [gamestages]: Saved 0 stages for Gottfrid_N.
[01:04:57] [Server thread/INFO] [gamestages]: Saved 0 stages for Gottfrid_N.
[01:05:42] [Server thread/INFO] [gamestages]: Saved 0 stages for Gottfrid_N.
[01:06:27] [Server thread/INFO] [gamestages]: Saved 0 stages for Gottfrid_N.
[01:07:12] [Server thread/INFO] [gamestages]: Saved 0 stages for Gottfrid_N.
[01:07:57] [Server thread/INFO] [gamestages]: Saved 0 stages for Gottfrid_N.
[01:08:42] [Server thread/INFO] [gamestages]: Saved 0 stages for Gottfrid_N.
[01:09:27] [Server thread/INFO] [gamestages]: Saved 0 stages for Gottfrid_N.
[01:10:12] [Server thread/INFO] [gamestages]: Saved 0 stages for Gottfrid_N.
[01:10:57] [Server thread/INFO] [gamestages]: Saved 0 stages for Gottfrid_N.
[01:11:42] [Server thread/INFO] [gamestages]: Saved 0 stages for Gottfrid_N.
[01:12:27] [Server thread/INFO] [gamestages]: Saved 0 stages for Gottfrid_N.
[01:13:12] [Server thread/INFO] [gamestages]: Saved 0 stages for Gottfrid_N.
[01:13:57] [Server thread/INFO] [gamestages]: Saved 0 stages for Gottfrid_N.
[01:14:42] [Server thread/INFO] [gamestages]: Saved 0 stages for Gottfrid_N.
[01:15:27] [Server thread/INFO] [gamestages]: Saved 0 stages for Gottfrid_N.
[01:15:40] [Client thread/ERROR] [FTB Quests]: Looping dependencies found in 9c5b6888!
[01:16:12] [Server thread/INFO] [gamestages]: Saved 0 stages for Gottfrid_N.
[01:16:25] [Netty Local Client IO #0/INFO] [EnderCore]: Reset configs to client values for com.enderio.core.common.config.ConfigHandler
[01:16:25] [Netty Local Client IO #0/INFO] [mcjtylib_ng]: Client disconnected from server
[01:16:25] [Netty Local Client IO #0/INFO] [Universal Tweaks]: UTDimensionManager ::: Cleaning up RFTools dimensions for the clientInstance
[01:16:25] [Netty Local Client IO #0/INFO] [mcjtylib_ng]: Cleaning up RFTools dimensions
[01:16:25] [Netty Local Client IO #0/INFO] [Astral Sorcery]: Cleaning client cache...
[01:16:25] [Netty Local Client IO #0/INFO] [Astral Sorcery]: Cleared cached client data! Disconnected from server.
[01:16:25] [Server thread/INFO] [net.minecraft.network.NetHandlerPlayServer]: Gottfrid_N lost connection: Disconnected
[01:16:25] [Server thread/INFO] [net.minecraft.server.MinecraftServer]: Gottfrid_N left the game
[01:16:25] [Server thread/INFO] [gamestages]: Saved 0 stages for Gottfrid_N.
[01:16:25] [Server thread/INFO] [net.minecraft.network.NetHandlerPlayServer]: Stopping singleplayer server as player logged out
[01:16:26] [Server thread/INFO] [net.minecraft.server.MinecraftServer]: Stopping server
[01:16:26] [Server thread/INFO] [net.minecraft.server.MinecraftServer]: Saving players
[01:16:26] [Server thread/INFO] [net.minecraft.server.MinecraftServer]: Saving worlds
[01:16:26] [Server thread/INFO] [net.minecraft.server.MinecraftServer]: Saving chunks for level 'debug'/overworld
[01:16:26] [Server thread/INFO] [net.minecraft.server.MinecraftServer]: Saving chunks for level 'debug'/ExtraUtils2_Quarry_Dim
[01:16:26] [Server thread/INFO] [net.minecraft.server.MinecraftServer]: Saving chunks for level 'debug'/Storage Cell
[01:16:27] [Server thread/INFO] [Actually Additions]: Unloaded WorldData!
[01:16:27] [Server thread/INFO] [justenoughdimensions]: Reloading the main configs from file '/Users/gottfrid.nordstrom@live.vasteras.se/Library/Application Support/PrismLauncher/instances/Emergent-Engineering/minecraft/config/justenoughdimensions/justenoughdimensions.cfg'
[01:16:27] [Server thread/INFO] [mcjtylib_ng]: Cleaning up all world data: 1 data blobs
[01:16:27] [Server thread/INFO] [nuclearcraft]: Server Closing...
[01:16:27] [Server thread/INFO] [mcjtylib_ng]: RFTools Dimensions: server is stopping. Shutting down gracefully
[01:16:27] [Client thread/INFO] [FermiumASM]: Released 1 skin textures
[01:16:27] [Client thread/INFO] [ChunkBuilder]: Stopping worker threads
[01:16:28] [Client thread/FATAL] [net.minecraft.client.Minecraft]: Reported exception thrown!
net.minecraft.util.ReportedException: Updating screen events
	at net.minecraft.client.Minecraft.runTick(MinecraftAccessor.java:1784)
	at net.minecraft.client.Minecraft.runGameLoop(MinecraftAccessor.java:1088)
	at net.minecraft.client.Minecraft.run(MinecraftAccessor.java:12664)
	at net.minecraft.client.main.Main.main(SourceFile:123)
	at top.outlands.foundation.LaunchHandler.launch(LaunchHandler.java:125)
	at top.outlands.foundation.boot.Foundation.main(Foundation.java:43)
	at org.prismlauncher.launcher.impl.StandardLauncher.launch(StandardLauncher.java:115)
	at org.prismlauncher.EntryPoint.listen(EntryPoint.java:129)
	at org.prismlauncher.EntryPoint.main(EntryPoint.java:70)
Caused by: java.lang.NullPointerException: Cannot invoke "java.lang.Runnable.run()" because "this.callback" is null
	at com.feed_the_beast.ftblib.lib.gui.ContextMenuItem.onClicked(ContextMenuItem.java:92)
	at com.feed_the_beast.ftblib.lib.gui.ContextMenu$CButton.onClicked(ContextMenu.java:66)
	at com.feed_the_beast.ftblib.lib.gui.Button.mousePressed(Button.java:69)
	at com.feed_the_beast.ftblib.lib.gui.Panel.mousePressed(Panel.java:353)
	at com.feed_the_beast.ftblib.lib.gui.ContextMenu.mousePressed(ContextMenu.java:126)
	at com.feed_the_beast.ftblib.lib.gui.Panel.mousePressed(Panel.java:353)
	at com.feed_the_beast.ftblib.lib.gui.GuiBase.mousePressed(GuiBase.java:362)
	at com.feed_the_beast.ftblib.lib.gui.GuiWrapper.mouseClicked(GuiWrapper.java:53)
	at net.minecraft.client.gui.GuiScreen.handleMouseInput(GuiScreen.java:536)
	at com.feed_the_beast.ftblib.lib.gui.GuiWrapper.handleMouseInput(GuiWrapper.java:99)
	at net.minecraft.client.gui.GuiScreen.handleInput(GuiScreen.java:504)
	at net.minecraft.client.Minecraft.runTick(MinecraftAccessor.java:1771)
	... 8 more
[01:16:28] [Client thread/FATAL] [FermiumASM]: Minecraft ran into a problem! Report saved to: /Users/gottfrid.nordstrom@live.vasteras.se/Library/Application Support/PrismLauncher/instances/Emergent-Engineering/minecraft/crash-reports/crash-2026-05-02_01.16.28-client.txt
---- Minecraft Crash Report ----
// Crash report modified by FermiumASM.
// FermiumASM deobfuscated this stacktrace using MCP's stable-39 mappings.
// Why is it breaking :(

Time: 2026-05-02 01:16:28 CEST
Description: Updating screen events

java.lang.NullPointerException: Cannot invoke "java.lang.Runnable.run()" because "this.callback" is null
    at com.feed_the_beast.ftblib.lib.gui.ContextMenuItem.onClicked(ContextMenuItem.java:92)
    at com.feed_the_beast.ftblib.lib.gui.ContextMenu$CButton.onClicked(ContextMenu.java:66)
    at com.feed_the_beast.ftblib.lib.gui.Button.mousePressed(Button.java:69)
    at com.feed_the_beast.ftblib.lib.gui.Panel.mousePressed(Panel.java:353)
    at com.feed_the_beast.ftblib.lib.gui.ContextMenu.mousePressed(ContextMenu.java:126)
    at com.feed_the_beast.ftblib.lib.gui.Panel.mousePressed(Panel.java:353)
    at com.feed_the_beast.ftblib.lib.gui.GuiBase.mousePressed(GuiBase.java:362)
    at com.feed_the_beast.ftblib.lib.gui.GuiWrapper.mouseClicked(GuiWrapper.java:53)
    at net.minecraft.client.gui.GuiScreen.handleMouseInput(GuiScreen.java:536)
    at com.feed_the_beast.ftblib.lib.gui.GuiWrapper.handleMouseInput(GuiWrapper.java:99)
    at net.minecraft.client.gui.GuiScreen.handleInput(GuiScreen.java:504)
    at net.minecraft.client.Minecraft.runTick(MinecraftAccessor.java:1771)
    at net.minecraft.client.Minecraft.runGameLoop(MinecraftAccessor.java:1088)
    at net.minecraft.client.Minecraft.run(MinecraftAccessor.java:12664)
    at net.minecraft.client.main.Main.main(SourceFile:123)
    at top.outlands.foundation.LaunchHandler.launch(LaunchHandler.java:125)
    at top.outlands.foundation.boot.Foundation.main(Foundation.java:43)
    at org.prismlauncher.launcher.impl.StandardLauncher.launch(StandardLauncher.java:115)
    at org.prismlauncher.EntryPoint.listen(EntryPoint.java:129)
    at org.prismlauncher.EntryPoint.main(EntryPoint.java:70)

(MixinBooter) Mixins in Stacktrace:
    net.minecraft.client.gui.GuiScreen:
        com.cleanroommc.modularui.core.mixins.early.minecraft.GuiScreenAccessor (mixin.modularui.json)
    net.minecraft.client.Minecraft:
        me.decce.gnetum.mixins.early.MinecraftMixin (mixins.gnetum.early.json)
        mirror.normalasm.client.mcfixes.mixins.mc186052.MinecraftMixin (mixins.fix_mc186052.json)
        com.tttsaurus.anothertips.mixin.early.MinecraftMixin (mixins.anothertips.early.json)
        io.github.lxgaming.sledgehammer.mixin.core.client.MinecraftAccessor (mixins.sledgehammer.core.json)
        com.cleanroommc.bogosorter.core.mixin.MixinMinecraft (mixin.bogosorter.json)
        youyihj.zenrecipereloading.mixins.vanilla.MinecraftAccessor (mixins.zenrecipereloading.json)
        io.enderdev.endermodpacktweaks.mixin.minecraft.MinecraftMixin (mixins/mixins.emt.minecraft.window.json)
        me.decce.gnetum.mixins.early.MinecraftAccessor (mixins.gnetum.early.json)
        mirror.normalasm.common.crashes.mixins.MinecraftMixin (mixins.crashes.json)
        org.taumc.celeritas.mixin.core.MinecraftMixin (mixins.celeritas.json)
        com.cleanroommc.groovyscript.core.mixin.DefaultResourcePackAccessor (mixin.groovyscript.json)
        io.github.lxgaming.sledgehammer.mixin.core.client.MinecraftMixin (mixins.sledgehammer.core.json)
        mod.acgaming.universaltweaks.mods.vanilla.mixin.UTMinecraftAccessor (mixins/mixins.vanilla.mod.accessors.json)
        meldexun.renderlib.mixin.debug.MixinMinecraft (mixins.renderlib.json)
        mod.acgaming.universaltweaks.tweaks.performance.fps.mixin.UTUncapFPSMixin (mixins/tweaks/mixins.performance.fps.json)
        com.cleanroommc.modularui.core.mixins.early.minecraft.MinecraftMixin (mixin.modularui.json)
        me.lucko.spark.forge.mixin.MinecraftAccessorMixin (mixins.spark.accessors.json)
        mirror.normalasm.client.searchtree.mixins.vanilla.MinecraftMixin (mixins.searchtree_vanilla.json)
        meldexun.renderlib.mixin.MixinMinecraft (mixins.renderlib.json)
        github.kasuminova.stellarcore.mixin.minecraft.world_load.MixinMinecraft (mixins.stellar_core_minecraft_world_load.json)
        dev.redstudio.alfheim.mixin.client.MinecraftMixin (mixins.alfheim.json)
        de.keksuccino.konkrete.mixin.client.MixinMinecraft (konkrete.mixin.json)
        mirror.normalasm.client.screenshot.mixins.MinecraftMixin (mixins.screenshot.json)

InvalidMixinException:
    @Shadow method consumeMana in mixins/mods/mixins.botania.json:UTPreventAlfheimChunkbanMixin from mod UniversalTweaks-1.12.2-1.19.1.jar was not located in the target class vazkii.botania.common.block.tile.TileAlfPortal. Using refmap universaltweaks.refmap.json
InvalidInjectionException:
    @At("INVOKE") on net/minecraft/client/renderer/RenderGlobal::utSetupTerrain with priority 1000 cannot inject into net/minecraft/client/renderer/RenderGlobal::func_174970_a(Lnet/minecraft/entity/Entity;DLnet/minecraft/client/renderer/culling/ICamera;IZ)V merged by org.taumc.celeritas.mixin.core.terrain.RenderGlobalMixin with priority 1000 [redirect$zmf000$unknown_owner$utSetupTerrain(Ljava/util/Set;)I -> Prepare ->  -> { target: func_174970_a(Lnet/minecraft/entity/Entity;DLnet/minecraft/client/renderer/culling/ICamera;IZ)V }]
InvalidMixinException:
    @Shadow method consumeMana in mixins.randomtweaker.mods.json:botania.MixinTileAlfPortal from mod unknown-owner was not located in the target class vazkii.botania.common.block.tile.TileAlfPortal. No refMap loaded.


A detailed walkthrough of the error, its code path and all known details is as follows:
---------------------------------------------------------------------------------------

-- Affected screen --
  Screen name: com.feed_the_beast.ftblib.lib.gui.GuiWrapper

-- Affected level --
  Level name: MpServer
  All players: 1 total; [EntityPlayerSP['Gottfrid_N'/525, l='MpServer', x=798.22, y=115.87, z=741.56]]
  Chunk stats: MultiplayerChunkCache: 408, 408
  Level seed: 0
  Level generator: ID 00 - default, ver 1. Features enabled: false
  Level generator options: 
  Level spawn location: World: (608,64,764), Chunk: (at 0,4,12 in 38,47; contains blocks 608,0,752 to 623,255,767), Region: (1,1; contains chunks 32,32 to 63,63, blocks 512,0,512 to 1023,255,1023)
  Level time: 80526 game time, 80526 day time
  Level dimension: 0
  Level storage version: 0x00000 - Unknown?
  Level weather: Rain time: 0 (now: false), thunder time: 0 (now: false)
  Level game mode: Game mode: creative (ID 1). Hardcore: false. Cheats: false
  Forced entities: 96 total; [EntityCreeper['Creeper'/23296, l='MpServer', x=763.50, y=33.00, z=697.50], EntityRabbit['Rabbit'/769, l='MpServer', x=757.16, y=86.00, z=679.53], EntityBat['Bat'/22529, l='MpServer', x=840.45, y=33.29, z=774.20], EntityCreeper['Creeper'/23297, l='MpServer', x=766.50, y=33.00, z=694.50], EntityBlitz['Blitz'/24840, l='MpServer', x=828.50, y=43.00, z=768.50], EntityCreeper['Creeper'/17933, l='MpServer', x=852.50, y=53.00, z=749.50], EntityRabbit['Rabbit'/785, l='MpServer', x=737.50, y=67.00, z=685.07], EntityRabbit['Rabbit'/786, l='MpServer', x=746.50, y=68.00, z=679.50], EntityHusk['Husk'/25876, l='MpServer', x=808.50, y=28.00, z=759.50], EntitySkeleton['Skeleton'/25878, l='MpServer', x=832.50, y=26.00, z=752.50], EntityHusk['Husk'/18712, l='MpServer', x=809.50, y=87.00, z=737.19], EntityCreeper['Creeper'/23064, l='MpServer', x=777.50, y=54.00, z=672.50], EntitySlime['Slime'/25370, l='MpServer', x=834.83, y=28.10, z=673.63], EntityBat['Bat'/25627, l='MpServer', x=856.05, y=30.72, z=685.72], EntityBlitz['Blitz'/25117, l='MpServer', x=843.01, y=44.00, z=765.42], EntityCreeper['Creeper'/25118, l='MpServer', x=836.83, y=44.00, z=769.62], EntityBat['Bat'/24868, l='MpServer', x=877.43, y=43.00, z=745.50], EntityCreeper['Creeper'/25894, l='MpServer', x=784.50, y=31.00, z=750.50], EntityBat['Bat'/24621, l='MpServer', x=779.16, y=32.34, z=684.00], EntitySkeleton['Skeleton'/25901, l='MpServer', x=783.50, y=40.00, z=738.50], EntitySkeleton['Skeleton'/25902, l='MpServer', x=785.50, y=40.00, z=741.50], EntityCreeper['Creeper'/25391, l='MpServer', x=856.50, y=40.00, z=782.50], EntitySkeleton['Skeleton'/25903, l='MpServer', x=781.50, y=40.00, z=738.50], EntitySkeleton['Skeleton'/25904, l='MpServer', x=783.50, y=40.00, z=736.50], EntityBat['Bat'/24625, l='MpServer', x=777.56, y=31.10, z=682.48], EntitySkeleton['Skeleton'/25906, l='MpServer', x=774.50, y=33.00, z=686.50], EntityCreeper['Creeper'/22326, l='MpServer', x=808.50, y=54.00, z=765.50], EntitySkeleton['Skeleton'/25922, l='MpServer', x=732.50, y=15.00, z=703.50], EntitySkeleton['Skeleton'/25927, l='MpServer', x=730.50, y=15.00, z=701.50], EntityBat['Bat'/25416, l='MpServer', x=839.36, y=30.07, z=755.99], EntityCreeper['Creeper'/23114, l='MpServer', x=755.50, y=19.00, z=768.50], EntityPlayerSP['Gottfrid_N'/525, l='MpServer', x=798.22, y=115.87, z=741.56], EntityRabbit['Rabbit'/591, l='MpServer', x=718.37, y=77.00, z=743.52], EntityStoneling['Stoneling'/25679, l='MpServer', x=776.50, y=19.00, z=678.50], EntityDweller['Dweller'/25682, l='MpServer', x=733.50, y=15.00, z=743.50], EntityHusk['Husk'/24667, l='MpServer', x=847.50, y=54.00, z=773.50], EntityHusk['Husk'/24668, l='MpServer', x=843.50, y=23.00, z=706.50], EntityHusk['Husk'/25439, l='MpServer', x=834.50, y=26.00, z=753.50], EntityHusk['Husk'/24932, l='MpServer', x=849.82, y=40.00, z=779.50], EntityHusk['Husk'/24934, l='MpServer', x=848.50, y=40.00, z=778.50], EntityCreeper['Creeper'/22384, l='MpServer', x=775.50, y=46.00, z=674.50], EntitySkeleton['Skeleton'/24690, l='MpServer', x=775.50, y=19.00, z=680.50], EntitySkeleton['Skeleton'/24181, l='MpServer', x=764.50, y=51.00, z=669.50], EntityRabbit['Rabbit'/633, l='MpServer', x=852.16, y=70.00, z=784.36], EntityBlueSlime['Sky Slime'/22658, l='MpServer', x=764.85, y=79.46, z=696.67], EntityBlueSlime['Sky Slime'/22661, l='MpServer', x=780.54, y=81.59, z=684.07], EntityBat['Bat'/24968, l='MpServer', x=765.49, y=14.44, z=759.75], EntityBat['Bat'/25224, l='MpServer', x=788.47, y=41.01, z=751.78], EntityBat['Bat'/25225, l='MpServer', x=807.76, y=32.03, z=757.89], EntityRabbit['Rabbit'/651, l='MpServer', x=838.10, y=70.00, z=801.52], EntityRabbit['Rabbit'/653, l='MpServer', x=877.95, y=70.00, z=766.51], EntityBat['Bat'/25997, l='MpServer', x=856.28, y=46.15, z=781.82], EntityBat['Bat'/25998, l='MpServer', x=728.28, y=17.03, z=709.20], EntityRabbit['Rabbit'/658, l='MpServer', x=839.61, y=70.00, z=805.58], EntityCreeper['Creeper'/22932, l='MpServer', x=809.50, y=65.00, z=663.50], EntityItem['String'/18583, l='MpServer', x=809.87, y=79.00, z=723.49], EntitySkeleton['Skeleton'/21911, l='MpServer', x=805.50, y=43.00, z=758.50], EntityCreeper['Creeper'/24217, l='MpServer', x=721.50, y=22.00, z=756.50], EntityRabbit['Rabbit'/667, l='MpServer', x=863.44, y=70.00, z=757.50], EntityRabbit['Rabbit'/669, l='MpServer', x=871.49, y=74.00, z=756.50], EntityRabbit['Rabbit'/670, l='MpServer', x=877.50, y=80.00, z=753.50], EntityBat['Bat'/23967, l='MpServer', x=723.43, y=24.70, z=784.47], EntityBat['Bat'/24991, l='MpServer', x=856.21, y=26.21, z=741.55], EntitySkeleton['Skeleton'/24484, l='MpServer', x=814.50, y=36.00, z=686.50], EntityRabbit['Rabbit'/678, l='MpServer', x=846.75, y=78.00, z=749.52], EntitySkeleton['Skeleton'/23215, l='MpServer', x=873.50, y=16.00, z=752.50], EntityRabbit['Rabbit'/689, l='MpServer', x=844.50, y=75.00, z=752.50], EntityHusk['Husk'/24497, l='MpServer', x=770.50, y=49.00, z=757.50], EntityRabbit['Rabbit'/690, l='MpServer', x=841.52, y=73.00, z=753.24], EntityCreeper['Creeper'/25268, l='MpServer', x=766.50, y=42.00, z=691.50], EntityRabbit['Rabbit'/701, l='MpServer', x=795.06, y=69.00, z=795.96], EntityRabbit['Rabbit'/702, l='MpServer', x=792.50, y=68.00, z=794.50], EntityRabbit['Rabbit'/703, l='MpServer', x=787.98, y=68.00, z=790.83], EntitySpider['Spider'/25283, l='MpServer', x=778.50, y=29.00, z=686.50], EntityHusk['Husk'/23751, l='MpServer', x=850.50, y=36.00, z=774.50], EntityCreeper['Creeper'/25800, l='MpServer', x=818.54, y=21.00, z=797.50], EntityCreeper['Creeper'/25801, l='MpServer', x=815.73, y=21.00, z=795.30], EntityCreeper['Creeper'/25802, l='MpServer', x=817.50, y=21.00, z=798.50], EntityBat['Bat'/24523, l='MpServer', x=770.95, y=22.46, z=673.00], EntityRabbit['Rabbit'/717, l='MpServer', x=780.52, y=74.00, z=780.57], EntityBat['Bat'/23508, l='MpServer', x=856.46, y=47.61, z=741.00], EntityCreeper['Creeper'/25300, l='MpServer', x=741.50, y=17.00, z=759.50], EntityRabbit['Rabbit'/725, l='MpServer', x=872.80, y=81.00, z=683.33], EntityCreeper['Creeper'/25301, l='MpServer', x=737.50, y=17.00, z=760.50], EntityMinecartChest['Minecart with Chest'/726, l='MpServer', x=725.50, y=39.06, z=819.50], EntityRabbit['Rabbit'/727, l='MpServer', x=735.50, y=70.00, z=816.50], EntityRabbit['Rabbit'/728, l='MpServer', x=735.50, y=70.00, z=820.50], EntityCreeper['Creeper'/730, l='MpServer', x=807.17, y=99.00, z=728.51], EntityRabbit['Rabbit'/731, l='MpServer', x=872.20, y=79.00, z=670.80], EntityRabbit['Rabbit'/732, l='MpServer', x=864.45, y=79.00, z=665.36], EntitySkeleton['Skeleton'/24797, l='MpServer', x=855.50, y=49.00, z=776.50], EntityRabbit['Rabbit'/734, l='MpServer', x=859.06, y=80.00, z=669.27], EntityRabbit['Rabbit'/743, l='MpServer', x=847.47, y=76.00, z=662.18], EntityCreeper['Creeper'/6892, l='MpServer', x=804.82, y=94.00, z=731.41], EntityZombie['Zombie'/25334, l='MpServer', x=790.50, y=41.00, z=734.50], EntityZombie['Zombie'/25599, l='MpServer', x=728.50, y=17.00, z=710.50]]
  Retry entities: 0 total; []
  Server brand: fml,forge,cleanroom
  Server type: Integrated singleplayer server

-- System Details --
  Minecraft Version: 1.12.2
  Operating System: Mac OS X (aarch64) version 15.7.3
  Java Version: 25.0.2, Azul Systems, Inc.
  Java VM Version: OpenJDK 64-Bit Server VM (mixed mode, sharing), Azul Systems, Inc.
  Memory: 319016824 bytes (304 MB) / 4437573632 bytes (4232 MB) up to 10737418240 bytes (10240 MB)
  JVM Flags: 2 total; -Xms512m -Xmx10240m
  IntCache: cache: 0, tcache: 0, allocated: 0, tallocated: 0
  FML: MCP 9.42 FermiumASM 5.31 VintageFix 0.7.0 Cleanroom 0.5.8-alpha 222 mods loaded, 222 mods active
       States: 'U' = Unloaded 'L' = Loaded 'C' = Constructed 'H' = Pre-initialized 'I' = Initialized 'J' = Post-initialized 'A' = Available 'D' = Disabled 'E' = Errored
       | State  | ID                                | Version                   | Source                                                    |
       |:------ |:--------------------------------- |:------------------------- |:--------------------------------------------------------- |
       | LCHIJA | minecraft                         | 1.12.2                    | minecraft.jar                                             |
       | LCHIJA | mcp                               | 9.42                      | minecraft.jar                                             |
       | LCHIJA | cleanroom                         | 0.5.8-alpha               | cleanroom-0.5.8-alpha.jar                                 |
       | LCHIJA | mixinbooter                       | 10.7                      | cleanroom-0.5.8-alpha.jar                                 |
       | LCHIJA | configanytime                     | 3.0                       | cleanroom-0.5.8-alpha.jar                                 |
       | LCHIJA | kirino_engine                     | epoch-1.a5                | cleanroom-0.5.8-alpha.jar                                 |
       | LCHIJA | kirino_ecs                        | epoch-1.a3                | cleanroom-0.5.8-alpha.jar                                 |
       | LCHIJA | kirino_gl                         | epoch-1.a2                | cleanroom-0.5.8-alpha.jar                                 |
       | LCHIJA | placeholdername                   | 1.0.0                     | groovyscript-1.4.3.jar                                    |
       | LCHIJA | FML                               | 8.0.99.99                 | cleanroom-0.5.8-alpha.jar                                 |
       | LCHIJA | forge                             | 14.23.5.2864              | cleanroom-0.5.8-alpha.jar                                 |
       | LCHIJA | scalar                            | 1.0.0                     | minecraft.jar                                             |
       | LCHIJA | passableleavescore                | 1.0.0                     | minecraft.jar                                             |
       | LCHIJA | concheckrmd                       | 1.9.5                     | Modpack Configuration Checker-1.12.2-v1.9.5.jar           |
       | LCHIJA | crash_assistant                   | 1.11.8                    | !!!CrashAssistant-forge-1.12.2-1.11.8.jar                 |
       | LCHIJA | redcore                           | 0.7.1                     | !Red-Core-MC-1.8-1.12-0.7.1.jar                           |
       | LCHIJA | fugue                             | 0.23.4                    | +Fugue-0.23.4.jar                                         |
       | LCHIJA | key_binding_patch                 | 1.3.3.3                   | [MC-1.12.2] Key Binding Patch v1.3.3.3 - 2024-12-1.jar    |
       | LCHIJA | fermiumbooter                     | 1.4.1                     | `FermiumBooter-1.4.1.jar                                  |
       | LCHIJA | actuallyadditions                 | 1.12.2-r152               | ActuallyAdditions-1.12.2-r152.jar                         |
       | LCHIJA | ctm                               | MC1.12.2-1.0.2.31         | CTM-MC1.12.2-1.0.2.31.jar                                 |
       | LCHIJA | appliedenergistics2               | v0.56.7                   | ae2-uel-v0.56.7.jar                                       |
       | LCHIJA | bdlib                             | 1.14.4.1                  | bdlib-1.14.4.1-mc1.12.2.jar                               |
       | LCHIJA | ae2stuff                          | 0.10                      | ae2stuff-1.12.2-0.10.jar                                  |
       | LCHIJA | aether_legacy                     | 1.5.4.1                   | aether-1.12.2-v1.5.4.1.jar                                |
       | LCHIJA | alfheim                           | 1.6                       | Alfheim-1.6.jar                                           |
       | LCHIJA | anothertips                       | 1.0.5                     | anothertips-1.0.5.jar                                     |
       | LCHIJA | applecore                         | 3.4.0                     | AppleCore-mc1.12.2-3.4.0.jar                              |
       | LCHIJA | aquaacrobatics                    | 1.15.4                    | AquaAcrobatics-1.15.4.jar                                 |
       | LCHIJA | baubles                           | 2.4.10                    | Bubbles-2.4.10.jar                                        |
       | LCHIJA | crafttweaker                      | 4.1.20                    | CraftTweaker2-1.12-4.1.20.711.jar                         |
       | LCHIJA | astralsorcery                     | 1.10.27                   | astralsorcery-1.12.2-1.10.27.jar                          |
       | LCHIJA | mtlib                             | 3.0.7                     | MTLib-3.0.7.jar                                           |
       | LCHIJA | modtweaker                        | 4.0.19                    | modtweaker-4.0.20.11.jar                                  |
       | LCHIJA | jei                               | 4.31.1                    | HadEnoughItems_1.12.2-4.31.1.jar                          |
       | LCHIJA | athenaeum                         | 1.12.2-1.19.6             | athenaeum-1.12.2-1.19.6.jar                               |
       | LCHIJA | atlaslib                          | 1.1.10                    | Atlas-Lib-1.12.2-1.1.10.jar                               |
       | LCHIJA | quark                             | r1.6-191                  | QuarkRotN-r1.6-191.jar                                    |
       | LCHIJA | autoreglib                        | 1.3-32                    | AutoRegLib-1.3-32.jar                                     |
       | LCHIJA | badwithernocookiereloaded         | 1.12.2-3.4.18             | badwithernocookiereloaded-1.12.2-3.4.18.jar               |
       | LCHIJA | base                              | 3.14.0                    | base-1.12.2-3.14.0.jar                                    |
       | LCHIJA | battletowers                      | 1.6.5                     | BattleTowers-1.12.2.jar                                   |
       | LCHIJA | collective                        | 3.0                       | collective-1.12.2-3.0.jar                                 |
       | LCHIJA | beautifiedchatclient              | 1.0                       | beautifiedchatclient_1.12.2-1.0.jar                       |
       | LCHIJA | betteradvancements                | 0.1.0.77                  | BetterAdvancements-1.12.2-0.1.0.77.jar                    |
       | LCHIJA | betterbiomeblend                  | 1.2.0                     | betterbiomeblend-1.2.0-1.12.2.jar                         |
       | LCHIJA | betterchat                        | 1.4                       | betterchat-1.4.jar                                        |
       | LCHIJA | elegant_networking                | 3.16                      | elegant-networking-1.12-3.16.jar                          |
       | LCHIJA | betterhorses                      | 1.0                       | betterhorses-1.5.jar                                      |
       | LCHIJA | betterinvisibility                | 1.0.5                     | betterinvisibility-1.12.2-1.0.5.jar                       |
       | LCHIJA | sbetterwatersplash                | 1.0                       | BetterWaterSplash-1.0.jar                                 |
       | LCHIJA | guideapi                          | 1.12-2.1.8-63             | Guide-API-1.12-2.1.8-63.jar                               |
       | LCHIJA | bloodmagic                        | 1.12.2-2.4.3-105          | BloodMagic-1.12.2-2.4.3-105.jar                           |
       | LCHIJA | endercore                         | 1.12.2-0.5.78             | EnderCore-1.12.2-0.5.78.jar                               |
       | LCHIJA | bookshelf                         | 2.3.590                   | Bookshelf-1.12.2-2.3.590.jar                              |
       | LCHIJA | gamestages                        | 2.0.123                   | GameStages-1.12.2-2.0.123.jar                             |
       | LCHIJA | toolprogression                   | 1.12.2-1.6.12             | toolprogression-1.12.2-1.6.12.jar                         |
       | LCHIJA | codechickenlib                    | 3.2.3.358                 | CodeChickenLib-1.12.2-3.2.3.358-universal.jar             |
       | LCHIJA | pdp                               | 1.12.2-1.2.4              | ProportionalDestructionParticles-1.12.2-1.2.4.jar         |
       | LCHIJA | redstoneflux                      | 2.1.1                     | RedstoneFlux-1.12-2.1.1.1-universal.jar                   |
       | LCHIJA | cofhcore                          | 4.6.6                     | CoFHCore-1.12.2-4.6.6.1-universal.jar                     |
       | LCHIJA | brandonscore                      | 2.4.20                    | BrandonsCore-1.12.2-2.4.20.162-universal.jar              |
       | LCHIJA | cofhworld                         | 1.4.0                     | CoFHWorld-1.12.2-1.4.0.1-universal.jar                    |
       | LCHIJA | thermalfoundation                 | 2.6.7                     | ThermalFoundation-1.12.2-2.6.7.1-universal.jar            |
       | LCHIJA | draconicevolution                 | 2.3.28                    | Draconic-Evolution-1.12.2-2.3.28.354-universal.jar        |
       | LCHIJA | thermalexpansion                  | 5.5.7                     | ThermalExpansion-1.12.2-5.5.7.1-universal.jar             |
       | LCHIJA | enderio                           | 5.4.2                     | enderio-1.12.2-5.4.2-all.jar                              |
       | LCHIJA | enderiointegrationtic             | 5.4.2                     | enderio-1.12.2-5.4.2-all.jar                              |
       | LCHIJA | mantle                            | 1.12-1.3.3.55             | Mantle-1.12-1.3.3.55.jar                                  |
       | LCHIJA | twilightforest                    | 3.15.1                    | twilightforest-1.12.2-3.15.1.jar                          |
       | LCHIJA | tconstruct                        | 1.12.2-2.13.0.206         | TinkersAntique-1.12.2-2.13.0.206.jar                      |
       | LCHIJA | bloodarsenal                      | 1.12.2-2.2.2-31           | BloodArsenal-1.12.2-2.2.2-31.jar                          |
       | LCHIJA | modularui                         | 3.1.6                     | modularui-3.1.6.jar                                       |
       | LCHIJA | bogosorter                        | 1.6.2                     | bogosorter-1.6.2.jar                                      |
       | LCHIJA | botania                           | r1.10-372                 | botania-r1.10-372.jar                                     |
       | LCHIJA | brigo                             | 1.1.1                     | brigo_forge-1.1.1+1.12.x.jar                              |
       | LCHIJA | btfixes                           | 1.12.2-1.2.2              | BTFixes-1.12.2-1.2.2.jar                                  |
       | LCHIJA | celeritas                         | 2.4.0-dev                 | celeritas-forge-mc12.2-2.4.0-dev.jar                      |
       | LCHIJA | chatflow                          | ANT:VERSION               | ChatFlow-1.4-7.jar                                        |
       | LCHIJA | cherishedworlds                   | 1.12.2-1.0.1              | cherishedworlds-1.12.2-1.0.1.jar                          |
       | LCHIJA | chunkanimator                     | 1.12.2-1.2                | ChunkAnimator-1.12.2-1.2.1.jar                            |
       | LCHIJA | clienttweaks                      | 3.1.11                    | ClientTweaks_1.12.2-3.1.11.jar                            |
       | LCHIJA | ftblib                            | 5.4.7.2                   | FTBLib-5.4.7.2.jar                                        |
       | LCHIJA | ftbutilities                      | 5.4.1.131                 | FTBUtilities-5.4.1.131.jar                                |
       | LCHIJA | itemfilters                       | 1.0.4.2                   | ItemFilters-1.0.4.2.jar                                   |
       | LCHIJA | projecte                          | 1.12.2-PE1.4.1            | ProjectE-1.12.2-PE1.4.1.jar                               |
       | LCHIJA | ftbquests                         | 1202.9.0.15               | FTBQuests-1202.9.0.15.jar                                 |
       | LCHIJA | zenutils                          | 1.27.0                    | zenutils-1.27.0.jar                                       |
       | LCHIJA | contenttweaker                    | 1.12.2-4.10.0             | ContentTweaker-1.12.2-4.10.0.jar                          |
       | LCHIJA | copypaste                         | 1.1                       | copypaste-1.1.jar                                         |
       | LCHIJA | corpsecomplex                     | 1.0.12.0                  | corpsecomplex-1.12.2-1.0.12.0.jar                         |
       | LCHIJA | ctgui                             | 1.0.0                     | CraftTweaker2-1.12-4.1.20.711.jar                         |
       | LCHIJA | crafttweakerjei                   | 2.0.3                     | CraftTweaker2-1.12-4.1.20.711.jar                         |
       | LCHIJA | cucumber                          | 1.1.3                     | Cucumber-1.12.2-1.1.3.jar                                 |
       | LCHIJA | patchouli                         | 1.0-23.6                  | Patchouli-1.0-23.6.jar                                    |
       | LCHIJA | deepmoblearning                   | 1.2.3                     | DeepMobEvolution-1.12.2-1.2.3.jar                         |
       | LCHIJA | deepmoblearningbm                 | @VERSION@                 | DeepBloodEvolution-1.1.6-e.jar                            |
       | LCHIJA | defaultoptions                    | 9.2.8                     | DefaultOptions_1.12.2-9.2.8.jar                           |
       | LCHIJA | dimdoors                          | 3.2.2                     | Dimensional Doors-3.2.3.jar                               |
       | LCHIJA | dropt                             | 1.12.2-1.19.4             | dropt-1.12.2-1.19.4.jar                                   |
       | LCHIJA | eguilib                           | 0.1.2                     | eguilib-0.1.2.jar                                         |
       | LCHIJA | enchdesc                          | 1.1.20                    | EnchantmentDescriptions-1.12.2-1.1.20.jar                 |
       | LCHIJA | enderioadditions                  | 5.4.2                     | enderio-1.12.2-5.4.2-all.jar                              |
       | LCHIJA | enderioeaddons                    | 5.4.2                     | enderio-1.12.2-5.4.2-all.jar                              |
       | LCHIJA | enderiobase                       | 5.4.2                     | enderio-1.12.2-5.4.2-all.jar                              |
       | LCHIJA | gasconduits                       | 5.4.2                     | enderio-1.12.2-5.4.2-all.jar                              |
       | LCHIJA | enderioconduitsappliedenergistics | 5.4.2                     | enderio-1.12.2-5.4.2-all.jar                              |
       | LCHIJA | enderioconduitsopencomputers      | 5.4.2                     | enderio-1.12.2-5.4.2-all.jar                              |
       | LCHIJA | enderioconduitsrefinedstorage     | 5.4.2                     | enderio-1.12.2-5.4.2-all.jar                              |
       | LCHIJA | enderioconduits                   | 5.4.2                     | enderio-1.12.2-5.4.2-all.jar                              |
       | LCHIJA | enderioendergy                    | 5.4.2                     | enderio-1.12.2-5.4.2-all.jar                              |
       | LCHIJA | enderiointegrationforestry        | 5.4.2                     | enderio-1.12.2-5.4.2-all.jar                              |
       | LCHIJA | enderiointegrationticlate         | @VERSION@                 | enderio-1.12.2-5.4.2-all.jar                              |
       | LCHIJA | enderioinvpanel                   | 5.4.2                     | enderio-1.12.2-5.4.2-all.jar                              |
       | LCHIJA | enderiomachines                   | 5.4.2                     | enderio-1.12.2-5.4.2-all.jar                              |
       | LCHIJA | enderiopowertools                 | 5.4.2                     | enderio-1.12.2-5.4.2-all.jar                              |
       | LCHIJA | endermodpacktweaks                | 0.5.11                    | endermodpacktweaks-0.5.11.jar                             |
       | LCHIJA | renderlib                         | 1.4.5                     | RenderLib-1.12.2-1.4.5.jar                                |
       | LCHIJA | entityculling                     | 6.5.0                     | EntityCulling-1.12.2-6.5.0.jar                            |
       | LCHIJA | valkyrielib                       | 1.12.2-2.0.20.1           | valkyrielib-1.12.2-2.0.20.1.jar                           |
       | LCHIJA | environmentaltech                 | 1.12.2-2.0.20.1           | environmentaltech-1.12.2-2.0.20.1.jar                     |
       | LCHIJA | extremesoundmuffler               | 1.0.9                     | esm-legacy-1.12.2-1.0.9.jar                               |
       | LCHIJA | extendedbonemeal                  | 1.3                       | extendedbonemeal_1.12.2-1.3.jar                           |
       | LCHIJA | extendedcrafting                  | 1.7.0.7                   | extendedcrafting-nomifactory-edition-1.7.0.7.jar          |
       | LCHIJA | extrautils_fixes                  | 1.0.0                     | exutilfix-1.0.0.jar                                       |
       | LCHIJA | extrautils2                       | 1.0                       | extrautils2-1.12-1.9.9.jar                                |
       | LCHIJA | zerocore                          | 1.12.2-0.1.2.9            | zerocore-1.12.2-0.1.2.9.jar                               |
       | LCHIJA | bigreactors                       | 1.12.2-0.4.5.68           | ExtremeReactors-1.12.2-0.4.5.68.jar                       |
       | LCHIJA | normalasm                         | 5.31                      | fermiumasm-5.31.jar                                       |
       | LCHIJA | fermiummixins                     | 1.0.12                    | FermiumMixins-1.0.12.jar                                  |
       | LCHIJA | xporbclump                        | 2.3.6                     | Fixeroo-2.3.6.jar                                         |
       | LCHIJA | ae2fc                             | 2.6.6-r                   | Fluid Craft for AE2-2.6.6-r.jar                           |
       | LCHIJA | forgelin_continuous               | 2.3.10.0                  | Forgelin-Continuous-2.3.10.0.jar                          |
       | LCHIJA | forgelin                          | 1.8.4                     | Forgelin-Continuous-2.3.10.0.jar                          |
       | LCHIJA | zenrecipereloading                | 1.4.4                     | zenrecipereloading-1.4.5.jar                              |
       | LCHIJA | endertweaker                      | 2.0.3                     | ForkedEnderTweaker-2.0.3.jar                              |
       | LCHIJA | fpsreducer                        | mc1.12.2-1.20             | FpsReducer-mc1.12.2-1.20.jar                              |
       | LCHIJA | furnacexpstorage                  | 1.3.1                     | FurnaceXPStorage-1.3.1.jar                                |
       | LCHIJA | gnetum                            | 1.4.1                     | gnetum-1.4.1.jar                                          |
       | LCHIJA | groovyscript                      | 1.4.3                     | groovyscript-1.4.3.jar                                    |
       | LCHIJA | highlighter                       | 1.1.7                     | Highlighter-1.12.2-forge-1.1.7.jar                        |
       | LCHIJA | hungertweaker                     | 1.3.0                     | HungerTweaker-1.12.2-1.3.0.jar                            |
       | LCHIJA | waila                             | 1.8.26                    | Hwyla-1.8.26-B41_1.12.2.jar                               |
       | LCHIJA | llibrary                          | 1.7.20                    | llibrary-1.7.20-1.12.2.jar                                |
       | LCHIJA | iceandfire                        | 1.9.1-2.0.0               | Ice and Fire-2.0.0.jar                                    |
       | LCHIJA | ifpatcher                         | 2.4.0                     | IFPatcher-2.4.0.jar                                       |
       | LCHIJA | immersiveengineering              | 0.12-98                   | ImmersiveEngineering-0.12-98.jar                          |
       | LCHIJA | immersivepetroleum                | 1.1.10                    | immersivepetroleum-1.12.2-1.1.10.jar                      |
       | LCHIJA | immersiveposts                    | 0.2.1                     | ImmersivePosts-0.2.1.jar                                  |
       | LCHIJA | immersivetweaks                   | 1.1.0                     | immersivetweaks-1.12.2-1.1.0.jar                          |
       | LCHIJA | teslacorelib                      | 1.0.18                    | tesla-core-lib-1.12.2-1.0.18.jar                          |
       | LCHIJA | industrialforegoing               | 1.12.2-1.12.2             | industrialforegoing-1.12.2-1.12.13-237.jar                |
       | LCHIJA | jeiutilities                      | 0.2.13                    | JEI-Utilities-1.12.2-0.2.13.jar                           |
       | LCHIJA | jei_area_fixer                    | 2.3.0                     | jei_area_fixer-2.3.0.jar                                  |
       | LCHIJA | nether_api                        | 1.4.2                     | Nether-API-v1.4.2-mc1.12.2.jar                            |
       | LCHIJA | justenoughdimensions              | 1.6.0-dev.20211009.214847 | justenoughdimensions-1.12.2-1.6.0-dev.20211009.214847.jar |
       | LCHIJA | effectinfo                        | 1.0.3                     | JustEnoughEffects-1.0.3.jar                               |
       | LCHIJA | daomephsta_loot_shared            | 0.0.2                     | DaomephstaLootShared-0.0.2.jar                            |
       | LCHIJA | loottweaker                       | 0.5.1                     | LootTweaker-0.5.1+MC1.12.2-DLS0.jar                       |
       | LCHIJA | jeresources                       | 0.9.3.203                 | JustEnoughResources-1.12.2-0.9.3.203.jar                  |
       | LCHIJA | justenoughmagiculture             | 1.12.2-1.2.2              | justenoughmagiculture-1.12.2-1.2.2.jar                    |
       | LCHIJA | kleeslabs                         | 5.4.12                    | KleeSlabs_1.12.2-5.4.12.jar                               |
       | LCHIJA | konkrete                          | 1.6.1                     | konkrete_forge_1.6.1_MC_1.12-1.12.2.jar                   |
       | LCHIJA | lemonskin                         | 4.0.0                     | lemonskin-4.0.0.jar                                       |
       | LCHIJA | mcjtylib_ng                       | 3.5.4                     | mcjtylib-1.12-3.5.4.jar                                   |
       | LCHIJA | mclogs                            | 1.0.6                     | Mclogs-forge-1.0.5-for-1.12.2.jar                         |
       | LCHIJA | modularmachinery                  | 2.3.2                     | ModularMachinery-CE-2.3.2.jar                             |
       | LCHIJA | moretweaker                       | 1.0.19                    | MoreTweaker-1.0.19.jar                                    |
       | LCHIJA | mousetweaks                       | 3.1.5                     | mousetweaks-1.12.2-3.1.5.jar                              |
       | LCHIJA | mysticalagriculture               | 1.8.3                     | mysticalagriculture-ce-1.8.3.jar                          |
       | LCHIJA | mysticalagradditions              | 1.3.2                     | MysticalAgradditions-1.12.2-1.3.2.jar                     |
       | LCHIJA | naturescompass                    | 1.8.5                     | NaturesCompass-1.12.2-1.8.5.jar                           |
       | LCHIJA | noisethreader                     | 1.1.3                     | NoiseThreader-1.1.3.jar                                   |
       | LCHIJA | nuclearcraft                      | 2.19a                     | nuclearcraft-1.12.2-2.19a.jar                             |
       | LCHIJA | packagedauto                      | 1.12.2-1.0.24.73          | PackagedAuto-1.12.2-1.0.24.73.jar                         |
       | LCHIJA | packageddraconic                  | 1.12.2-1.0.4.24           | PackagedDraconic-1.12.2-1.0.4.24.jar                      |
       | LCHIJA | packagedexcrafting                | 1.12.2-1.0.3.33           | PackagedExCrafting-1.12.2-1.0.3.33.jar                    |
       | LCHIJA | particleculling                   | v1.4.3                    | particleculling-1.12.2-v1.4.3.jar                         |
       | LCHIJA | patternbanners                    | 1.2.3                     | patternbanners-1.2.3.jar                                  |
       | LCHIJA | performancemonitoringenhanc       | 1.0                       | PerformanceMonitoringEnhancer1.12.2-1.1.1.jar             |
       | LCHIJA | projectex                         | 1.2.0.40                  | ProjectEX-1.2.0.40.jar                                    |
       | LCHIJA | peteams                           | 1.4.0                     | peteams-1.12.2-1.4.0.jar                                  |
       | LCHIJA | pillar                            | 1.3.3                     | Pillar-1.3.3.jar                                          |
       | LCHIJA | portabledrill                     | 1.2.1                     | portabledrill-1.2.1.jar                                   |
       | LCHIJA | potiondescriptions                | 1.2.4                     | potiondescriptions-1.12.2-1.2.4.jar                       |
       | LCHIJA | probe                             | 0.1.24                    | probe-0.1.24.jar                                          |
       | LCHIJA | projectintelligence               | 1.0.9                     | ProjectIntelligence-1.12.2-1.0.9.28-universal.jar         |
       | LCHIJA | quarkoddities                     | 1                         | QuarkOddities-1.12.2.jar                                  |
       | LCHIJA | randomtweaker                     | 1.4.10                    | RandomTweaker-1.4.10.jar                                  |
       | LCHIJA | reachfix                          | 1.1.3                     | ReachFix-1.12.2-1.1.3.jar                                 |
       | LCHIJA | reauth                            | 4.0.7                     | ReAuth-1.12-Forge-4.0.7.jar                               |
       | LCHIJA | rebind                            | 2.7.5                     | rebind-1.12.2-2.7.5-0.jar                                 |
       | LCHIJA | resourceloader                    | 1.5.3                     | ResourceLoader-MC1.12.1-1.5.3.jar                         |
       | LCHIJA | resourcereloader                  | 1.0.2.5                   | ResourceReloader-1.0.2.5.jar                              |
       | LCHIJA | rftools                           | 7.73                      | rftools-1.12-7.73.jar                                     |
       | LCHIJA | rftoolsdim                        | 5.71                      | rftoolsdim-1.12-5.71.jar                                  |
       | LCHIJA | rltweaker                         | 0.7.5                     | RLTweaker-1.12.2-0.7.5.jar                                |
       | LCHIJA | roidtweaker                       | 1.2.2                     | roidtweaker-1.2.2.jar                                     |
       | LCHIJA | jeid                              | 2.3.0                     | RoughlyEnoughIDs-2.3.0.jar                                |
       | LCHIJA | sledgehammer                      | 1.12.2-2.0.26             | Sledgehammer-1.12.2-2.0.26.jar                            |
       | LCHIJA | soundfilters                      | 0.14.0_for_1.12           | SoundFilters-0.14.0_for_1.12.jar                          |
       | LCHIJA | soundreloader                     | 1.1                       | soundreloader-1.2-1.12.2.jar                              |
       | LCHIJA | spark                             | 1.11.140                  | spark-unforged-1.11.140-forge.jar                         |
       | LCHIJA | stellar_core                      | 1.5.22                    | StellarCore-1.5.22.jar                                    |
       | LCHIJA | sasit                             | 1.1.32                    | StuffASockInIt-1.12.2-1.1.32.jar                          |
       | LCHIJA | teamsmod                          | 1.12.2-Rfinal             | teamsmod-1.12.2-Rfinal-fixed.jar                          |
       | LCHIJA | aether_baubles                    | 2.0.1                     | TheAetherBaubles-2.0.1.jar                                |
       | LCHIJA | thermalcultivation                | 0.3.6                     | ThermalCultivation-1.12.2-0.3.6.1-universal.jar           |
       | LCHIJA | thermaldynamics                   | 2.5.6                     | ThermalDynamics-1.12.2-2.5.6.1-universal.jar              |
       | LCHIJA | thermalinnovation                 | 0.3.6                     | ThermalInnovation-1.12.2-0.3.6.1-universal.jar            |
       | LCHIJA | tpp                               | 1.0.1.1                   | TP+-1.12.2-1.0.1.1.jar                                    |
       | LCHIJA | universaltweaks                   | 1.19.1                    | UniversalTweaks-1.12.2-1.19.1.jar                         |
       | LCHIJA | universalmodifiers                | 1.12.2-1.0.16.1           | valkyrielib-1.12.2-2.0.20.1.jar                           |
       | LCHIJA | vintagefix                        | 0.7.0                     | vintagefix-0.7.0.jar                                      |
       | LCHIJA | witherconfig                      | 1.2.1                     | Wither-Config-1.2.1.jar                                   |
       | LCHIJA | woot                              | 1.12.2-1.4.11             | woot-1.12.2-1.4.11.jar                                    |
       | LCHIJA | betterhurttimer                   | 1.12.2-1.5.0.3            | WorseHurtTimer-1.12.2-1.5.0.3.jar                         |
       | LCHIJA | xnet                              | 1.8.4                     | xnet-1.12-1.8.4-ynet.jar                                  |
       | LCHIJA | zspacket                          | 0.0.1                     | zspacket-0.0.1.jar                                        |
       | LCHIJA | passableleaves                    | 2.0.0                     | PassableLeaves-1.12.2-2.0.0.jar                           |
       | LCHIJA | jade                              | 0.1.0                     | Jade-0.1.0.jar                                            |
       | LCHIJA | teslacorelib_registries           | 1.0.18                    | tesla-core-lib-1.12.2-1.0.18.jar                          |
       
       Potentially tampered mods:
       CoFHWorld-1.12.2-1.4.0.1-universal.jar
       ThermalDynamics-1.12.2-2.5.6.1-universal.jar
       RedstoneFlux-1.12-2.1.1.1-universal.jar
       ThermalFoundation-1.12.2-2.6.7.1-universal.jar
       ThermalExpansion-1.12.2-5.5.7.1-universal.jar
       ae2-uel-v0.56.7.jar
       ThermalInnovation-1.12.2-0.3.6.1-universal.jar
       IFPatcher-2.4.0.jar
       ThermalCultivation-1.12.2-0.3.6.1-universal.jar
       ImmersiveEngineering-0.12-98.jar
       justenoughdimensions-1.12.2-1.6.0-dev.20211009.214847.jar
  Cleanroom Version: 0.5.8-alpha
  Loaded coremods (and transformers): VintageFix (vintagefix-0.7.0.jar)
                                        org.embeddedt.vintagefix.transformer.ASMModParserTransformer
                                      ScalarLoadingPlugin (Scalar Legacy-1.0.1.jar)
                                        
                                      ESMCore (esm-legacy-1.12.2-1.0.9.jar)
                                        
                                      DeepBloodEvolutionCore (DeepBloodEvolution-1.1.6-e.jar)
                                        com.glodblock.github.dmeblood.coremod.DBEClassTransformer
                                      AppleCore (AppleCore-mc1.12.2-3.4.0.jar)
                                        squeek.applecore.asm.TransformerModuleHandler
                                      NoiseThreaderPlugin (NoiseThreader-1.1.3.jar)
                                        
                                      LemonSkinPlugin (lemonskin-4.0.0.jar)
                                        
                                      LoadingPlugin (splashlogofix-1.0.jar)
                                        me.modmuss50.splashlogofix.asm.ClassTransformer
                                      IFPatcher (IFPatcher-2.4.0.jar)
                                        net.eve0415.ifpatcher.Transformer
                                      JeiUtilitiesLoadingPlugin (JEI-Utilities-1.12.2-0.2.13.jar)
                                        com.github.vfyjxf.jeiutilities.asm.JeiUtilitiesClassTransformer
                                      RandomTweaker CoreMod Boot (RandomTweaker-1.4.10.jar)
                                        ink.ikx.rt.classTransforms.RandomTweakerClassTransformer
                                      FluidCraftCore (Fluid Craft for AE2-2.6.6-r.jar)
                                        com.glodblock.github.coremod.FCClassTransformer
                                      PETeamsCore (peteams-1.12.2-1.4.0.jar)
                                        
                                      Bubbles (Bubbles-2.4.10.jar)
                                        
                                      ZenRecipeReloadingPlugin (zenrecipereloading-1.4.5.jar)
                                        
                                      MixinLoader (Atlas-Lib-1.12.2-1.1.10.jar)
                                        
                                      ParticleCullingLoadingPlugin (particleculling-1.12.2-v1.4.3.jar)
                                        
                                      CrashAssistantEntrypoint (!!!CrashAssistant-forge-1.12.2-1.11.8.jar)
                                        dev.kostromdan.mods.crash_assistant.forge_coremod.CrashAssistantTransformer
                                      ReBind Core (rebind-1.12.2-2.7.5-0.jar)
                                        austeretony.rebind.common.core.ReBindClassTransformer
                                      Nether API Plugin (Nether-API-v1.4.2-mc1.12.2.jar)
                                        git.jbredwards.nether_api.mod.asm.ASMHandler$Transformer
                                      BTFixesCore (BTFixes-1.12.2-1.2.2.jar)
                                        
                                      EnderModpackTweaksCore (endermodpacktweaks-0.5.11.jar)
                                        
                                      Betterer Biomer Blender (betterbiomeblend-1.2.0-1.12.2.jar)
                                        
                                      FurnaceXPStoragePlugin (FurnaceXPStorage-1.3.1.jar)
                                        
                                      RenderLibPlugin (RenderLib-1.12.2-1.4.5.jar)
                                        
                                      llibrary (llibrary-core-1.0.11-1.12.2.jar)
                                        net.ilexiconn.llibrary.server.core.plugin.LLibraryTransformer
                                        net.ilexiconn.llibrary.server.core.patcher.LLibraryRuntimePatcher
                                      AstralCore (astralsorcery-1.12.2-1.10.27.jar)
                                        
                                      Spark (spark-unforged-1.11.140-forge.jar)
                                        
                                      Gnetum (gnetum-1.4.1.jar)
                                        
                                      Fugue (+Fugue-0.23.4.jar)
                                        
                                      PatternBannersCore (patternbanners-1.2.3.jar)
                                        
                                      JustEnoughIDs Extension Plugin (RoughlyEnoughIDs-2.3.0.jar)
                                        
                                      EntityCullingPlugin (EntityCulling-1.12.2-6.5.0.jar)
                                        
                                      ModularUI-Core (modularui-3.1.6.jar)
                                        com.cleanroommc.modularui.core.ClassTransformer
                                      WorseCore (WorseHurtTimer-1.12.2-1.5.0.3.jar)
                                        
                                      Forgelin-Continuous (Forgelin-Continuous-2.3.10.0.jar)
                                        
                                      IELoadingPlugin (ImmersiveEngineering-core-0.12-98.jar)
                                        blusunrize.immersiveengineering.common.asm.IEClassTransformer
                                      FermiumASM (fermiumasm-5.31.jar)
                                        
                                      EarlyMixinInit ([MC-1.12.2] Key Binding Patch v1.3.3.3 - 2024-12-1.jar)
                                        
                                      WitherConfigPlugin (Wither-Config-1.2.1.jar)
                                        
                                      LoadingPlugin (ChunkAnimator-1.12.2-1.2.1.jar)
                                        lumien.chunkanimator.asm.ClassTransformer
                                      AlfheimPlugin (Alfheim-1.6.jar)
                                        
                                      ZSPacketPlugin (zspacket-0.0.1.jar)
                                        
                                      FermiumBooter (`FermiumBooter-1.4.1.jar)
                                        
                                      RoidTweakerEarlyMixinLoader (roidtweaker-1.2.2.jar)
                                        
                                      AE2ELCore (ae2-uel-v0.56.7.jar)
                                        appeng.core.transformer.AE2ELTransformer
                                      BogoSorter-Core (bogosorter-1.6.2.jar)
                                        
                                      Red Core (!Red-Core-MC-1.8-1.12-0.7.1.jar)
                                        
                                      JEIAreaFixerEarlyMixin (jei_area_fixer-2.3.0.jar)
                                        
                                      ASMPlugin (justenoughmagiculture-1.12.2-1.2.2.jar)
                                        com.invadermonky.justenoughmagiculture.asm.ASMTransformer
                                      LoadingPlugin (ResourceLoader-MC1.12.1-1.5.3.jar)
                                        lumien.resourceloader.asm.ClassTransformer
                                      FMLPlugin (TheAetherBaubles-2.0.1.jar)
                                        henrykado.aetherbaubles.asm.ClassTransformer
                                      ToolProgressionPlugin (toolprogression-core-1.12.2-1.6.12.jar)
                                        tyra314.toolprogression.core.asm.ToolProgressionClassTransformer
                                      PassableLeavesCore (PassableLeavesCore-1.12.2-1.0.0.jar)
                                        teamrtg.passableleaves.asm.PassableLeavesTransformer
                                      Celeritas (celeritas-forge-mc12.2-2.4.0-dev.jar)
                                        
                                      FermiumMixins (FermiumMixins-1.0.12.jar)
                                        
                                      RLTweaker ASM (RLTweaker-1.12.2-0.7.5.jar)
                                        com.charles445.rltweaker.asm.RLTweakerClassTransformer
                                      BHLoader (betterhorses-1.5.jar)
                                        
                                      UniversalTweaksCore (UniversalTweaks-1.12.2-1.19.1.jar)
                                        
                                      Aqua Acrobatics Transformer (AquaAcrobatics-1.15.4.jar)
                                        
                                      KonkreteCore (konkrete_forge_1.6.1_MC_1.12-1.12.2.jar)
                                        
                                      GroovyScript-Core (groovyscript-1.4.3.jar)
                                        
                                      McMouser (mcmouser-1.12.2-forge-1.0.2.jar)
                                        
                                      Fixeroo (Fixeroo-2.3.6.jar)
                                        
                                      Quark Plugin (QuarkRotN-r1.6-191.jar)
                                        vazkii.quark.base.asm.ClassTransformer
                                      iceandfire (Ice and Fire-2.0.0.jar)
                                        com.github.alexthe666.iceandfire.patcher.IceAndFireRuntimePatcher
                                        com.github.alexthe666.iceandfire.asm.EntityLivingBaseTransformer
                                        com.github.alexthe666.iceandfire.asm.LayerArmorBaseTransformer
                                      CTMCorePlugin (CTM-MC1.12.2-1.0.2.31.jar)
                                        team.chisel.ctm.client.asm.CTMTransformer
                                      EnderCorePlugin (EnderCore-1.12.2-0.5.78-core.jar)
                                        com.enderio.core.common.transform.EnderCoreTransformer
                                        com.enderio.core.common.transform.SimpleMixinPatcher
                                      ReachFixPlugin (ReachFix-1.12.2-1.1.3.jar)
                                        meldexun.reachfix.asm.ReachFixClassTransformer
                                      StellarCoreEarlyMixinLoader (StellarCore-1.5.22.jar)
                                        
                                      ZenUtilsPlugin (zenutils-1.27.0.jar)
                                        youyihj.zenutils.impl.config.ClassProvider
                                        youyihj.zenutils.impl.core.TConTraitRepresentationTransformer
                                      MMCEEarlyMixinLoader (ModularMachinery-CE-2.3.2.jar)
                                        
                                      MixinLoader (Highlighter-1.12.2-forge-1.1.7.jar)
                                        
                                      Another Tips Core (anothertips-1.0.5.jar)
                                        
                                      serializationisbad (serializationisbad-1.5.2.jar)
                                        io.dogboy.serializationisbad.legacyforge.SIBTransformer
                                      MixinBooter (cleanroom-0.5.8-alpha.jar)
                                        
                                      TFCore (twilightforest-1.12.2-3.15.1.jar)
  GL info: ' Vendor: 'Apple' Version: '2.1 Metal - 89.4' Renderer: 'Apple M2'
  AE2 Version: stable v0.56.7 for Forge 14.23.5.2847
  Ender IO: Found the following problem(s) with your installation (That does NOT mean that Ender IO caused the crash or was involved in it in any way. We add this information to help finding common problems, not as an invitation to post any crash you encounter to Ender IO's issue tracker. Always check the stack trace above to see which mod is most likely failing.):
                             An unsupported base software is installed: 'cleanroom'. This is NOT supported.
                             This may (look up the meaning of 'may' in the dictionary if you're not sure what it means) have caused the error. Try reproducing the crash WITHOUT this/these mod(s) before reporting it.
            Authlib is : /Users/gottfrid.nordstrom@live.vasteras.se/Library/Application%20Support/PrismLauncher/libraries/com/mojang/authlib/1.5.25/authlib-1.5.25.jar
            
            !!!!!!!!!!!!!!!!!!!!!!!!!!!!!!!!!!!!!!!!!!!!!!!!!!!!!!!!!!!!!!!!!!!!!!!!!!!!!!
            !!!You are looking at the diagnostics information, not at the crash.       !!!
            !!!Scroll up until you see the line with '---- Minecraft Crash Report ----'!!!
            !!!!!!!!!!!!!!!!!!!!!!!!!!!!!!!!!!!!!!!!!!!!!!!!!!!!!!!!!!!!!!!!!!!!!!!!!!!!!!
  Pulsar/tconstruct loaded Pulses: - TinkerCommons (Enabled/Forced)
                                   - TinkerWorld (Enabled/Not Forced)
                                   - TinkerTools (Enabled/Not Forced)
                                   - TinkerHarvestTools (Enabled/Forced)
                                   - TinkerMeleeWeapons (Enabled/Forced)
                                   - TinkerRangedWeapons (Enabled/Forced)
                                   - TinkerModifiers (Enabled/Forced)
                                   - TinkerSmeltery (Enabled/Not Forced)
                                   - TinkerGadgets (Enabled/Not Forced)
                                   - TinkerOredict (Enabled/Forced)
                                   - TinkerIntegration (Enabled/Forced)
                                   - TinkerFluids (Enabled/Forced)
                                   - TinkerMaterials (Enabled/Forced)
                                   - TinkerModelRegister (Enabled/Forced)
                                   - wailaIntegration (Enabled/Not Forced)
                                   - quarkIntegration (Enabled/Not Forced)
  Modpack Information: 
  List of loaded APIs: * actuallyadditionsapi (34) from ActuallyAdditions-1.12.2-r152.jar
                       * AetherAPI (v1.0.0) from aether-1.12.2-v1.5.4.1.jar
                       * AppleCoreAPI (3.4.0) from AppleCore-mc1.12.2-3.4.0.jar
                       * appliedenergistics2|API (rv6) from ae2-uel-v0.56.7.jar
                       * Base|API (1.0.0) from base-1.12.2-3.14.0.jar
                       * Baubles|API (1.4.0.2) from Bubbles-2.4.10.jar
                       * betteradvancements|API (0.1.0.77) from BetterAdvancements-1.12.2-0.1.0.77.jar
                       * BetterHurtTimerAPI (0) from WorseHurtTimer-1.12.2-1.5.0.3.jar
                       * BetterWithModsAPI (Beta 0.6) from lemonskin-4.0.0.jar
                       * bigreactors|API (4.0.1) from ExtremeReactors-1.12.2-0.4.5.68.jar
                       * bloodmagic-api (2.0.0) from BloodMagic-1.12.2-2.4.3-105.jar
                       * BotaniaAPI (93) from botania-r1.10-372.jar
                       * cofhapi (2.5.0) from CoFHCore-1.12.2-4.6.6.1-universal.jar
                       * ctm-api (0.1.0) from CTM-MC1.12.2-1.0.2.31.jar
                       * ctm-api-events (0.1.0) from CTM-MC1.12.2-1.0.2.31.jar
                       * ctm-api-models (0.1.0) from CTM-MC1.12.2-1.0.2.31.jar
                       * ctm-api-textures (0.1.0) from CTM-MC1.12.2-1.0.2.31.jar
                       * ctm-api-utils (0.1.0) from CTM-MC1.12.2-1.0.2.31.jar
                       * DraconicEvolution|API (1.3) from Draconic-Evolution-1.12.2-2.3.28.354-universal.jar
                       * DroptAPI (4) from dropt-1.12.2-1.19.4.jar
                       * enderioapi (4.0.0) from enderio-1.12.2-5.4.2-all.jar
                       * enderioapi|addon (4.0.0) from enderio-1.12.2-5.4.2-all.jar
                       * enderioapi|capacitor (4.0.0) from enderio-1.12.2-5.4.2-all.jar
                       * enderioapi|conduits (4.0.0) from enderio-1.12.2-5.4.2-all.jar
                       * enderioapi|farm (4.0.0) from enderio-1.12.2-5.4.2-all.jar
                       * enderioapi|redstone (4.0.0) from enderio-1.12.2-5.4.2-all.jar
                       * enderioapi|teleport (4.0.0) from enderio-1.12.2-5.4.2-all.jar
                       * enderioapi|tools (4.0.0) from enderio-1.12.2-5.4.2-all.jar
                       * enderioapi|upgrades (4.0.0) from enderio-1.12.2-5.4.2-all.jar
                       * Guide-API|API (2.0.0) from Guide-API-1.12-2.1.8-63.jar
                       * ImmersiveEngineering|API (1.0) from ImmersiveEngineering-0.12-98.jar
                       * ImmersiveEngineering|ImmersiveFluxAPI (1.0) from ImmersiveEngineering-0.12-98.jar
                       * industrialforegoingapi (5) from industrialforegoing-1.12.2-1.12.13-237.jar
                       * JEEAPI (1.0.2) from JustEnoughEffects-1.0.3.jar
                       * jeresources|API (0.9.3.203) from JustEnoughResources-1.12.2-0.9.3.203.jar
                       * JustEnoughItemsAPI (4.13.0) from HadEnoughItems_1.12.2-4.31.1.jar
                       * MouseTweaks|API (1.0) from mousetweaks-1.12.2-3.1.5.jar
                       * PatchouliAPI (6) from Patchouli-1.0-23.6.jar
                       * projecteapi (1.12.2-1.2.0) from ProjectE-1.12.2-PE1.4.1.jar
                       * QuarkAPI (4) from QuarkRotN-r1.6-191.jar
                       * redstonefluxapi (2.1.1) from RedstoneFlux-1.12-2.1.1.1-universal.jar
                       * RoughlyEnoughIds|API (0.1.0) from RoughlyEnoughIDs-2.3.0.jar
                       * valkyrielib.api (1.12.2-2.0.10a) from valkyrielib-1.12.2-2.0.20.1.jar
                       * WailaAPI (1.3) from Hwyla-1.8.26-B41_1.12.2.jar
                       * zerocore|API|multiblock (1.10.2-0.0.2) from zerocore-1.12.2-0.1.2.9.jar
                       * zerocore|API|multiblock|rectangular (1.10.2-0.0.2) from zerocore-1.12.2-0.1.2.9.jar
                       * zerocore|API|multiblock|tier (1.10.2-0.0.2) from zerocore-1.12.2-0.1.2.9.jar
                       * zerocore|API|multiblock|validation (1.10.2-0.0.2) from zerocore-1.12.2-0.1.2.9.jar
  Patchouli open book context: n/a
  ExtendedCrafting: Nomifactory Edition: You are using a fork of Extended Crafting created for the Nomifactory modpack.
                                         If the error above is a NoSuchFieldError or a NoSuchMethodError relating to
                                         com.blakebr0.extendedcrafting,
                                         then please report to https://github.com/Nomifactory/ExtendedCrafting/issues
                                         with this crash report.
                                         Otherwise, you can ignore this message.
  RLTweaker Error Report: Baubles Critical Setup Failure : 1
  AE2 Integration: IC2:OFF, GTCE:OFF, RC:OFF, MFR:OFF, Waila:ON, InvTweaks:OFF, JEI:ON, Mekanism:OFF, OpenComputers:OFF, THE_ONE_PROBE:OFF, TESLA:OFF, CRAFTTWEAKER:ON
  Suspected Mods: FTB Library (ftblib)
  Launched Version: 1.12.2
  LWJGL: 3.3.6-snapshot
  OpenGL: Apple M2 GL version 2.1 Metal - 89.4, Apple
  GL Caps: Using GL 1.3 multitexturing.
           Using GL 1.3 texture combiners.
           Using framebuffer objects because ARB_framebuffer_object is supported and separate blending is supported.
           Shaders are available because OpenGL 2.1 is supported.
           VBOs are available because OpenGL 1.5 is supported.
  Using VBOs: Yes
  Is Modded: Definitely; Client brand changed to 'fml,forge,cleanroom'
  Type: Client (map_client.txt)
  Resource Packs: 
  Current Language: English (US)
  Profiler Position: N/A (disabled)
  CPU: 8x Apple M2
  Client Crashes Since Restart: 1
  Integrated Server Crashes Since Restart: 0

[01:16:28] [Client thread/ERROR] [net.minecraft.client.Minecraft]: ########## GL ERROR ##########
[01:16:28] [Client thread/ERROR] [net.minecraft.client.Minecraft]: @ FermiumASM GUI Loop
[01:16:28] [Client thread/ERROR] [net.minecraft.client.Minecraft]: 1280: Invalid enum
[01:17:00] [Server thread/INFO] [net.minecraft.server.integrated.IntegratedServer]: Starting integrated minecraft server version 1.12.2
[01:17:00] [Server thread/INFO] [net.minecraft.server.integrated.IntegratedServer]: Generating keypair
[01:17:00] [Server thread/INFO] [enderio]: Permission Handler is: INSTANCE
[01:17:00] [Server thread/INFO] [copypaste]: Validating and updating files in the world...
[01:17:00] [Server thread/INFO] [justenoughdimensions]: Reloading the main configs from file '/Users/gottfrid.nordstrom@live.vasteras.se/Library/Application Support/PrismLauncher/instances/Emergent-Engineering/minecraft/config/justenoughdimensions/justenoughdimensions.cfg'
[01:17:00] [Server thread/WARN] [justenoughdimensions]: No 'dimensions.json' file found; neither global nor per-world
[01:17:00] [Server thread/INFO] [mcjtylib_ng]: Preparing all world data
[01:17:01] [Server thread/INFO] [net.minecraft.advancements.AdvancementList]: Loaded 1070 advancements
[01:17:01] [Server thread/INFO] [Astral Sorcery]: Checking GatewayCache integrity for dimension 0
[01:17:01] [Server thread/INFO] [Astral Sorcery]: GatewayCache checked and fully loaded in 0ms! Collected and checked 0 gateway nodes!
[01:17:01] [Server thread/INFO] [FermiumASM]: Took 27.05 ms to canonicalize Java's FilePermission caches.
[01:17:01] [Server thread/INFO] [Astral Sorcery]: Checking GatewayCache integrity for dimension -1
[01:17:01] [Server thread/INFO] [Astral Sorcery]: GatewayCache checked and fully loaded in 0ms! Collected and checked 0 gateway nodes!
[01:17:01] [Server thread/INFO] [FermiumASM]: Took 7.933 ms to canonicalize Java's FilePermission caches.
[01:17:01] [Server thread/INFO] [Astral Sorcery]: Checking GatewayCache integrity for dimension 1
[01:17:01] [Server thread/INFO] [Astral Sorcery]: GatewayCache checked and fully loaded in 0ms! Collected and checked 0 gateway nodes!
[01:17:01] [Server thread/INFO] [FermiumASM]: Took 11.67 ms to canonicalize Java's FilePermission caches.
[01:17:01] [Server thread/INFO] [Astral Sorcery]: Checking GatewayCache integrity for dimension 684
[01:17:01] [Server thread/INFO] [Astral Sorcery]: GatewayCache checked and fully loaded in 0ms! Collected and checked 0 gateway nodes!
[01:17:01] [Server thread/INFO] [FermiumASM]: Took 7.849 ms to canonicalize Java's FilePermission caches.
[01:17:01] [Server thread/INFO] [Astral Sorcery]: Checking GatewayCache integrity for dimension 685
[01:17:01] [Server thread/INFO] [Astral Sorcery]: GatewayCache checked and fully loaded in 0ms! Collected and checked 0 gateway nodes!
[01:17:01] [Server thread/INFO] [FermiumASM]: Took 8.261 ms to canonicalize Java's FilePermission caches.
[01:17:01] [Server thread/INFO] [Astral Sorcery]: Checking GatewayCache integrity for dimension 686
[01:17:01] [Server thread/INFO] [Astral Sorcery]: GatewayCache checked and fully loaded in 0ms! Collected and checked 0 gateway nodes!
[01:17:01] [Server thread/INFO] [FermiumASM]: Took 8.166 ms to canonicalize Java's FilePermission caches.
[01:17:01] [Server thread/INFO] [Astral Sorcery]: Checking GatewayCache integrity for dimension 687
[01:17:01] [Server thread/INFO] [Astral Sorcery]: GatewayCache checked and fully loaded in 0ms! Collected and checked 0 gateway nodes!
[01:17:01] [Server thread/INFO] [FermiumASM]: Took 7.606 ms to canonicalize Java's FilePermission caches.
[01:17:01] [Server thread/INFO] [Astral Sorcery]: Checking GatewayCache integrity for dimension 688
[01:17:01] [Server thread/INFO] [Astral Sorcery]: GatewayCache checked and fully loaded in 0ms! Collected and checked 0 gateway nodes!
[01:17:01] [Server thread/INFO] [FermiumASM]: Took 10.93 ms to canonicalize Java's FilePermission caches.
[01:17:01] [Server thread/INFO] [Astral Sorcery]: Checking GatewayCache integrity for dimension 418
[01:17:01] [Server thread/INFO] [Astral Sorcery]: GatewayCache checked and fully loaded in 0ms! Collected and checked 0 gateway nodes!
[01:17:01] [Server thread/INFO] [FermiumASM]: Took 6.255 ms to canonicalize Java's FilePermission caches.
[01:17:01] [Server thread/INFO] [Astral Sorcery]: Checking GatewayCache integrity for dimension 4
[01:17:01] [Server thread/INFO] [Astral Sorcery]: GatewayCache checked and fully loaded in 0ms! Collected and checked 0 gateway nodes!
[01:17:01] [Server thread/INFO] [FermiumASM]: Took 3.803 ms to canonicalize Java's FilePermission caches.
[01:17:01] [Server thread/INFO] [Astral Sorcery]: Checking GatewayCache integrity for dimension -11325
[01:17:01] [Server thread/INFO] [Astral Sorcery]: GatewayCache checked and fully loaded in 0ms! Collected and checked 0 gateway nodes!
[01:17:01] [Server thread/INFO] [FermiumASM]: Took 3.281 ms to canonicalize Java's FilePermission caches.
[01:17:01] [Server thread/INFO] [Astral Sorcery]: Checking GatewayCache integrity for dimension -9999
[01:17:01] [Server thread/INFO] [Astral Sorcery]: GatewayCache checked and fully loaded in 0ms! Collected and checked 0 gateway nodes!
[01:17:01] [Server thread/INFO] [FermiumASM]: Took 3.533 ms to canonicalize Java's FilePermission caches.
[01:17:01] [Server thread/INFO] [Astral Sorcery]: Checking GatewayCache integrity for dimension 4598
[01:17:01] [Server thread/INFO] [Astral Sorcery]: GatewayCache checked and fully loaded in 0ms! Collected and checked 0 gateway nodes!
[01:17:01] [Server thread/INFO] [FermiumASM]: Took 3.431 ms to canonicalize Java's FilePermission caches.
[01:17:01] [Server thread/INFO] [Astral Sorcery]: Checking GatewayCache integrity for dimension 2
[01:17:01] [Server thread/INFO] [Astral Sorcery]: GatewayCache checked and fully loaded in 0ms! Collected and checked 0 gateway nodes!
[01:17:01] [Server thread/INFO] [FermiumASM]: Took 1.993 ms to canonicalize Java's FilePermission caches.
[01:17:01] [Server thread/INFO] [Astral Sorcery]: Checking GatewayCache integrity for dimension 7
[01:17:01] [Server thread/INFO] [Astral Sorcery]: GatewayCache checked and fully loaded in 0ms! Collected and checked 0 gateway nodes!
[01:17:01] [Server thread/INFO] [FermiumASM]: Took 1.853 ms to canonicalize Java's FilePermission caches.
[01:17:01] [Server thread/INFO] [projecte]: Starting server-side EMC mapping.
[01:17:01] [Server thread/WARN] [projecte]: EMC Exploit: ingredients (0 + 9*minecraft:iron_nugget:0 => 1*minecraft:iron_ingot:0) cost 72 but output value is 256
[01:17:01] [Server thread/WARN] [projecte]: EMC Exploit: ingredients (0 + 9*immersiveengineering:metal:29 => 1*minecraft:iron_ingot:0) cost 252 but output value is 256
[01:17:01] [Server thread/WARN] [projecte]: EMC Exploit: ingredients (0 + 9*extendedcrafting:material:129 => 1*minecraft:emerald:0) cost 16380 but output value is 16384
[01:17:01] [Server thread/WARN] [projecte]: EMC Exploit: ingredients (0 + 9*NSSFAKE:/[1xitem.thermalfoundation.material@17, 1xitem.ec.material@129] => 1*minecraft:emerald:0) cost 16380 but output value is 16384
[01:17:01] [Server thread/WARN] [projecte]: EMC Exploit: ingredients (0 + 9*NSSFAKE:/[1xitem.thermalfoundation.material@224, 1xitem.tconstruct.common_nuggets@4, 1xitem.immersiveengineering.metal@28] => 1*tconstruct:common_ingots:4) cost 315 but output value is 320
[01:17:01] [Server thread/WARN] [projecte]: EMC Exploit: "0 + 9*NSSFAKE:/[1xitem.thermalfoundation.material@227, 1xitem.tconstruct.common_nuggets@3] => 1*tconstruct:common_ingots:3" ingredient cost: 153 value of result: 160 setValueFromConversion: 0 + 3*OD: ingotCopper + 1*OD: ingotTin => 4*tconstruct:common_ingots:3
[01:17:01] [Server thread/WARN] [projecte]: EMC Exploit: "0 + 9*NSSFAKE:/[1xitem.thermalfoundation.material@196, 1xitem.tconstruct.common_nuggets@2, 1xitem.immersiveengineering.metal@21] => 1*tconstruct:common_ingots:2" ingredient cost: 126 value of result: 128 setValueFromConversion: 0 + 1*OD: ingotIron => 2*tconstruct:common_ingots:2
[01:17:01] [Server thread/WARN] [projecte]: EMC Exploit: "0 + 9*NSSFAKE:/[1xitem.thermalfoundation.material@193, 1xitem.tconstruct.common_nuggets@1] => 1*tconstruct:common_ingots:1" ingredient cost: 252 value of result: 256 setValueFromConversion: 0 + 1*OD: ingotIron => 1*tconstruct:common_ingots:1
[01:17:01] [Server thread/WARN] [projecte]: EMC Exploit: "0 + 9*NSSFAKE:/[1xitem.thermalfoundation.material@192, 1xitem.tconstruct.common_nuggets@0, 1xitem.iceandfire.copperNugget@0, 1xitem.immersiveengineering.metal@20] => 1*tconstruct:common_ingots:0" ingredient cost: 126 value of result: 128 setValueFromConversion: 0 + 1*OD: ingotIron => 2*tconstruct:common_ingots:0
[01:17:01] [Server thread/WARN] [projecte]: EMC Exploit: "0 + 9*tconstruct:nuggets:2 => 1*tconstruct:ingots:2" ingredient cost: 2043 value of result: 2048 setValueFromConversion: 0 + 1*OD: ingotCobalt + 1*OD: ingotArdite => 1*tconstruct:ingots:2
[01:17:01] [Server thread/WARN] [projecte]: EMC Exploit: "0 + 9*tconstruct:nuggets:1 => 1*tconstruct:ingots:1" ingredient cost: 1017 value of result: 1024 setValueFromConversion: 0 + 4*OD: ingotIron => 1*tconstruct:ingots:1
[01:17:01] [Server thread/WARN] [projecte]: EMC Exploit: "0 + 9*tconstruct:nuggets:0 => 1*tconstruct:ingots:0" ingredient cost: 1017 value of result: 1024 setValueFromConversion: 0 + 4*OD: ingotIron => 1*tconstruct:ingots:0
[01:17:01] [Server thread/WARN] [projecte]: EMC Exploit: "0 + 9*NSSFAKE:/[1xitem.thermalfoundation.material@194, 1xitem.iceandfire.silverNugget@0, 1xitem.immersiveengineering.metal@23] => 1*iceandfire:silver_ingot:0" ingredient cost: 504 value of result: 512 setValueFromConversion: 0 + 2*OD: ingotIron => 1*iceandfire:silver_ingot:0
[01:17:01] [Server thread/WARN] [projecte]: EMC Exploit: ingredients (0 + 9*immersiveengineering:metal:28 => 1*immersiveengineering:metal:8) cost 315 but output value is 320
[01:17:01] [Server thread/WARN] [projecte]: EMC Exploit: "0 + 9*immersiveengineering:metal:27 => 1*immersiveengineering:metal:7" ingredient cost: 1278 value of result: 1280 setValueFromConversion: 0 + 1*OD: ingotSilver + 1*OD: ingotGold => 2*immersiveengineering:metal:7
[01:17:01] [Server thread/WARN] [projecte]: EMC Exploit: "0 + 9*immersiveengineering:metal:24 => 1*immersiveengineering:metal:4" ingredient cost: 1017 value of result: 1024 setValueFromConversion: 0 + 4*OD: ingotIron => 1*immersiveengineering:metal:4
[01:17:01] [Server thread/WARN] [projecte]: EMC Exploit: ingredients (0 + 9*immersiveengineering:metal:25 => 1*immersiveengineering:metal:5) cost 4095 but output value is 4096
[01:17:01] [Server thread/WARN] [projecte]: EMC Exploit: "0 + 9*immersiveengineering:metal:22 => 1*immersiveengineering:metal:2" ingredient cost: 504 value of result: 512 setValueFromConversion: 0 + 2*OD: ingotIron => 1*immersiveengineering:metal:2
[01:17:01] [Server thread/WARN] [projecte]: EMC Exploit: "0 + 9*immersiveengineering:metal:23 => 1*immersiveengineering:metal:3" ingredient cost: 504 value of result: 512 setValueFromConversion: 0 + 2*OD: ingotIron => 1*immersiveengineering:metal:3
[01:17:01] [Server thread/WARN] [projecte]: EMC Exploit: "0 + 9*immersiveengineering:metal:20 => 1*immersiveengineering:metal:0" ingredient cost: 126 value of result: 128 setValueFromConversion: 0 + 1*OD: ingotIron => 2*immersiveengineering:metal:0
[01:17:01] [Server thread/WARN] [projecte]: EMC Exploit: "0 + 9*immersiveengineering:metal:21 => 1*immersiveengineering:metal:1" ingredient cost: 126 value of result: 128 setValueFromConversion: 0 + 1*OD: ingotIron => 2*immersiveengineering:metal:1
[01:17:01] [Server thread/WARN] [projecte]: EMC Exploit: ingredients (0 + 1*nuclearcraft:gem_dust:1 => 1*nuclearcraft:dust_oxide:2) cost 64 but output value is 128
[01:17:01] [Server thread/WARN] [projecte]: EMC Exploit: ingredients (0 + 1*actuallyadditions:item_dust:6 => 1*minecraft:coal:0) cost 64 but output value is 128
[01:17:01] [Server thread/WARN] [projecte]: EMC Exploit: ingredients (0 + 1*minecraft:coal:1 => 1*nuclearcraft:ingot:8) cost 32 but output value is 64
[01:17:02] [Server thread/WARN] [projecte]: EMC Exploit: "0 + 9*NSSFAKE:/[1xitem.thermalfoundation.material@192, 1xitem.tconstruct.common_nuggets@0, 1xitem.iceandfire.copperNugget@0, 1xitem.immersiveengineering.metal@20] => 1*iceandfire:copper_ingot:0" ingredient cost: 126 value of result: 128 setValueFromConversion: 0 + 1*OD: ingotIron => 2*iceandfire:copper_ingot:0
[01:17:02] [Server thread/WARN] [projecte]: EMC Exploit: "0 + 9*thermalfoundation:material:229 => 1*thermalfoundation:material:165" ingredient cost: 378 value of result: 384 setValueFromConversion: 0 + 3*OD: ingotCopper + 1*OD: ingotSilver + 10*OD: dustRedstone => 4*thermalfoundation:material:165
[01:17:02] [Server thread/WARN] [projecte]: EMC Exploit: "0 + 9*thermalfoundation:material:230 => 1*thermalfoundation:material:166" ingredient cost: 702 value of result: 704 setValueFromConversion: 0 + 3*OD: ingotTin + 1*OD: ingotSilver + 4*OD: dustGlowstone => 4*thermalfoundation:material:166
[01:17:02] [Server thread/WARN] [projecte]: EMC Exploit: ingredients (0 + 9*NSSFAKE:/[1xitem.thermalfoundation.material@224, 1xitem.tconstruct.common_nuggets@4, 1xitem.immersiveengineering.metal@28] => 1*thermalfoundation:material:160) cost 315 but output value is 320
[01:17:02] [Server thread/WARN] [projecte]: EMC Exploit: "0 + 9*NSSFAKE:/[1xitem.thermalfoundation.material@225, 1xitem.immersiveengineering.metal@27] => 1*thermalfoundation:material:161" ingredient cost: 1278 value of result: 1280 setValueFromConversion: 0 + 1*OD: ingotSilver + 1*OD: ingotGold => 2*thermalfoundation:material:161
[01:17:02] [Server thread/WARN] [projecte]: EMC Exploit: "0 + 9*thermalfoundation:material:226 => 1*thermalfoundation:material:162" ingredient cost: 504 value of result: 512 setValueFromConversion: 0 + 1*OD: ingotNickel + 2*OD: ingotIron => 3*thermalfoundation:material:162
[01:17:02] [Server thread/WARN] [projecte]: EMC Exploit: "0 + 9*NSSFAKE:/[1xitem.thermalfoundation.material@227, 1xitem.tconstruct.common_nuggets@3] => 1*thermalfoundation:material:163" ingredient cost: 153 value of result: 160 setValueFromConversion: 0 + 3*OD: ingotCopper + 1*OD: ingotTin => 4*thermalfoundation:material:163
[01:17:02] [Server thread/WARN] [projecte]: EMC Exploit: "0 + 9*NSSFAKE:/[1xitem.thermalfoundation.material@196, 1xitem.tconstruct.common_nuggets@2, 1xitem.immersiveengineering.metal@21] => 1*thermalfoundation:material:132" ingredient cost: 126 value of result: 128 setValueFromConversion: 0 + 1*OD: ingotIron => 2*thermalfoundation:material:132
[01:17:02] [Server thread/WARN] [projecte]: EMC Exploit: "0 + 9*NSSFAKE:/[1xitem.thermalfoundation.material@197, 1xitem.immersiveengineering.metal@24] => 1*thermalfoundation:material:133" ingredient cost: 1017 value of result: 1024 setValueFromConversion: 0 + 4*OD: ingotIron => 1*thermalfoundation:material:133
[01:17:02] [Server thread/WARN] [projecte]: EMC Exploit: "0 + 9*thermalfoundation:material:198 => 1*thermalfoundation:material:134" ingredient cost: 4095 value of result: 4096 setValueFromConversion: 0 + 16*OD: ingotIron => 1*thermalfoundation:material:134
[01:17:02] [Server thread/WARN] [projecte]: EMC Exploit: "0 + 9*NSSFAKE:/[1xitem.thermalfoundation.material@192, 1xitem.tconstruct.common_nuggets@0, 1xitem.iceandfire.copperNugget@0, 1xitem.immersiveengineering.metal@20] => 1*thermalfoundation:material:128" ingredient cost: 126 value of result: 128 setValueFromConversion: 0 + 1*OD: ingotIron => 2*thermalfoundation:material:128
[01:17:02] [Server thread/WARN] [projecte]: EMC Exploit: "0 + 9*NSSFAKE:/[1xitem.thermalfoundation.material@193, 1xitem.tconstruct.common_nuggets@1] => 1*thermalfoundation:material:129" ingredient cost: 252 value of result: 256 setValueFromConversion: 0 + 1*OD: ingotIron => 1*thermalfoundation:material:129
[01:17:02] [Server thread/WARN] [projecte]: EMC Exploit: "0 + 9*NSSFAKE:/[1xitem.thermalfoundation.material@194, 1xitem.iceandfire.silverNugget@0, 1xitem.immersiveengineering.metal@23] => 1*thermalfoundation:material:130" ingredient cost: 504 value of result: 512 setValueFromConversion: 0 + 2*OD: ingotIron => 1*thermalfoundation:material:130
[01:17:02] [Server thread/WARN] [projecte]: EMC Exploit: "0 + 9*NSSFAKE:/[1xitem.thermalfoundation.material@195, 1xitem.immersiveengineering.metal@22] => 1*thermalfoundation:material:131" ingredient cost: 504 value of result: 512 setValueFromConversion: 0 + 2*OD: ingotIron => 1*thermalfoundation:material:131
[01:17:02] [Server thread/WARN] [projecte]: EMC Exploit: ingredients (0 + 9*extendedcrafting:material:128 => 1*minecraft:diamond:0) cost 8190 but output value is 8192
[01:17:02] [Server thread/WARN] [projecte]: EMC Exploit: ingredients (0 + 9*NSSFAKE:/[1xitem.thermalfoundation.material@16, 1xitem.ec.material@128] => 1*minecraft:diamond:0) cost 8190 but output value is 8192
[01:17:02] [Server thread/WARN] [projecte]: EMC Exploit: ingredients (0 + 9*extendedcrafting:material:140 => 1*minecraft:nether_star:0) cost 139257 but output value is 139264
[01:17:02] [Server thread/WARN] [projecte]: EMC Exploit: "0 + 9*enderio:item_alloy_nugget:2 => 1*enderio:item_alloy_ingot:2" ingredient cost: 3519 value of result: 3520 setValueFromConversion: 0 + 1*minecraft:ender_pearl:0 + 1*OD: ingotEnergeticAlloy => 1*enderio:item_alloy_ingot:2
[01:17:02] [Server thread/WARN] [projecte]: EMC Exploit: "0 + 9*enderio:item_alloy_nugget:3 => 1*enderio:item_alloy_ingot:3" ingredient cost: 90 value of result: 96 setValueFromConversion: 0 + 1*OD: itemSilicon + 1*OD: dustRedstone => 1*enderio:item_alloy_ingot:3
[01:17:02] [Server thread/WARN] [projecte]: EMC Exploit: "0 + 9*enderio:item_alloy_nugget:0 => 1*enderio:item_alloy_ingot:0" ingredient cost: 315 value of result: 320 setValueFromConversion: 0 + 1*OD: itemSilicon + 1*minecraft:coal:1 + 1*OD: ingotIron => 1*enderio:item_alloy_ingot:0
[01:17:02] [Server thread/WARN] [projecte]: EMC Exploit: "0 + 9*enderio:item_alloy_nugget:1 => 1*enderio:item_alloy_ingot:1" ingredient cost: 2493 value of result: 2496 setValueFromConversion: 0 + 1*OD: ingotGold + 1*OD: dustRedstone + 1*OD: dustGlowstone => 1*enderio:item_alloy_ingot:1
[01:17:02] [Server thread/WARN] [projecte]: EMC Exploit: "0 + 9*enderio:item_alloy_nugget:6 => 1*enderio:item_alloy_ingot:6" ingredient cost: 351 value of result: 352 setValueFromConversion: 0 + 1*minecraft:coal:1 + 1*OD: ingotIron + 1*minecraft:obsidian:0 => 1*enderio:item_alloy_ingot:6
[01:17:02] [Server thread/WARN] [projecte]: EMC Exploit: "0 + 9*enderio:item_alloy_nugget:4 => 1*enderio:item_alloy_ingot:4" ingredient cost: 315 value of result: 320 setValueFromConversion: 0 + 1*OD: dustRedstone + 1*OD: ingotIron => 1*enderio:item_alloy_ingot:4
[01:17:02] [Server thread/WARN] [projecte]: EMC Exploit: "0 + 9*enderio:item_alloy_nugget:5 => 1*enderio:item_alloy_ingot:5" ingredient cost: 1278 value of result: 1280 setValueFromConversion: 0 + 1*minecraft:ender_pearl:0 + 1*OD: ingotIron => 1*enderio:item_alloy_ingot:5
[01:17:02] [Server thread/WARN] [projecte]: EMC Exploit: "0 + 9*minecraft:gold_nugget:0 => 1*minecraft:gold_ingot:0" ingredient cost: 2043 value of result: 2048 setValueFromConversion: 0 + 8*OD: ingotIron => 1*minecraft:gold_ingot:0
[01:17:02] [Server thread/WARN] [projecte]: EMC Exploit: ingredients (0 + 1*minecraft:cobblestone:0 + 1*minecraft:stone:3 => 2*minecraft:stone:5) cost 17 but output value is 16
[01:17:02] [Server thread/INFO] [projecte]: Registered 3471 EMC values. (took 510 ms)
[01:17:02] [Server thread/INFO] [nuclearcraft]: Server Loading...
[01:17:02] [Server thread/INFO] [teamsmod]: Teams: Server Starting
[01:17:02] [Server thread/INFO] [teamsmod]: Teams: Registered server commands
[01:17:02] [Server thread/INFO] [teamsmod]: Teams: Loading save data
[01:17:02] [Server thread/INFO] [Actually Additions]: Successfully loaded WorldData!
[01:17:02] [Server thread/INFO] [FTB Quests]: Loading quests from /Users/gottfrid.nordstrom@live.vasteras.se/Library/Application Support/PrismLauncher/instances/Emergent-Engineering/minecraft/config/ftbquests/normal
[01:17:02] [Server thread/INFO] [FTB Quests]: Loaded 8 chapters, 6 quests, 6 tasks and 1 rewards. In total, 21 objects
[01:17:02] [Finalizer/WARN] [FermiumASM]: Clearing NormalStringPool 1
[01:17:02] [Finalizer/WARN] [FermiumASM]: Clearing NormalStringPool 1
[01:17:02] [Finalizer/WARN] [FermiumASM]: Clearing NormalStringPool 1
[01:17:02] [Finalizer/WARN] [FermiumASM]: Clearing NormalStringPool 1
[01:17:02] [Finalizer/WARN] [FermiumASM]: Clearing NormalStringPool 1
[01:17:02] [Finalizer/WARN] [FermiumASM]: Clearing NormalStringPool 1
[01:17:02] [Finalizer/WARN] [FermiumASM]: Clearing NormalStringPool 1
[01:17:02] [Finalizer/WARN] [FermiumASM]: Clearing NormalStringPool 1
[01:17:02] [Finalizer/WARN] [FermiumASM]: Clearing NormalStringPool 1
[01:17:02] [Finalizer/WARN] [FermiumASM]: Clearing NormalStringPool 1
[01:17:02] [Finalizer/WARN] [FermiumASM]: Clearing NormalStringPool 1
[01:17:02] [Finalizer/WARN] [FermiumASM]: Clearing NormalStringPool 1
[01:17:02] [Finalizer/WARN] [FermiumASM]: Clearing NormalStringPool 1
[01:17:02] [Finalizer/WARN] [FermiumASM]: Clearing NormalStringPool 1
[01:17:02] [Finalizer/WARN] [FermiumASM]: Clearing NormalStringPool 1
[01:17:02] [Server thread/INFO] [net.minecraft.advancements.AdvancementList]: Loaded 1070 advancements
[01:17:02] [Server thread/INFO] [FTB Library]: Reloaded server in 2ms
[01:17:02] [Server thread/INFO] [FTB Utilities]: Overridden 180 commands
[01:17:02] [Server thread/INFO] [immersiveengineering]: WorldData loading
[01:17:02] [Server thread/INFO] [immersiveengineering]: WorldData retrieved
[01:17:02] [Server thread/INFO] [mcjtylib_ng]: RFTools: server is starting
[01:17:02] [Server thread/INFO] [mcjtylib_ng]: Registering RFTools dimensions: 
[01:17:02] [Server thread/INFO] [stellar_core]: [StellarCore] Set server thread priority to MAX.
[01:17:02] [Server thread/INFO] [Astral Sorcery]: Load CachedWorldData 'lightnetwork' for world 0
[01:17:02] [Server thread/INFO] [Astral Sorcery]: Loading of 'lightnetwork' for world 0 finished.
[01:17:02] [Client thread/INFO] [Actually Additions]: Unloaded WorldData!
[01:17:02] [Netty Local Server IO #3/INFO] [CodeChickenLib-ConfigSync]: Skipping config sync, No mods have registered a syncable config.
[01:17:03] [Server thread/INFO] [gamestages]: Loaded 0 stages for Gottfrid_N.
[01:17:03] [Server thread/INFO] [net.minecraft.server.management.PlayerList]: Gottfrid_N[local:E:eac9d286] logged in with entity id 26008 at (798.2241061227957, 115.87375277348846, 741.557672460084)
[01:17:03] [Server thread/INFO] [mcjtylib_ng]: SMP: Sync dimensions to client
[01:17:03] [Server thread/INFO] [net.minecraft.server.MinecraftServer]: Gottfrid_N joined the game
[01:17:03] [Server thread/INFO] [gamestages]: Syncing 0 stages for Gottfrid_N.
[01:17:03] [Server thread/INFO] [Waila]: Player EntityPlayerMP['Gottfrid_N'/26008, l='debug', x=798.22, y=115.87, z=741.56] connected. Sending ping
[01:17:03] [Server thread/INFO] [EnderCore]: Sending server configs to client for com.enderio.core.common.config.ConfigHandler
[01:17:03] [Server thread/INFO] [fermiummixins.FermiumMixins]: Syncing Quark configuration with player: Gottfrid_N
[01:17:03] [Server thread/INFO] [mcjtylib_ng]: SMP: Player logged in: Sync diminfo to clients
[01:17:03] [Server thread/INFO] [mcjtylib_ng]: Send dimlet rules to the client
[01:17:03] [Server thread/INFO] [mcjtylib_ng]: Rules packet size: 5779 of 8192
[01:17:03] [Server thread/INFO] [Actually Additions]: Successfully loaded WorldData!
[01:17:03] [Server thread/INFO] [Actually Additions]: Sending Player Data to player Gottfrid_N with UUID bb2d0351-fd0f-43fb-a84a-c291b43e6b9e.
[01:17:03] [Server thread/INFO] [Astral Sorcery]: [Astral Sorcery] Waiting for server synchronization on login for Gottfrid_N...
[01:17:03] [Server thread/INFO] [Astral Sorcery]: [Astral Sorcery] Synchronizing baseline information to Gottfrid_N
[01:17:03] [Netty Local Client IO #1/INFO] [mcjtylib_ng]: DimensionSyncPacket: Registering: 
[01:17:03] [Client thread/INFO] [mcjtylib_ng]: Received dimension information from server
[01:17:03] [Client thread/INFO] [FermiumASM]: Took 16.42 ms to canonicalize Java's FilePermission caches.
[01:17:03] [Client thread/INFO] [net.minecraft.client.renderer.chunk.ChunkRenderDispatcher]: Creating 2 chunk builders
[01:17:03] [Client thread/WARN] [org.embeddedt.embeddium.impl.render.chunk.ShaderChunkRenderer]: System does not support modern GLSL, will attempt to patch terrain shaders
[01:17:03] [Client thread/INFO] [ChunkBuilder]: Started 2 worker threads
[01:17:03] [Netty Local Client IO #1/INFO] [Waila]: Received server authentication msg. Remote sync will be activated
[01:17:03] [Client thread/INFO] [Astral Sorcery]: Using gateway screenshots for folder 'debug'
[01:17:03] [Server thread/INFO] [net.minecraft.server.integrated.IntegratedServer]: Saving and pausing game...
[01:17:03] [Server thread/INFO] [gamestages]: Saved 0 stages for Gottfrid_N.
[01:17:03] [Server thread/INFO] [net.minecraft.server.MinecraftServer]: Saving chunks for level 'debug'/overworld
[01:17:03] [Server thread/INFO] [net.minecraft.server.MinecraftServer]: Saving chunks for level 'debug'/ExtraUtils2_Quarry_Dim
[01:17:03] [Server thread/INFO] [net.minecraft.server.MinecraftServer]: Saving chunks for level 'debug'/Storage Cell
[01:17:03] [Client thread/INFO] [com.llamalad7.betterchat.gui.GuiBetterChat]: [CHAT] §cNo loot table with name oe:entities/drowned exists!
[01:17:03] [Client thread/INFO] [com.llamalad7.betterchat.gui.GuiBetterChat]: [CHAT] §cNo loot table with name oe:entities/drowned_captain exists!
[01:17:03] [Client thread/INFO] [com.llamalad7.betterchat.gui.GuiBetterChat]: [CHAT] §cNo loot table with name oe:entities/drowned exists!
[01:17:03] [Client thread/INFO] [com.llamalad7.betterchat.gui.GuiBetterChat]: [CHAT] §cNo loot table with name oe:entities/drowned_captain exists!
[01:17:03] [Client thread/INFO] [net.minecraft.advancements.AdvancementList]: Loaded 68 advancements
[01:17:03] [Client thread/INFO] [mcjtylib_ng]: Received dimlet rules from server
[01:17:03] [Client thread/INFO] [Actually Additions]: Receiving (new or changed) Player Data for player Gottfrid_N.
[01:17:03] [Client thread/WARN] [org.embeddedt.embeddium.impl.gl.shader.GlProgram]: Program link log for sodium:chunk_shader: WARNING: Output of vertex shader 'v_ChunkAgeMs' not read by fragment shader

[01:17:03] [Client thread/WARN] [org.embeddedt.embeddium.impl.gl.shader.GlProgram]: Program link log for sodium:chunk_shader: WARNING: Output of vertex shader 'v_ChunkAgeMs' not read by fragment shader

[01:17:03] [Client thread/WARN] [org.embeddedt.embeddium.impl.gl.shader.GlProgram]: Program link log for sodium:chunk_shader: WARNING: Output of vertex shader 'v_ChunkAgeMs' not read by fragment shader

[01:17:05] [Finalizer/WARN] [FermiumASM]: Clearing NormalStringPool 1
[01:17:47] [Server thread/INFO] [gamestages]: Saved 0 stages for Gottfrid_N.
[01:18:32] [Server thread/INFO] [gamestages]: Saved 0 stages for Gottfrid_N.
[01:19:17] [Server thread/INFO] [gamestages]: Saved 0 stages for Gottfrid_N.
[01:20:02] [Server thread/INFO] [gamestages]: Saved 0 stages for Gottfrid_N.
[01:20:47] [Server thread/INFO] [gamestages]: Saved 0 stages for Gottfrid_N.
[01:21:32] [Server thread/INFO] [gamestages]: Saved 0 stages for Gottfrid_N.
[01:22:17] [Server thread/INFO] [gamestages]: Saved 0 stages for Gottfrid_N.
[01:23:02] [Server thread/INFO] [gamestages]: Saved 0 stages for Gottfrid_N.
[01:23:47] [Server thread/INFO] [gamestages]: Saved 0 stages for Gottfrid_N.
[01:24:32] [Server thread/INFO] [gamestages]: Saved 0 stages for Gottfrid_N.
[01:25:17] [Server thread/INFO] [gamestages]: Saved 0 stages for Gottfrid_N.
[01:26:02] [Server thread/INFO] [gamestages]: Saved 0 stages for Gottfrid_N.
[01:26:47] [Server thread/INFO] [gamestages]: Saved 0 stages for Gottfrid_N.
[01:27:32] [Server thread/INFO] [gamestages]: Saved 0 stages for Gottfrid_N.
[01:28:17] [Server thread/INFO] [gamestages]: Saved 0 stages for Gottfrid_N.
[01:29:02] [Server thread/INFO] [gamestages]: Saved 0 stages for Gottfrid_N.
[01:29:47] [Server thread/INFO] [gamestages]: Saved 0 stages for Gottfrid_N.
[01:30:32] [Server thread/INFO] [gamestages]: Saved 0 stages for Gottfrid_N.
[01:31:17] [Server thread/INFO] [gamestages]: Saved 0 stages for Gottfrid_N.
[01:31:48] [Server thread/INFO] [Astral Sorcery]: Load CachedWorldData 'structures' for world 0
[01:31:48] [Server thread/INFO] [Astral Sorcery]: Loading of 'structures' for world 0 finished.
[01:31:50] [Client thread/INFO] [toolprogression]: Game stages and/or Ore Stages isn't loaded.
[01:32:02] [Server thread/INFO] [gamestages]: Saved 0 stages for Gottfrid_N.
[01:32:47] [Server thread/INFO] [gamestages]: Saved 0 stages for Gottfrid_N.
[01:33:32] [Server thread/INFO] [gamestages]: Saved 0 stages for Gottfrid_N.
[01:34:02] [Client thread/INFO] [com.llamalad7.betterchat.gui.GuiBetterChat]: [CHAT] A Battletower's Guardian has fallen! Without it's power, the Tower will collapse...
[01:34:17] [Server thread/INFO] [gamestages]: Saved 0 stages for Gottfrid_N.
[01:34:21] [Chunk Render Task Executor #0/INFO] [Aqua Acrobatics]: Potentially missing water color mapping for nuclearcraft:nuclear_wasteland, attempting to fake old appearance
[01:34:32] [Client thread/INFO] [net.minecraft.advancements.AdvancementList]: Loaded 68 advancements
[01:34:34] [Client thread/INFO] [net.minecraft.advancements.AdvancementList]: Loaded 68 advancements
[01:34:39] [Client thread/INFO] [com.llamalad7.betterchat.gui.GuiBetterChat]: [CHAT] A Battletower's Guardian has fallen! Without it's power, the Tower will collapse...
[01:34:48] [Server thread/WARN] [net.minecraft.world.storage.loot.LootTable]: Tried to over-fill a container
[01:35:02] [Server thread/INFO] [gamestages]: Saved 0 stages for Gottfrid_N.
[01:35:03] [Server thread/INFO] [net.minecraft.server.integrated.IntegratedServer]: Saving and pausing game...
[01:35:03] [Server thread/INFO] [gamestages]: Saved 0 stages for Gottfrid_N.
[01:35:03] [Server thread/INFO] [net.minecraft.server.MinecraftServer]: Saving chunks for level 'debug'/overworld
[01:35:03] [Server thread/INFO] [net.minecraft.server.MinecraftServer]: Saving chunks for level 'debug'/ExtraUtils2_Quarry_Dim
[01:35:03] [Server thread/INFO] [net.minecraft.server.MinecraftServer]: Saving chunks for level 'debug'/Storage Cell
[01:35:03] [Netty Local Client IO #1/INFO] [EnderCore]: Reset configs to client values for com.enderio.core.common.config.ConfigHandler
[01:35:03] [Netty Local Client IO #1/INFO] [mcjtylib_ng]: Client disconnected from server
[01:35:03] [Netty Local Client IO #1/INFO] [Universal Tweaks]: UTDimensionManager ::: Cleaning up RFTools dimensions for the clientInstance
[01:35:03] [Netty Local Client IO #1/INFO] [mcjtylib_ng]: Cleaning up RFTools dimensions
[01:35:03] [Netty Local Client IO #1/INFO] [Astral Sorcery]: Cleaning client cache...
[01:35:03] [Netty Local Client IO #1/INFO] [Astral Sorcery]: Cleared cached client data! Disconnected from server.
[01:35:03] [Client thread/INFO] [RLTweaker]: Removing tower destroyer for unloaded world
[01:35:03] [Server thread/INFO] [net.minecraft.server.MinecraftServer]: Stopping server
[01:35:03] [Server thread/INFO] [net.minecraft.server.MinecraftServer]: Saving players
[01:35:03] [Server thread/INFO] [gamestages]: Saved 0 stages for Gottfrid_N.
[01:35:03] [Server thread/INFO] [net.minecraft.network.NetHandlerPlayServer]: Gottfrid_N lost connection: Disconnected
[01:35:03] [Server thread/INFO] [net.minecraft.server.MinecraftServer]: Gottfrid_N left the game
[01:35:03] [Server thread/INFO] [gamestages]: Saved 0 stages for Gottfrid_N.
[01:35:03] [Server thread/INFO] [net.minecraft.network.NetHandlerPlayServer]: Stopping singleplayer server as player logged out
[01:35:03] [Server thread/INFO] [net.minecraft.server.MinecraftServer]: Saving worlds
[01:35:03] [Server thread/INFO] [net.minecraft.server.MinecraftServer]: Saving chunks for level 'debug'/overworld
[01:35:03] [Server thread/INFO] [net.minecraft.server.MinecraftServer]: Saving chunks for level 'debug'/ExtraUtils2_Quarry_Dim
[01:35:03] [Server thread/INFO] [net.minecraft.server.MinecraftServer]: Saving chunks for level 'debug'/Storage Cell
[01:35:04] [Server thread/INFO] [Actually Additions]: Unloaded WorldData!
[01:35:04] [Server thread/INFO] [justenoughdimensions]: Reloading the main configs from file '/Users/gottfrid.nordstrom@live.vasteras.se/Library/Application Support/PrismLauncher/instances/Emergent-Engineering/minecraft/config/justenoughdimensions/justenoughdimensions.cfg'
[01:35:04] [Server thread/INFO] [mcjtylib_ng]: Cleaning up all world data: 2 data blobs
[01:35:04] [Server thread/INFO] [nuclearcraft]: Server Closing...
[01:35:04] [Server thread/INFO] [mcjtylib_ng]: RFTools Dimensions: server is stopping. Shutting down gracefully
[01:35:04] [Client thread/INFO] [FermiumASM]: Released 1 skin textures
[01:35:04] [Client thread/INFO] [ChunkBuilder]: Stopping worker threads
[01:35:06] [Client thread/INFO] [net.minecraft.client.Minecraft]: Stopping!
[01:35:06] [Client thread/INFO] [net.minecraft.client.audio.SoundManager]: SoundSystem shutting down...
[01:35:06] [Client thread/WARN] [net.minecraft.client.audio.SoundManager]: Author: Paul Lamb, www.paulscode.com
